label,model_variant,epi_label,sample_index,chrom,window_start_1based,window_end_1based,group,group_position_fraction,top_group_pair_fraction,all_group_pair_fraction,group_background_mean,group_pair_enrichment,group_pair_z,group_pair_empirical_p,top_group_same_motif_fraction,all_group_same_motif_fraction,group_same_motif_background_mean,group_same_motif_enrichment,group_same_motif_z,group_same_motif_empirical_p
h0_chr10_110104373_110108468,h0,,,chr10,110104373,110108468,promoter,0.1907203907203907,0.031808435916900635,0.036189183592796326,0.03594651818275452,0.8848822507700025,-4.454034425367274,1.0,0.03058306872844696,0.03301801159977913,0.032782167196273804,0.932917843574515,-2.4283096288526207,0.997002997002997
h0_chr10_110104373_110108468,h0,,,chr10,110104373,110108468,tfbs,0.033455433455433455,0.002399673219770193,0.001053568092174828,0.0011005820706486702,2.1803673562988846,7.653978891060033,0.000999000999000999,0.000995609094388783,0.0004582395777106285,0.0004992086323909461,1.9943747559419,4.461578885896836,0.000999000999000999
h0_chr10_19287595_19291690,h0,,,chr10,19287595,19291690,promoter,0.19242979242979244,0.04044165462255478,0.037533074617385864,0.03697153925895691,1.0938590990029495,3.636318876715599,0.000999000999000999,0.03690008074045181,0.03517243266105652,0.03477555140852928,1.0610926138011274,2.253700571317357,0.013986013986013986
h0_chr10_19287595_19291690,h0,,,chr10,19287595,19291690,tfbs,0.01733821733821734,0.00018228692351840436,0.0002752566069830209,0.00026913362671621144,0.6773100996057145,-1.0548953687942886,0.8831168831168831,7.812296826159582e-05,8.749878907110542e-05,8.244576747529209e-05,0.9475679668456994,-0.094549661683795,0.5964035964035964
h0_chr10_4663039_4667134,h0,,,chr10,4663039,4667134,promoter,0.189010989010989,0.03936764597892761,0.03557046875357628,0.03516640141606331,1.1194675711386624,4.419321794752006,0.000999000999000999,0.03470642864704132,0.031483788043260574,0.03109356202185154,1.1161933979339766,3.8488032378063712,0.000999000999000999
h0_chr10_4663039_4667134,h0,,,chr10,4663039,4667134,tfbs,0.045177045177045176,0.003734591417014599,0.0019363579340279102,0.00194426195230335,1.9208272900625667,7.468930668780113,0.000999000999000999,0.0011231853859499097,0.0007328732754103839,0.0007693538791500032,1.459907353935521,2.3470882441122294,0.014985014985014986
h0_chr1_117801428_117805523,h0,,,chr1,117801428,117805523,promoter,0.1702075702075702,0.027723848819732666,0.029348915442824364,0.029151715338230133,0.9510194682566437,-1.6516791261342325,0.952047952047952,0.026222463697195053,0.026839299127459526,0.026697780936956406,0.9821963765121994,-0.5848491622096315,0.7382617382617382
h0_chr1_117801428_117805523,h0,,,chr1,117801428,117805523,tfbs,0.027594627594627594,0.0008024643175303936,0.0007240222184918821,0.0007088089478202164,1.1321306256053811,0.6878518041453345,0.26973026973026976,0.000440061092376709,0.00030803948175162077,0.0002994227397721261,1.4696983025124106,1.5930215308417968,0.07392607392607392
h0_chr1_188000709_188004804,h0,,,chr1,188000709,188004804,promoter,0.1956043956043956,0.04300274699926376,0.03770546242594719,0.037558648735284805,1.1449492579551843,5.598198212434048,0.000999000999000999,0.03904906287789345,0.035024117678403854,0.03499360755085945,1.1158913187541417,4.54153614859736,0.000999000999000999
h0_chr1_188000709_188004804,h0,,,chr1,188000709,188004804,tfbs,0.028815628815628817,0.0005134656094014645,0.0007219403050839901,0.0007038587355054915,0.7295009403168208,-1.4297824331832123,0.949050949050949,0.00020538625540211797,0.0004369638627395034,0.00040029778028838336,0.5130836729950218,-1.8930642457585358,0.988011988011988
h0_chr1_236620149_236624244,h0,,,chr1,236620149,236624244,promoter,0.16092796092796094,0.017773432657122612,0.025880513712763786,0.026291919872164726,0.6760036065658087,-10.722281926203145,1.0,0.016595222055912018,0.023957757279276848,0.024421975016593933,0.6795200652132396,-10.287364481734082,1.0
h0_chr1_236620149_236624244,h0,,,chr1,236620149,236624244,tfbs,0.02735042735042735,0.0002506831078790128,0.0007004151120781898,0.0007491664728149772,0.3346160259108718,-3.53047520480158,1.0,7.520493090851232e-05,0.00026271832757629454,0.000252588331932202,0.29773715330880096,-2.2060619359719267,0.999000999000999
h0_chr14_101543080_101547175,h0,,,chr14,101543080,101547175,promoter,0.12112332112332112,0.020046023651957512,0.014506667852401733,0.015004577115178108,1.3359939102635323,8.183060269854302,0.000999000999000999,0.017207875847816467,0.011788202449679375,0.012348043732345104,1.3935710158477386,8.618121104989484,0.000999000999000999
h0_chr14_101543080_101547175,h0,,,chr14,101543080,101547175,tfbs,0.029304029304029304,0.0007670672493986785,0.0008054146310314536,0.0009306826395913959,0.8241985149045538,-1.0882743378464013,0.8901098901098901,0.00020455126650631428,0.00019355519907549024,0.00022050626284908503,0.9276437950712975,-0.21816813180756248,0.6413586413586414
h0_chr14_26677340_26681435,h0,,,chr14,26677340,26681435,promoter,0.17606837606837608,0.02222222276031971,0.03122316114604473,0.03003513626754284,0.7398742114026606,-8.532152732367726,1.0,0.02139611728489399,0.029803913086652756,0.028629768639802933,0.7473381134888998,-8.224194248810212,1.0
h0_chr14_26677340_26681435,h0,,,chr14,26677340,26681435,tfbs,0.03467643467643468,0.0003304419806227088,0.0011562705039978027,0.0010934874881058931,0.30219091138856163,-4.337535751769886,1.0,5.507366222445853e-05,0.00039295025635510683,0.0003501308092381805,0.15729453327540233,-3.051261271801995,1.0
h0_chr14_33378322_33382417,h0,,,chr14,33378322,33382417,promoter,0.18803418803418803,0.032736584544181824,0.03570790961384773,0.0349099263548851,0.93774430262013,-2.4065375178438795,0.995004995004995,0.031722284853458405,0.034910671412944794,0.03401491045951843,0.9325993931752808,-2.491094435652464,0.993006993006993
h0_chr14_33378322_33382417,h0,,,chr14,33378322,33382417,tfbs,0.032722832722832725,0.0008621563902124763,0.0010056780884042382,0.0009608986438252032,0.8972396784538609,-0.6310862172136812,0.7662337662337663,0.0003550055844243616,0.00030327559215947986,0.00027414035866968334,1.2949774566105177,1.016653623887724,0.1938061938061938
h0_chr17_22742263_22746358,h0,,,chr17,22742263,22746358,promoter,0.11330891330891331,0.01334763690829277,0.01311571430414915,0.012903797440230846,1.0343960349748007,0.7653503856761285,0.22977022977022976,0.013272791169583797,0.012526917271316051,0.012366448529064655,1.0732904550881346,1.6021510664888379,0.054945054945054944
h0_chr17_22742263_22746358,h0,,,chr17,22742263,22746358,tfbs,0.011965811965811967,0.0002993862726725638,0.00012349778262432665,0.00012060275912517682,2.482416445894267,3.2318506940270297,0.004995004995004995,0.0001496931363362819,5.5885866458993405e-05,4.675415038946085e-05,3.20170797863595,3.0889918055998598,0.007992007992007992
h0_chr17_35243344_35247439,h0,,,chr17,35243344,35247439,promoter,0.14407814407814407,0.02334912307560444,0.020710930228233337,0.020638788118958473,1.1313223887480242,3.6762849335574534,0.000999000999000999,0.021304134279489517,0.01791963540017605,0.017934974282979965,1.1878541860919665,4.971266883702195,0.000999000999000999
h0_chr17_35243344_35247439,h0,,,chr17,35243344,35247439,tfbs,0.022222222222222223,0.00018120162712875754,0.00048795249313116074,0.0005053196218796074,0.35858814754660145,-2.789371288681122,1.0,0.00010354378900956362,0.00012037024134770036,0.00011304393410682678,0.9159605937963421,-0.18190825829693724,0.6523476523476524
h0_chr17_72349260_72353355,h0,,,chr17,72349260,72353355,promoter,0.12405372405372406,0.011712534353137016,0.01560860313475132,0.015330558642745018,0.7639991879017284,-5.693023156981143,1.0,0.010434328578412533,0.013945904560387135,0.013742559589445591,0.7592711176181612,-5.716761721428476,1.0
h0_chr17_72349260_72353355,h0,,,chr17,72349260,72353355,tfbs,0.025885225885225887,0.000547802250366658,0.0006443152669817209,0.0006244945689104497,0.8771929775504754,-0.6113019484274123,0.7552447552447552,0.00018260075012221932,0.00017268692317884415,0.00015541931497864425,1.1748909725107848,0.4220238457004107,0.3936063936063936
h0_chr21_12003041_12007136,h0,,,chr21,12003041,12007136,promoter,0.07277167277167278,0.006911551579833031,0.005232939962297678,0.005165055859833956,1.338136850286692,5.165607935644947,0.000999000999000999,0.006331561133265495,0.005054593551903963,0.004990309942513704,1.2687711196704106,3.7495008534714076,0.000999000999000999
h0_chr21_12003041_12007136,h0,,,chr21,12003041,12007136,tfbs,0.008791208791208791,0.0002899951650761068,6.766524165868759e-05,6.517641304526478e-05,4.449388229982927,5.801707736864207,0.000999000999000999,0.0002899951650761068,6.766524165868759e-05,6.273562030401081e-05,4.622496177941941,5.480067625537273,0.000999000999000999
h0_chr21_19112010_19116105,h0,,,chr21,19112010,19116105,promoter,0.21636141636141637,0.050899408757686615,0.04625505581498146,0.04680062457919121,1.0875796897017873,3.851948452056281,0.000999000999000999,0.049442268908023834,0.04544131085276604,0.045861899852752686,1.0780684853171483,3.44370179902531,0.000999000999000999
h0_chr21_19112010_19116105,h0,,,chr21,19112010,19116105,tfbs,0.021001221001221003,0.0005275851581245661,0.00042031321208924055,0.00039794997428543866,1.3257574876638731,1.3734676100158647,0.12287712287712288,0.00040196964982897043,0.0003180612693540752,0.0002784644311759621,1.4435224209118658,1.491139740006743,0.0999000999000999
h0_chr21_38658585_38662680,h0,,,chr21,38658585,38662680,promoter,0.16043956043956045,0.0272282175719738,0.02549680322408676,0.02533123455941677,1.0748871125135049,2.397715726890753,0.005994005994005994,0.01681155152618885,0.017995143309235573,0.01746055670082569,0.9628302129332366,-1.016449048935091,0.8461538461538461
h0_chr21_38658585_38662680,h0,,,chr21,38658585,38662680,tfbs,0.024175824175824177,0.00032474022009409964,0.0005515522789210081,0.0005751648568548262,0.5646037239998919,-2.0592389967925073,0.988011988011988,9.99200638034381e-05,0.00010316625412087888,0.0001283473102375865,0.7785131111705722,-0.49306312490085447,0.7432567432567433
h0_chr3_108979737_108983832,h0,,,chr3,108979737,108983832,promoter,0.16776556776556775,0.024529632180929184,0.027853989973664284,0.0275206808000803,0.891316328949886,-3.658296846468403,1.0,0.02392943762242794,0.027178902179002762,0.026903683319687843,0.8894483828880271,-3.5938948210214474,1.0
h0_chr3_108979737_108983832,h0,,,chr3,108979737,108983832,tfbs,0.0231990231990232,0.001435244339518249,0.0004937253543175757,0.0004895487800240517,2.9317698216870953,8.018091249324193,0.000999000999000999,0.00033923957380466163,0.00017275167920161039,0.00016293938097078353,2.081998665905637,2.807584976598934,0.012987012987012988
h0_chr3_127665795_127669890,h0,,,chr3,127665795,127669890,promoter,0.10378510378510379,0.013368038460612297,0.010622737929224968,0.010675705038011074,1.2521925636775382,5.180163175253806,0.000999000999000999,0.011068432591855526,0.008847227320075035,0.008816360495984554,1.2554423786205982,4.698871271734841,0.000999000999000999
h0_chr3_127665795_127669890,h0,,,chr3,127665795,127669890,tfbs,0.018315018315018316,0.00015162235649768263,0.00030198332387953997,0.00029637120314873755,0.5115961162447658,-1.6542199086983675,0.964035964035964,0.0001010815758490935,7.581171666970477e-05,7.356211426667869e-05,1.374098295797355,0.6502125903879834,0.33266733266733267
h0_chr3_17001367_17005462,h0,,,chr3,17001367,17005462,promoter,0.17216117216117216,0.026903189718723297,0.029067374765872955,0.029019221663475037,0.9270817126217042,-2.622973000078935,0.997002997002997,0.026621615514159203,0.028479915112257004,0.02838168665766716,0.9379856748917886,-2.1507457067475966,0.986013986013986
h0_chr3_17001367_17005462,h0,,,chr3,17001367,17005462,tfbs,0.04151404151404151,0.0014846669510006905,0.0016886598896235228,0.0018562431214377284,0.7998235435080085,-1.7076488927626494,0.967032967032967,0.0007423334755003452,0.0008710792753845453,0.0009217221522703767,0.8053766242590968,-1.1322394578621715,0.8881118881118881
h0_chr7_120066194_120070289,h0,,,chr7,120066194,120070289,promoter,0.17582417582417584,0.028619172051548958,0.030987095087766647,0.029952390119433403,0.9554887585742468,-1.5344824409730882,0.9430569430569431,0.02853959985077381,0.02974974550306797,0.028688982129096985,0.9947930436273071,-0.17640246658594283,0.5714285714285714
h0_chr7_120066194_120070289,h0,,,chr7,120066194,120070289,tfbs,0.03540903540903541,0.0016179513186216354,0.0012187843676656485,0.0012363004498183727,1.3087039795701214,2.2240955226027235,0.025974025974025976,0.0006100471946410835,0.0004784955526702106,0.0004768977814819664,1.2791990617892024,1.2085476809250413,0.14985014985014986
h0_chr7_137924469_137928564,h0,,,chr7,137924469,137928564,promoter,0.14163614163614163,0.019973672926425934,0.020231636241078377,0.020022351294755936,0.9975687986084456,-0.07001318825278548,0.5344655344655345,0.017973773181438446,0.018593471497297287,0.018495924770832062,0.9717693710445316,-0.7857811779110816,0.8021978021978022
h0_chr7_137924469_137928564,h0,,,chr7,137924469,137928564,tfbs,0.024664224664224663,0.00043035796261392534,0.0005933952052146196,0.0007005974766798317,0.6142727842147168,-2.097279040940195,0.987012987012987,0.0002531517529860139,0.0002653063856996596,0.00035400738124735653,0.7151030356881979,-1.1067626779751905,0.9080919080919081
h0_chr7_4391321_4395416,h0,,,chr7,4391321,4395416,promoter,0.1514041514041514,0.026999149471521378,0.023099064826965332,0.022715412080287933,1.1885828606627304,5.621341621816419,0.000999000999000999,0.02627710811793804,0.021976809948682785,0.021654892712831497,1.2134490097181443,6.1688440694843365,0.000999000999000999
h0_chr7_4391321_4395416,h0,,,chr7,4391321,4395416,tfbs,0.07301587301587302,0.022125376388430595,0.006216756999492645,0.00625818083062768,3.5354325781301332,38.81590314291286,0.000999000999000999,0.02140333689749241,0.005344379227608442,0.005492044612765312,3.897152773985855,41.872288670326895,0.000999000999000999
h0_chrX_127567034_127571129,h0,,,chrX,127567034,127571129,promoter,0.22612942612942613,0.0535849891602993,0.05067029967904091,0.05122578516602516,1.04605500894965,2.099325028536882,0.01998001998001998,0.05035795643925667,0.04084630683064461,0.04108951613306999,1.2255670345732588,8.755635054742449,0.000999000999000999
h0_chrX_127567034_127571129,h0,,,chrX,127567034,127571129,tfbs,0.03296703296703297,0.00035253280657343566,0.0010546143166720867,0.0010362295433878899,0.34020725313510264,-4.161446650933754,1.0,0.00018982535402756184,0.00038317564758472145,0.0003855895483866334,0.4922990128280723,-1.9412481794683132,0.983016983016983
h0_chrX_130740848_130744943,h0,,,chrX,130740848,130744943,promoter,0.18705738705738706,0.04221560060977936,0.03516785427927971,0.03483523800969124,1.2118648535725487,8.11652844620502,0.000999000999000999,0.03834692761301994,0.031703557819128036,0.03148327022790909,1.2180096710228787,7.62034976641676,0.000999000999000999
h0_chrX_130740848_130744943,h0,,,chrX,130740848,130744943,tfbs,0.027594627594627594,0.00039209536043927073,0.0007253771764226258,0.0007286699838005006,0.5380973131268995,-2.4106007420686204,0.998001998001998,0.00028753658989444375,0.000342953106155619,0.00033772480674088,0.8513931584393702,-0.5240428346930472,0.7412587412587412
h0_chrX_83970161_83974256,h0,,,chrX,83970161,83974256,promoter,0.16874236874236875,0.03018389269709587,0.02844073437154293,0.0284659992903471,1.0603489583916106,2.08846966434108,0.023976023976023976,0.02648065984249115,0.02548092231154442,0.02542191557586193,1.0416469114402416,1.403269821196408,0.09090909090909091
h0_chrX_83970161_83974256,h0,,,chrX,83970161,83974256,tfbs,0.03882783882783883,0.0014204184990376234,0.001476735807955265,0.0013893215218558908,1.022382851408069,0.16338088040447504,0.45754245754245754,0.0007609385065734386,0.0007540940423496068,0.0007258845726028085,1.0482913334897546,0.2611080688637618,0.4305694305694306
h1_chr10_110104373_110108468,h1,,,chr10,110104373,110108468,promoter,0.1907203907203907,0.028473803773522377,0.036175381392240524,0.03600873053073883,0.7907472258489017,-8.059331556843231,1.0,0.026626169681549072,0.03305262699723244,0.032849837094545364,0.8105419093834801,-7.0758183196960225,1.0
h1_chr10_110104373_110108468,h1,,,chr10,110104373,110108468,tfbs,0.033455433455433455,0.0007339913863688707,0.0010602374095469713,0.0011107821483165026,0.6607878848983173,-2.3495509124668135,0.994005994005994,0.00022779042774345726,0.0004948112182319164,0.0005125031457282603,0.44446639916672126,-2.55573280741672,1.0
h1_chr10_19287595_19291690,h1,,,chr10,19287595,19291690,promoter,0.19242979242979244,0.024779081344604492,0.03796454146504402,0.03708464652299881,0.668176285008871,-12.61929076300484,1.0,0.023280451074242592,0.03563983365893364,0.03476887568831444,0.6695773335594795,-12.465027943263397,1.0
h1_chr10_19287595_19291690,h1,,,chr10,19287595,19291690,tfbs,0.01733821733821734,0.00012919229629915208,0.00027931632939726114,0.00027269910788163543,0.4737540115284417,-1.7242892760405726,0.977022977022977,5.167691415408626e-05,9.405286255059764e-05,7.971164450282231e-05,0.6482981812306804,-0.63453828554819,0.8181818181818182
h1_chr10_4663039_4667134,h1,,,chr10,4663039,4667134,promoter,0.189010989010989,0.02903284877538681,0.03674763813614845,0.0362677238881588,0.8005147735467862,-7.7210742223000235,1.0,0.02521754987537861,0.03251425176858902,0.031785640865564346,0.793362952222196,-7.411044240617658,1.0
h1_chr10_4663039_4667134,h1,,,chr10,4663039,4667134,tfbs,0.045177045177045176,0.0019076488679274917,0.0019444840727373958,0.001919277710840106,0.9939410316459497,-0.051916921802770945,0.5344655344655345,0.0010975514305755496,0.0008255107095465064,0.0008495831862092018,1.2918704705924913,1.6659711859616204,0.06893106893106893
h1_chr1_117801428_117805523,h1,,,chr1,117801428,117805523,promoter,0.1702075702075702,0.03682597726583481,0.028951382264494896,0.02894645743072033,1.272210160914271,9.838229586830916,0.000999000999000999,0.032013777643442154,0.02642321027815342,0.026584910228848457,1.2042086043496432,6.534072870070375,0.000999000999000999
h1_chr1_117801428_117805523,h1,,,chr1,117801428,117805523,tfbs,0.027594627594627594,0.0003799103433266282,0.0007522207451984286,0.0007393561536446214,0.5138394283375854,-2.5570906494952577,0.999000999000999,0.0002532735525164753,0.00033938579144887626,0.00032740674214437604,0.7735746394763907,-0.7942298534522279,0.8301698301698301
h1_chr1_188000709_188004804,h1,,,chr1,188000709,188004804,promoter,0.1956043956043956,0.04081844165921211,0.03855864331126213,0.03713071718811989,1.0993173509794776,3.777375642338029,0.000999000999000999,0.039031337946653366,0.03588004782795906,0.03483377397060394,1.1205027046334894,4.582779738172446,0.000999000999000999
h1_chr1_188000709_188004804,h1,,,chr1,188000709,188004804,tfbs,0.028815628815628817,0.0012173012364655733,0.0007718255510553718,0.0006761201657354832,1.8004214312131832,4.143519653309541,0.000999000999000999,0.0007252007490023971,0.0004612823249772191,0.0003674436593428254,1.9736379457449933,3.7387054161765154,0.001998001998001998
h1_chr1_236620149_236624244,h1,,,chr1,236620149,236624244,promoter,0.16092796092796094,0.029055440798401833,0.026099033653736115,0.0255447905510664,1.1374311619552064,4.392646472744731,0.000999000999000999,0.02831108868122101,0.02401636727154255,0.023754850029945374,1.1918024590991751,6.154252283385499,0.000999000999000999
h1_chr1_236620149_236624244,h1,,,chr1,236620149,236624244,tfbs,0.02735042735042735,0.0009496919810771942,0.000715354923158884,0.0006398357218131423,1.484274710992992,2.450501236692266,0.012987012987012988,0.0005133470403961837,0.0002392216701991856,0.0002571098739281297,1.9966057022752866,3.2904551300528415,0.000999000999000999
h1_chr14_101543080_101547175,h1,,,chr14,101543080,101547175,promoter,0.12112332112332112,0.014286447316408157,0.014642435126006603,0.014664127491414547,0.9742446200616087,-0.61734541403461,0.7412587412587412,0.013055299408733845,0.012086523696780205,0.011924541555345058,1.0948261069946068,2.1164861679117255,0.022977022977022976
h1_chr14_101543080_101547175,h1,,,chr14,101543080,101547175,tfbs,0.029304029304029304,0.0012824458535760641,0.0008158910204656422,0.000834538834169507,1.5367120151482137,3.212551646989312,0.002997002997002997,0.0001538935030112043,0.00019390556553844362,0.00020219042198732495,0.7611315189838799,-0.6998448567890574,0.8201798201798202
h1_chr14_26677340_26681435,h1,,,chr14,26677340,26681435,promoter,0.17606837606837608,0.04800313338637352,0.03118022345006466,0.030886191874742508,1.5541939770706585,19.26802694237535,0.000999000999000999,0.046149831265211105,0.029875077307224274,0.02967110462486744,1.5553796142302299,18.940476087731874,0.000999000999000999
h1_chr14_26677340_26681435,h1,,,chr14,26677340,26681435,tfbs,0.03467643467643468,0.0012529365485534072,0.0011467022122815251,0.0011114852968603373,1.1272632684324604,0.8598178722275049,0.21678321678321677,0.0006003654561936855,0.0003662242670543492,0.00035134429344907403,1.7087667777382192,2.646286607837631,0.012987012987012988
h1_chr14_33378322_33382417,h1,,,chr14,33378322,33382417,promoter,0.18803418803418803,0.037172362208366394,0.03531695529818535,0.034728147089481354,1.0703813858132776,2.683063668944059,0.004995004995004995,0.03686787933111191,0.03455473110079765,0.03396640717983246,1.085421815027943,3.2963021596911006,0.001998001998001998
h1_chr14_33378322_33382417,h1,,,chr14,33378322,33382417,tfbs,0.032722832722832725,0.0018269011052325368,0.001007330371066928,0.0009563319617882371,1.9103210791119327,5.546590201518351,0.000999000999000999,0.0010403187479823828,0.0002854525810107589,0.00026647382765077055,3.904018481491477,9.408305664474565,0.000999000999000999
h1_chr17_22742263_22746358,h1,,,chr17,22742263,22746358,promoter,0.11330891330891331,0.015094148926436901,0.013260588981211185,0.013089429587125778,1.1531555921491707,3.557649602129085,0.000999000999000999,0.01501842588186264,0.012686104513704777,0.012577768415212631,1.1940453493878984,4.203758202206638,0.000999000999000999
h1_chr17_22742263_22746358,h1,,,chr17,22742263,22746358,tfbs,0.011965811965811967,0.0004543389368336648,0.00013756321277469397,0.00011954161163885146,3.8006760207171486,6.249722024092445,0.000999000999000999,0.0003281336685176939,5.452046752907336e-05,4.7831792471697554e-05,6.860158308134765,8.151405983511367,0.000999000999000999
h1_chr17_35243344_35247439,h1,,,chr17,35243344,35247439,promoter,0.14407814407814407,0.023241205140948296,0.021187929436564445,0.020507987588644028,1.133275756116497,3.9450254253962935,0.000999000999000999,0.021407034248113632,0.018600525334477425,0.01784444786608219,1.1996467701756703,5.704686715462794,0.000999000999000999
h1_chr17_35243344_35247439,h1,,,chr17,35243344,35247439,tfbs,0.022222222222222223,0.00022613065084442496,0.00045401451643556356,0.0004843466740567237,0.4668776786478809,-2.326073002858553,0.998001998001998,7.537688361480832e-05,0.00010653134813765064,0.00010680904961191118,0.705716265510169,-0.6199455381219154,0.8041958041958042
h1_chr17_72349260_72353355,h1,,,chr17,72349260,72353355,promoter,0.12405372405372406,0.01421135850250721,0.015742190182209015,0.015640659257769585,0.9086163356859551,-2.2366501402141865,0.991008991008991,0.01393070351332426,0.014187871478497982,0.014286855235695839,0.9750713703963536,-0.6064177019767764,0.7292707292707292
h1_chr17_72349260_72353355,h1,,,chr17,72349260,72353355,tfbs,0.025885225885225887,0.0005357962800189853,0.0006381072453223169,0.0005714904982596636,0.9375418867866108,-0.28310425233231196,0.6553446553446554,0.00015308464935515076,0.0001579321688041091,0.00014328723773360252,1.0683760241073488,0.1684186064371107,0.4975024975024975
h1_chr21_12003041_12007136,h1,,,chr21,12003041,12007136,promoter,0.07277167277167278,0.0067886291071772575,0.005264243111014366,0.005190730560570955,1.3078369273766621,4.44188307109901,0.000999000999000999,0.0067886291071772575,0.005092279054224491,0.004988768603652716,1.3607825189981162,5.3296167852749825,0.000999000999000999
h1_chr21_12003041_12007136,h1,,,chr21,12003041,12007136,tfbs,0.008791208791208791,0.0002745401579886675,9.259596845367923e-05,6.396786193363369e-05,4.291845149889509,5.39236893768463,0.000999000999000999,0.0002745401579886675,9.259596845367923e-05,6.399281846825033e-05,4.290171374853243,5.402916211910017,0.000999000999000999
h1_chr21_19112010_19116105,h1,,,chr21,19112010,19116105,promoter,0.21636141636141637,0.03431113064289093,0.04852118343114853,0.04617293179035187,0.7431005420812473,-11.636289218136021,1.0,0.03431113064289093,0.04758768156170845,0.04535733163356781,0.7564627240438927,-10.63881021672257,1.0
h1_chr21_19112010_19116105,h1,,,chr21,19112010,19116105,tfbs,0.021001221001221003,0.0005030180909670889,0.00041353655979037285,0.00041231600334867835,1.2199819722779657,0.8515506028788367,0.23076923076923078,0.0004500688228290528,0.00029995961813256145,0.0002959070261567831,1.520980521059303,1.7554075637541489,0.06693306693306693
h1_chr21_38658585_38662680,h1,,,chr21,38658585,38662680,promoter,0.16043956043956045,0.01913771592080593,0.025817139074206352,0.02535766176879406,0.7547113805405122,-7.778743803031791,1.0,0.012314467690885067,0.018561046570539474,0.017033247277140617,0.7229665307220448,-6.8597138531533455,1.0
h1_chr21_38658585_38662680,h1,,,chr21,38658585,38662680,tfbs,0.024175824175824177,0.000570869364310056,0.0005387971759773791,0.0005653509288094938,1.0097610797459602,0.044532590638108584,0.5154845154845155,0.00010873701830860227,0.00011934004578506574,0.00012292720202822238,0.8845643316898871,-0.2601715601590471,0.6643356643356644
h1_chr3_108979737_108983832,h1,,,chr3,108979737,108983832,promoter,0.16776556776556775,0.02920486591756344,0.02805424854159355,0.027693195268511772,1.0545863572041647,1.8740828773683653,0.026973026973026972,0.02831602282822132,0.027399301528930664,0.027145007625222206,1.0431392475245078,1.4679420910476486,0.06993006993006994
h1_chr3_108979737_108983832,h1,,,chr3,108979737,108983832,tfbs,0.0231990231990232,0.0008888437296263874,0.0004921619547531009,0.0004867053939960897,1.8262458986298569,3.7142543786551516,0.000999000999000999,0.00035553748602978885,0.00018487818306311965,0.00016082993533927947,2.2106424732420815,3.1216971138383944,0.005994005994005994
h1_chr3_127665795_127669890,h1,,,chr3,127665795,127669890,promoter,0.10378510378510379,0.008685819804668427,0.010940143838524818,0.010655753314495087,0.8151295875865531,-3.7585527031089643,1.0,0.007914889603853226,0.009246686473488808,0.008916636928915977,0.8876541309185573,-2.0273236950211504,0.981018981018981
h1_chr3_127665795_127669890,h1,,,chr3,127665795,127669890,tfbs,0.018315018315018316,5.139538552612066e-05,0.0003150498087052256,0.00027352620963938534,0.18789930805490235,-2.746790230456689,0.999000999000999,0.0,7.966186240082607e-05,5.992702062940225e-05,0.0,-1.5161485151649698,1.0
h1_chr3_17001367_17005462,h1,,,chr3,17001367,17005462,promoter,0.17216117216117216,0.025050358846783638,0.029642513021826744,0.02952161617577076,0.8485429353743577,-5.262427044910754,1.0,0.024766283109784126,0.029026838019490242,0.028860855847597122,0.8581271200190725,-4.835858050996746,1.0
h1_chr3_17001367_17005462,h1,,,chr3,17001367,17005462,tfbs,0.04151404151404151,0.0030731884762644768,0.0017491461476311088,0.0018418470863252878,1.6685361662654998,5.582908937839047,0.000999000999000999,0.0020143587607890368,0.000883482804056257,0.000900960760191083,2.2357896700870916,7.285945752971695,0.000999000999000999
h1_chr7_120066194_120070289,h1,,,chr7,120066194,120070289,promoter,0.17582417582417584,0.03548895940184593,0.031462643295526505,0.030275261029601097,1.1722098569900763,6.044859996749823,0.000999000999000999,0.03403887152671814,0.03023819625377655,0.029097815975546837,1.1698084679387504,5.715628669618521,0.000999000999000999
h1_chr7_120066194_120070289,h1,,,chr7,120066194,120070289,tfbs,0.03540903540903541,0.0009667243575677276,0.0012710019946098328,0.0012056069681420922,0.8018569758745704,-1.4084766229552026,0.929070929070929,0.0004833621787838638,0.0005380642833188176,0.000442886957898736,1.0913895073297286,0.36946370342387097,0.3916083916083916
h1_chr7_137924469_137928564,h1,,,chr7,137924469,137928564,promoter,0.14163614163614163,0.01247907429933548,0.02089320309460163,0.02047118730843067,0.6095921116503198,-11.264379237572495,1.0,0.011667427606880665,0.019223755225539207,0.01896299421787262,0.6152734886078337,-10.604501229565585,1.0
h1_chr7_137924469_137928564,h1,,,chr7,137924469,137928564,tfbs,0.024664224664224663,0.00025363973691128194,0.0006094928830862045,0.0007947547710500658,0.31914213811659375,-4.037776329002645,1.0,0.00020291178952902555,0.0002894013305194676,0.0004201542178634554,0.48294597769566894,-2.1822965107971433,0.996003996003996
h1_chr7_4391321_4395416,h1,,,chr7,4391321,4395416,promoter,0.1514041514041514,0.027628550305962563,0.023511206731200218,0.022390451282262802,1.2339434322991631,6.938250856373043,0.000999000999000999,0.026993410661816597,0.022369269281625748,0.021260302513837814,1.26966258566863,7.710441868679404,0.000999000999000999
h1_chr7_4391321_4395416,h1,,,chr7,4391321,4395416,tfbs,0.07301587301587302,0.07912774384021759,0.005926694720983505,0.00912406388670206,8.672423255994836,148.59605393030694,0.000999000999000999,0.07904835045337677,0.005035110283643007,0.00849977508187294,9.300052023959948,151.57069667678564,0.000999000999000999
h1_chrX_127567034_127571129,h1,,,chrX,127567034,127571129,promoter,0.22612942612942613,0.052654482424259186,0.05083262547850609,0.05124509707093239,1.0275028331271567,1.2831773417680599,0.1008991008991009,0.038652535527944565,0.04108968749642372,0.041364334523677826,0.9344411308205389,-2.74170829004451,0.999000999000999
h1_chrX_127567034_127571129,h1,,,chrX,127567034,127571129,tfbs,0.03296703296703297,0.0008447243017144501,0.0010305570904165506,0.0011081502307206392,0.762283197978598,-1.6144787931282971,0.9600399600399601,0.0002559770655352622,0.00038524300907738507,0.00036786464625038207,0.6958457904134525,-1.1247935682078143,0.903096903096903
h1_chrX_130740848_130744943,h1,,,chrX,130740848,130744943,promoter,0.18705738705738706,0.02726902812719345,0.03564002737402916,0.03494144603610039,0.7804207100936796,-8.300243432247337,1.0,0.02551383711397648,0.03214870020747185,0.03169068321585655,0.8050895255300313,-6.938373615176448,1.0
h1_chrX_130740848_130744943,h1,,,chrX,130740848,130744943,tfbs,0.027594627594627594,0.0006105006323195994,0.0007661841227672994,0.0007253256044350564,0.8416918258319417,-0.8469205302811168,0.8291708291708292,0.000381562887923792,0.0003729169548023492,0.0003285256680101156,1.1614401097939273,0.5836013604432417,0.31368631368631367
h1_chrX_83970161_83974256,h1,,,chrX,83970161,83974256,promoter,0.16874236874236875,0.02563316933810711,0.028951864689588547,0.028346557170152664,0.9042780463335208,-3.2745639636066586,0.998001998001998,0.023743873462080956,0.025846760720014572,0.025320976972579956,0.9377155347439065,-1.9288683644860944,0.98001998001998
h1_chrX_83970161_83974256,h1,,,chrX,83970161,83974256,tfbs,0.03882783882783883,0.00224673212505877,0.0015379992546513677,0.001329554826952517,1.68983789123501,4.933786163687433,0.000999000999000999,0.001404207549057901,0.000864741625264287,0.0006891340017318726,2.0376407861591024,5.715450151128383,0.000999000999000999
h2_chr10_110104373_110108468,h2,,,chr10,110104373,110108468,promoter,0.1907203907203907,0.02837626077234745,0.03647651895880699,0.03597244620323181,0.7888332256314026,-7.929601488244848,1.0,0.025962352752685547,0.0332326777279377,0.03284997493028641,0.79033097613567,-7.707449944396595,1.0
h2_chr10_110104373_110108468,h2,,,chr10,110104373,110108468,tfbs,0.033455433455433455,0.0012583138886839151,0.0010341155575588346,0.0011046712752431631,1.1390844651110636,0.9073617437037204,0.2007992007992008,0.0008217559661716223,0.0004609479510691017,0.0005202742759138346,1.579466839347863,2.6012949807489374,0.00999000999000999
h2_chr10_19287595_19291690,h2,,,chr10,19287595,19291690,promoter,0.19242979242979244,0.021674977615475655,0.03854220360517502,0.03700201213359833,0.5857783500317941,-16.191476694646102,1.0,0.02086089365184307,0.03618340194225311,0.03470031917095184,0.601172961812583,-15.3007393548926,1.0
h2_chr10_19287595_19291690,h2,,,chr10,19287595,19291690,tfbs,0.01733821733821734,0.000254401151323691,0.0002849286829587072,0.0002760506758932024,0.9215740932368262,-0.2569506710580322,0.6233766233766234,5.088022953714244e-05,9.46370346355252e-05,8.6445506894961e-05,0.5885815395699682,-0.7313863829433859,0.8381618381618382
h2_chr10_4663039_4667134,h2,,,chr10,4663039,4667134,promoter,0.189010989010989,0.022401973605155945,0.03651097044348717,0.035993143916130066,0.6223955778177149,-13.884013031655696,1.0,0.018453523516654968,0.03244685381650925,0.031693171709775925,0.5822554992488456,-14.625871414616945,1.0
h2_chr10_4663039_4667134,h2,,,chr10,4663039,4667134,tfbs,0.045177045177045176,0.0025774608366191387,0.0019286868628114462,0.0019305181922391057,1.3351134669338074,2.7665674273630403,0.003996003996003996,0.0009048532810993493,0.0008390363655053079,0.0008023855625651777,1.1277038412887048,0.6631906941384027,0.27672327672327673
h2_chr1_117801428_117805523,h2,,,chr1,117801428,117805523,promoter,0.1702075702075702,0.014882215298712254,0.02993171475827694,0.028903862461447716,0.5148867324760596,-15.903650404727957,1.0,0.012813030742108822,0.02741662599146366,0.026451347395777702,0.4843999267936764,-16.624514622090455,1.0
h2_chr1_117801428_117805523,h2,,,chr1,117801428,117805523,tfbs,0.027594627594627594,0.0005040322430431843,0.000712003035005182,0.0007207926246337593,0.6992749728804276,-1.6280329719176483,0.964035964035964,0.00021222411305643618,0.00029896697378717363,0.00030284380773082376,0.7007708516367191,-0.9940594324926295,0.8781218781218781
h2_chr1_188000709_188004804,h2,,,chr1,188000709,188004804,promoter,0.1956043956043956,0.04249401390552521,0.03857598453760147,0.03731687366962433,1.1387345650049734,5.4043483137697255,0.000999000999000999,0.0413350835442543,0.03595909848809242,0.03479116037487984,1.1880915467855264,6.939436575032365,0.000999000999000999
h2_chr1_188000709_188004804,h2,,,chr1,188000709,188004804,tfbs,0.028815628815628817,0.0010044039227068424,0.0007442975183948874,0.0007012285059317946,1.4323489621577596,2.3314765724946933,0.013986013986013986,0.0005923407734371722,0.0004584254347719252,0.000381905265385285,1.5510149430372198,2.1301657670811505,0.027972027972027972
h2_chr1_236620149_236624244,h2,,,chr1,236620149,236624244,promoter,0.16092796092796094,0.03527281433343887,0.02563679963350296,0.025658609345555305,1.374697040607502,11.947190730927787,0.000999000999000999,0.031204892322421074,0.023731721565127373,0.023836364969611168,1.30912965807513,9.534428731520645,0.000999000999000999
h2_chr1_236620149_236624244,h2,,,chr1,236620149,236624244,tfbs,0.02735042735042735,0.000498648383654654,0.0007122718379832804,0.0006857465486973524,0.7271613464214862,-1.4130732671474033,0.9460539460539461,0.00023620187130291015,0.0002595566911622882,0.00024872057838365436,0.9496675861639644,-0.15327039763797834,0.5994005994005994
h2_chr14_101543080_101547175,h2,,,chr14,101543080,101547175,promoter,0.12112332112332112,0.01707047037780285,0.01464104000478983,0.014884703792631626,1.1468464952761266,3.483126292507526,0.001998001998001998,0.01531965285539627,0.01202355232089758,0.012173022143542767,1.2584921537765088,5.543642102253628,0.000999000999000999
h2_chr14_101543080_101547175,h2,,,chr14,101543080,101547175,tfbs,0.029304029304029304,0.0007724195020273328,0.0008522411808371544,0.0009099874296225607,0.8488243649120653,-0.9381868798475019,0.8471528471528471,0.00036046243621967733,0.00021087175991851836,0.0002362831000937149,1.5255531863121412,1.6380081021862083,0.07192807192807193
h2_chr14_26677340_26681435,h2,,,chr14,26677340,26681435,promoter,0.17606837606837608,0.045405350625514984,0.031662262976169586,0.03094439208507538,1.4673208153736583,17.248773275311006,0.000999000999000999,0.043936505913734436,0.030313001945614815,0.029761582612991333,1.476282578284515,16.996205219114888,0.000999000999000999
h2_chr14_26677340_26681435,h2,,,chr14,26677340,26681435,tfbs,0.03467643467643468,0.0007730763172730803,0.001127647585235536,0.0011123022995889187,0.6950235718822046,-2.0301600017905415,0.986013986013986,0.00025769209605641663,0.00037236078060232103,0.00036334586911834776,0.7092198314561877,-1.0651686810885435,0.8991008991008991
h2_chr14_33378322_33382417,h2,,,chr14,33378322,33382417,promoter,0.18803418803418803,0.026125583797693253,0.03527276962995529,0.03494877740740776,0.7475392770722692,-9.851414554178932,1.0,0.024745268747210503,0.034524887800216675,0.03407323360443115,0.7262377570173566,-10.528854296392634,1.0
h2_chr14_33378322_33382417,h2,,,chr14,33378322,33382417,tfbs,0.032722832722832725,0.0010540580842643976,0.0010093924356624484,0.0009882044978439808,1.06663963437132,0.4248950325927332,0.36563436563436563,0.0005521256825886667,0.0002845974813681096,0.00027219796902500093,2.0283975099680296,3.338520961159435,0.002997002997002997
h2_chr17_22742263_22746358,h2,,,chr17,22742263,22746358,promoter,0.11330891330891331,0.013165927492082119,0.013926460407674313,0.01284028310328722,1.0253611533464968,0.5703542081215096,0.2837162837162837,0.0130066629499197,0.013235246762633324,0.012334562838077545,1.0544891716605749,1.174934336891128,0.13186813186813187
h2_chr17_22742263_22746358,h2,,,chr17,22742263,22746358,tfbs,0.011965811965811967,0.0,0.00013033245340920985,0.00012364292342681438,0.0,-2.1739228716727172,1.0,0.0,5.415034684119746e-05,5.064635115559213e-05,0.0,-1.4113847231918206,1.0
h2_chr17_35243344_35247439,h2,,,chr17,35243344,35247439,promoter,0.14407814407814407,0.015333197079598904,0.0214075967669487,0.020718390122056007,0.7400766656708413,-7.523250074446231,1.0,0.013674864545464516,0.018921110779047012,0.018023217096924782,0.7587360498363965,-6.325547525480091,1.0
h2_chr17_35243344_35247439,h2,,,chr17,35243344,35247439,tfbs,0.022222222222222223,0.0003571792913135141,0.00044545475975610316,0.0005097459070384502,0.7007006557221303,-1.3530384716468484,0.9300699300699301,0.000204102456336841,0.00012475794937927276,0.00011837943020509556,1.7241378504967289,1.5675624001620028,0.0919080919080919
h2_chr17_72349260_72353355,h2,,,chr17,72349260,72353355,promoter,0.12405372405372406,0.015693968161940575,0.01549976971000433,0.015272089280188084,1.027624175973079,0.6700786529464854,0.26173826173826176,0.014041971415281296,0.013933737762272358,0.01366993598639965,1.0272155940782595,0.6248918431607041,0.27472527472527475
h2_chr17_72349260_72353355,h2,,,chr17,72349260,72353355,tfbs,0.025885225885225887,0.0004388116067275405,0.0006357569363899529,0.0006190341082401574,0.7088649896449669,-1.4760844751375486,0.954045954045954,7.743734022369608e-05,0.00016210124886129051,0.0001521901722298935,0.5088195846622853,-1.1951863564301426,0.9370629370629371
h2_chr21_12003041_12007136,h2,,,chr21,12003041,12007136,promoter,0.07277167277167278,0.014462698251008987,0.005270599853247404,0.005123619921505451,2.822750022948516,24.55831968124602,0.000999000999000999,0.01370859146118164,0.0050874617882072926,0.004935227334499359,2.7777021263747463,25.02397349995036,0.000999000999000999
h2_chr21_12003041_12007136,h2,,,chr21,12003041,12007136,tfbs,0.008791208791208791,0.0004039859923068434,8.241203613579273e-05,6.504173506982625e-05,6.2111810497235345,7.846073000726261,0.000999000999000999,0.0004039859923068434,8.241203613579273e-05,6.517639849334955e-05,6.198347893494993,8.087399338740607,0.000999000999000999
h2_chr21_19112010_19116105,h2,,,chr21,19112010,19116105,promoter,0.21636141636141637,0.040995340794324875,0.04682578891515732,0.04723977670073509,0.8678140257527287,-5.716250712675771,1.0,0.040682993829250336,0.04592987895011902,0.04625963419675827,0.8794491036442582,-5.18787676103395,1.0
h2_chr21_19112010_19116105,h2,,,chr21,19112010,19116105,tfbs,0.021001221001221003,0.0005205757333897054,0.00042426923755556345,0.0003968869859818369,1.311647274354138,1.2432079781068055,0.13986013986013987,0.00046851817751303315,0.00031989379203878343,0.0002633072144817561,1.7793594392587204,2.42768039638943,0.014985014985014986
h2_chr21_38658585_38662680,h2,,,chr21,38658585,38662680,promoter,0.16043956043956045,0.023958252742886543,0.025946883484721184,0.02534348890185356,0.9453415366632608,-1.6883673499213714,0.949050949050949,0.02056502364575863,0.01882496103644371,0.018099019303917885,1.1362507161538267,3.636581446406482,0.000999000999000999
h2_chr21_38658585_38662680,h2,,,chr21,38658585,38662680,tfbs,0.024175824175824177,0.000771188409999013,0.0005305774975568056,0.000624174193944782,1.235533954271805,1.1573025804972028,0.14285714285714285,0.0005398318753577769,0.00011696354340529069,0.00014058765373192728,3.8398242023949627,6.61460430720656,0.000999000999000999
h2_chr3_108979737_108983832,h2,,,chr3,108979737,108983832,promoter,0.16776556776556775,0.028376953676342964,0.027569932863116264,0.02759222686290741,1.0284401406720265,0.9698971189211573,0.16983016983016982,0.027945546433329582,0.02695087157189846,0.026946241036057472,1.0370851502417318,1.276816823106068,0.1018981018981019
h2_chr3_108979737_108983832,h2,,,chr3,108979737,108983832,tfbs,0.0231990231990232,0.0005991755169816315,0.0005140872090123594,0.0004935049219056964,1.2141226771718554,0.9805596984442169,0.1878121878121878,7.190106407506391e-05,0.0001876597962109372,0.000160339375725016,0.4484304853373954,-1.4477938147866425,0.958041958041958
h2_chr3_127665795_127669890,h2,,,chr3,127665795,127669890,promoter,0.10378510378510379,0.009447271935641766,0.011033250950276852,0.01064458116889,0.8875193664972459,-2.2562985855036306,0.99000999000999,0.007608202751725912,0.009331719018518925,0.008919384330511093,0.8529964030925385,-2.7448372226267383,0.999000999000999
h2_chr3_127665795_127669890,h2,,,chr3,127665795,127669890,tfbs,0.018315018315018316,5.038544986746274e-05,0.0002962690487038344,0.00027432359638623893,0.183671585423959,-2.674223881551486,1.0,0.0,7.45711222407408e-05,6.005945397191681e-05,0.0,-1.5483966059676564,1.0
h2_chr3_17001367_17005462,h2,,,chr3,17001367,17005462,promoter,0.17216117216117216,0.029178397729992867,0.029470467939972878,0.029002098366618156,1.0060788485421328,0.20793557622004594,0.42157842157842157,0.027540313079953194,0.02889816090464592,0.028419220820069313,0.9690734751075425,-1.0607460077449564,0.8701298701298701
h2_chr3_17001367_17005462,h2,,,chr3,17001367,17005462,tfbs,0.04151404151404151,0.003455336671322584,0.0017207593191415071,0.0018189147813245654,1.8996693560356621,7.85304984135945,0.000999000999000999,0.0024059379938989878,0.0008707456872798502,0.0008920143591240048,2.697196484888112,10.30920978246878,0.000999000999000999
h2_chr7_120066194_120070289,h2,,,chr7,120066194,120070289,promoter,0.17582417582417584,0.03659243881702423,0.03111196495592594,0.03025549277663231,1.2094477881148984,7.315442061920593,0.000999000999000999,0.03558368980884552,0.02992061711847782,0.029030967503786087,1.2257149130219258,7.696908332570422,0.000999000999000999
h2_chr7_120066194_120070289,h2,,,chr7,120066194,120070289,tfbs,0.03540903540903541,0.001664438983425498,0.0012168183457106352,0.0011762036010622978,1.4150942761289342,2.9065527399213607,0.004995004995004995,0.0009078758303076029,0.000495049636811018,0.00044344691559672356,2.0473156952414957,4.362934652175732,0.000999000999000999
h2_chr7_137924469_137928564,h2,,,chr7,137924469,137928564,promoter,0.14163614163614163,0.012689896859228611,0.021224576979875565,0.02049916237592697,0.6190446529723034,-10.779773401819467,1.0,0.01209667045623064,0.019518129527568817,0.01893959380686283,0.6386974599131776,-9.720273674580987,1.0
h2_chr7_137924469_137928564,h2,,,chr7,137924469,137928564,tfbs,0.024664224664224663,0.0006190193817019463,0.0006136089796200395,0.0007612133049406111,0.813200948649001,-1.0454905100112633,0.8771228771228772,0.0003868871135637164,0.0002893944038078189,0.0003941863833460957,0.9814826942513372,-0.07597510462060386,0.5774225774225774
h2_chr7_4391321_4395416,h2,,,chr7,4391321,4395416,promoter,0.1514041514041514,0.02913123182952404,0.023048117756843567,0.022453486919403076,1.2974034694072583,8.846854122062032,0.000999000999000999,0.028071444481611252,0.021943092346191406,0.021313205361366272,1.317091634301775,9.081245967509497,0.000999000999000999
h2_chr7_4391321_4395416,h2,,,chr7,4391321,4395416,tfbs,0.07301587301587302,0.08245664089918137,0.0055310726165771484,0.008561944589018822,9.630597353425607,159.39927011652648,0.000999000999000999,0.08237909525632858,0.004693579860031605,0.007938584312796593,10.377051122772317,167.26434245187357,0.000999000999000999
h2_chrX_127567034_127571129,h2,,,chrX,127567034,127571129,promoter,0.22612942612942613,0.06244675815105438,0.050925493240356445,0.05128443241119385,1.2176552457549308,9.767752505081575,0.000999000999000999,0.05570901185274124,0.04116690903902054,0.04140568524599075,1.3454435428800313,13.679966998298141,0.000999000999000999
h2_chrX_127567034_127571129,h2,,,chrX,127567034,127571129,tfbs,0.03296703296703297,0.0014198311837390065,0.001023564487695694,0.0011512249475345016,1.2333221120509594,1.5971635638820258,0.06693306693306693,0.0006711928872391582,0.00038799934554845095,0.00037731367046944797,1.7788724336546569,3.0513917673479956,0.001998001998001998
h2_chrX_130740848_130744943,h2,,,chrX,130740848,130744943,promoter,0.18705738705738706,0.03788745775818825,0.03519045189023018,0.034839894622564316,1.0874733740913831,3.421192945551744,0.000999000999000999,0.03348425403237343,0.03179850056767464,0.03141093999147415,1.0660061125665783,2.4144503978468785,0.008991008991008992
h2_chrX_130740848_130744943,h2,,,chrX,130740848,130744943,tfbs,0.027594627594627594,0.00044778347364626825,0.0007577468641102314,0.0007228469476103783,0.6194720405565411,-2.1379312840933165,0.9920079920079921,0.00022389173682313412,0.00035623557050712407,0.0003395691455807537,0.6593406372072458,-1.3119951978343383,0.938061938061938
h2_chrX_83970161_83974256,h2,,,chrX,83970161,83974256,promoter,0.16874236874236875,0.028637032955884933,0.029029855504631996,0.02846745401620865,1.0059569408483011,0.19651194375659894,0.43456543456543456,0.026289312168955803,0.02610992081463337,0.025400349870324135,1.0349980336164686,1.1037084836194324,0.14385614385614387
h2_chrX_83970161_83974256,h2,,,chrX,83970161,83974256,tfbs,0.03882783882783883,0.0030442969873547554,0.0015074380207806826,0.0013137947535142303,2.317178523670959,9.203684656073845,0.000999000999000999,0.0024251181166619062,0.0008524003205820918,0.0006738731754012406,3.5987752669008253,13.461367174343717,0.000999000999000999
h3_chr10_110104373_110108468,h3,,,chr10,110104373,110108468,promoter,0.1907203907203907,0.024593055248260498,0.03631170466542244,0.03557196632027626,0.6913605794752563,-12.071354629096716,1.0,0.023055989295244217,0.03317252919077873,0.03268618881702423,0.7053740472561845,-11.385402731303628,1.0
h3_chr10_110104373_110108468,h3,,,chr10,110104373,110108468,tfbs,0.033455433455433455,0.0012598901521414518,0.0010792341781780124,0.0011903442209586501,1.0584250588680915,0.4159325284117488,0.37162837162837165,0.0008819230715744197,0.0005258840974420309,0.0006329436437226832,1.3933674511483427,2.0368713934558156,0.04195804195804196
h3_chr10_19287595_19291690,h3,,,chr10,19287595,19291690,promoter,0.19242979242979244,0.04235858470201492,0.03724157437682152,0.0373215489089489,1.1349632033052695,5.228813320699113,0.000999000999000999,0.04104064404964447,0.03484923020005226,0.035017792135477066,1.1719940506490574,6.3355409677992744,0.000999000999000999
h3_chr10_19287595_19291690,h3,,,chr10,19287595,19291690,tfbs,0.01733821733821734,0.00028994676540605724,0.0002654351119417697,0.00024002318968996406,1.2079948015880426,0.6374265871159721,0.3086913086913087,0.00026358795003034174,9.120212780544534e-05,4.4941749365534633e-05,5.865102132238863,6.38838133467519,0.000999000999000999
h3_chr10_4663039_4667134,h3,,,chr10,4663039,4667134,promoter,0.189010989010989,0.0475701205432415,0.0353609062731266,0.03647901117801666,1.3040408445037204,11.885379179931464,0.000999000999000999,0.04161101579666138,0.031158221885561943,0.03172960504889488,1.311425582907174,11.079816273351314,0.000999000999000999
h3_chr10_4663039_4667134,h3,,,chr10,4663039,4667134,tfbs,0.045177045177045176,0.0014897770015522838,0.002020689193159342,0.0018964092014357448,0.785577817500777,-1.8476920340476966,0.9790209790209791,0.0010017466265708208,0.0009285358828492463,0.0008788913837634027,1.1397843295281305,0.8284328102861872,0.23776223776223776
h3_chr1_117801428_117805523,h3,,,chr1,117801428,117805523,promoter,0.1702075702075702,0.029269902035593987,0.02882956899702549,0.029646756127476692,0.9872885218786741,-0.4483274894458596,0.6823176823176823,0.027086718007922173,0.02623967081308365,0.027335144579410553,0.9909118252231415,-0.30432686850086965,0.6293706293706294
h3_chr1_117801428_117805523,h3,,,chr1,117801428,117805523,tfbs,0.027594627594627594,0.0010662063723430037,0.0007082746014930308,0.0006929833325557411,1.5385743383045103,2.9226150653909926,0.002997002997002997,0.000507717311847955,0.00032392775756306946,0.0003366927267052233,1.5079544985017297,1.7788281113603501,0.05094905094905095
h3_chr1_188000709_188004804,h3,,,chr1,188000709,188004804,promoter,0.1956043956043956,0.042095083743333817,0.03815246373414993,0.03649350628256798,1.153495183975829,6.025837603815435,0.000999000999000999,0.03967728838324547,0.035547886043787,0.034303929656744,1.1566397430343693,5.870770996584135,0.000999000999000999
h3_chr1_188000709_188004804,h3,,,chr1,188000709,188004804,tfbs,0.028815628815628817,0.0017051816685125232,0.0007495097815990448,0.0005328565603122115,3.200076334827186,10.077468783252513,0.000999000999000999,0.001374325598590076,0.0004810096579603851,0.00029178967815823853,4.709987026493701,12.912670459802097,0.000999000999000999
h3_chr1_236620149_236624244,h3,,,chr1,236620149,236624244,promoter,0.16092796092796094,0.03162134066224098,0.02606748417019844,0.025625763460993767,1.233966773726503,7.444079157998441,0.000999000999000999,0.030900413170456886,0.023952949792146683,0.023935962468385696,1.2909617990615478,8.998288459094262,0.000999000999000999
h3_chr1_236620149_236624244,h3,,,chr1,236620149,236624244,tfbs,0.02735042735042735,0.0017153085209429264,0.0006610093405470252,0.000586287525948137,2.925712120804464,9.808603132693023,0.000999000999000999,0.0013424153439700603,0.0002272142010042444,0.00024141102039720863,5.560704485492421,14.381758767076457,0.000999000999000999
h3_chr14_101543080_101547175,h3,,,chr14,101543080,101547175,promoter,0.12112332112332112,0.016942232847213745,0.014703326858580112,0.015287482179701328,1.1082421976399481,2.7723575229858732,0.003996003996003996,0.01553888525813818,0.012171974405646324,0.012701545841991901,1.223385362021519,4.8174612155547925,0.000999000999000999
h3_chr14_101543080_101547175,h3,,,chr14,101543080,101547175,tfbs,0.029304029304029304,0.0007399469031952322,0.0008302610949613154,0.0010388089576736093,0.7123031600077147,-1.863846629390298,0.9790209790209791,0.0005358236376196146,0.00021254071907605976,0.0003220300131943077,1.6638934747250012,2.3707586893315273,0.01898101898101898
h3_chr14_26677340_26681435,h3,,,chr14,26677340,26681435,promoter,0.17606837606837608,0.042123377323150635,0.031072339043021202,0.03188247233629227,1.3212079941241257,11.397576168725482,0.000999000999000999,0.04167328402400017,0.029689503833651543,0.030903441831469536,1.3484997642419074,12.084824768078809,0.000999000999000999
h3_chr14_26677340_26681435,h3,,,chr14,26677340,26681435,tfbs,0.03467643467643468,0.0008737092721275985,0.001095306477509439,0.0011220281012356281,0.7786875134102527,-1.478900820026539,0.9440559440559441,0.0006089488742873073,0.0003738391969818622,0.00038022242370061576,1.6015596038775162,2.2755743403254307,0.025974025974025976
h3_chr14_33378322_33382417,h3,,,chr14,33378322,33382417,promoter,0.18803418803418803,0.02777847647666931,0.03529384359717369,0.03470788523554802,0.8003505914620933,-7.741559603227169,1.0,0.027400709688663483,0.03448919206857681,0.033867329359054565,0.8090602420452675,-7.154882173313957,1.0
h3_chr14_33378322_33382417,h3,,,chr14,33378322,33382417,tfbs,0.032722832722832725,0.0014606995973736048,0.000991018139757216,0.0008387941052205861,1.7414280671291438,4.277445192287771,0.000999000999000999,0.0005792429437860847,0.0002578913699835539,0.0002562772133387625,2.2602202366716337,4.006908538949448,0.000999000999000999
h3_chr17_22742263_22746358,h3,,,chr17,22742263,22746358,promoter,0.11330891330891331,0.011888835579156876,0.012689908035099506,0.013543353416025639,0.8778354380894323,-2.7925096482385303,0.997002997002997,0.011686902493238449,0.012120701372623444,0.012980436906218529,0.900347390282342,-2.2616924279732027,0.986013986013986
h3_chr17_22742263_22746358,h3,,,chr17,22742263,22746358,tfbs,0.011965811965811967,0.0005553171504288912,0.0001317632122663781,0.00011962036660406739,4.642329447684614,8.143359007028138,0.000999000999000999,0.00040386701584793627,5.326061000232585e-05,4.599036037689075e-05,8.781557972980606,10.247268711306743,0.000999000999000999
h3_chr17_35243344_35247439,h3,,,chr17,35243344,35247439,promoter,0.14407814407814407,0.01680779829621315,0.020908130332827568,0.020676661282777786,0.8128874418527555,-5.339413741070258,1.0,0.015503082424402237,0.0181912612169981,0.018140729516744614,0.8546008257326297,-3.9496788138281196,1.0
h3_chr17_35243344_35247439,h3,,,chr17,35243344,35247439,tfbs,0.022222222222222223,0.0002046611625701189,0.0005047442973591387,0.0005686254589818418,0.3599226157347528,-3.2826564550106987,1.0,5.1165290642529726e-05,0.0001256104587810114,0.00010798434232128784,0.4738213850513316,-1.1090924507046414,0.9300699300699301
h3_chr17_72349260_72353355,h3,,,chr17,72349260,72353355,promoter,0.12405372405372406,0.015155760571360588,0.015558423474431038,0.016062382608652115,0.9435561921677069,-1.4853296541285583,0.936063936063936,0.01469726674258709,0.01390046440064907,0.015115922316908836,0.9723036698955886,-0.6761885609973498,0.7582417582417582
h3_chr17_72349260_72353355,h3,,,chr17,72349260,72353355,tfbs,0.025885225885225887,5.0943734095199034e-05,0.0005993511877022684,0.0005015410133637488,0.1015744131342883,-4.1534628813070755,1.0,2.5471867047599517e-05,0.00015894396346993744,0.00011887720029335469,0.21427041505639674,-1.7244091587496275,0.991008991008991
h3_chr21_12003041_12007136,h3,,,chr21,12003041,12007136,promoter,0.07277167277167278,0.0065732356160879135,0.005368042271584272,0.005130546633154154,1.281195959434604,4.128250001457409,0.000999000999000999,0.0065732356160879135,0.005188454408198595,0.004962767940014601,1.3245099701495562,4.56713200004655,0.000999000999000999
h3_chr21_12003041_12007136,h3,,,chr21,12003041,12007136,tfbs,0.008791208791208791,2.48046635533683e-05,8.458492811769247e-05,5.729877739213407e-05,0.4329003982687677,-0.8556611602827234,0.8971028971028971,2.48046635533683e-05,8.458492811769247e-05,5.5860109569039196e-05,0.44404967596261996,-0.8394380274417457,0.8901098901098901
h3_chr21_19112010_19116105,h3,,,chr21,19112010,19116105,promoter,0.21636141636141637,0.0563056580722332,0.04585650935769081,0.047243375331163406,1.1918212379523185,9.000987115466378,0.000999000999000999,0.054555900394916534,0.04496205598115921,0.046321090310811996,1.177776689383808,7.653509239361942,0.000999000999000999
h3_chr21_19112010_19116105,h3,,,chr21,19112010,19116105,tfbs,0.021001221001221003,0.00023504217097070068,0.00043586810352280736,0.0003785485168918967,0.6209036899696068,-1.437714982664346,0.949050949050949,0.00018281058873981237,0.0003230490256100893,0.00024726439733058214,0.7393324340802784,-0.8144296353747343,0.8401598401598401
h3_chr21_38658585_38662680,h3,,,chr21,38658585,38662680,promoter,0.16043956043956045,0.0276502538472414,0.026424920186400414,0.024963432922959328,1.107630265940345,3.3852374058236,0.000999000999000999,0.018783284351229668,0.019776586443185806,0.018554657697677612,1.0123217931193995,0.3337936855516455,0.3776223776223776
h3_chr21_38658585_38662680,h3,,,chr21,38658585,38662680,tfbs,0.024175824175824177,0.00031480364850722253,0.0005755611346103251,0.0006806317251175642,0.46251686027836436,-2.7235509811148315,1.0,0.0001049345446517691,0.00013379042502492666,0.00020645871700253338,0.5082592112130654,-1.3896878241509145,0.9600399600399601
h3_chr3_108979737_108983832,h3,,,chr3,108979737,108983832,promoter,0.16776556776556775,0.020853815600275993,0.027896111831068993,0.027257230132818222,0.7650746425319132,-7.976113239093095,1.0,0.020724449306726456,0.027221594005823135,0.026606105268001556,0.7789358531799538,-7.198007816178615,1.0
h3_chr3_108979737_108983832,h3,,,chr3,108979737,108983832,tfbs,0.0231990231990232,0.0004139715456403792,0.0004913346492685378,0.00043632599408738315,0.9487666360704445,-0.20996168048234495,0.6093906093906094,0.0002069857728201896,0.00016403694462496787,8.843467367114499e-05,2.34054997013831,2.483742035345012,0.02197802197802198
h3_chr3_127665795_127669890,h3,,,chr3,127665795,127669890,promoter,0.10378510378510379,0.01881544105708599,0.010893568396568298,0.010417326353490353,1.8061679569808071,16.749732637703772,0.000999000999000999,0.017949458211660385,0.00934607908129692,0.008945495821535587,2.006535866737365,18.97688923299086,0.000999000999000999
h3_chr3_127665795_127669890,h3,,,chr3,127665795,127669890,tfbs,0.018315018315018316,0.0006822893628850579,0.0003618768241722137,0.0002882147382479161,2.3672951877227297,4.732091798443232,0.000999000999000999,0.00018369327881373465,8.974754746304825e-05,5.033196066506207e-05,3.649634871888576,3.5727865715446074,0.006993006993006993
h3_chr3_17001367_17005462,h3,,,chr3,17001367,17005462,promoter,0.17216117216117216,0.031111111864447594,0.029392803087830544,0.030121376737952232,1.0328582300572045,1.1546886408678418,0.12987012987012986,0.02986772544682026,0.028796236962080002,0.029322778806090355,1.0185844133099937,0.6246275097556016,0.2677322677322677
h3_chr3_17001367_17005462,h3,,,chr3,17001367,17005462,tfbs,0.04151404151404151,0.0016137566417455673,0.0018235580064356327,0.0019430422689765692,0.8305308986384317,-1.4750153590831419,0.9410589410589411,0.0009788359748199582,0.0009222287917509675,0.0009453439270146191,1.0354284264681388,0.21185715826886492,0.4325674325674326
h3_chr7_120066194_120070289,h3,,,chr7,120066194,120070289,promoter,0.17582417582417584,0.03191489353775978,0.03069252520799637,0.030195651575922966,1.0569367399644949,2.0723848398604328,0.024975024975024976,0.030467679724097252,0.029458578675985336,0.028803788125514984,1.0577664156996196,1.9557535111170408,0.026973026973026972
h3_chr7_120066194_120070289,h3,,,chr7,120066194,120070289,tfbs,0.03540903540903541,0.0006093535921536386,0.001229122863151133,0.0011403290554881096,0.5343664525787333,-3.1429317113271917,1.0,0.0003808459732681513,0.0004935787874273956,0.00042705528903752565,0.8917954724936941,-0.4426979301249439,0.7042957042957043
h3_chr7_137924469_137928564,h3,,,chr7,137924469,137928564,promoter,0.14163614163614163,0.0183701328933239,0.019645141437649727,0.020581943914294243,0.8925363400959307,-3.1544276942880294,1.0,0.017571432515978813,0.018086113035678864,0.018992580473423004,0.9251735192364801,-2.0961016246907804,0.9790209790209791
h3_chr7_137924469_137928564,h3,,,chr7,137924469,137928564,tfbs,0.024664224664224663,0.0017262257169932127,0.0006616399623453617,0.0008594542741775513,2.008513738145188,5.928270058992,0.000999000999000999,0.000953288865275681,0.000307889305986464,0.0004583258705679327,2.079936845141246,4.590408491667792,0.000999000999000999
h3_chr7_4391321_4395416,h3,,,chr7,4391321,4395416,promoter,0.1514041514041514,0.028547829017043114,0.023127824068069458,0.02240697480738163,1.274059941712367,8.586551778949774,0.000999000999000999,0.02586340345442295,0.021988751366734505,0.021209154278039932,1.2194452977883259,6.639464142344684,0.000999000999000999
h3_chr7_4391321_4395416,h3,,,chr7,4391321,4395416,tfbs,0.07301587301587302,0.08329461514949799,0.006399501580744982,0.01073465496301651,7.759412429786345,141.89096925676338,0.000999000999000999,0.0830623060464859,0.0057046497240662575,0.010063600726425648,8.253736242573254,151.82634211562043,0.000999000999000999
h3_chrX_127567034_127571129,h3,,,chrX,127567034,127571129,promoter,0.22612942612942613,0.05394264683127403,0.05154130235314369,0.052088525146245956,1.0355955880843692,1.6454683144646551,0.04995004995004995,0.04373934492468834,0.041631754487752914,0.04191471263766289,1.0435320242512152,1.80995062943344,0.03996003996003996
h3_chrX_127567034_127571129,h3,,,chrX,127567034,127571129,tfbs,0.03296703296703297,0.0008142286678776145,0.0010699339909479022,0.0012724866392090917,0.6398720762865492,-2.596926330865815,1.0,0.0005088929319754243,0.00041830475674942136,0.0003955115389544517,1.2866702532135983,1.1319694703511258,0.15884115884115885
h3_chrX_130740848_130744943,h3,,,chrX,130740848,130744943,promoter,0.18705738705738706,0.03925953432917595,0.03500545769929886,0.034785956144332886,1.1286029961712543,4.937608630876089,0.000999000999000999,0.03384271264076233,0.0315764956176281,0.03146219253540039,1.0756628802230945,2.744430196377934,0.002997002997002997
h3_chrX_130740848_130744943,h3,,,chrX,130740848,130744943,tfbs,0.027594627594627594,0.00044726053602062166,0.0007312629604712129,0.000674468872603029,0.6631299889266573,-1.8464152295537353,0.98001998001998,0.00027332588797435164,0.00033668411197140813,0.0003270965244155377,0.8356123271646971,-0.6028085790867224,0.7582417582417582
h3_chrX_83970161_83974256,h3,,,chrX,83970161,83974256,promoter,0.16874236874236875,0.022157849743962288,0.028944995254278183,0.028859885409474373,0.7677733098929117,-8.25234050845814,1.0,0.02063322626054287,0.026044167578220367,0.025714386254549026,0.80240010616208,-6.315851528659153,1.0
h3_chrX_83970161_83974256,h3,,,chrX,83970161,83974256,tfbs,0.03882783882783883,0.0012451085494831204,0.001423224457539618,0.0013328504282981157,0.9341697485688393,-0.4806509252383794,0.7022977022977023,0.000940183992497623,0.0007239361293613911,0.0006745438440702856,1.3938070901728643,2.019747767364436,0.03296703296703297
h4_chr10_110104373_110108468,h4,,,chr10,110104373,110108468,promoter,0.1907203907203907,0.040980011224746704,0.03652225062251091,0.035776372998952866,1.1454490153584362,5.610276016609583,0.000999000999000999,0.03695758059620857,0.03325698897242546,0.0327189639210701,1.1295461765037407,4.9879190769262385,0.000999000999000999
h4_chr10_110104373_110108468,h4,,,chr10,110104373,110108468,tfbs,0.033455433455433455,0.0021452950313687325,0.001068268553353846,0.0011252803960815072,1.9064537504067056,6.1743751731439955,0.000999000999000999,0.001170160947367549,0.0004792824911419302,0.0005202827742323279,2.2490864685922185,5.790699568115324,0.000999000999000999
h4_chr10_19287595_19291690,h4,,,chr10,19287595,19291690,promoter,0.19242979242979244,0.032693393528461456,0.0375957190990448,0.03709893673658371,0.8812488012957553,-4.663287395037511,1.0,0.031833041459321976,0.03512011468410492,0.034963276237249374,0.9104707820661128,-3.476747110383972,1.0
h4_chr10_19287595_19291690,h4,,,chr10,19287595,19291690,tfbs,0.01733821733821734,0.0002949780027847737,0.00027973775286227465,0.0002600231091491878,1.1344299502838826,0.4439002345180525,0.36163836163836166,0.00014748900139238685,9.80802797130309e-05,7.76529559516348e-05,1.899335312930632,1.6188838207723513,0.1028971028971029
h4_chr10_4663039_4667134,h4,,,chr10,4663039,4667134,promoter,0.189010989010989,0.0391673780977726,0.035973675549030304,0.036870528012514114,1.0622950147195862,2.4591703309999637,0.007992007992007992,0.03185177594423294,0.03179394453763962,0.032198552042245865,0.9892300716641562,-0.3951444776312641,0.6553446553446554
h4_chr10_4663039_4667134,h4,,,chr10,4663039,4667134,tfbs,0.045177045177045176,0.0036703706718981266,0.001939277513884008,0.0019081904320046306,1.9234823790842799,8.215898784469212,0.000999000999000999,0.0025893710553646088,0.0008215658599510789,0.0008904419955797493,2.907961515987035,11.569543800343828,0.000999000999000999
h4_chr1_117801428_117805523,h4,,,chr1,117801428,117805523,promoter,0.1702075702075702,0.030895749107003212,0.029300419613718987,0.0288724172860384,1.07007836582991,2.4381279864118,0.00999000999000999,0.026973683387041092,0.026770027354359627,0.026443524286150932,1.0200487308406094,0.673233629720114,0.27172827172827174
h4_chr1_117801428_117805523,h4,,,chr1,117801428,117805523,tfbs,0.027594627594627594,0.0010627530282363296,0.0007168599986471236,0.0007442307542078197,1.4279885938972705,2.390795724095853,0.02197802197802198,0.0008856275235302746,0.00030440615955740213,0.00033246458042412996,2.6638251882364927,6.232360061321736,0.000999000999000999
h4_chr1_188000709_188004804,h4,,,chr1,188000709,188004804,promoter,0.1956043956043956,0.04840410500764847,0.03848063200712204,0.03714115172624588,1.3032472811941263,11.898964848943413,0.000999000999000999,0.04688665270805359,0.03586959466338158,0.034687891602516174,1.3516720256544086,13.224532458181043,0.000999000999000999
h4_chr1_188000709_188004804,h4,,,chr1,188000709,188004804,tfbs,0.028815628815628817,0.001131658093072474,0.0007736402912996709,0.0006428589695133269,1.7603520316892989,3.8106933960348393,0.001998001998001998,0.0006687070708721876,0.00047066545812413096,0.0003606902901083231,1.8539647149119551,3.17749370764959,0.002997002997002997
h4_chr1_236620149_236624244,h4,,,chr1,236620149,236624244,promoter,0.16092796092796094,0.04205189272761345,0.026416314765810966,0.0250038281083107,1.6818181818181819,22.449992300346135,0.000999000999000999,0.04028730466961861,0.02428688481450081,0.02312588132917881,1.7420873218261554,22.555980879619806,0.000999000999000999
h4_chr1_236620149_236624244,h4,,,chr1,236620149,236624244,tfbs,0.02735042735042735,0.0007456009625457227,0.0007058334886096418,0.0006210110150277615,1.2006243762236515,1.0159598768662357,0.1848151848151848,0.0006461875163950026,0.0002619536826387048,0.00024048116756603122,2.687060791226293,5.278172127165656,0.000999000999000999
h4_chr14_101543080_101547175,h4,,,chr14,101543080,101547175,promoter,0.12112332112332112,0.01531891617923975,0.014640318229794502,0.015009335242211819,1.0206258926216316,0.5174545667173203,0.3246753246753247,0.0119919553399086,0.012016248889267445,0.01235360186547041,0.9707254184245124,-0.6624583647118495,0.7502497502497503
h4_chr14_101543080_101547175,h4,,,chr14,101543080,101547175,tfbs,0.029304029304029304,0.0007696700631640851,0.0008334754966199398,0.000927750370465219,0.829609006545732,-0.995618185894133,0.8631368631368631,0.00024828064488247037,0.0001951479644048959,0.0002327134570805356,1.0668942312027423,0.2078955167464905,0.46253746253746253
h4_chr14_26677340_26681435,h4,,,chr14,26677340,26681435,promoter,0.17606837606837608,0.05528480187058449,0.03159443661570549,0.03048662096261978,1.813411920539512,29.2878763807229,0.000999000999000999,0.05393948778510094,0.03027196228504181,0.029250480234622955,1.8440547762786579,29.903212202061642,0.000999000999000999
h4_chr14_26677340_26681435,h4,,,chr14,26677340,26681435,tfbs,0.03467643467643468,0.0011168646160513163,0.0011468209559097886,0.001095847343094647,1.0191790152972557,0.13139421630952172,0.47152847152847155,0.0004061326035298407,0.00039014252251945436,0.00035658443812280893,1.1389521249661692,0.5220352069628326,0.34065934065934067
h4_chr14_33378322_33382417,h4,,,chr14,33378322,33382417,promoter,0.18803418803418803,0.03293486312031746,0.03619172424077988,0.03498458117246628,0.9414108163237924,-2.264835591798071,0.988011988011988,0.03078799694776535,0.03538397327065468,0.034206900745630264,0.900052219776103,-3.8734718479741805,1.0
h4_chr14_33378322_33382417,h4,,,chr14,33378322,33382417,tfbs,0.032722832722832725,0.00148816779255867,0.00101536198053509,0.0009805317968130112,1.517714976093188,3.419560274360944,0.000999000999000999,0.0008782629738561809,0.00029860716313123703,0.00027657963801175356,3.1754433557356023,7.326617695397049,0.000999000999000999
h4_chr17_22742263_22746358,h4,,,chr17,22742263,22746358,promoter,0.11330891330891331,0.025472557172179222,0.013021397404372692,0.013061787001788616,1.9501586703788032,21.999379068030432,0.000999000999000999,0.024411199614405632,0.01247833389788866,0.012567218393087387,1.9424504970672778,22.036649548064574,0.000999000999000999
h4_chr17_22742263_22746358,h4,,,chr17,22742263,22746358,tfbs,0.011965811965811967,0.0004548670840449631,0.00014025143173057586,0.0001229657354997471,3.699136854639467,6.021196335975561,0.000999000999000999,0.000404326303396374,5.4331634601112455e-05,4.685130625148304e-05,8.629989977783712,10.879337337031894,0.000999000999000999
h4_chr17_35243344_35247439,h4,,,chr17,35243344,35247439,promoter,0.14407814407814407,0.020030302926898003,0.021173642948269844,0.020706528797745705,0.9673423837740819,-0.9567649104151287,0.8331668331668332,0.018232710659503937,0.018568698316812515,0.017940782010555267,1.0162717906486416,0.43464808279509626,0.3336663336663337
h4_chr17_35243344_35247439,h4,,,chr17,35243344,35247439,tfbs,0.022222222222222223,0.0006933566182851791,0.00044246038305573165,0.0005184767069295049,1.3372955988540716,1.5504563288212319,0.08091908091908091,0.000359518249752,0.0001222351420437917,0.00011502015695441514,3.125697784384736,4.592737669652746,0.000999000999000999
h4_chr17_72349260_72353355,h4,,,chr17,72349260,72353355,promoter,0.12405372405372406,0.019606878980994225,0.015603577718138695,0.015409090556204319,1.2724228538652924,6.905065406067978,0.000999000999000999,0.018525797873735428,0.01396403182297945,0.013901179656386375,1.3326781130567178,7.6566231533955795,0.000999000999000999
h4_chr17_72349260_72353355,h4,,,chr17,72349260,72353355,tfbs,0.025885225885225887,0.0005159705178812146,0.0006233372259885073,0.0006054791156202555,0.8521689758905262,-0.7532979066444575,0.8061938061938062,0.00012285012053325772,0.0001567556755617261,0.00014773955626878887,0.8315316739529883,-0.4157498600961367,0.7242757242757243
h4_chr21_12003041_12007136,h4,,,chr21,12003041,12007136,promoter,0.07277167277167278,0.01858990080654621,0.0054957629181444645,0.005102756433188915,3.6431095722373414,37.50664900332936,0.000999000999000999,0.018272750079631805,0.005314985755831003,0.0049230786971747875,3.7116510223811794,37.6296783171049,0.000999000999000999
h4_chr21_12003041_12007136,h4,,,chr21,12003041,12007136,tfbs,0.008791208791208791,0.0006586972158402205,8.050791075220332e-05,6.12832373008132e-05,10.748407637262332,15.163920603786938,0.000999000999000999,0.0006586972158402205,8.050791075220332e-05,6.29177811788395e-05,10.469174269955873,15.329860851739003,0.000999000999000999
h4_chr21_19112010_19116105,h4,,,chr21,19112010,19116105,promoter,0.21636141636141637,0.04149902984499931,0.046908989548683167,0.046178534626960754,0.8986649355644696,-4.613606824485104,1.0,0.0399344377219677,0.04603108391165733,0.04538009688258171,0.8799989525208742,-5.235380302674363,1.0
h4_chr21_19112010_19116105,h4,,,chr21,19112010,19116105,tfbs,0.021001221001221003,0.0004718621203210205,0.0004144908452872187,0.0004050315183121711,1.1650009912496262,0.6442020832019757,0.2917082917082917,0.0004718621203210205,0.0002995062677655369,0.0002845825219992548,1.6580853841834182,2.190234585038406,0.027972027972027972
h4_chr21_38658585_38662680,h4,,,chr21,38658585,38662680,promoter,0.16043956043956045,0.024600431323051453,0.025803472846746445,0.025197703391313553,0.9762965672312819,-0.7745292746842023,0.7912087912087912,0.01660904847085476,0.018700459972023964,0.01741362363100052,0.9537962243129329,-1.253253473251678,0.8981018981018981
h4_chr21_38658585_38662680,h4,,,chr21,38658585,38662680,tfbs,0.024175824175824177,0.0006513352273032069,0.0005488714668899775,0.0005950448685325682,1.0945985113852936,0.4556954271115315,0.35364635364635366,0.00030061625875532627,0.0001292641245527193,0.00015283831453416497,1.966890695383372,2.440856614900652,0.024975024975024976
h4_chr3_108979737_108983832,h4,,,chr3,108979737,108983832,promoter,0.16776556776556775,0.03219882771372795,0.027694841846823692,0.027165822684764862,1.1852697445377092,6.2483604681488245,0.000999000999000999,0.03144416958093643,0.027050361037254333,0.02650786191225052,1.1862205139375883,6.180402340307098,0.000999000999000999
h4_chr3_108979737_108983832,h4,,,chr3,108979737,108983832,tfbs,0.0231990231990232,0.0007295046816579998,0.0004877632891293615,0.0004569718148559332,1.5963887879780647,2.5711964545325805,0.01098901098901099,0.00022639801318291575,0.00018061579612549394,0.00012680805230047554,1.7853599126848725,1.772412650903905,0.06493506493506493
h4_chr3_127665795_127669890,h4,,,chr3,127665795,127669890,promoter,0.10378510378510379,0.011936802417039871,0.01079314760863781,0.010528708808124065,1.13373848917061,2.88867470391694,0.004995004995004995,0.010366826318204403,0.009033538401126862,0.008900567889213562,1.1647376265471525,3.0549081476617945,0.002997002997002997
h4_chr3_127665795_127669890,h4,,,chr3,127665795,127669890,tfbs,0.018315018315018316,0.0007226874004118145,0.0003060188901145011,0.00027833430794999003,2.5964725862744307,5.346095266124203,0.000999000999000999,0.0003239633224438876,6.778269016649574e-05,6.160287011880428e-05,5.258899817802447,6.512657479102575,0.000999000999000999
h4_chr3_17001367_17005462,h4,,,chr3,17001367,17005462,promoter,0.17216117216117216,0.035935208201408386,0.029717734083533287,0.029151028022170067,1.232725246398816,7.706992414038588,0.000999000999000999,0.0354372002184391,0.02914239838719368,0.028509750962257385,1.242985260213343,8.149152225772394,0.000999000999000999
h4_chr3_17001367_17005462,h4,,,chr3,17001367,17005462,tfbs,0.04151404151404151,0.0033812120091170073,0.0017113292124122381,0.0018579628085717559,1.8198491345024264,7.059022887006352,0.000999000999000999,0.001887188060209155,0.0008529124315828085,0.0009215244208462536,2.0478980453671687,6.16322789423937,0.000999000999000999
h4_chr7_120066194_120070289,h4,,,chr7,120066194,120070289,promoter,0.17582417582417584,0.03192818537354469,0.03088405914604664,0.02996761165559292,1.0654230887827816,2.301414483297178,0.01098901098901099,0.030168566852808,0.02961917594075203,0.028743121773004532,1.0495925630855532,1.6458790284667169,0.055944055944055944
h4_chr7_120066194_120070289,h4,,,chr7,120066194,120070289,tfbs,0.03540903540903541,0.0014535995433107018,0.0012095444835722446,0.0012180909980088472,1.1933423247416068,1.361185447448681,0.10589410589410589,0.001020069932565093,0.0004965176340192556,0.00046606993419118226,2.188662811591403,5.089413608910493,0.000999000999000999
h4_chr7_137924469_137928564,h4,,,chr7,137924469,137928564,promoter,0.14163614163614163,0.025449100881814957,0.02017821930348873,0.020497329533100128,1.2415812918808988,7.036832810876542,0.000999000999000999,0.024476047605276108,0.018592385575175285,0.0189487524330616,1.2916970492775313,8.070721113331773,0.000999000999000999
h4_chr7_137924469_137928564,h4,,,chr7,137924469,137928564,tfbs,0.024664224664224663,0.0012724550906568766,0.00059057108592242,0.0007297654519788921,1.743649397496665,4.152815225666704,0.000999000999000999,0.000798403169028461,0.0002841826935764402,0.000382934114895761,2.0849622375530457,4.345708176455976,0.000999000999000999
h4_chr7_4391321_4395416,h4,,,chr7,4391321,4395416,promoter,0.1514041514041514,0.03502369672060013,0.023016050457954407,0.022730505093932152,1.5408235134180812,16.433745747325997,0.000999000999000999,0.03251476213335991,0.02189462073147297,0.021641982719302177,1.502392944079031,14.987460204098744,0.000999000999000999
h4_chr7_4391321_4395416,h4,,,chr7,4391321,4395416,tfbs,0.07301587301587302,0.03383258730173111,0.006136312615126371,0.008390683680772781,4.032160976257316,55.95675636923207,0.000999000999000999,0.0337565578520298,0.005449262447655201,0.007859778590500355,4.2948484443097845,58.38617676445459,0.000999000999000999
h4_chrX_127567034_127571129,h4,,,chrX,127567034,127571129,promoter,0.22612942612942613,0.05149010941386223,0.051805123686790466,0.05217938870191574,0.9867902000157353,-0.6113470729370021,0.7412587412587412,0.04886050522327423,0.04163964092731476,0.042029350996017456,1.1625329457955245,6.852714188601094,0.000999000999000999
h4_chrX_127567034_127571129,h4,,,chrX,127567034,127571129,tfbs,0.03296703296703297,0.0008264462812803686,0.0010220329277217388,0.0011554970405995846,0.7152301150434168,-1.9648191629553642,0.973026973026973,0.0003506135835777968,0.00040320339030586183,0.00038647634210065007,0.9072058115435342,-0.3740627825995623,0.6863136863136863
h4_chrX_130740848_130744943,h4,,,chrX,130740848,130744943,promoter,0.18705738705738706,0.033490139991045,0.035712797194719315,0.034953225404024124,0.9581416193765431,-1.580057578439277,0.9430569430569431,0.029468398541212082,0.03227699175477028,0.03165549412369728,0.9309094473793748,-2.4746856572947116,0.9920079920079921
h4_chrX_130740848_130744943,h4,,,chrX,130740848,130744943,tfbs,0.027594627594627594,0.002096180571243167,0.0007592607289552689,0.0006969069363549352,3.007834277280863,10.760011892736646,0.000999000999000999,0.0010480902856215835,0.0003553778806235641,0.0003077241708524525,3.4059407251571456,9.200163650657382,0.000999000999000999
h4_chrX_83970161_83974256,h4,,,chrX,83970161,83974256,promoter,0.16874236874236875,0.02077542059123516,0.029269231483340263,0.028754450380802155,0.72251148313048,-9.941206353875378,1.0,0.018873445689678192,0.026169035583734512,0.025740452110767365,0.7332212195986773,-8.904371180710678,1.0
h4_chrX_83970161_83974256,h4,,,chrX,83970161,83974256,tfbs,0.03882783882783883,0.0027554254047572613,0.0014981601852923632,0.0014293587300926447,1.9277353870281864,7.3266034023784,0.000999000999000999,0.0022189710289239883,0.0008056512451730669,0.0007244330481626093,3.0630450040234893,11.36846199689532,0.000999000999000999
h5_chr10_110104373_110108468,h5,,,chr10,110104373,110108468,promoter,0.1907203907203907,0.03919745981693268,0.036663126200437546,0.03551449999213219,1.1037029896413129,3.8852747650868653,0.000999000999000999,0.03684767708182335,0.03357661888003349,0.03261368349194527,1.129822612368326,4.639737743783397,0.000999000999000999
h5_chr10_110104373_110108468,h5,,,chr10,110104373,110108468,tfbs,0.033455433455433455,0.0018333462066948414,0.0010318475542590022,0.0011823532404378057,1.5505909266303393,3.8626283962560324,0.001998001998001998,0.0012136235600337386,0.0004820969479624182,0.0006030934164300561,2.0123309705777377,4.888290432316002,0.000999000999000999
h5_chr10_19287595_19291690,h5,,,chr10,19287595,19291690,promoter,0.19242979242979244,0.06434676796197891,0.038087159395217896,0.037081871181726456,1.7352621621124746,28.490469224086063,0.000999000999000999,0.061531439423561096,0.03566473722457886,0.03480652719736099,1.7678132344161692,28.3944301385712,0.000999000999000999
h5_chr10_19287595_19291690,h5,,,chr10,19287595,19291690,tfbs,0.01733821733821734,0.00035508660948835313,0.0002812760358210653,0.0002508940815459937,1.415284917445368,1.309293718365078,0.13086913086913088,0.00015217997133731842,8.953150972956792e-05,6.878535350551829e-05,2.2123891727198846,2.0561822918698893,0.05194805194805195
h5_chr10_4663039_4667134,h5,,,chr10,4663039,4667134,promoter,0.189010989010989,0.04983813315629959,0.03601814806461334,0.036353737115859985,1.3709218669174121,13.872122544063838,0.000999000999000999,0.04602954536676407,0.031850699335336685,0.03176691383123398,1.4489775623563008,16.031264054254116,0.000999000999000999
h5_chr10_4663039_4667134,h5,,,chr10,4663039,4667134,tfbs,0.045177045177045176,0.00375418271869421,0.001963617280125618,0.0018805734580382705,1.99629676928994,8.674191733511174,0.000999000999000999,0.002611605217680335,0.0008452422916889191,0.000905302120372653,2.8847885793146157,11.201299491578887,0.000999000999000999
h5_chr1_117801428_117805523,h5,,,chr1,117801428,117805523,promoter,0.1702075702075702,0.029360443353652954,0.029954705387353897,0.02953663095831871,0.9940349457961408,-0.20211032375992188,0.5864135864135864,0.027413194999098778,0.02735123410820961,0.027274485677480698,1.0050856805608843,0.17219247542363506,0.4385614385614386
h5_chr1_117801428_117805523,h5,,,chr1,117801428,117805523,tfbs,0.027594627594627594,0.0004299117426853627,0.0007407056982629001,0.0006847229669801891,0.6278623084331291,-1.9444556538366937,0.984015984015984,0.0002781781950034201,0.00029739498859271407,0.0003174266021233052,0.8763543859986916,-0.45197135139120703,0.7182817182817183
h5_chr1_188000709_188004804,h5,,,chr1,188000709,188004804,promoter,0.1956043956043956,0.0487193837761879,0.03878096863627434,0.03693100064992905,1.319200209006021,12.36384171064492,0.000999000999000999,0.0473068431019783,0.03612354025244713,0.03460632637143135,1.366999854137411,13.395462873369464,0.000999000999000999
h5_chr1_188000709_188004804,h5,,,chr1,188000709,188004804,tfbs,0.028815628815628817,0.0014125423040241003,0.0007912851287983358,0.0006449987995438278,2.1899921442072667,5.7384238902970015,0.000999000999000999,0.0007729005301371217,0.0004994504270143807,0.00034287464222870767,2.254178160021451,4.460523942417866,0.000999000999000999
h5_chr1_236620149_236624244,h5,,,chr1,236620149,236624244,promoter,0.16092796092796094,0.051589395850896835,0.02636067196726799,0.025109170004725456,2.0546037898181377,32.18409490557719,0.000999000999000999,0.04974126070737839,0.024243243038654327,0.02343745343387127,2.122298006808771,33.20414056902515,0.000999000999000999
h5_chr1_236620149_236624244,h5,,,chr1,236620149,236624244,tfbs,0.02735042735042735,0.0013464990770444274,0.0007152264006435871,0.0006039708969183266,2.2294105294058744,6.062470616540281,0.000999000999000999,0.0011088816681876779,0.00026903493562713265,0.00024102332827169448,4.600723407726271,11.410818995693303,0.000999000999000999
h5_chr14_101543080_101547175,h5,,,chr14,101543080,101547175,promoter,0.12112332112332112,0.029209358617663383,0.01489438395947218,0.015213233418762684,1.9199967432064173,22.77666813237111,0.000999000999000999,0.02790946699678898,0.012420780025422573,0.012554926797747612,2.2229892253769266,27.253367088419274,0.000999000999000999
h5_chr14_101543080_101547175,h5,,,chr14,101543080,101547175,tfbs,0.029304029304029304,0.0017077025258913636,0.0008701580809429288,0.0009937809081748128,1.7183893470319789,4.437771247500378,0.000999000999000999,0.0011979405535385013,0.00021384377032518387,0.0002637508150655776,4.541940669418032,11.371375117925908,0.000999000999000999
h5_chr14_26677340_26681435,h5,,,chr14,26677340,26681435,promoter,0.17606837606837608,0.05194529891014099,0.032407257705926895,0.03136987239122391,1.6558976798602887,24.13492551784175,0.000999000999000999,0.05125622823834419,0.031125331297516823,0.030300594866275787,1.6915914840797988,23.542075025589494,0.000999000999000999
h5_chr14_26677340_26681435,h5,,,chr14,26677340,26681435,tfbs,0.03467643467643468,0.0015901621663942933,0.0011955277295783162,0.0011240061139687896,1.414727328109932,2.7976173529478037,0.008991008991008992,0.0009806000161916018,0.0004023079527541995,0.0003647037083283067,2.6887580076615634,6.192361421203344,0.000999000999000999
h5_chr14_33378322_33382417,h5,,,chr14,33378322,33382417,promoter,0.18803418803418803,0.03518052026629448,0.03587818518280983,0.034859176725149155,1.0092183342044763,0.3371868961152938,0.3786213786213786,0.03385813161730766,0.03509947657585144,0.03404385969042778,0.9945444472275176,-0.20602275430326794,0.5904095904095904
h5_chr14_33378322_33382417,h5,,,chr14,33378322,33382417,tfbs,0.032722832722832725,0.0019212056649848819,0.001031955936923623,0.0009252476738765836,2.0764231234815798,6.609816200713966,0.000999000999000999,0.001072881044819951,0.00028842868050560355,0.00027113949181512,3.9569338927267337,9.758213700063559,0.000999000999000999
h5_chr17_22742263_22746358,h5,,,chr17,22742263,22746358,promoter,0.11330891330891331,0.02112087979912758,0.013242453336715698,0.013237953186035156,1.595479263471652,13.500971193573175,0.000999000999000999,0.020064836367964745,0.012633133679628372,0.012697996571660042,1.5801576457144701,13.7346833752843,0.000999000999000999
h5_chr17_22742263_22746358,h5,,,chr17,22742263,22746358,tfbs,0.011965811965811967,0.0003683874383568764,0.0001134646445279941,0.00012107667134841904,3.042596350347111,4.458589812194936,0.001998001998001998,0.0003192691074218601,4.003189678769559e-05,4.717814954346977e-05,6.767308817987589,8.069983606856312,0.000999000999000999
h5_chr17_35243344_35247439,h5,,,chr17,35243344,35247439,promoter,0.14407814407814407,0.021536216139793396,0.021249324083328247,0.020680997520685196,1.0413528708299882,1.171786636496325,0.13086913086913088,0.02002398669719696,0.018650617450475693,0.018035301938652992,1.1102662303801993,2.93186639370935,0.000999000999000999
h5_chr17_35243344_35247439,h5,,,chr17,35243344,35247439,tfbs,0.022222222222222223,0.0005996766849420965,0.0004667086759582162,0.0005378839559853077,1.1148811528382465,0.503263763812938,0.32667332667332666,0.0002607289934530854,0.0001301048177992925,0.00011380820797057822,2.290950697690357,2.575295418817886,0.022977022977022976
h5_chr17_72349260_72353355,h5,,,chr17,72349260,72353355,promoter,0.12405372405372406,0.018414033576846123,0.0160748939961195,0.015547010116279125,1.1844099565848334,4.517792485151069,0.000999000999000999,0.01692654937505722,0.014482279308140278,0.01426874753087759,1.186267353769358,4.3585607726086435,0.000999000999000999
h5_chr17_72349260_72353355,h5,,,chr17,72349260,72353355,tfbs,0.025885225885225887,0.0005898645613342524,0.0006203760276548564,0.0005758617189712822,1.0243163278642393,0.112273475218216,0.47152847152847155,0.000256462866673246,0.00016618588415440172,0.0001406442461302504,1.8234863759427187,1.9162888931919875,0.055944055944055944
h5_chr21_12003041_12007136,h5,,,chr21,12003041,12007136,promoter,0.07277167277167278,0.011107797734439373,0.005510702729225159,0.005186446476727724,2.141697168626253,16.353872926689093,0.000999000999000999,0.01071020308881998,0.0053295474499464035,0.004994409158825874,2.1444384607323244,16.28950676332441,0.000999000999000999
h5_chr21_12003041_12007136,h5,,,chr21,12003041,12007136,tfbs,0.008791208791208791,0.0005963918520137668,7.131907477742061e-05,6.113017298048362e-05,9.7560962604207,14.091983546857799,0.000999000999000999,0.0005963918520137668,7.131907477742061e-05,6.272055179579183e-05,9.508715005498102,13.508725336780108,0.000999000999000999
h5_chr21_19112010_19116105,h5,,,chr21,19112010,19116105,promoter,0.21636141636141637,0.06490292400121689,0.04735617712140083,0.04736235737800598,1.3703482595517162,15.299290102343333,0.000999000999000999,0.06413288414478302,0.04642966017127037,0.04634533450007439,1.383804536887744,16.366884825544844,0.000999000999000999
h5_chr21_19112010_19116105,h5,,,chr21,19112010,19116105,tfbs,0.021001221001221003,0.000550024735275656,0.00041609257459640503,0.00037319178227335215,1.4738393539244088,1.802804539787677,0.04295704295704296,0.000467521051177755,0.0003121381741948426,0.00022930529667064548,2.038858491128804,3.058324093318699,0.003996003996003996
h5_chr21_38658585_38662680,h5,,,chr21,38658585,38662680,promoter,0.16043956043956045,0.04114637151360512,0.025910334661602974,0.024950318038463593,1.6491321453367276,20.05474716788024,0.000999000999000999,0.03595005348324776,0.019453033804893494,0.018236033618450165,1.9713746001693906,25.05465549663288,0.000999000999000999
h5_chr21_38658585_38662680,h5,,,chr21,38658585,38662680,tfbs,0.024175824175824177,0.0006893077515996993,0.0005623229080811143,0.000675203453283757,1.0208889605752873,0.10732926055605381,0.4935064935064935,0.00047721306327730417,0.00013335616677068174,0.0001783716434147209,2.675386368267996,4.609457588900433,0.000999000999000999
h5_chr3_108979737_108983832,h5,,,chr3,108979737,108983832,promoter,0.16776556776556775,0.033089689910411835,0.028012938797473907,0.027173655107617378,1.2177121472751768,7.022004514292149,0.000999000999000999,0.032350845634937286,0.027368035167455673,0.026500225067138672,1.2207762595591543,6.9512959253135165,0.000999000999000999
h5_chr3_108979737_108983832,h5,,,chr3,108979737,108983832,tfbs,0.0231990231990232,0.0007916194153949618,0.0004984546103514731,0.0004391904512885958,1.8024513353428577,3.3311741923113662,0.000999000999000999,0.0003430350625421852,0.00016887822130229324,0.00010478402691660449,3.2737342955448727,4.534862275862914,0.000999000999000999
h5_chr3_127665795_127669890,h5,,,chr3,127665795,127669890,promoter,0.10378510378510379,0.01860981248319149,0.011230116710066795,0.010507730767130852,1.771059127381213,15.696226021263863,0.000999000999000999,0.017758047208189964,0.009530977346003056,0.008965980261564255,1.9806029781613412,18.794317976866598,0.000999000999000999
h5_chr3_127665795_127669890,h5,,,chr3,127665795,127669890,tfbs,0.018315018315018316,7.74333457229659e-05,0.00031592691084370017,0.0002845675335265696,0.27210885501713805,-2.448926352437042,1.0,5.162222805665806e-05,7.407763041555882e-05,5.861703903065063e-05,0.8806693226122355,-0.17972815112158624,0.6733266733266733
h5_chr3_17001367_17005462,h5,,,chr3,17001367,17005462,promoter,0.17216117216117216,0.029962649568915367,0.029323386028409004,0.029528647661209106,1.0146976560757435,0.4825240966104866,0.3166833166833167,0.028994329273700714,0.028791354969143867,0.028831763193011284,1.0056384370113318,0.1826178447573343,0.43156843156843155
h5_chr3_17001367_17005462,h5,,,chr3,17001367,17005462,tfbs,0.04151404151404151,0.0034306265879422426,0.0017847790149971843,0.0018731221789494157,1.8315017709450163,7.120693523050152,0.000999000999000999,0.002130308421328664,0.000904147862456739,0.0009215382160618901,2.311687550444021,7.483100155876044,0.000999000999000999
h5_chr7_120066194_120070289,h5,,,chr7,120066194,120070289,promoter,0.17582417582417584,0.048184171319007874,0.03169410675764084,0.029832452535629272,1.6151595736710187,21.0633716746937,0.000999000999000999,0.04747052863240242,0.030413499101996422,0.028455067425966263,1.668262735834668,22.78779153067924,0.000999000999000999
h5_chr7_120066194_120070289,h5,,,chr7,120066194,120070289,tfbs,0.03540903540903541,0.001374425133690238,0.0013308300403878093,0.0011568430345505476,1.1880826461683496,1.2638890086383605,0.11688311688311688,0.0008458000957034528,0.0005471337353810668,0.0004308822681196034,1.9629494139885966,3.965507669011142,0.001998001998001998
h5_chr7_137924469_137928564,h5,,,chr7,137924469,137928564,promoter,0.14163614163614163,0.029248273000121117,0.02087978646159172,0.02045329660177231,1.4300028777554965,12.20262834959109,0.000999000999000999,0.027014389634132385,0.01929502747952938,0.01894051767885685,1.4262751468661459,11.975163211467446,0.000999000999000999
h5_chr7_137924469_137928564,h5,,,chr7,137924469,137928564,tfbs,0.024664224664224663,0.0008052366320043802,0.0006073042750358582,0.0007926645339466631,1.0158605532596756,0.09079912983133782,0.4805194805194805,0.0005454829079099,0.00028417061548680067,0.000425242877099663,1.2827561313438687,1.1860128875127944,0.16583416583416583
h5_chr7_4391321_4395416,h5,,,chr7,4391321,4395416,promoter,0.1514041514041514,0.028926845639944077,0.02355511672794819,0.02238570712506771,1.2922015587147364,8.542171420370575,0.000999000999000999,0.027901453897356987,0.022378884255886078,0.02119647152721882,1.31632540168434,9.220306639916018,0.000999000999000999
h5_chr7_4391321_4395416,h5,,,chr7,4391321,4395416,tfbs,0.07301587301587302,0.11578834056854248,0.006213598418980837,0.009517715312540531,12.165560406705998,214.49984609058333,0.000999000999000999,0.11559944599866867,0.005427285563200712,0.008868074975907803,13.03546105696237,220.69169863117733,0.000999000999000999
h5_chrX_127567034_127571129,h5,,,chrX,127567034,127571129,promoter,0.22612942612942613,0.06410838663578033,0.050710007548332214,0.0519324466586113,1.2344572759533188,10.779839256597839,0.000999000999000999,0.06362737715244293,0.041029032319784164,0.04185954108834267,1.5200208960284642,21.855560708862274,0.000999000999000999
h5_chrX_127567034_127571129,h5,,,chrX,127567034,127571129,tfbs,0.03296703296703297,0.001095641520805657,0.0010095983743667603,0.0012306725839152932,0.8902786452916298,-0.7726242189777387,0.8051948051948052,0.0006947970250621438,0.00040378590347245336,0.0003883915487676859,1.788908711496533,3.042884227823847,0.001998001998001998
h5_chrX_130740848_130744943,h5,,,chrX,130740848,130744943,promoter,0.18705738705738706,0.041709233075380325,0.03593326359987259,0.035020507872104645,1.1909945232006056,7.310618084709234,0.000999000999000999,0.03779743239283562,0.03245522454380989,0.03171012923121452,1.1919671508506162,7.0162942098219325,0.000999000999000999
h5_chrX_130740848_130744943,h5,,,chrX,130740848,130744943,tfbs,0.027594627594627594,0.0008969727205112576,0.000785106560215354,0.000689821841660887,1.3002962016273834,1.5775947478893813,0.07792207792207792,0.0004983181715942919,0.000362280203262344,0.00031105021480470896,1.6020505625021286,2.18708912805307,0.03196803196803197
h5_chrX_83970161_83974256,h5,,,chrX,83970161,83974256,promoter,0.16874236874236875,0.02629038877785206,0.029877277091145515,0.028703641146421432,0.9159252181192266,-2.889780092425599,1.0,0.024232879281044006,0.026814868673682213,0.025697216391563416,0.9430157302562872,-1.8334341375980765,0.971028971028971
h5_chrX_83970161_83974256,h5,,,chrX,83970161,83974256,tfbs,0.03882783882783883,0.0013208697782829404,0.0014943719143047929,0.001370884943753481,0.9635161464873929,-0.2664164931582749,0.6093906093906094,0.001219264348037541,0.0007851612172089517,0.000699806900229305,1.7422868331793038,3.8977136414349833,0.000999000999000999
h6_chr10_110104373_110108468,h6,,,chr10,110104373,110108468,promoter,0.1907203907203907,0.032856106758117676,0.036233529448509216,0.03569847345352173,0.9203784806343408,-3.074280938912065,0.999000999000999,0.029483046382665634,0.033004648983478546,0.03272990509867668,0.9007984072602055,-3.7256241938783545,1.0
h6_chr10_110104373_110108468,h6,,,chr10,110104373,110108468,tfbs,0.033455433455433455,0.0010493965819478035,0.0010446454398334026,0.00115660997107625,0.9073037654787964,-0.6173475060792949,0.7552447552447552,0.0007995402556844056,0.00047572466428391635,0.000565050111617893,1.41498999689621,2.0253979801626123,0.03396603396603397
h6_chr10_19287595_19291690,h6,,,chr10,19287595,19291690,promoter,0.19242979242979244,0.050094086676836014,0.03864291310310364,0.03709563612937927,1.3504037645323497,13.598262095380761,0.000999000999000999,0.04884808883070946,0.036174044013023376,0.03481462970376015,1.4030908628459038,14.878043214473998,0.000999000999000999
h6_chr10_19287595_19291690,h6,,,chr10,19287595,19291690,tfbs,0.01733821733821734,0.00038142703124321997,0.00027030662749893963,0.00024721556110307574,1.5428924843617962,1.676720660635367,0.07892107892107893,0.00017799928900785744,8.544028969481587e-05,6.491888052551076e-05,2.7418724347520165,2.7679423374621273,0.02097902097902098
h6_chr10_4663039_4667134,h6,,,chr10,4663039,4667134,promoter,0.189010989010989,0.0588536337018013,0.035597916692495346,0.0364193320274353,1.6159998117885812,23.523447193842642,0.000999000999000999,0.0503690131008625,0.03143645077943802,0.03181654214859009,1.5831077074821138,21.210254873206235,0.000999000999000999
h6_chr10_4663039_4667134,h6,,,chr10,4663039,4667134,tfbs,0.045177045177045176,0.002585788955911994,0.0019740706775337458,0.0019056994933634996,1.3568713036430302,2.917819326221951,0.003996003996003996,0.002208694815635681,0.0008708105306141078,0.0009051607921719551,2.4401132204764027,8.22942312939419,0.000999000999000999
h6_chr1_117801428_117805523,h6,,,chr1,117801428,117805523,promoter,0.1702075702075702,0.029169324785470963,0.029440943151712418,0.029423557221889496,0.9913595615070839,-0.3152901213696028,0.6363636363636364,0.02791815996170044,0.026869939640164375,0.026981918141245842,1.0346988607538399,1.207823146798781,0.10989010989010989
h6_chr1_117801428_117805523,h6,,,chr1,117801428,117805523,tfbs,0.027594627594627594,0.0003189244889654219,0.0007362198666669428,0.0006825229502283037,0.46727291567080903,-2.7811620079471324,0.998001998001998,0.0001717285776976496,0.0003135251463390887,0.00031257051159627736,0.5494074819170973,-1.5957121820855267,0.964035964035964
h6_chr1_188000709_188004804,h6,,,chr1,188000709,188004804,promoter,0.1956043956043956,0.03972870856523514,0.03926378861069679,0.03683767095208168,1.0784804668273982,3.0322938408063758,0.001998001998001998,0.03712012618780136,0.03655865788459778,0.03452317789196968,1.0752233268894908,2.757429538971798,0.003996003996003996
h6_chr1_188000709_188004804,h6,,,chr1,188000709,188004804,tfbs,0.028815628815628817,0.0011477761436253786,0.0008084088913165033,0.0005923568387515843,1.9376431038499744,4.525223462415442,0.000999000999000999,0.0007564888219349086,0.0005558952689170837,0.00033843747223727405,2.2352395464192107,4.435384612534321,0.000999000999000999
h6_chr1_236620149_236624244,h6,,,chr1,236620149,236624244,promoter,0.16092796092796094,0.03444968909025192,0.02657715417444706,0.025143830105662346,1.3701050693344414,11.617000522597548,0.000999000999000999,0.032304469496011734,0.02444986067712307,0.02336370199918747,1.3826776893976478,12.152059350314595,0.000999000999000999
h6_chr1_236620149_236624244,h6,,,chr1,236620149,236624244,tfbs,0.02735042735042735,0.0012366555165499449,0.0006930295494385064,0.0006065669003874063,2.038778436080355,5.00333252292785,0.000999000999000999,0.0011357039911672473,0.0002440493699396029,0.0002386240375926718,4.759386366204563,11.864177417059361,0.000999000999000999
h6_chr14_101543080_101547175,h6,,,chr14,101543080,101547175,promoter,0.12112332112332112,0.020677262917160988,0.01479759905487299,0.015272549353539944,1.353884177324221,8.71464619777605,0.000999000999000999,0.017690828070044518,0.012340654619038105,0.012692245654761791,1.393829630409603,8.9132666162507,0.000999000999000999
h6_chr14_101543080_101547175,h6,,,chr14,101543080,101547175,tfbs,0.029304029304029304,0.0011895120842382312,0.0008215123671106994,0.0010174630442634225,1.1690961071705175,1.0473696300261695,0.16383616383616384,0.0007592629990540445,0.0002072762290481478,0.00027356247301213443,2.7754647437346636,5.906036104814928,0.000999000999000999
h6_chr14_26677340_26681435,h6,,,chr14,26677340,26681435,promoter,0.17606837606837608,0.03808300197124481,0.031991392374038696,0.031314607709646225,1.2161417548115614,8.169389161084467,0.000999000999000999,0.03672105818986893,0.03057880885899067,0.030177436769008636,1.2168382116396448,7.737523754199357,0.000999000999000999
h6_chr14_26677340_26681435,h6,,,chr14,26677340,26681435,tfbs,0.03467643467643468,0.000899396138265729,0.0012244783574715257,0.0011059744283556938,0.8132160339393245,-1.1872807974579593,0.8961038961038961,0.0007195168873295188,0.0004042192013002932,0.000365925719961524,1.9662921955996255,3.583965535309736,0.000999000999000999
h6_chr14_33378322_33382417,h6,,,chr14,33378322,33382417,promoter,0.18803418803418803,0.03278607875108719,0.03530171886086464,0.03491808474063873,0.9389426423188025,-2.4153486772274637,0.9920079920079921,0.03231770545244217,0.034548867493867874,0.03407619521021843,0.9483953608397881,-1.8611444859604775,0.975024975024975
h6_chr14_33378322_33382417,h6,,,chr14,33378322,33382417,tfbs,0.032722832722832725,0.002193955471739173,0.0010082401568070054,0.0009522998589091003,2.303849413831103,8.086168768763475,0.000999000999000999,0.0010600009700283408,0.00026450896984897554,0.00027071929071098566,3.915498475356069,10.022436137001998,0.000999000999000999
h6_chr17_22742263_22746358,h6,,,chr17,22742263,22746358,promoter,0.11330891330891331,0.014535306952893734,0.013107613660395145,0.013119994662702084,1.1078744562461709,2.568105295054733,0.005994005994005994,0.013807328417897224,0.012547317892313004,0.012574933469295502,1.098004092952928,2.3247392813532435,0.011988011988011988
h6_chr17_22742263_22746358,h6,,,chr17,22742263,22746358,tfbs,0.011965811965811967,0.00041252124356105924,0.00011477684893179685,0.00012312545732129365,3.350413899252309,5.234669123552551,0.000999000999000999,0.0003397233667783439,4.028109469800256e-05,4.513467865763232e-05,7.526881255880977,9.10340768794402,0.000999000999000999
h6_chr17_35243344_35247439,h6,,,chr17,35243344,35247439,promoter,0.14407814407814407,0.020983368158340454,0.021092120558023453,0.020658332854509354,1.0157338593641718,0.44295546270308567,0.34065934065934067,0.019040463492274284,0.018434718251228333,0.018009793013334274,1.0572283356159013,1.496342169045714,0.06693306693306693
h6_chr17_35243344_35247439,h6,,,chr17,35243344,35247439,tfbs,0.022222222222222223,0.00046629708958789706,0.00046915130224078894,0.0005523547879420221,0.8441985111150009,-0.7285661592683292,0.8021978021978022,0.00020724315254483372,0.00012097937724320218,0.00011748096585506573,1.7640572754611676,1.6786453134405694,0.08391608391608392
h6_chr17_72349260_72353355,h6,,,chr17,72349260,72353355,promoter,0.12405372405372406,0.015628155320882797,0.01603296585381031,0.01553981564939022,1.0056847309830244,0.1467703660922916,0.45254745254745254,0.015097959898412228,0.014376499690115452,0.014295192435383797,1.0561564642558712,1.3485793920839908,0.0979020979020979
h6_chr17_72349260_72353355,h6,,,chr17,72349260,72353355,tfbs,0.025885225885225887,0.001035144436173141,0.0006231003208085895,0.0005751868593506515,1.79966635076078,3.7713920125541076,0.000999000999000999,0.0005049484898336232,0.0001572899054735899,0.00013982021482661366,3.611412630568425,6.164065635097952,0.000999000999000999
h6_chr21_12003041_12007136,h6,,,chr21,12003041,12007136,promoter,0.07277167277167278,0.004455529619008303,0.0055773756466805935,0.005160447675734758,0.8633998247785571,-2.0201331058604026,0.99000999000999,0.004455529619008303,0.00541102048009634,0.004979828838258982,0.894715413665908,-1.5403083389693704,0.9470529470529471
h6_chr21_12003041_12007136,h6,,,chr21,12003041,12007136,tfbs,0.008791208791208791,0.00036322249798104167,7.409703539451584e-05,6.249848956940696e-05,5.81170041841842,7.759694292264683,0.000999000999000999,0.00036322249798104167,7.409703539451584e-05,6.823740113759413e-05,5.322923967292344,7.24544716137305,0.000999000999000999
h6_chr21_19112010_19116105,h6,,,chr21,19112010,19116105,promoter,0.21636141636141637,0.07322714477777481,0.04808363690972328,0.04672601446509361,1.5671600845066447,25.1218473122822,0.000999000999000999,0.07257004827260971,0.04712926596403122,0.04582466185092926,1.5836461272466125,25.446854060223263,0.000999000999000999
h6_chr21_19112010_19116105,h6,,,chr21,19112010,19116105,tfbs,0.021001221001221003,0.00034169162972830236,0.00043946801451966166,0.0003891079395543784,0.8781409860709112,-0.46598391792428173,0.7072927072927073,0.00023655574477743357,0.0003277611394878477,0.0002559270360507071,0.9243093204524298,-0.2490401081256331,0.6473526473526473
h6_chr21_38658585_38662680,h6,,,chr21,38658585,38662680,promoter,0.16043956043956045,0.02540750242769718,0.026999209076166153,0.02510654367506504,1.0119872634213305,0.37977525647010985,0.34865134865134867,0.01847347989678383,0.020466161891818047,0.018506545573472977,0.9982132982863888,-0.04907655330309763,0.5204795204795205
h6_chr21_38658585_38662680,h6,,,chr21,38658585,38662680,tfbs,0.024175824175824177,0.0006727037252858281,0.0005720620974898338,0.0006530142272822559,1.0301517136701859,0.14899263158995896,0.4695304695304695,0.0003880983276758343,0.00013273082731757313,0.0001741009036777541,2.2291574568399204,3.2777178771114706,0.000999000999000999
h6_chr3_108979737_108983832,h6,,,chr3,108979737,108983832,promoter,0.16776556776556775,0.02022363245487213,0.028315186500549316,0.027285397052764893,0.7411888643497978,-9.021544145040501,1.0,0.019714219495654106,0.027645308524370193,0.026594584807753563,0.7412869814725023,-8.478718093207258,1.0
h6_chr3_108979737_108983832,h6,,,chr3,108979737,108983832,tfbs,0.0231990231990232,0.0006367642199620605,0.0004806307260878384,0.0004435954033397138,1.4354617184218528,1.8244828342854817,0.057942057942057944,0.00025470569380559027,0.00016581377713009715,0.00011571279901545495,2.2011885977416465,2.6780420961921703,0.012987012987012988
h6_chr3_127665795_127669890,h6,,,chr3,127665795,127669890,promoter,0.10378510378510379,0.022835105657577515,0.010945233516395092,0.010439245030283928,2.187428841006565,24.11890971641156,0.000999000999000999,0.02187095582485199,0.009275209158658981,0.008871793746948242,2.46522365698315,28.37927271696796,0.000999000999000999
h6_chr3_127665795_127669890,h6,,,chr3,127665795,127669890,tfbs,0.018315018315018316,0.00048207445070147514,0.0003257842327002436,0.0002950041671283543,1.6341275968882427,2.239196191020639,0.023976023976023976,0.0001268616906600073,8.423704275628552e-05,6.266967830015346e-05,2.0242913973869343,1.5871194908543245,0.10989010989010989
h6_chr3_17001367_17005462,h6,,,chr3,17001367,17005462,promoter,0.17216117216117216,0.029843494296073914,0.029722299426794052,0.029221026226878166,1.0213020605218577,0.7627861432376727,0.24275724275724275,0.029562193900346756,0.0291384756565094,0.02856641449034214,1.034858396749136,1.1592635487219602,0.12987012987012986
h6_chr3_17001367_17005462,h6,,,chr3,17001367,17005462,tfbs,0.04151404151404151,0.004270663019269705,0.0017895725322887301,0.001875230111181736,2.277407446587134,10.984693701532418,0.000999000999000999,0.0024038462433964014,0.0009052710374817252,0.0009167604730464518,2.6221093885170155,9.708541279449559,0.000999000999000999
h6_chr7_120066194_120070289,h6,,,chr7,120066194,120070289,promoter,0.17582417582417584,0.03841255232691765,0.031243441626429558,0.030039634555578232,1.278729015689194,10.021015302837172,0.000999000999000999,0.03734270855784416,0.029981037601828575,0.028704138472676277,1.3009520767672933,10.340451786097624,0.000999000999000999
h6_chr7_120066194_120070289,h6,,,chr7,120066194,120070289,tfbs,0.03540903540903541,0.0006877579144202173,0.0012980635510757565,0.0011997554684057832,0.573248409806458,-2.881206208216549,1.0,0.00045850526657886803,0.0005351710133254528,0.0004431708075571805,1.0346016902742605,0.14054228444563055,0.46853146853146854
h6_chr7_137924469_137928564,h6,,,chr7,137924469,137928564,promoter,0.14163614163614163,0.01617114059627056,0.02095595747232437,0.02056261897087097,0.7864338982878891,-6.137466682014735,1.0,0.015790941193699837,0.019368000328540802,0.01901918835937977,0.8302636734712265,-4.855181030387129,1.0
h6_chr7_137924469_137928564,h6,,,chr7,137924469,137928564,tfbs,0.024664224664224663,0.0008364382665604353,0.0005920936237089336,0.0007991026504896581,1.0467219274618842,0.2694839293327372,0.4125874125874126,0.0006590120028704405,0.0002712072746362537,0.0004168757877778262,1.5808354003558986,2.408568347458547,0.01898101898101898
h6_chr7_4391321_4395416,h6,,,chr7,4391321,4395416,promoter,0.1514041514041514,0.02506227046251297,0.022998547181487083,0.02255871519446373,1.1109795148556887,3.38431342679467,0.000999000999000999,0.023393163457512856,0.021866902709007263,0.021377218887209892,1.0943034068622048,2.6764168710023175,0.002997002997002997
h6_chr7_4391321_4395416,h6,,,chr7,4391321,4395416,tfbs,0.07301587301587302,0.0974501222372055,0.006157922092825174,0.00963567290455103,10.113473464959442,181.93614968577486,0.000999000999000999,0.09737308323383331,0.005414020735770464,0.009081863798201084,10.72170706338062,191.44889514024274,0.000999000999000999
h6_chrX_127567034_127571129,h6,,,chrX,127567034,127571129,promoter,0.22612942612942613,0.06634924560785294,0.051415055990219116,0.05184280127286911,1.2798159817528125,13.145245472617123,0.000999000999000999,0.06547419726848602,0.04084611311554909,0.041676849126815796,1.5709968157443672,23.25174700053927,0.000999000999000999
h6_chrX_127567034_127571129,h6,,,chrX,127567034,127571129,tfbs,0.03296703296703297,0.001106678624637425,0.0010111863957718015,0.0012255823239684105,0.9029818748152488,-0.6640815356562452,0.7602397602397603,0.0006176811293698847,0.00036725960671901703,0.00038460944779217243,1.6059957260947342,2.458106385480003,0.015984015984015984
h6_chrX_130740848_130744943,h6,,,chrX,130740848,130744943,promoter,0.18705738705738706,0.02258048765361309,0.03575443476438522,0.03502478450536728,0.6447002593307264,-13.584704455651112,1.0,0.019595850259065628,0.03223112225532532,0.031708974391222,0.6179906677931012,-13.785998071037723,1.0
h6_chrX_130740848_130744943,h6,,,chrX,130740848,130744943,tfbs,0.027594627594627594,0.0006360700936056674,0.0007615654612891376,0.0007204716675914824,0.8828523344048111,-0.6436800182182636,0.7532467532467533,0.0003180350468028337,0.00034836787381209433,0.00032305018976330757,0.9844756538785865,-0.056554995720279576,0.5504495504495505
h6_chrX_83970161_83974256,h6,,,chrX,83970161,83974256,promoter,0.16874236874236875,0.013080477714538574,0.0301759522408247,0.02867705188691616,0.45613048949799867,-18.381818822938946,1.0,0.011413853615522385,0.02717754803597927,0.025683443993330002,0.44440510464587873,-18.510325512575825,1.0
h6_chrX_83970161_83974256,h6,,,chrX,83970161,83974256,tfbs,0.03882783882783883,0.0007575566414743662,0.0014979393454268575,0.0014243577606976032,0.531858401293324,-3.5861964902372847,1.0,0.0006565490621142089,0.0007934129098430276,0.0007379610324278474,0.8896798520027569,-0.5779307975298896,0.7642357642357642
