label,model_variant,epi_label,sample_index,chrom,window_start_1based,window_end_1based,group,group_position_fraction,top_group_pair_fraction,all_group_pair_fraction,group_background_mean,group_pair_enrichment,group_pair_z,group_pair_empirical_p,top_group_same_motif_fraction,all_group_same_motif_fraction,group_same_motif_background_mean,group_same_motif_enrichment,group_same_motif_z,group_same_motif_empirical_p
m0_chr10_110104373_110108468,m0,,,chr10,110104373,110108468,promoter,0.190673828125,0.058104731142520905,0.03650088980793953,0.03504442796111107,1.658030520772088,24.866223027692264,0.000999000999000999,0.04596754163503647,0.03327386453747749,0.0323135070502758,1.4225488296122326,15.398870981326414,0.000999000999000999
m0_chr10_110104373_110108468,m0,,,chr10,110104373,110108468,tfbs,0.033447265625,0.0009885493200272322,0.0010832713451236486,0.0012348901946097612,0.8005159684174386,-1.3066074056144454,0.9150849150849151,0.0007139522931538522,0.0004750467196572572,0.0005900266114622355,1.2100340548784698,0.9783209761947979,0.17682317682317683
m0_chr10_19287595_19291690,m0,,,chr10,19287595,19291690,promoter,0.1923828125,0.03523888438940048,0.03699347376823425,0.03724377229809761,0.9461685059007963,-2.040511518405871,0.98001998001998,0.0349903330206871,0.03458474203944206,0.034964486956596375,1.0007392090186484,0.027095891613016294,0.4885114885114885
m0_chr10_19287595_19291690,m0,,,chr10,19287595,19291690,tfbs,0.017333984375,0.0004142502148170024,0.0002665017091203481,0.0002301297936355695,1.8000720735577749,2.348626017678746,0.024975024975024976,0.0,9.555397991789505e-05,7.666389865335077e-05,0.0,-1.638100435153703,1.0
m0_chr10_4663039_4667134,m0,,,chr10,4663039,4667134,promoter,0.18896484375,0.03335325047373772,0.035862620919942856,0.03691140189766884,0.9036029183124622,-3.665254294707221,1.0,0.029849529266357422,0.03164158761501312,0.032218292355537415,0.9264776958679231,-2.5384896279143634,0.994005994005994
m0_chr10_4663039_4667134,m0,,,chr10,4663039,4667134,tfbs,0.045166015625,0.0006790157058276236,0.002042207634076476,0.0019360368605703115,0.3507245753717733,-5.565771093553482,1.0,0.00032592753996141255,0.0008503992576152086,0.0008917921222746372,0.36547479151317236,-3.64330757484649,1.0
m0_chr1_117801428_117805523,m0,,,chr1,117801428,117805523,promoter,0.170166015625,0.04356671869754791,0.028408905491232872,0.029127663001418114,1.4957162438822098,16.395959021254242,0.000999000999000999,0.041640669107437134,0.025875773280858994,0.026643870398402214,1.5628611190787902,18.353253069310995,0.000999000999000999
m0_chr1_117801428_117805523,m0,,,chr1,117801428,117805523,tfbs,0.027587890625,0.0005968043697066605,0.0007280926802195609,0.000698668067343533,0.8542030151396823,-0.7155438265763872,0.7892107892107892,0.0005968043697066605,0.0003361053531989455,0.0003106367075815797,1.9212293819136852,3.001092066918247,0.006993006993006993
m0_chr1_188000709_188004804,m0,,,chr1,188000709,188004804,promoter,0.195556640625,0.033274807035923004,0.03904692083597183,0.037278175354003906,0.8926082545601064,-4.008059319237645,1.0,0.03134911507368088,0.036715712398290634,0.03495301678776741,0.8968929710425511,-3.8083201021742976,1.0
m0_chr1_188000709_188004804,m0,,,chr1,188000709,188004804,tfbs,0.02880859375,0.0002265518851345405,0.0007476184400729835,0.0006442285957746208,0.3516638140878152,-3.1277661813606983,1.0,0.0002265518851345405,0.0004267655313014984,0.0003557714226190001,0.6367905647586475,-1.275495421774003,0.929070929070929
m0_chr1_236620149_236624244,m0,,,chr1,236620149,236624244,promoter,0.160888671875,0.03274127468466759,0.025829339399933815,0.025080658495426178,1.3054391969269241,9.235176398526086,0.000999000999000999,0.03167331963777542,0.02385500632226467,0.023184139281511307,1.366163274520784,10.643787568861345,0.000999000999000999
m0_chr1_236620149_236624244,m0,,,chr1,236620149,236624244,tfbs,0.02734375,0.0003372491628397256,0.0007678119582124054,0.0006170535925775766,0.5465476044486789,-2.2048328092826743,0.997002997002997,8.43122907099314e-05,0.0002852595644071698,0.0002432971668895334,0.34654037195678705,-1.932467468836997,0.991008991008991
m0_chr14_101543080_101547175,m0,,,chr14,101543080,101547175,promoter,0.12109375,0.01464796718209982,0.01542634330689907,0.015554950572550297,0.9416916571852678,-1.3984793931501878,0.9250749250749251,0.011701374314725399,0.012731046415865421,0.01294962503015995,0.9036071922911012,-2.112746635728664,0.977022977022977
m0_chr14_101543080_101547175,m0,,,chr14,101543080,101547175,tfbs,0.029296875,0.00019832837278954685,0.0008593329112045467,0.0010650517651811242,0.18621477309679765,-5.058353150478011,1.0,2.833262442436535e-05,0.00020711254910565913,0.00028955942252650857,0.09784735781399603,-2.9318488380515486,1.0
m0_chr14_26677340_26681435,m0,,,chr14,26677340,26681435,promoter,0.176025390625,0.020372111350297928,0.0297718346118927,0.030369944870471954,0.6707984303950876,-10.659146249171295,1.0,0.01954583078622818,0.02830788865685463,0.029092570766806602,0.6718495571566728,-11.041480680408107,1.0
m0_chr14_26677340_26681435,m0,,,chr14,26677340,26681435,tfbs,0.03466796875,0.0011112061329185963,0.0011377063347026706,0.0011142547009512782,0.9972640294628514,-0.01748313783835525,0.5164835164835165,0.00019944724044762552,0.0003558715688996017,0.0003613698936533183,0.5519199135027172,-1.5605034397791473,0.972027972027972
m0_chr14_33378322_33382417,m0,,,chr14,33378322,33382417,promoter,0.18798828125,0.027747100219130516,0.03591987118124962,0.03487324342131615,0.795655852365318,-7.495798475739751,1.0,0.027443401515483856,0.03507338836789131,0.034009139984846115,0.8069419434808455,-7.009796193730426,1.0
m0_chr14_33378322_33382417,m0,,,chr14,33378322,33382417,tfbs,0.03271484375,0.0007730535580776632,0.0009166120435111225,0.0008766703540459275,0.8818064332960939,-0.655462348867454,0.7602397602397603,0.00013804527407046407,0.0002639401063788682,0.0002699337201192975,0.5114043329208919,-1.510372861064538,0.962037962037962
m0_chr17_22742263_22746358,m0,,,chr17,22742263,22746358,promoter,0.11328125,0.016027238219976425,0.012198004871606827,0.013425344601273537,1.1938046058390241,4.586448488094524,0.000999000999000999,0.014781598001718521,0.011698093265295029,0.012826938182115555,1.152387092839375,3.3441103135760675,0.001998001998001998
m0_chr17_22742263_22746358,m0,,,chr17,22742263,22746358,tfbs,0.011962890625,0.00038753252010792494,0.00014421586820390075,0.00011315949086565524,3.42465768574383,4.9707753482138965,0.000999000999000999,0.00038753252010792494,5.4807565902592614e-05,5.032386616221629e-05,7.700770025473293,9.357279573776376,0.000999000999000999
m0_chr17_35243344_35247439,m0,,,chr17,35243344,35247439,promoter,0.14404296875,0.021745646372437477,0.020993808284401894,0.02065054327249527,1.053030231964928,1.5182815393373277,0.059940059940059943,0.017494618892669678,0.01825026050209999,0.018041446805000305,0.9696904622871448,-0.7730997363895565,0.7852147852147852
m0_chr17_35243344_35247439,m0,,,chr17,35243344,35247439,tfbs,0.022216796875,0.0004632531199604273,0.0004575304628815502,0.0005645965575240552,0.8205029127204515,-0.8322589511598476,0.8321678321678322,0.00010900073539232835,0.0001291658409172669,0.00011622203601291403,0.937866338705482,-0.12698813199990558,0.6143856143856143
m0_chr17_72349260_72353355,m0,,,chr17,72349260,72353355,promoter,0.1240234375,0.020615996792912483,0.0153530677780509,0.015405116602778435,1.3382564588439547,8.136310695318148,0.000999000999000999,0.015041121281683445,0.013751248829066753,0.014151514507830143,1.0628630082922275,1.427624325493976,0.08391608391608392
m0_chr17_72349260_72353355,m0,,,chr17,72349260,72353355,tfbs,0.02587890625,0.00030358225922100246,0.0006306266295723617,0.0005933652864769101,0.5116279400561392,-2.3033845068345395,0.996003996003996,0.0001379919413011521,0.00016586722631473094,0.0001484793465351686,0.9293679189816986,-0.1599864407923479,0.6203796203796204
m0_chr21_12003041_12007136,m0,,,chr21,12003041,12007136,promoter,0.07275390625,0.004239490255713463,0.005171095486730337,0.0052884770557284355,0.8016467143638794,-2.7614531670404747,0.997002997002997,0.004212138708680868,0.004983736667782068,0.005069418344646692,0.8308919134931699,-2.2779682492446898,0.993006993006993
m0_chr21_12003041_12007136,m0,,,chr21,12003041,12007136,tfbs,0.0087890625,5.470309770316817e-05,7.357582944678143e-05,4.340691157267429e-05,1.2602393425660143,0.3318974957551776,0.47052947052947053,5.470309770316817e-05,7.357582944678143e-05,4.225814336678013e-05,1.2944983698969423,0.3597118723930602,0.45354645354645357
m0_chr21_19112010_19116105,m0,,,chr21,19112010,19116105,promoter,0.21630859375,0.05987592786550522,0.04685493931174278,0.04562811180949211,1.312259602490259,13.434263682909256,0.000999000999000999,0.05550016462802887,0.04601966589689255,0.044949956238269806,1.2347100925712748,9.486128937646425,0.000999000999000999
m0_chr21_19112010_19116105,m0,,,chr21,19112010,19116105,tfbs,0.02099609375,0.00038772571133449674,0.00039852620102465153,0.0004096599295735359,0.9464574964364391,-0.20701579721431804,0.6173826173826173,0.00038772571133449674,0.0002902400738094002,0.0003051124222110957,1.27076344032379,0.8735561756276383,0.21478521478521478
m0_chr21_38658585_38662680,m0,,,chr21,38658585,38662680,promoter,0.160400390625,0.03642692044377327,0.0256167184561491,0.025111591443419456,1.4506018276798232,14.878287968643495,0.000999000999000999,0.02773866057395935,0.017515677958726883,0.01748720556497574,1.5862260251298095,14.90822096637363,0.000999000999000999
m0_chr21_38658585_38662680,m0,,,chr21,38658585,38662680,tfbs,0.024169921875,0.00037197439814917743,0.0005507857422344387,0.0005885963328182697,0.6319685961482625,-1.7038898349763512,0.97002997002997,7.970879960339516e-05,0.0001041524374159053,0.00013861361367162317,0.5750430819315193,-0.9885203390911841,0.9020979020979021
m0_chr3_108979737_108983832,m0,,,chr3,108979737,108983832,promoter,0.167724609375,0.026307251304388046,0.027815457433462143,0.0271145012229681,0.970228111078206,-0.977008494937022,0.8311688311688312,0.025793543085455894,0.02718575857579708,0.026448169723153114,0.9752486979420678,-0.7545003243377274,0.7792207792207793
m0_chr3_108979737_108983832,m0,,,chr3,108979737,108983832,tfbs,0.023193359375,0.0002703725767787546,0.0005099239060655236,0.00045625370694324374,0.5925926138554923,-1.6514147134125101,0.9690309690309691,5.4074513172963634e-05,0.00020142806170042604,0.00010863570787478238,0.4977600296515024,-0.9995889051032619,0.8981018981018981
m0_chr3_127665795_127669890,m0,,,chr3,127665795,127669890,promoter,0.103759765625,0.016242822632193565,0.010678142309188843,0.010525430552661419,1.54319792914186,10.344258141265444,0.000999000999000999,0.014055236242711544,0.009049760177731514,0.008918292820453644,1.5760007577320836,10.29604279322635,0.000999000999000999
m0_chr3_127665795_127669890,m0,,,chr3,127665795,127669890,tfbs,0.018310546875,0.00024610335822217166,0.00033223925856873393,0.00027995623531751335,0.8790779671081541,-0.3902555879591656,0.7082917082917083,5.468963718158193e-05,7.738577551208436e-05,6.458846473833546e-05,0.8467400085006473,-0.24085452725365086,0.6933066933066933
m0_chr3_17001367_17005462,m0,,,chr3,17001367,17005462,promoter,0.172119140625,0.020360087975859642,0.03018498234450817,0.028794238343834877,0.7070889576149852,-9.423241871311243,1.0,0.02007964625954628,0.02963251993060112,0.028239132836461067,0.7110574668079171,-9.510870416268341,1.0
m0_chr3_17001367_17005462,m0,,,chr3,17001367,17005462,tfbs,0.04150390625,0.0012900331057608128,0.001739559113048017,0.001905519049614668,0.6769982730016171,-2.6599746994737075,0.999000999000999,0.0006730607710778713,0.0009091811371035874,0.0009353861678391695,0.7195539064178225,-1.6328638267163973,0.965034965034965
m0_chr7_120066194_120070289,m0,,,chr7,120066194,120070289,promoter,0.17578125,0.03597668558359146,0.030595693737268448,0.02977161481976509,1.208422378207946,6.8961051756220835,0.000999000999000999,0.035054899752140045,0.02941363863646984,0.028489844873547554,1.230434911377424,7.831958147444306,0.000999000999000999
m0_chr7_120066194_120070289,m0,,,chr7,120066194,120070289,tfbs,0.035400390625,0.00290090823546052,0.0011614499380812049,0.001208241912536323,2.400933294368987,9.309009365899099,0.000999000999000999,0.002168903360143304,0.0004733640525955707,0.00047471874859184027,4.568817571618835,14.543613452752627,0.000999000999000999
m0_chr7_137924469_137928564,m0,,,chr7,137924469,137928564,promoter,0.1416015625,0.015766674652695656,0.01980598457157612,0.020765624940395355,0.759268006522874,-6.667109063636382,1.0,0.015228562988340855,0.018062235787510872,0.01924220286309719,0.7914147406452242,-5.650054076102476,1.0
m0_chr7_137924469_137928564,m0,,,chr7,137924469,137928564,tfbs,0.024658203125,2.690558903850615e-05,0.0007140733650885522,0.0007554551120847464,0.03561507309713976,-5.053245174765801,1.0,0.0,0.00033040018752217293,0.0004012430727016181,0.0,-3.9357425396611516,1.0
m0_chr7_4391321_4395416,m0,,,chr7,4391321,4395416,promoter,0.1513671875,0.030652621760964394,0.02370058186352253,0.023117929697036743,1.3259241706619365,9.65579904305078,0.000999000999000999,0.027921753004193306,0.022548601031303406,0.02199389599263668,1.2695228264033442,7.581954764739704,0.000999000999000999
m0_chr7_4391321_4395416,m0,,,chr7,4391321,4395416,tfbs,0.072998046875,0.001755559234879911,0.006010693963617086,0.007346625439822674,0.2389613094147733,-12.577356334737498,1.0,0.001560497097671032,0.005400150083005428,0.006875996012240648,0.2269485169702011,-12.138327598660258,1.0
m0_chrX_127567034_127571129,m0,,,chrX,127567034,127571129,promoter,0.22607421875,0.04642018303275108,0.05089149996638298,0.05201723054051399,0.8924001249277659,-4.72630877156972,1.0,0.02894435077905655,0.04213884472846985,0.042082738131284714,0.6877962809539486,-12.723100977383774,1.0
m0_chrX_127567034_127571129,m0,,,chrX,127567034,127571129,tfbs,0.032958984375,0.0014472175389528275,0.001014143694192171,0.0011496641673147678,1.25881764440223,1.6892971341027365,0.058941058941058944,0.0009557096636854112,0.0003953904379159212,0.0003915405832231045,2.4408955409376722,5.476677288221883,0.000999000999000999
m0_chrX_130740848_130744943,m0,,,chrX,130740848,130744943,promoter,0.18701171875,0.0282809566706419,0.03540562838315964,0.034890078008174896,0.8105730421128766,-6.901446914721752,1.0,0.024714240804314613,0.031988609582185745,0.031546350568532944,0.7834263031669575,-7.280117171833953,1.0
m0_chrX_130740848_130744943,m0,,,chrX,130740848,130744943,tfbs,0.027587890625,0.0005336029571481049,0.0006934020202606916,0.0006471480010077357,0.824545476949911,-0.8432223144155864,0.8321678321678322,0.00016850618703756481,0.0003333609492983669,0.0003094335552304983,0.5445633939475112,-1.4640460103672688,0.954045954045954
m0_chrX_83970161_83974256,m0,,,chrX,83970161,83974256,promoter,0.168701171875,0.02639184333384037,0.028825758025050163,0.02895122580230236,0.9115967494454603,-2.7481204656957567,0.999000999000999,0.024456076323986053,0.02564319223165512,0.025836877524852753,0.9465569630254859,-1.7069690176495333,0.9530469530469531
m0_chrX_83970161_83974256,m0,,,chrX,83970161,83974256,tfbs,0.038818359375,0.0010360433952882886,0.0014411924639716744,0.0013473198050633073,0.7689662034171667,-1.6709111316654337,0.9660339660339661,0.0006270789308473468,0.0007484058733098209,0.0006928676157258451,0.9050486941728711,-0.4769809744162713,0.7172827172827173
m1_chr10_110104373_110108468,m1,,,chr10,110104373,110108468,promoter,0.190673828125,0.06503387540578842,0.0356435626745224,0.035666726529598236,1.8233766239192064,30.68878296029819,0.000999000999000999,0.04838457703590393,0.03264565020799637,0.032680220901966095,1.480546205028652,17.368506455570767,0.000999000999000999
m1_chr10_110104373_110108468,m1,,,chr10,110104373,110108468,tfbs,0.033447265625,0.0012767065782099962,0.0010281396098434925,0.0011064877035096288,1.1538371137432946,0.9881610097270571,0.1848151848151848,0.0004168837913312018,0.00044710785732604563,0.0004982543177902699,0.8366887680573611,-0.710436114600249,0.7992007992007992
m1_chr10_19287595_19291690,m1,,,chr10,19287595,19291690,promoter,0.1923828125,0.03200589492917061,0.03718482330441475,0.037096936255693436,0.862763833341049,-5.326235536572559,1.0,0.031505804508924484,0.03483070060610771,0.034844208508729935,0.9041905630036325,-3.594519476490487,1.0
m1_chr10_19287595_19291690,m1,,,chr10,19287595,19291690,tfbs,0.017333984375,0.000210565107408911,0.0002703135251067579,0.00025738950353115797,0.8180796206533002,-0.5967861531801846,0.7742257742257742,0.0,9.449128992855549e-05,8.651593088870868e-05,0.0,-1.8350157622821763,1.0
m1_chr10_4663039_4667134,m1,,,chr10,4663039,4667134,promoter,0.18896484375,0.03448094427585602,0.03538394719362259,0.03671067953109741,0.9392619454686858,-2.2950156124203906,0.991008991008991,0.030190566554665565,0.03133435919880867,0.0321853831410408,0.9380210396243017,-2.1593584635102525,0.986013986013986
m1_chr10_4663039_4667134,m1,,,chr10,4663039,4667134,tfbs,0.045166015625,0.0011054958449676633,0.002108365297317505,0.0019467256497591734,0.5678744948495555,-3.695640516670982,1.0,0.00047378396266140044,0.0008014946361072361,0.000870472751557827,0.5442835077990676,-2.6856911587470527,1.0
m1_chr1_117801428_117805523,m1,,,chr1,117801428,117805523,promoter,0.170166015625,0.03914771229028702,0.028507709503173828,0.028844742104411125,1.3571871139836018,12.209231808346912,0.000999000999000999,0.03770767152309418,0.02590286359190941,0.026395531371235847,1.4285626984643913,14.412913494747073,0.000999000999000999
m1_chr1_117801428_117805523,m1,,,chr1,117801428,117805523,tfbs,0.027587890625,0.0003733432968147099,0.0006818788242526352,0.0007016719901002944,0.532076671268217,-2.3768221407729206,0.995004995004995,0.0003733432968147099,0.0003256058262195438,0.0003024880716111511,1.2342413862013155,0.8168871032359851,0.25274725274725274
m1_chr1_188000709_188004804,m1,,,chr1,188000709,188004804,promoter,0.195556640625,0.036441054195165634,0.03780713304877281,0.03724829480051994,0.9783281191883436,-0.8454840487700286,0.7982017982017982,0.03424675390124321,0.0354195199906826,0.03494279086589813,0.9800806705072259,-0.7419059371279132,0.7702297702297702
m1_chr1_188000709_188004804,m1,,,chr1,188000709,188004804,tfbs,0.02880859375,0.00018285833357367665,0.0008205142803490162,0.00066369742853567,0.2755146030580847,-3.5867162697034325,1.0,0.00010449047840666026,0.0004924130626022816,0.0003684856928884983,0.2835672603394089,-2.721552070858474,1.0
m1_chr1_236620149_236624244,m1,,,chr1,236620149,236624244,promoter,0.160888671875,0.032641585916280746,0.025391090661287308,0.02490895800292492,1.310435623700029,10.085602271519459,0.000999000999000999,0.031115276739001274,0.02350757084786892,0.023027554154396057,1.3512193492360645,10.477710266225928,0.000999000999000999
m1_chr1_236620149_236624244,m1,,,chr1,236620149,236624244,tfbs,0.02734375,0.00042843754636123776,0.0007835053838789463,0.0006175123853608966,0.6938120700378234,-1.4772974980210791,0.948051948051948,2.677734664757736e-05,0.0002658991143107414,0.00024193331773858517,0.11068069043930086,-2.6456445984926233,1.0
m1_chr14_101543080_101547175,m1,,,chr14,101543080,101547175,promoter,0.12109375,0.01469071488827467,0.014619887806475163,0.014747289940714836,0.9961636983698291,-0.09704540071944946,0.5354645354645354,0.00882952194660902,0.011914410628378391,0.012030488811433315,0.733928777542088,-5.82617357385215,1.0
m1_chr14_101543080_101547175,m1,,,chr14,101543080,101547175,tfbs,0.029296875,0.00015093199908733368,0.0008032158948481083,0.0008686136570759118,0.1737619456680303,-4.7283398825879885,1.0,5.031066757510416e-05,0.00019168508879374713,0.00019905414956156164,0.25274864998252417,-2.096408719922219,0.997002997002997
m1_chr14_26677340_26681435,m1,,,chr14,26677340,26681435,promoter,0.176025390625,0.028848696500062943,0.030878933146595955,0.030432863160967827,0.9479455267640843,-1.8460961995243768,0.967032967032967,0.028240520507097244,0.029387328773736954,0.02906838245689869,0.9715201920495933,-0.9228948531138493,0.8191808191808192
m1_chr14_26677340_26681435,m1,,,chr14,26677340,26681435,tfbs,0.03466796875,0.00026442433591000736,0.0011245866771787405,0.0011230895761400461,0.2354436738864669,-4.917371822714353,1.0,0.0001586546131875366,0.0003445418260525912,0.0003573430876713246,0.4439839993028303,-2.008645679194239,0.998001998001998
m1_chr14_33378322_33382417,m1,,,chr14,33378322,33382417,promoter,0.18798828125,0.03118034265935421,0.03537165746092796,0.03510216623544693,0.8882740298764702,-4.207032474423653,1.0,0.03110073320567608,0.03451612964272499,0.034220702946186066,0.9088280055083523,-3.428749370390997,1.0
m1_chr14_33378322_33382417,m1,,,chr14,33378322,33382417,tfbs,0.03271484375,0.0005838021170347929,0.0009773272322490811,0.0009291211026720703,0.6283380232736395,-2.290580143673451,0.993006993006993,0.00031843752367421985,0.00024758250219747424,0.0002769610728137195,1.149755524988152,0.48791247279154104,0.35764235764235763
m1_chr17_22742263_22746358,m1,,,chr17,22742263,22746358,promoter,0.11328125,0.02239079214632511,0.01274155080318451,0.01347609143704176,1.6615197552592658,14.586634690754002,0.000999000999000999,0.020402824506163597,0.012196430005133152,0.01289670355618,1.5820185691084387,13.153859367305063,0.000999000999000999
m1_chr17_22742263_22746358,m1,,,chr17,22742263,22746358,tfbs,0.011962890625,0.00039236200973391533,0.00013628027227241546,0.00011817945778602734,3.3200525462243684,4.9370526932245395,0.000999000999000999,0.00039236200973391533,4.656024248106405e-05,4.506932236836292e-05,8.705744597778548,10.595284218797863,0.000999000999000999
m1_chr17_35243344_35247439,m1,,,chr17,35243344,35247439,promoter,0.14404296875,0.027500396594405174,0.020887989550828934,0.020682279020547867,1.3296598777670245,9.504294664502714,0.000999000999000999,0.019997887313365936,0.018153028562664986,0.01794053614139557,1.114676125381966,3.018504972950473,0.003996003996003996
m1_chr17_35243344_35247439,m1,,,chr17,35243344,35247439,tfbs,0.022216796875,0.00029059016378596425,0.0004250509082339704,0.000549136137124151,0.5291769092229063,-2.172014395300849,0.9920079920079921,0.0001056691471603699,0.0001143859772128053,0.00012286681158002466,0.8600300260216835,-0.29496011984947684,0.6793206793206793
m1_chr17_72349260_72353355,m1,,,chr17,72349260,72353355,promoter,0.1240234375,0.02492927946150303,0.015406457707285881,0.015233253128826618,1.6365039857657293,16.26629082905648,0.000999000999000999,0.021620528772473335,0.013740457594394684,0.013630987145006657,1.5861308166806856,14.504164923554745,0.000999000999000999
m1_chr17_72349260_72353355,m1,,,chr17,72349260,72353355,tfbs,0.02587890625,0.0002273186546517536,0.0006051752134226263,0.0006182309589348733,0.36769212438567017,-3.187952983094644,1.0,5.051525658927858e-05,0.00014573709631804377,0.00015765809803269804,0.3204101610993797,-1.693627309751871,0.988011988011988
m1_chr21_12003041_12007136,m1,,,chr21,12003041,12007136,promoter,0.07275390625,0.007180329412221909,0.005177779123187065,0.005248237866908312,1.3681410016676272,5.346241292024257,0.000999000999000999,0.007180329412221909,0.0049994634464383125,0.005032722372561693,1.4267286928778207,5.851163877940659,0.000999000999000999
m1_chr21_12003041_12007136,m1,,,chr21,12003041,12007136,tfbs,0.0087890625,0.0004769222578033805,7.683737203478813e-05,4.615547368302941e-05,10.332951213514178,12.420329988470039,0.000999000999000999,0.0004769222578033805,7.683737203478813e-05,4.390334288473241e-05,10.863005558723238,13.087595171148633,0.000999000999000999
m1_chr21_19112010_19116105,m1,,,chr21,19112010,19116105,promoter,0.21630859375,0.06664677709341049,0.046371933072805405,0.04524841159582138,1.4729086556392008,19.937766935688124,0.000999000999000999,0.06493788212537766,0.04549824073910713,0.04443969950079918,1.461258353563121,19.146591465514494,0.000999000999000999
m1_chr21_19112010_19116105,m1,,,chr21,19112010,19116105,tfbs,0.02099609375,0.0008951337076723576,0.00042341987136751413,0.00041840720223262906,2.139384080617892,4.428993686259206,0.000999000999000999,0.0008951337076723576,0.0003200739447493106,0.0003051592502743006,2.9333330281410204,6.484164209413175,0.000999000999000999
m1_chr21_38658585_38662680,m1,,,chr21,38658585,38662680,promoter,0.160400390625,0.024628492072224617,0.025478743016719818,0.02537900023162365,0.9704279856357834,-0.9615535402012668,0.8501498501498501,0.012485616840422153,0.01735738106071949,0.016931500285863876,0.7374194034563142,-7.14094083719123,1.0
m1_chr21_38658585_38662680,m1,,,chr21,38658585,38662680,tfbs,0.024169921875,0.00014688960800413042,0.0005457002553157508,0.0005542634753510356,0.26501765773236236,-3.537352468260261,1.0,4.896320388070308e-05,0.00010625119466567412,0.00011050994362449273,0.44306604704349134,-1.182511703083989,0.9440559440559441
m1_chr3_108979737_108983832,m1,,,chr3,108979737,108983832,promoter,0.167724609375,0.02877487614750862,0.027781430631875992,0.027219465002417564,1.0571433400675916,1.8516677597854923,0.026973026973026972,0.02699471265077591,0.02715863473713398,0.026529742404818535,1.0175263762030695,0.5454567553545474,0.2837162837162837
m1_chr3_108979737_108983832,m1,,,chr3,108979737,108983832,tfbs,0.023193359375,0.00010627839947119355,0.0005404306575655937,0.00046355981612578034,0.22926577277430885,-3.129648619001721,1.0,0.0,0.00020565060549415648,0.0001317852147622034,0.0,-2.25352134055019,1.0
m1_chr3_127665795_127669890,m1,,,chr3,127665795,127669890,promoter,0.103759765625,0.012367676012217999,0.010428245179355145,0.010674143210053444,1.1586574930500746,3.1915627271731037,0.002997002997002997,0.010874122381210327,0.008589322678744793,0.008877214044332504,1.2249476386291163,4.084077174392852,0.000999000999000999
m1_chr3_127665795_127669890,m1,,,chr3,127665795,127669890,tfbs,0.018310546875,0.00010481081699253991,0.00027932331431657076,0.00030188137316145003,0.34719206387234014,-2.1826553928412418,0.99000999000999,0.0,6.865169416414574e-05,7.462530629709363e-05,0.0,-1.6635650203849657,1.0
m1_chr3_17001367_17005462,m1,,,chr3,17001367,17005462,promoter,0.172119140625,0.02212935872375965,0.029296109452843666,0.028537200763821602,0.7754565315254895,-7.54094435686268,1.0,0.021551158279180527,0.028777310624718666,0.027991116046905518,0.7699285102839998,-7.24045906435351,1.0
m1_chr3_17001367_17005462,m1,,,chr3,17001367,17005462,tfbs,0.04150390625,0.0015769139863550663,0.001636030152440071,0.0017515833023935556,0.9002791840960107,-0.8418540732894871,0.8341658341658341,0.0009461484150961041,0.000844953756313771,0.0008644641493447125,1.0944912126353772,0.5216922408909019,0.3196803196803197
m1_chr7_120066194_120070289,m1,,,chr7,120066194,120070289,promoter,0.17578125,0.045609600841999054,0.03054080903530121,0.03025374561548233,1.5075687295611548,17.769019357546814,0.000999000999000999,0.044042956084012985,0.02932891994714737,0.02911931835114956,1.5124995562361534,17.882044940481794,0.000999000999000999
m1_chr7_120066194_120070289,m1,,,chr7,120066194,120070289,tfbs,0.035400390625,0.0032849020790308714,0.0011881361715495586,0.0011852937750518322,2.7713822076617456,11.739538182184173,0.000999000999000999,0.0013139608781784773,0.0004836436710320413,0.0004666835011448711,2.815528886183162,7.856542847433288,0.000999000999000999
m1_chr7_137924469_137928564,m1,,,chr7,137924469,137928564,promoter,0.1416015625,0.015349111519753933,0.020072832703590393,0.02043353207409382,0.7511727029911754,-6.905671502130172,1.0,0.014168410561978817,0.018337462097406387,0.018900364637374878,0.7496368897540331,-6.896065593350543,1.0
m1_chr7_137924469_137928564,m1,,,chr7,137924469,137928564,tfbs,0.024658203125,8.050233736867085e-05,0.0006416072137653828,0.0006565770599991083,0.12260912278717166,-4.414353243902681,1.0,2.6834111849893816e-05,0.00029356684535741806,0.0003196747857145965,0.08394190924351203,-3.3003949505437475,1.0
m1_chr7_4391321_4395416,m1,,,chr7,4391321,4395416,promoter,0.1513671875,0.020035186782479286,0.02342650480568409,0.023107843473553658,0.8670297081339092,-3.9230331675222287,1.0,0.018538454547524452,0.022335214540362358,0.021903999149799347,0.8463502222010575,-4.545645200523091,1.0
m1_chr7_4391321_4395416,m1,,,chr7,4391321,4395416,tfbs,0.072998046875,0.001601764583028853,0.005862140096724033,0.007624425459653139,0.2100833159829623,-13.886374101590333,1.0,0.0012604049406945705,0.005035007372498512,0.00709329592064023,0.17768960364772265,-14.268231922423702,1.0
m1_chrX_127567034_127571129,m1,,,chrX,127567034,127571129,promoter,0.22607421875,0.05466824024915695,0.05058753862977028,0.05207010731101036,1.0498968231931647,2.329446606713666,0.007992007992007992,0.04536927863955498,0.042262669652700424,0.042054183781147,1.0788291332833844,3.1265125210596554,0.001998001998001998
m1_chrX_127567034_127571129,m1,,,chrX,127567034,127571129,tfbs,0.032958984375,0.0020098616369068623,0.0009869785280898213,0.0011159556452184916,1.8010228681744371,5.044282854772286,0.000999000999000999,0.0009379354887641966,0.000407868908951059,0.00037600492942146957,2.4944765756324716,5.629583982624722,0.000999000999000999
m1_chrX_130740848_130744943,m1,,,chrX,130740848,130744943,promoter,0.18701171875,0.026861149817705154,0.03560637682676315,0.034936416894197464,0.7688581773870028,-8.500139328434495,1.0,0.022623969241976738,0.03211522847414017,0.03166726604104042,0.7144276115486676,-10.44310908412622,1.0
m1_chrX_130740848_130744943,m1,,,chrX,130740848,130744943,tfbs,0.027587890625,0.0013353534741327167,0.0006833354709669948,0.0006907372735440731,1.9332292106971598,4.98487500983242,0.000999000999000999,0.0006419968558475375,0.00031637330539524555,0.0003198428312316537,2.0072260284069214,3.4831136706303973,0.002997002997002997
m1_chrX_83970161_83974256,m1,,,chrX,83970161,83974256,promoter,0.168701171875,0.03787533938884735,0.028560973703861237,0.02835957333445549,1.3355398172662447,11.177538537232271,0.000999000999000999,0.034178875386714935,0.025471998378634453,0.025310851633548737,1.3503644951010623,10.648480018586257,0.000999000999000999
m1_chrX_83970161_83974256,m1,,,chrX,83970161,83974256,tfbs,0.038818359375,0.00225002015940845,0.0014298433670774102,0.0013969409046694636,1.610676694975037,4.461236214823047,0.000999000999000999,0.001392869628034532,0.0007470650598406792,0.0007040955824777484,1.978239407685179,5.091511403198801,0.000999000999000999
m2_chr10_110104373_110108468,m2,,,chr10,110104373,110108468,promoter,0.190673828125,0.05554553493857384,0.0357418991625309,0.03529604896903038,1.5737040422657746,22.21621701016477,0.000999000999000999,0.04817724972963333,0.03258896619081497,0.032438259571790695,1.4851983542153335,17.47041523362145,0.000999000999000999
m2_chr10_110104373_110108468,m2,,,chr10,110104373,110108468,tfbs,0.033447265625,0.0013139250222593546,0.001021263306029141,0.0011946927988901734,1.099801575333796,0.681786229235814,0.2647352647352647,0.0006698441575281322,0.0004423585196491331,0.000557567982468754,1.2013676871513512,0.9219107462794819,0.1938061938061938
m2_chr10_19287595_19291690,m2,,,chr10,19287595,19291690,promoter,0.1923828125,0.031843457370996475,0.036736562848091125,0.037168268114328384,0.8567377224315923,-5.645781165043631,1.0,0.03118770383298397,0.03438132628798485,0.034867141395807266,0.8944726348209967,-3.9129667412792424,1.0
m2_chr10_19287595_19291690,m2,,,chr10,19287595,19291690,tfbs,0.017333984375,0.00023607176262885332,0.00028407599893398583,0.0002543279551900923,0.92821790845763,-0.23513504902098598,0.6483516483516484,0.0,9.469200449530035e-05,8.425139094470069e-05,0.0,-1.8780555706706736,1.0
m2_chr10_4663039_4667134,m2,,,chr10,4663039,4667134,promoter,0.18896484375,0.03654579073190689,0.03574866056442261,0.036675598472356796,0.9964606510634654,-0.1378853827755678,0.5614385614385614,0.03234779089689255,0.031516119837760925,0.03212565556168556,1.0069145775027206,0.24551911037975,0.41058941058941056
m2_chr10_4663039_4667134,m2,,,chr10,4663039,4667134,tfbs,0.045166015625,0.0019315957324579358,0.0020145385060459375,0.0019382663303986192,0.9965584719519368,-0.028840476929883414,0.5104895104895105,0.0009271659655496478,0.0008313641883432865,0.000877305050380528,1.0568341823035132,0.33550333048950615,0.3926073926073926
m2_chr1_117801428_117805523,m2,,,chr1,117801428,117805523,promoter,0.170166015625,0.03987002372741699,0.028505850583314896,0.02929910272359848,1.3607933356711412,12.17272344543892,0.000999000999000999,0.038503196090459824,0.025902453809976578,0.0268342774361372,1.4348512339150343,13.8135336739795,0.000999000999000999
m2_chr1_117801428_117805523,m2,,,chr1,117801428,117805523,tfbs,0.027587890625,0.00043841550359502435,0.0006970761460252106,0.0006654373719356954,0.658838114727032,-1.7552652645163178,0.977022977022977,0.0003610480634961277,0.0003295831847935915,0.00028961210045963526,1.2466608367644807,0.8244232760124185,0.23176823176823177
m2_chr1_188000709_188004804,m2,,,chr1,188000709,188004804,promoter,0.195556640625,0.028359320014715195,0.038501325994729996,0.03731146454811096,0.760069870164102,-9.634269575326867,1.0,0.023401577025651932,0.03620842099189758,0.03497110307216644,0.6691689700882579,-12.201401667127783,1.0
m2_chr1_188000709_188004804,m2,,,chr1,188000709,188004804,tfbs,0.02880859375,0.0001798145385691896,0.0008258669404312968,0.0006435048417188227,0.2794299699267204,-3.563302138581456,1.0,0.0001798145385691896,0.0005011715111322701,0.0003547226660884917,0.5069158409074761,-1.8161191444521394,0.981018981018981
m2_chr1_236620149_236624244,m2,,,chr1,236620149,236624244,promoter,0.160888671875,0.0381634347140789,0.02535054087638855,0.024717817083001137,1.5439646060138759,17.01566277520793,0.000999000999000999,0.036418233066797256,0.023414654657244682,0.02273588441312313,1.6017953119860464,18.18914231959135,0.000999000999000999
m2_chr1_236620149_236624244,m2,,,chr1,236620149,236624244,tfbs,0.02734375,0.0005132943042553961,0.0007884188671596348,0.000620239123236388,0.8275748578661772,-0.8696524545887967,0.8291708291708292,5.13294326083269e-05,0.00028436462162062526,0.00023000716464594007,0.22316449440755684,-2.356204561161553,0.998001998001998
m2_chr14_101543080_101547175,m2,,,chr14,101543080,101547175,promoter,0.12109375,0.016721626743674278,0.01446494460105896,0.015472748316824436,1.080714712168611,1.9938136263401316,0.024975024975024976,0.012281566858291626,0.011780663393437862,0.012771246023476124,0.9616576828694421,-0.8647456045872934,0.8201798201798202
m2_chr14_101543080_101547175,m2,,,chr14,101543080,101547175,tfbs,0.029296875,0.0005193051765672863,0.0008119313279166818,0.0010271075880154967,0.5055995911495993,-3.151618635886651,1.0,5.1930517656728625e-05,0.0002017494844039902,0.00026479369262233377,0.19611689818758393,-2.5698179886342154,1.0
m2_chr14_26677340_26681435,m2,,,chr14,26677340,26681435,promoter,0.176025390625,0.027220025658607483,0.031265243887901306,0.030169697478413582,0.9022306464320171,-3.281934108317024,1.0,0.026824768632650375,0.029749833047389984,0.028790855780243874,0.9317114030023861,-2.219381942073529,0.99000999000999
m2_chr14_26677340_26681435,m2,,,chr14,26677340,26681435,tfbs,0.03466796875,0.0005006587598472834,0.001150720752775669,0.0010998683283105493,0.45519881513118876,-3.4236590795372326,1.0,0.00028985505923628807,0.00035836503957398236,0.0003524110943544656,0.8224913003015257,-0.6616920423506993,0.7832167832167832
m2_chr14_33378322_33382417,m2,,,chr14,33378322,33382417,promoter,0.18798828125,0.02865733578801155,0.03515131026506424,0.034917354583740234,0.820718984288582,-6.799122980984624,1.0,0.028550902381539345,0.03435863181948662,0.034096188843250275,0.8373634517569056,-6.136540648762901,1.0
m2_chr14_33378322_33382417,m2,,,chr14,33378322,33382417,tfbs,0.03271484375,0.0010909477714449167,0.0009781400440260768,0.0008963333093561232,1.2171228716565201,1.253062454001468,0.13286713286713286,0.00045234421850182116,0.00028364997706376016,0.0002749188570305705,1.6453735599938175,2.0931972853932845,0.03396603396603397
m2_chr17_22742263_22746358,m2,,,chr17,22742263,22746358,promoter,0.11328125,0.017292529344558716,0.013059377670288086,0.01352460216730833,1.278598004631753,6.308769260471759,0.000999000999000999,0.0157423485070467,0.012528043240308762,0.01299307867884636,1.2115949496000777,4.775155170491154,0.000999000999000999
m2_chr17_22742263_22746358,m2,,,chr17,22742263,22746358,tfbs,0.011962890625,8.01817441242747e-05,0.0001683805021457374,0.00012147534289397299,0.6600660036354828,-0.7305985396780402,0.8321678321678322,8.01817441242747e-05,7.029217522358522e-05,4.5997596316738054e-05,1.7431724817128627,0.9385252561714008,0.25274725274725274
m2_chr17_35243344_35247439,m2,,,chr17,35243344,35247439,promoter,0.14404296875,0.026211092248558998,0.02051544561982155,0.020704319700598717,1.2659721559361856,7.452788059107017,0.000999000999000999,0.021946590393781662,0.017698263749480247,0.01808544620871544,1.213494549180961,5.821019534749846,0.000999000999000999
m2_chr17_35243344_35247439,m2,,,chr17,35243344,35247439,tfbs,0.022216796875,0.0005460644606500864,0.00043139225454069674,0.0005494968499988317,0.9937535777525337,-0.0293168627332538,0.5424575424575424,7.800920866429806e-05,9.543156193103641e-05,0.00011654575791908428,0.6693440418351263,-0.7062208541323054,0.8311688311688312
m2_chr17_72349260_72353355,m2,,,chr17,72349260,72353355,promoter,0.1240234375,0.016584305092692375,0.015563148073852062,0.015359112061560154,1.079769782668528,1.9061244837627218,0.028971028971028972,0.012056608684360981,0.013943005353212357,0.014032598584890366,0.859185746062954,-3.3025335842359773,0.999000999000999
m2_chr17_72349260_72353355,m2,,,chr17,72349260,72353355,tfbs,0.02587890625,0.0006209412240423262,0.0006372422794811428,0.0006016144761815667,1.0321248052131755,0.15072891280352074,0.46353646353646355,0.00015523530601058155,0.00016403231711592525,0.00015213059668894857,1.0204081847386755,0.04797856285591117,0.5234765234765235
m2_chr21_12003041_12007136,m2,,,chr21,12003041,12007136,promoter,0.07275390625,0.006638269405812025,0.0052802530117332935,0.0052358247339725494,1.267855541981713,3.795625419289924,0.001998001998001998,0.006638269405812025,0.005082485731691122,0.00503897201269865,1.3173856471286218,4.23944792802123,0.000999000999000999
m2_chr21_12003041_12007136,m2,,,chr21,12003041,12007136,tfbs,0.0087890625,0.0005808486021123827,7.993677718332037e-05,4.071471994393505e-05,14.266304739716306,15.874765440409622,0.000999000999000999,0.0005808486021123827,7.993677718332037e-05,4.190407707937993e-05,13.861386351787841,16.05036206070156,0.000999000999000999
m2_chr21_19112010_19116105,m2,,,chr21,19112010,19116105,promoter,0.21630859375,0.08349823951721191,0.04657559469342232,0.04504816234111786,1.8535326454592937,35.783047573008126,0.000999000999000999,0.08149366825819016,0.04585549235343933,0.04428184777498245,1.8403402828242175,35.20049088418509,0.000999000999000999
m2_chr21_19112010_19116105,m2,,,chr21,19112010,19116105,tfbs,0.02099609375,0.0006167921819724143,0.00042558496352285147,0.000410526612540707,1.5024414085000504,1.9645076566387045,0.04195804195804196,0.0006167921819724143,0.00030865188455209136,0.0003047981299459934,2.023608813091151,3.5230018509668137,0.001998001998001998
m2_chr21_38658585_38662680,m2,,,chr21,38658585,38662680,promoter,0.160400390625,0.03868461772799492,0.02550453506410122,0.025187751278281212,1.5358503941299328,17.46033228143109,0.000999000999000999,0.022941481322050095,0.017735283821821213,0.016787415370345116,1.3665880551556557,9.587825790138744,0.000999000999000999
m2_chr21_38658585_38662680,m2,,,chr21,38658585,38662680,tfbs,0.024169921875,0.0002848265285138041,0.0005383194657042623,0.0005659502930939198,0.5032712801626502,-2.313219637752795,0.994005994005994,7.767995703034103e-05,0.00012480518489610404,0.00012889696517959237,0.602651559112423,-0.882164804075456,0.8801198801198801
m2_chr3_108979737_108983832,m2,,,chr3,108979737,108983832,promoter,0.167724609375,0.02692955732345581,0.027854226529598236,0.02707652375102043,0.9945721825698145,-0.17922250014445046,0.5794205794205795,0.025350110605359077,0.027251938357949257,0.026457933709025383,0.9581288880738105,-1.3467478903037933,0.913086913086913
m2_chr3_108979737_108983832,m2,,,chr3,108979737,108983832,tfbs,0.023193359375,0.00013162051618564874,0.0005275282310321927,0.00045438032248057425,0.28967037011440083,-3.016724136148812,1.0,5.264820356387645e-05,0.00020006060367450118,0.00010732337250374258,0.49055673834737634,-1.0236285321970728,0.9230769230769231
m2_chr3_127665795_127669890,m2,,,chr3,127665795,127669890,promoter,0.103759765625,0.019086729735136032,0.010616758838295937,0.01050346065312624,1.817184865585713,17.13690563904654,0.000999000999000999,0.016478123143315315,0.008886557072401047,0.008935249410569668,1.8441704742816742,16.055082990225134,0.000999000999000999
m2_chr3_127665795_127669890,m2,,,chr3,127665795,127669890,tfbs,0.018310546875,0.00028410559752956033,0.00029056231142021716,0.00028108374681323767,1.0107507130902538,0.03521715549986958,0.5314685314685315,7.748333882773295e-05,6.792700878577307e-05,6.31489310762845e-05,1.226993672056497,0.3527827013983142,0.4355644355644356
m2_chr3_17001367_17005462,m2,,,chr3,17001367,17005462,promoter,0.172119140625,0.0238107331097126,0.029468471184372902,0.028227409347891808,0.8435323559542643,-5.278399741220541,1.0,0.023759910836815834,0.028883742168545723,0.027719736099243164,0.8571478008213994,-4.837979658793304,1.0
m2_chr3_17001367_17005462,m2,,,chr3,17001367,17005462,tfbs,0.04150390625,0.0012451717630028725,0.0016266194870695472,0.0018106830539181828,0.6876806850919678,-2.5876483956391376,0.998001998001998,0.0007369383820332587,0.0008370699360966682,0.0009007928310893476,0.8180997412491213,-1.1305445543808883,0.8951048951048951
m2_chr7_120066194_120070289,m2,,,chr7,120066194,120070289,promoter,0.17578125,0.03405027091503143,0.030538083985447884,0.029850712046027184,1.1406853834015382,4.836044022101272,0.000999000999000999,0.03291007876396179,0.029360562562942505,0.028561804443597794,1.1522408827128103,5.172135979318874,0.000999000999000999
m2_chr7_120066194_120070289,m2,,,chr7,120066194,120070289,tfbs,0.035400390625,0.003316921414807439,0.0011544584995135665,0.0012144079664722085,2.731307358303093,12.31575935262055,0.000999000999000999,0.0016584607074037194,0.0004778499423991889,0.0004759004805237055,3.484889751694858,10.828774867463475,0.000999000999000999
m2_chr7_137924469_137928564,m2,,,chr7,137924469,137928564,promoter,0.1416015625,0.01732628047466278,0.019975492730736732,0.02071811445057392,0.8362865508826658,-4.589495505117093,1.0,0.01675308123230934,0.018312692642211914,0.019165420904755592,0.8741306186577062,-3.46782223700862,1.0
m2_chr7_137924469_137928564,m2,,,chr7,137924469,137928564,tfbs,0.024658203125,7.816367724444717e-05,0.0006570954574272037,0.0007281206781044602,0.10734989349283852,-4.775363452303196,1.0,2.605455847515259e-05,0.0003183864464517683,0.000375967298168689,0.06930006572928699,-3.4781662111839515,1.0
m2_chr7_4391321_4395416,m2,,,chr7,4391321,4395416,promoter,0.1513671875,0.014574219472706318,0.02326323837041855,0.0230726171284914,0.6316673739932706,-10.972289065719792,1.0,0.01444704458117485,0.022161386907100677,0.021938931196928024,0.6585117776018999,-9.97931575239224,1.0
m2_chr7_4391321_4395416,m2,,,chr7,4391321,4395416,tfbs,0.072998046875,0.030013225972652435,0.006090445443987846,0.007356368936598301,4.079896784857424,52.876018521461795,0.000999000999000999,0.029682571068406105,0.005312129855155945,0.006751704029738903,4.396308093136891,54.910581592537945,0.000999000999000999
m2_chrX_127567034_127571129,m2,,,chrX,127567034,127571129,promoter,0.22607421875,0.0657699927687645,0.05036746338009834,0.0527212992310524,1.247503262021785,11.397991226934655,0.000999000999000999,0.04315757378935814,0.040891487151384354,0.04237772524356842,1.0184023220054284,0.763410529309977,0.22577422577422576
m2_chrX_127567034_127571129,m2,,,chrX,127567034,127571129,tfbs,0.032958984375,0.002935021184384823,0.0009838640689849854,0.0010256238747388124,2.8616935083850907,11.777804287223683,0.000999000999000999,0.0010974426986649632,0.0003843578160740435,0.00034467357909306884,3.184005868835776,8.325819077976123,0.000999000999000999
m2_chrX_130740848_130744943,m2,,,chrX,130740848,130744943,promoter,0.18701171875,0.02826721780002117,0.035347603261470795,0.03498212993144989,0.8080473617647899,-7.391094050794357,1.0,0.0256494153290987,0.03200563043355942,0.03168946132063866,0.8093989061402503,-6.6939977340299786,1.0
m2_chrX_130740848_130744943,m2,,,chrX,130740848,130744943,tfbs,0.027587890625,0.0014599275309592485,0.0007020235643722117,0.0006987515953369439,2.0893369556534025,5.835445855221903,0.000999000999000999,0.0006292791222222149,0.0003171565767843276,0.00031129177659749985,2.021508981382032,3.598822753328021,0.000999000999000999
m2_chrX_83970161_83974256,m2,,,chrX,83970161,83974256,promoter,0.168701171875,0.018922319635748863,0.02892163395881653,0.029055561870336533,0.6512460409539379,-12.254413288799503,1.0,0.01795261539518833,0.02570715919137001,0.026008808985352516,0.6902513454306491,-9.97115315065564,1.0
m2_chrX_83970161_83974256,m2,,,chrX,83970161,83974256,tfbs,0.038818359375,0.0011269524693489075,0.0015025348402559757,0.0014156883116811514,0.7960456126183837,-1.5190060097951807,0.9430569430569431,0.00028829017537645996,0.0007749861688353121,0.0007170300232246518,0.40206151212462704,-3.2011230471296477,1.0
m3_chr10_110104373_110108468,m3,,,chr10,110104373,110108468,promoter,0.190673828125,0.053904686123132706,0.03564658388495445,0.03533461317420006,1.5255490659366207,20.03168361144597,0.000999000999000999,0.04637565091252327,0.032504383474588394,0.032443199306726456,1.4294413591605375,15.194540425160486,0.000999000999000999
m3_chr10_110104373_110108468,m3,,,chr10,110104373,110108468,tfbs,0.033447265625,0.0014417300699278712,0.0010156284552067518,0.0012001068098470569,1.2013347962850134,1.3470974919044623,0.1008991008991009,0.0007208650349639356,0.0004434697621036321,0.0005484181456267834,1.3144441713176063,1.4934620408192072,0.08891108891108891
m3_chr10_19287595_19291690,m3,,,chr10,19287595,19291690,promoter,0.1923828125,0.03674737364053726,0.03729701787233353,0.037246864289045334,0.9865897261946162,-0.5123926989935081,0.7012987012987013,0.03605099767446518,0.034936826676130295,0.03495347499847412,1.031399529690223,1.1414659401112401,0.12787212787212787
m3_chr10_19287595_19291690,m3,,,chr10,19287595,19291690,tfbs,0.017333984375,0.0003214056196156889,0.0002879261737689376,0.000244161143200472,1.3163667871254774,0.9988544090948778,0.2077922077922078,0.0,9.829665214056149e-05,7.925326644908637e-05,0.0,-1.7336081114342603,1.0
m3_chr10_4663039_4667134,m3,,,chr10,4663039,4667134,promoter,0.18896484375,0.03294198587536812,0.035614222288131714,0.03689102083444595,0.8929540340778389,-4.16137655125645,1.0,0.02864866331219673,0.03130422905087471,0.032232582569122314,0.8888106700963251,-4.085727513647954,1.0
m3_chr10_4663039_4667134,m3,,,chr10,4663039,4667134,tfbs,0.045166015625,0.0011925899889320135,0.0020377258770167828,0.001931598293595016,0.6174109766438088,-3.4036540164537237,1.0,0.0007420559995807707,0.0008419632213190198,0.0008902816916815937,0.8335069748307984,-0.9796110712102601,0.8531468531468531
m3_chr1_117801428_117805523,m3,,,chr1,117801428,117805523,promoter,0.170166015625,0.04683180898427963,0.028462689369916916,0.0292312353849411,1.6021152841321828,19.79780459689288,0.000999000999000999,0.044678930193185806,0.025877347216010094,0.02684486098587513,1.6643382961340112,21.842780333418837,0.000999000999000999
m3_chr1_117801428_117805523,m3,,,chr1,117801428,117805523,tfbs,0.027587890625,0.0004518392379395664,0.0007093944004736841,0.0006661438965238631,0.6782907421315393,-1.6883487584703165,0.97002997002997,0.00042526048491708934,0.00033914847881533206,0.00029568892205134034,1.4382022903220282,1.4497520434556503,0.1028971028971029
m3_chr1_188000709_188004804,m3,,,chr1,188000709,188004804,promoter,0.195556640625,0.03143055737018585,0.038807522505521774,0.03719998151063919,0.8449078761288286,-6.029087542128298,1.0,0.026187673211097717,0.03680317476391792,0.03491782397031784,0.7499801028082033,-9.37591041905923,1.0
m3_chr1_188000709_188004804,m3,,,chr1,188000709,188004804,tfbs,0.02880859375,0.0005349882412701845,0.0008412750903517008,0.0006313930498436093,0.8473141118716725,-0.7661287869807945,0.8091908091908092,0.0005082387942820787,0.0005258972523733974,0.00034290069015696645,1.4821748945720319,1.7591034445654223,0.06293706293706294
m3_chr1_236620149_236624244,m3,,,chr1,236620149,236624244,promoter,0.160888671875,0.03689071536064148,0.02552597038447857,0.024776466190814972,1.4889417674227268,15.25056974966188,0.000999000999000999,0.03542255982756615,0.023564528673887253,0.022825822234153748,1.55186347568081,15.91615264010953,0.000999000999000999
m3_chr1_236620149_236624244,m3,,,chr1,236620149,236624244,tfbs,0.02734375,0.00048048689495772123,0.0007906628306955099,0.0006030109943822026,0.7968128266881603,-0.9878870556730346,0.8731268731268731,5.338743358151987e-05,0.00030297174816951156,0.00023135443916544318,0.2307603596200812,-2.2045106505476983,1.0
m3_chr14_101543080_101547175,m3,,,chr14,101543080,101547175,promoter,0.12109375,0.019974535331130028,0.01459541916847229,0.015300308354198933,1.3054988741876123,7.457362359949154,0.000999000999000999,0.016207756474614143,0.011889714747667313,0.012654676102101803,1.280772130700541,6.060301741024385,0.000999000999000999
m3_chr14_101543080_101547175,m3,,,chr14,101543080,101547175,tfbs,0.029296875,0.0007692715735174716,0.000800835492555052,0.0009967106161639094,0.771810354020514,-1.3877393373227178,0.9300699300699301,0.0003448458737693727,0.00020160150597803295,0.0002527455217204988,1.3643995407789025,1.1154118912639208,0.16283716283716285
m3_chr14_26677340_26681435,m3,,,chr14,26677340,26681435,promoter,0.176025390625,0.02857065200805664,0.031243018805980682,0.030379878357052803,0.9404465571674633,-2.0605904552312433,0.98001998001998,0.028189709410071373,0.029791614040732384,0.029010042548179626,0.9717224427800872,-0.9502857725054908,0.8361638361638362
m3_chr14_26677340_26681435,m3,,,chr14,26677340,26681435,tfbs,0.03466796875,0.0004897826001979411,0.001152633922174573,0.0011010856833308935,0.44481788076319373,-3.6109432263871923,1.0,0.0003265217237640172,0.0003804018488153815,0.0003471742384135723,0.9405125370363664,-0.21116843443832609,0.6053946053946054
m3_chr14_33378322_33382417,m3,,,chr14,33378322,33382417,promoter,0.18798828125,0.035989854484796524,0.03572218120098114,0.03489077836275101,1.0315004758741317,1.1686783296513725,0.12687312687312688,0.03558937460184097,0.03491935506463051,0.033981285989284515,1.0473227709234885,1.7343604197407105,0.04295704295704296
m3_chr14_33378322_33382417,m3,,,chr14,33378322,33382417,tfbs,0.03271484375,0.0010946468682959676,0.0010054688900709152,0.0008920571999624372,1.2271038991020544,1.3188190375325457,0.1028971028971029,0.0003203844535164535,0.000269121810561046,0.0002764650562312454,1.1588605731368535,0.5141387745645833,0.33266733266733267
m3_chr17_22742263_22746358,m3,,,chr17,22742263,22746358,promoter,0.11328125,0.015680968761444092,0.013020193204283714,0.013537637889385223,1.15832384420176,3.4893675249960436,0.000999000999000999,0.014168590307235718,0.012473882175981998,0.012993047945201397,1.0904747190183712,1.9359761758619556,0.03196803196803197
m3_chr17_22742263_22746358,m3,,,chr17,22742263,22746358,tfbs,0.011962890625,0.000291862350422889,0.00014593059313483536,0.00011918597010662779,2.448797875805173,3.200852420128941,0.004995004995004995,0.000291862350422889,5.51882985746488e-05,4.717556294053793e-05,6.186727454440017,6.942049634231279,0.000999000999000999
m3_chr17_35243344_35247439,m3,,,chr17,35243344,35247439,promoter,0.14404296875,0.022151729092001915,0.02083086222410202,0.02083880640566349,1.0630037373916772,1.7575529104631242,0.04395604395604396,0.018153222277760506,0.018254993483424187,0.018070239573717117,1.004592230429755,0.12070818621224419,0.47052947052947053
m3_chr17_35243344_35247439,m3,,,chr17,35243344,35247439,tfbs,0.022216796875,0.0005331342690624297,0.0004483710799831897,0.0005617369315586984,0.9490817482537555,-0.22584889532754673,0.6183816183816184,0.00010662685963325202,0.00011275919678155333,0.00012933838297612965,0.824402294042371,-0.39149787651350504,0.7292707292707292
m3_chr17_72349260_72353355,m3,,,chr17,72349260,72353355,promoter,0.1240234375,0.01672593131661415,0.015202966518700123,0.015377926640212536,1.0876584150737623,2.123845590753244,0.01898101898101898,0.012379823252558708,0.013686303980648518,0.014070301316678524,0.8798548782948967,-2.81810413739045,0.998001998001998
m3_chr17_72349260_72353355,m3,,,chr17,72349260,72353355,tfbs,0.02587890625,0.00044778085430152714,0.0006168846157379448,0.0006092980620451272,0.7349126514509784,-1.2148751963200572,0.9010989010989011,5.268010136205703e-05,0.00017410791770089418,0.0001558277290314436,0.33806628441223713,-1.6312496130867244,0.9820179820179821
m3_chr21_12003041_12007136,m3,,,chr21,12003041,12007136,promoter,0.07275390625,0.006897331681102514,0.005256180185824633,0.005157196894288063,1.3374187223182745,4.412220027079656,0.000999000999000999,0.006897331681102514,0.005067914258688688,0.004992452450096607,1.3815518024551334,5.40399381552898,0.000999000999000999
m3_chr21_12003041_12007136,m3,,,chr21,12003041,12007136,tfbs,0.0087890625,0.00045228403178043664,8.395640907110646e-05,3.688941797008738e-05,12.260535857388192,13.08109841411899,0.000999000999000999,0.00045228403178043664,8.395640907110646e-05,3.6550205550156534e-05,12.374322523570585,13.19052765437682,0.000999000999000999
m3_chr21_19112010_19116105,m3,,,chr21,19112010,19116105,promoter,0.21630859375,0.08383617550134659,0.04659019783139229,0.04521346464753151,1.8542302863738565,35.87563373968728,0.000999000999000999,0.08017835021018982,0.045847684144973755,0.044383056461811066,1.8065080821817316,33.27148912576423,0.000999000999000999
m3_chr21_19112010_19116105,m3,,,chr21,19112010,19116105,tfbs,0.02099609375,0.0005072889616712928,0.0004189161118119955,0.00041360067552886903,1.2265186971047013,0.9135446454840859,0.2087912087912088,0.0005072889616712928,0.00030223903013393283,0.00029980778344906867,1.6920473372482372,2.313314083295219,0.025974025974025976
m3_chr21_38658585_38662680,m3,,,chr21,38658585,38662680,promoter,0.160400390625,0.036172788590192795,0.025373326614499092,0.02510474994778633,1.440874283369726,13.552657393431673,0.000999000999000999,0.02171982266008854,0.017777880653738976,0.016756534576416016,1.296200151710253,7.35436114448001,0.000999000999000999
m3_chr21_38658585_38662680,m3,,,chr21,38658585,38662680,tfbs,0.024169921875,0.0002691427944228053,0.0005431277677416801,0.0005658727022819221,0.47562427616223185,-2.3454062763937116,0.997002997002997,8.074283687165007e-05,0.00012165201042080298,0.00013591712922789156,0.5940593163667323,-0.910302662460177,0.8841158841158842
m3_chr3_108979737_108983832,m3,,,chr3,108979737,108983832,promoter,0.167724609375,0.026397934183478355,0.028080521151423454,0.027161186560988426,0.9718991519094262,-0.8915897110497736,0.8181818181818182,0.02464883401989937,0.027466991916298866,0.02648676186800003,0.9306095680075882,-2.2102260445727686,0.983016983016983
m3_chr3_108979737_108983832,m3,,,chr3,108979737,108983832,tfbs,0.023193359375,0.00016145524568855762,0.0005185396294109523,0.00046641731751151383,0.346160486814626,-2.69679668408611,1.0,5.381841765483841e-05,0.0002012805489357561,0.00011500996333779767,0.4679456987284436,-1.0664282258444415,0.9210789210789211
m3_chr3_127665795_127669890,m3,,,chr3,127665795,127669890,promoter,0.103759765625,0.018763884902000427,0.010432997718453407,0.010499772615730762,1.7870753576023513,15.316216877483097,0.000999000999000999,0.01689017377793789,0.008780399337410927,0.008883882313966751,1.901215389963472,15.9462293862581,0.000999000999000999
m3_chr3_127665795_127669890,m3,,,chr3,127665795,127669890,tfbs,0.018310546875,0.00042827698052860796,0.0002818571520037949,0.0002716346934903413,1.5766652448754175,1.9008319204291944,0.04395604395604396,0.00013383655459620059,6.718531949445605e-05,6.188602856127545e-05,2.162629558038039,1.7614752650703824,0.0919080919080919
m3_chr3_17001367_17005462,m3,,,chr3,17001367,17005462,promoter,0.172119140625,0.022992150858044624,0.02953260950744152,0.02813544310629368,0.8171952640369634,-6.118361839175203,1.0,0.022965723648667336,0.028927411884069443,0.027598457410931587,0.8321379454915022,-5.62172281496099,1.0
m3_chr3_17001367_17005462,m3,,,chr3,17001367,17005462,tfbs,0.04150390625,0.001400671317242086,0.0016591413877904415,0.001795264077372849,0.7802035003629095,-1.7834460825752354,0.9660339660339661,0.000713549496140331,0.0008319491753354669,0.0008897698717191815,0.8019483675724333,-1.1584047385481022,0.9010989010989011
m3_chr7_120066194_120070289,m3,,,chr7,120066194,120070289,promoter,0.17578125,0.03751562163233757,0.03047042340040207,0.029777778312563896,1.259852942639072,8.573515522797202,0.000999000999000999,0.03685092180967331,0.02924470417201519,0.028529101982712746,1.291695821060305,9.791656847119635,0.000999000999000999
m3_chr7_120066194_120070289,m3,,,chr7,120066194,120070289,tfbs,0.035400390625,0.003669139463454485,0.0011773286387324333,0.0012144586071372032,3.0212140964636145,14.156262682651157,0.000999000999000999,0.0016750418581068516,0.00048310885904356837,0.0004798862210009247,3.4904979238893876,10.942004179200838,0.000999000999000999
m3_chr7_137924469_137928564,m3,,,chr7,137924469,137928564,promoter,0.1416015625,0.019094247370958328,0.019749891012907028,0.020709645003080368,0.9219978115568005,-2.206039767080753,0.989010989010989,0.018359852954745293,0.018121156841516495,0.019131865352392197,0.9596478240136489,-1.0334735134402255,0.8571428571428571
m3_chr7_137924469_137928564,m3,,,chr7,137924469,137928564,tfbs,0.024658203125,0.00010879913315875456,0.000678366981446743,0.0007355637499131262,0.1479125815697202,-4.567212380301502,1.0,2.719978328968864e-05,0.00031307153403759,0.0003869984648190439,0.07028395655886374,-3.5285307495872824,1.0
m3_chr7_4391321_4395416,m3,,,chr7,4391321,4395416,promoter,0.1513671875,0.01588520221412182,0.023588746786117554,0.023232851177453995,0.6837388184854986,-9.51349884781374,1.0,0.015461597591638565,0.022443700581789017,0.022101428359746933,0.6995745858579253,-8.711589354535572,1.0
m3_chr7_4391321_4395416,m3,,,chr7,4391321,4395416,tfbs,0.072998046875,0.0067512113600969315,0.006498302798718214,0.007989595644176006,0.8450003805910012,-2.683762460567187,1.0,0.0064599826000630856,0.005666456650942564,0.00747067853808403,0.8647116278837835,-2.339760560126337,0.996003996003996
m3_chrX_127567034_127571129,m3,,,chrX,127567034,127571129,promoter,0.22607421875,0.06757330149412155,0.049870435148477554,0.052653755992650986,1.283351970247914,12.935490561914678,0.000999000999000999,0.04281321167945862,0.041108474135398865,0.0424388162791729,1.008822003842493,0.3508502907468302,0.35764235764235763
m3_chrX_127567034_127571129,m3,,,chrX,127567034,127571129,tfbs,0.032958984375,0.002969089662656188,0.0009352595079690218,0.0010388897499069571,2.857944900238066,11.63327651569136,0.000999000999000999,0.001298976712860167,0.00035496384953148663,0.00034897407749667764,3.7222727893665217,9.94558330113795,0.000999000999000999
m3_chrX_130740848_130744943,m3,,,chrX,130740848,130744943,promoter,0.18701171875,0.027840621769428253,0.03608165681362152,0.0350346565246582,0.7946594752494114,-7.6913138505297525,1.0,0.02491283230483532,0.03261248394846916,0.031762607395648956,0.7843446853877631,-7.679492550754714,1.0
m3_chrX_130740848_130744943,m3,,,chrX,130740848,130744943,tfbs,0.027587890625,0.0009315695497207344,0.0007106565753929317,0.0006852891528978944,1.3593817234394996,1.9180348491287718,0.03796203796203796,0.0004524766409303993,0.00032551796175539494,0.00031556247267872095,1.4338734168529375,1.5800225348772945,0.08391608391608392
m3_chrX_83970161_83974256,m3,,,chrX,83970161,83974256,promoter,0.168701171875,0.020370272919535637,0.02910102717578411,0.029018381610512733,0.701978256160086,-10.060253570591115,1.0,0.01907060667872429,0.02591184340417385,0.025957245379686356,0.7346930076659283,-8.255262687092877,1.0
m3_chrX_83970161_83974256,m3,,,chrX,83970161,83974256,tfbs,0.038818359375,0.001458808546885848,0.001525365049019456,0.001398652559146285,1.0430099579385756,0.3085496467518373,0.3916083916083916,0.0006896185805089772,0.0007972956518642604,0.0007096175104379654,0.9718173105443167,-0.14901213790190143,0.5774225774225774
m4_chr10_110104373_110108468,m4,,,chr10,110104373,110108468,promoter,0.190673828125,0.055719636380672455,0.036010559648275375,0.03547895327210426,1.5704983163774073,20.724695511746955,0.000999000999000999,0.04659564420580864,0.032975926995277405,0.03253024443984032,1.432379160014617,15.959368757454069,0.000999000999000999
m4_chr10_110104373_110108468,m4,,,chr10,110104373,110108468,tfbs,0.033447265625,0.0014239755691960454,0.0010687668109312654,0.001174858887679875,1.212039662063696,1.386073510645473,0.0989010989010989,0.0007383576594293118,0.00045329637941904366,0.000527108320966363,1.400770259281165,1.7178613898128545,0.061938061938061936
m4_chr10_19287595_19291690,m4,,,chr10,19287595,19291690,promoter,0.1923828125,0.039674628525972366,0.0381099171936512,0.0370648056268692,1.0704124264234975,2.7519230323067463,0.002997002997002997,0.03800468519330025,0.03572538495063782,0.034823011606931686,1.0913669852074264,3.2289975911033513,0.001998001998001998
m4_chr10_19287595_19291690,m4,,,chr10,19287595,19291690,tfbs,0.017333984375,0.00021547661162912846,0.0003013993555214256,0.0002552320365794003,0.8442381078681543,-0.4722280151795552,0.7182817182817183,0.0,0.00010612274490995333,8.62714514369145e-05,0.0,-1.7616485038875456,1.0
m4_chr10_4663039_4667134,m4,,,chr10,4663039,4667134,promoter,0.18896484375,0.046811774373054504,0.03662833198904991,0.036340005695819855,1.288160898071604,10.97790184842428,0.000999000999000999,0.03676179051399231,0.032353874295949936,0.031886011362075806,1.1529127960393188,5.554461678671182,0.000999000999000999
m4_chr10_4663039_4667134,m4,,,chr10,4663039,4667134,tfbs,0.045166015625,0.001428155810572207,0.0020028764847666025,0.0019399645971134305,0.736176223368834,-2.254441726004738,0.995004995004995,0.0009256565826945007,0.0008471165201626718,0.0008503081044182181,1.0886131484396895,0.5045191709486113,0.3386613386613387
m4_chr1_117801428_117805523,m4,,,chr1,117801428,117805523,promoter,0.170166015625,0.05329317972064018,0.028645966202020645,0.029114574193954468,1.8304639925562198,28.19364630882951,0.000999000999000999,0.049653004854917526,0.02611987665295601,0.026624592021107674,1.8649301674013705,29.658042591522538,0.000999000999000999
m4_chr1_117801428_117805523,m4,,,chr1,117801428,117805523,tfbs,0.027587890625,0.0008642136817798018,0.0007350961677730083,0.0006679062498733401,1.2939146503625156,1.4586863139920152,0.1068931068931069,0.0007332722307182848,0.0003472524113021791,0.0002840906090568751,2.5811209781013327,4.935567612182635,0.000999000999000999
m4_chr1_188000709_188004804,m4,,,chr1,188000709,188004804,promoter,0.195556640625,0.03379322960972786,0.03883938491344452,0.03735549747943878,0.9046387249514836,-3.7857947922205724,1.0,0.030970532447099686,0.03663874417543411,0.03497936949133873,0.8853942451640909,-4.410093166667776,1.0
m4_chr1_188000709_188004804,m4,,,chr1,188000709,188004804,tfbs,0.02880859375,0.0005012266919948161,0.0008283400093205273,0.0006875511608086526,0.7290027572716277,-1.4292470726885433,0.9530469530469531,0.0004748463397845626,0.0005178443971090019,0.00036935132811777294,1.2856223969855365,1.0762994707330182,0.17382617382617382
m4_chr1_236620149_236624244,m4,,,chr1,236620149,236624244,promoter,0.160888671875,0.043285444378852844,0.026170572265982628,0.02484961599111557,1.7418959067346793,23.106385633009673,0.000999000999000999,0.04041745141148567,0.02414703369140625,0.022950898855924606,1.761040021360741,22.361960302582,0.000999000999000999
m4_chr1_236620149_236624244,m4,,,chr1,236620149,236624244,tfbs,0.02734375,0.0004514432803262025,0.0007541798404417932,0.0006132193957455456,0.7361855862000949,-1.2374675902988566,0.9210789210789211,0.0002389993896940723,0.00028228634619154036,0.0002389993896940723,1.0,0.0,0.5474525474525475
m4_chr14_101543080_101547175,m4,,,chr14,101543080,101547175,promoter,0.12109375,0.023797810077667236,0.014758346602320671,0.01519838348031044,1.565811923912657,14.814246028530883,0.000999000999000999,0.02014656737446785,0.01201140321791172,0.0124678248539567,1.6158846960441764,13.992820500744775,0.000999000999000999
m4_chr14_101543080_101547175,m4,,,chr14,101543080,101547175,tfbs,0.029296875,0.00046611594734713435,0.0008226846694014966,0.0009683818207122386,0.4813348798765234,-3.2279547069075742,1.0,0.0001294766552746296,0.0001991326716961339,0.00023057202633935958,0.5615453762116996,-1.3349224945251088,0.955044955044955
m4_chr14_26677340_26681435,m4,,,chr14,26677340,26681435,promoter,0.176025390625,0.027524404227733612,0.0318419523537159,0.030226677656173706,0.9105997205786802,-3.003709159647076,0.999000999000999,0.027204353362321854,0.030551331117749214,0.02891198731958866,0.9409368184071581,-2.006175482419816,0.985014985014985
m4_chr14_26677340_26681435,m4,,,chr14,26677340,26681435,tfbs,0.03466796875,0.0006667733541689813,0.0011137895053252578,0.0010945751564577222,0.6091617832134996,-2.4264514869675997,0.996003996003996,0.0003733930643647909,0.0003560605691745877,0.0003514162381179631,1.062537879195698,0.2239572655472679,0.45854145854145856
m4_chr14_33378322_33382417,m4,,,chr14,33378322,33382417,promoter,0.18798828125,0.046450160443782806,0.03558909147977829,0.03485361114144325,1.332721601078245,12.676501915850208,0.000999000999000999,0.04603145644068718,0.03472157567739487,0.03400672599673271,1.3535985923816887,13.210008803974219,0.000999000999000999
m4_chr14_33378322_33382417,m4,,,chr14,33378322,33382417,tfbs,0.03271484375,0.0010991024319082499,0.0010182518744841218,0.000924004940316081,1.1894984365909038,1.129831683116255,0.15884115884115885,0.00044487477862276137,0.00029074217309243977,0.00026451729354448617,1.681836271124341,2.11125826957208,0.03696303696303696
m4_chr17_22742263_22746358,m4,,,chr17,22742263,22746358,promoter,0.11328125,0.017375290393829346,0.012883813120424747,0.013514745980501175,1.2856542341896837,6.51749140695584,0.000999000999000999,0.016094163060188293,0.012332930229604244,0.012974831275641918,1.2404140538152817,5.3751466287498975,0.000999000999000999
m4_chr17_22742263_22746358,m4,,,chr17,22742263,22746358,tfbs,0.011962890625,0.00021352122712414712,0.00016681270790286362,0.00012149357644375414,1.7574692701798724,1.6431542568514919,0.0939060939060939,0.00018683107919059694,6.539058085763827e-05,4.5480021071853116e-05,4.107981368245755,4.278230621971848,0.001998001998001998
m4_chr17_35243344_35247439,m4,,,chr17,35243344,35247439,promoter,0.14404296875,0.03048393875360489,0.02126859873533249,0.020695319399237633,1.4729871119905424,13.508919272480732,0.000999000999000999,0.02641589194536209,0.01841038465499878,0.017954882234334946,1.471237271322629,12.60533187553592,0.000999000999000999
m4_chr17_35243344_35247439,m4,,,chr17,35243344,35247439,tfbs,0.022216796875,0.0005547337350435555,0.00048552651423960924,0.0005314876907505095,1.0437376908206857,0.20119080529546265,0.44955044955044954,0.00015849535702727735,0.00012336282816249877,0.0001269019558094442,1.248959135549288,0.5302434649991778,0.34565434565434566
m4_chr17_72349260_72353355,m4,,,chr17,72349260,72353355,promoter,0.1240234375,0.01708695851266384,0.016027212142944336,0.015337223187088966,1.1140842318215607,2.8680223425480826,0.003996003996003996,0.013783135451376438,0.014344090595841408,0.013886560685932636,0.992552134621716,-0.17193057489460153,0.5854145854145855
m4_chr17_72349260_72353355,m4,,,chr17,72349260,72353355,tfbs,0.02587890625,0.000542033405508846,0.0006571428384631872,0.0006168598192743957,0.8786978638784303,-0.5913764690444178,0.7532467532467533,0.00012905556650366634,0.00018635393644217402,0.0001529824803583324,0.8435970328195633,-0.3763921027580463,0.6983016983016983
m4_chr21_12003041_12007136,m4,,,chr21,12003041,12007136,promoter,0.07275390625,0.007636333350092173,0.00516777578741312,0.00522291986271739,1.4620812784439559,6.5533852203300675,0.000999000999000999,0.007553329691290855,0.004966631531715393,0.005024375393986702,1.5033370516723072,6.891699596090932,0.000999000999000999
m4_chr21_12003041_12007136,m4,,,chr21,12003041,12007136,tfbs,0.0087890625,0.0006363611319102347,8.355649333680049e-05,3.99247401219327e-05,15.939017510614903,18.123759822179597,0.000999000999000999,0.0006363611319102347,8.355649333680049e-05,3.9648060919716954e-05,16.050246018305845,18.676325361532108,0.000999000999000999
m4_chr21_19112010_19116105,m4,,,chr21,19112010,19116105,promoter,0.21630859375,0.06959054619073868,0.0471016950905323,0.04516890272498131,1.5406738262926771,23.200616234323874,0.000999000999000999,0.06648864597082138,0.04637450352311134,0.04444572702050209,1.4959513642369098,20.603719235156127,0.000999000999000999
m4_chr21_19112010_19116105,m4,,,chr21,19112010,19116105,tfbs,0.02099609375,0.0005934077780693769,0.00044586200965568423,0.00042024056892842054,1.412066853951104,1.6169902492442583,0.07892107892107893,0.0005394616164267063,0.00034444392076693475,0.0003128877142444253,1.72413805933359,2.416828784186126,0.025974025974025976
m4_chr21_38658585_38662680,m4,,,chr21,38658585,38662680,promoter,0.160400390625,0.03296075016260147,0.02587023749947548,0.02516756020486355,1.3096521829808483,9.450415558297099,0.000999000999000999,0.021159345284104347,0.018382523208856583,0.01707463152706623,1.2392270515801844,6.272885735708516,0.000999000999000999
m4_chr21_38658585_38662680,m4,,,chr21,38658585,38662680,tfbs,0.024169921875,0.0004419027827680111,0.0005464042187668383,0.0005671432008966804,0.7791732001183155,-1.000954263838076,0.8641358641358642,0.00018195997108705342,0.00011619537690421566,0.0001325968187302351,1.3722800654610456,0.8279407329250389,0.26973026973026976
m4_chr3_108979737_108983832,m4,,,chr3,108979737,108983832,promoter,0.167724609375,0.029445556923747063,0.028289882466197014,0.027246708050370216,1.080701450953704,2.627005419459609,0.004995004995004995,0.027628591284155846,0.027699101716279984,0.026613306254148483,1.0381495264177896,1.2756568265790604,0.10589410589410589
m4_chr3_108979737_108983832,m4,,,chr3,108979737,108983832,tfbs,0.023193359375,0.0003740814863704145,0.0005325311794877052,0.0004726787155959755,0.7914075121803507,-0.8665723724876717,0.8391608391608392,0.0001603206474101171,0.0002092182112392038,0.00013512358418665826,1.186474207112889,0.4363800268313147,0.3926073926073926
m4_chr3_127665795_127669890,m4,,,chr3,127665795,127669890,promoter,0.103759765625,0.021882185712456703,0.010592754930257797,0.010484314523637295,2.0871355645733884,21.556568037891942,0.000999000999000999,0.020111525431275368,0.008824212476611137,0.008866354823112488,2.2682969306449796,23.66297186173486,0.000999000999000999
m4_chr3_127665795_127669890,m4,,,chr3,127665795,127669890,tfbs,0.018310546875,0.000290705356746912,0.0002896477235481143,0.00027284020325168967,1.0654784495917637,0.21329020102303145,0.45754245754245754,5.2855521062156186e-05,6.95048802299425e-05,6.66508058202453e-05,0.7930214858122725,-0.3209335565074242,0.7172827172827173
m4_chr3_17001367_17005462,m4,,,chr3,17001367,17005462,promoter,0.172119140625,0.019649969413876534,0.030156804248690605,0.028602048754692078,0.6870126536181439,-10.236384250101935,1.0,0.019283169880509377,0.029598485678434372,0.028076764196157455,0.6868017178115006,-10.58224748284891,1.0
m4_chr3_17001367_17005462,m4,,,chr3,17001367,17005462,tfbs,0.04150390625,0.002122196601703763,0.0017024656990543008,0.0018452632939442992,1.150077936665348,1.3147211341080065,0.1108891108891109,0.001440997701138258,0.0008800526848062873,0.00091610784875229,1.5729563971107239,3.4343453039791862,0.001998001998001998
m4_chr7_120066194_120070289,m4,,,chr7,120066194,120070289,promoter,0.17578125,0.041281577199697495,0.0312567800283432,0.029818639159202576,1.3844219040075558,13.208150199585939,0.000999000999000999,0.04063864424824715,0.030031198635697365,0.028602533042430878,1.4208057792630153,13.69646750594165,0.000999000999000999
m4_chr7_120066194_120070289,m4,,,chr7,120066194,120070289,tfbs,0.035400390625,0.006697205826640129,0.0012751418398693204,0.0012190790148451924,5.493660168935472,30.012860307946447,0.000999000999000999,0.0034825471229851246,0.0005413995240814984,0.00047480512876063585,7.334687247535579,27.1640429768934,0.000999000999000999
m4_chr7_137924469_137928564,m4,,,chr7,137924469,137928564,promoter,0.1416015625,0.020395001396536827,0.020375056192278862,0.02060583047568798,0.9897684745392862,-0.2850402159118945,0.6253746253746254,0.01889023184776306,0.018727853894233704,0.018992342054843903,0.9946236116227278,-0.14205551472895522,0.5704295704295704
m4_chr7_137924469_137928564,m4,,,chr7,137924469,137928564,tfbs,0.024658203125,8.06126554380171e-05,0.0006747348234057426,0.0007205427973531187,0.11187767851423128,-4.745684217501107,1.0,2.68708845396759e-05,0.00031815451802685857,0.0003697433858178556,0.07267441574441885,-3.520566110372244,1.0
m4_chr7_4391321_4395416,m4,,,chr7,4391321,4395416,promoter,0.1513671875,0.01855342462658882,0.02354884333908558,0.023106660693883896,0.8029470321299922,-5.843826020669292,1.0,0.017664799466729164,0.022415993735194206,0.021968521177768707,0.8040959754999466,-5.792309883438357,1.0
m4_chr7_4391321_4395416,m4,,,chr7,4391321,4395416,tfbs,0.072998046875,0.009855665266513824,0.006290319375693798,0.008121795952320099,1.2134834862107589,3.6560590646831725,0.000999000999000999,0.009586385451257229,0.005469831172376871,0.007608600426465273,1.2599407136577385,4.358776482372067,0.000999000999000999
m4_chrX_127567034_127571129,m4,,,chrX,127567034,127571129,promoter,0.22607421875,0.06829814612865448,0.050782185047864914,0.05235543102025986,1.304509289632728,14.00794916803979,0.000999000999000999,0.05139688774943352,0.04124901443719864,0.042089782655239105,1.22112504524981,9.126015094995232,0.000999000999000999
m4_chrX_127567034_127571129,m4,,,chrX,127567034,127571129,tfbs,0.032958984375,0.0032522925175726414,0.00108551443554461,0.0010407869704067707,3.1248397703341233,13.316347123763379,0.000999000999000999,0.0014128811890259385,0.00042466219747439027,0.0003601514035835862,3.9230200825748778,10.780647628312481,0.000999000999000999
m4_chrX_130740848_130744943,m4,,,chrX,130740848,130744943,promoter,0.18701171875,0.03613526001572609,0.035935308784246445,0.03494436666369438,1.0340796948330155,1.2836916001785426,0.1028971028971029,0.03101498819887638,0.03237695246934891,0.03166011720895767,0.9796232905322674,-0.733470878579525,0.7832167832167832
m4_chrX_130740848_130744943,m4,,,chrX,130740848,130744943,tfbs,0.027587890625,0.001146727823652327,0.0007448464748449624,0.0006962504703551531,1.6470047382048996,3.3876042616321462,0.002997002997002997,0.0005866979481652379,0.0003490884555503726,0.00031684356508776546,1.851695956023986,2.834015796550262,0.006993006993006993
m4_chrX_83970161_83974256,m4,,,chrX,83970161,83974256,promoter,0.168701171875,0.02591555193066597,0.029366016387939453,0.0290930587798357,0.8907812728384528,-3.671664059110203,1.0,0.02405696175992489,0.026159843429923058,0.0260198712348938,0.9245611380145279,-2.3839214151005153,0.99000999000999
m4_chrX_83970161_83974256,m4,,,chrX,83970161,83974256,tfbs,0.038818359375,0.0012565116630867124,0.001518534729257226,0.001413470832630992,0.8889547870951674,-0.7913621391157765,0.8061938061938062,0.0005235464777797461,0.0008190820808522403,0.0007235936354845762,0.7235365985898112,-1.4720720276957113,0.9560439560439561
m5_chr10_110104373_110108468,m5,,,chr10,110104373,110108468,promoter,0.190673828125,0.05074070021510124,0.03534480556845665,0.03533110022544861,1.4361483195067122,16.15806571162529,0.000999000999000999,0.04411764815449715,0.03226199001073837,0.03249397128820419,1.3577179521455578,12.36911632590261,0.000999000999000999
m5_chr10_110104373_110108468,m5,,,chr10,110104373,110108468,tfbs,0.033447265625,0.001513840863481164,0.001067794393748045,0.0011943663703277707,1.2674845014815008,1.789274144983226,0.04995004995004995,0.0008109861519187689,0.0004841569170821458,0.0005610132357105613,1.4455740084128317,2.023747984705854,0.04095904095904096
m5_chr10_19287595_19291690,m5,,,chr10,19287595,19291690,promoter,0.1923828125,0.036690570414066315,0.037219516932964325,0.0371866375207901,0.9866600709341777,-0.5094681846911601,0.7092907092907093,0.03593572974205017,0.03485363349318504,0.03496994450688362,1.0276175798613705,1.0169051244416911,0.15884115884115885
m5_chr10_19287595_19291690,m5,,,chr10,19287595,19291690,tfbs,0.017333984375,0.00018870976055040956,0.0003124496142845601,0.00024286945699714124,0.7770007924571216,-0.674749413691128,0.8031968031968032,0.0,0.00010567752178758383,7.720924622844905e-05,0.0,-1.7080619875912466,1.0
m5_chr10_4663039_4667134,m5,,,chr10,4663039,4667134,promoter,0.18896484375,0.03442930430173874,0.035203706473112106,0.036776427179574966,0.9361786052142721,-2.4296567664560973,0.99000999000999,0.030431590974330902,0.031027058139443398,0.03222191333770752,0.9444377388576269,-2.0132583427562474,0.981018981018981
m5_chr10_4663039_4667134,m5,,,chr10,4663039,4667134,tfbs,0.045166015625,0.0012509857770055532,0.0020828840788453817,0.0019378314027562737,0.6455596576803401,-3.0210340316088122,0.999000999000999,0.000761469651479274,0.0008555625099688768,0.0008792798616923392,0.8660151160674631,-0.7690989981775374,0.7892107892107892
m5_chr1_117801428_117805523,m5,,,chr1,117801428,117805523,promoter,0.170166015625,0.03993102163076401,0.028551805764436722,0.029250064864754677,1.3651601052987583,12.604382745836118,0.000999000999000999,0.038341328501701355,0.025916406884789467,0.026771271601319313,1.4321818205980121,13.523406809951469,0.000999000999000999
m5_chr1_117801428_117805523,m5,,,chr1,117801428,117805523,tfbs,0.027587890625,0.0005658242153003812,0.0007409614627249539,0.0006738158408552408,0.8397312455317297,-0.7850690295556836,0.8191808191808192,0.0005119362031109631,0.0003467699862085283,0.00030104542383924127,1.7005281016473377,2.3194730175659743,0.030969030969030968
m5_chr1_188000709_188004804,m5,,,chr1,188000709,188004804,promoter,0.195556640625,0.03143684193491936,0.03890403360128403,0.03720596432685852,0.8449409255662135,-6.007560792956482,1.0,0.026972919702529907,0.036952607333660126,0.03490225225687027,0.7728131555527472,-8.42419406884339,1.0
m5_chr1_188000709_188004804,m5,,,chr1,188000709,188004804,tfbs,0.02880859375,0.0008657305734232068,0.000833812402561307,0.0006405864842236042,1.3514655627998131,1.695674741546277,0.061938061938061936,0.0008386765257455409,0.0005262054619379342,0.0003555988660082221,2.358490439410313,4.864606949649096,0.000999000999000999
m5_chr1_236620149_236624244,m5,,,chr1,236620149,236624244,promoter,0.160888671875,0.03573539853096008,0.025077175348997116,0.0246436670422554,1.450084456574023,13.916866522907476,0.000999000999000999,0.034177012741565704,0.023154960945248604,0.022710222750902176,1.504917548208901,15.045882552147319,0.000999000999000999
m5_chr1_236620149_236624244,m5,,,chr1,236620149,236624244,tfbs,0.02734375,0.0005373744061216712,0.0007824274362064898,0.0006083346670493484,0.8833532514728101,-0.5748898551172291,0.7612387612387612,0.00010747487976914272,0.0002869617019314319,0.0002318233164260164,0.4636068598537284,-1.577803315947047,0.974025974025974
m5_chr14_101543080_101547175,m5,,,chr14,101543080,101547175,promoter,0.12109375,0.02403911016881466,0.014293080195784569,0.015282310545444489,1.573002334779834,14.33203179555244,0.000999000999000999,0.019582422450184822,0.011637420393526554,0.012609567493200302,1.5529812946197104,12.168053651571947,0.000999000999000999
m5_chr14_101543080_101547175,m5,,,chr14,101543080,101547175,tfbs,0.029296875,0.001053399289958179,0.0007824905915185809,0.0009924102341756225,1.0614554885492682,0.3767023409254982,0.3596403596403596,0.0006212354637682438,0.0001871818967629224,0.0002463063283357769,2.5222066682807474,4.7891618378383605,0.000999000999000999
m5_chr14_26677340_26681435,m5,,,chr14,26677340,26681435,promoter,0.176025390625,0.025558071210980415,0.03110627643764019,0.030215516686439514,0.8458591483378696,-5.188401870784812,1.0,0.025153672322630882,0.029677918180823326,0.02882346697151661,0.8726803180022645,-4.296736607189711,1.0
m5_chr14_26677340_26681435,m5,,,chr14,26677340,26681435,tfbs,0.03466796875,0.000593119824770838,0.0010997114004567266,0.0011010729940608144,0.5386743912257637,-2.9392553367153673,1.0,0.0003504798805806786,0.00035237136762589216,0.00035120779648423195,0.9979273925270448,-0.007262785065076062,0.5424575424575424
m5_chr14_33378322_33382417,m5,,,chr14,33378322,33382417,promoter,0.18798828125,0.0372450090944767,0.035373929888010025,0.0348670519888401,1.0682006929177066,2.480445803951665,0.003996003996003996,0.0365939661860466,0.03459213674068451,0.03402886167168617,1.0753802621759379,2.797470960347066,0.003996003996003996
m5_chr14_33378322_33382417,m5,,,chr14,33378322,33382417,tfbs,0.03271484375,0.001220703125,0.0009849752532318234,0.0009102647309191525,1.3410418788470229,1.9675299641820625,0.04195804195804196,0.000244140625,0.0002699119795579463,0.0002763129596132785,0.8835655965673627,-0.3674206891990134,0.6923076923076923
m5_chr17_22742263_22746358,m5,,,chr17,22742263,22746358,promoter,0.11328125,0.024659955874085426,0.012874121777713299,0.013367168605327606,1.8448152037415746,18.446240200275444,0.000999000999000999,0.02171468362212181,0.012333527207374573,0.012812814675271511,1.6947629519711027,15.059752279574049,0.000999000999000999
m5_chr17_22742263_22746358,m5,,,chr17,22742263,22746358,tfbs,0.011962890625,0.0006158294854685664,0.00017377200128976256,0.00011534754594322294,5.338904095729038,9.214327987288016,0.000999000999000999,0.0006158294854685664,6.586735253222287e-05,4.637463644030504e-05,13.27944610975619,16.378539846806316,0.000999000999000999
m5_chr17_35243344_35247439,m5,,,chr17,35243344,35247439,promoter,0.14404296875,0.025080230087041855,0.020857784897089005,0.020777488127350807,1.2070867245029036,5.701146290630298,0.000999000999000999,0.019740568473935127,0.018276654183864594,0.01803848333656788,1.0943585503065414,2.4914015565125287,0.008991008991008992
m5_chr17_35243344_35247439,m5,,,chr17,35243344,35247439,tfbs,0.022216796875,0.0003236158809158951,0.0004498304333537817,0.0005480704130604863,0.5904640593692841,-1.838302445865988,0.977022977022977,5.393597893998958e-05,0.0001156937942141667,0.00012799007527064532,0.42140751012090283,-1.2765212194526203,0.961038961038961
m5_chr17_72349260_72353355,m5,,,chr17,72349260,72353355,promoter,0.1240234375,0.01918516866862774,0.01529700681567192,0.015341049060225487,1.2505773622984393,6.305589516990579,0.000999000999000999,0.013984695076942444,0.01373661495745182,0.01403042208403349,0.996740867322653,-0.07495779482958156,0.5384615384615384
m5_chr17_72349260_72353355,m5,,,chr17,72349260,72353355,tfbs,0.02587890625,0.0006197456386871636,0.0006065343623049557,0.0006128476234152913,1.0112556776078054,0.055030724253266154,0.5124875124875125,8.083638385869563e-05,0.0001597844820935279,0.0001576040085637942,0.5129081715328012,-1.195392935476375,0.922077922077922
m5_chr21_12003041_12007136,m5,,,chr21,12003041,12007136,promoter,0.07275390625,0.010918323881924152,0.005326296668499708,0.00520908460021019,2.0960158492115086,15.455132891332596,0.000999000999000999,0.010918323881924152,0.005144041962921619,0.0050164200365543365,2.1765170783871794,15.894004788080979,0.000999000999000999
m5_chr21_12003041_12007136,m5,,,chr21,12003041,12007136,tfbs,0.0087890625,0.0014952743658795953,8.238141163019463e-05,4.4011852878611535e-05,33.97435618090632,41.93911994081508,0.000999000999000999,0.0014952743658795953,8.238141163019463e-05,4.1303428588435054e-05,36.20218507231314,42.18167425993714,0.000999000999000999
m5_chr21_19112010_19116105,m5,,,chr21,19112010,19116105,promoter,0.21630859375,0.08711488544940948,0.045891258865594864,0.045206986367702484,1.9270226230264162,39.119613048632985,0.000999000999000999,0.0839654952287674,0.04523343965411186,0.044437989592552185,1.8894980623254845,35.81754522175075,0.000999000999000999
m5_chr21_19112010_19116105,m5,,,chr21,19112010,19116105,tfbs,0.02099609375,0.0005203341133892536,0.0004203800344839692,0.0004159112577326596,1.2510700388968918,0.9738573564977427,0.1978021978021978,0.0004929481074213982,0.0003204199601896107,0.0003037655842490494,1.6227911685256713,2.0508778626044517,0.029970029970029972
m5_chr21_38658585_38662680,m5,,,chr21,38658585,38662680,promoter,0.160400390625,0.034178972244262695,0.025346070528030396,0.02518973872065544,1.3568609275107777,10.787599885665333,0.000999000999000999,0.02025722526013851,0.01763136312365532,0.016853630542755127,1.2019502390745411,5.220723285017668,0.000999000999000999
m5_chr21_38658585_38662680,m5,,,chr21,38658585,38662680,tfbs,0.024169921875,0.00032629090128466487,0.0005479040555655956,0.0005675014108419418,0.5749605112004595,-1.9105776191968566,0.991008991008991,0.00010876362648559734,0.0001128437725128606,0.00013489407137967646,0.8062891524674077,-0.42439587234731974,0.7242757242757243
m5_chr3_108979737_108983832,m5,,,chr3,108979737,108983832,promoter,0.167724609375,0.02658497728407383,0.027926597744226456,0.027179725468158722,0.978117947336089,-0.7078875765151691,0.7762237762237763,0.024884618818759918,0.02732417918741703,0.026486031711101532,0.9395374546927546,-1.9707005812808234,0.981018981018981
m5_chr3_108979737_108983832,m5,,,chr3,108979737,108983832,tfbs,0.023193359375,0.00013494912127498537,0.0005630123196169734,0.00046328033204190433,0.29129041735961075,-2.9495979570770743,1.0,5.397964923758991e-05,0.0002172698441427201,0.00012013169907731935,0.4493372661186407,-1.1744088199223022,0.9300699300699301
m5_chr3_127665795_127669890,m5,,,chr3,127665795,127669890,promoter,0.103759765625,0.02047506533563137,0.010344866663217545,0.010526548139750957,1.9450882724140357,18.74297871220462,0.000999000999000999,0.01797613874077797,0.008631335571408272,0.008882255293428898,2.023825948132423,18.704049610018355,0.000999000999000999
m5_chr3_127665795_127669890,m5,,,chr3,127665795,127669890,tfbs,0.018310546875,0.0004030524578411132,0.0002883202687371522,0.00028124998789280653,1.4330754673480361,1.4377146213937766,0.1068931068931069,0.00010748065687948838,7.25502977729775e-05,6.26612309133634e-05,1.7152656485170739,1.0767394726193276,0.22777222777222778
m5_chr3_17001367_17005462,m5,,,chr3,17001367,17005462,promoter,0.172119140625,0.024115581065416336,0.02991333417594433,0.028227951377630234,0.8543156654480841,-4.821827397240454,1.0,0.024034567177295685,0.02930436283349991,0.027660220861434937,0.868921737743812,-4.224352278931978,1.0
m5_chr3_17001367_17005462,m5,,,chr3,17001367,17005462,tfbs,0.04150390625,0.0017823386006057262,0.001655430649407208,0.0018017012625932693,0.9892531229291178,-0.08611034836330139,0.5484515484515484,0.0011072104098275304,0.0008358169579878449,0.0008851201273500919,1.2509154131906832,1.4119875738586225,0.1068931068931069
m5_chr7_120066194_120070289,m5,,,chr7,120066194,120070289,promoter,0.17578125,0.03693081811070442,0.030344950035214424,0.029788371175527573,1.2397729937326911,7.932324137546287,0.000999000999000999,0.03668731823563576,0.02920564077794552,0.028583751991391182,1.283502538319154,9.483026580743882,0.000999000999000999
m5_chr7_120066194_120070289,m5,,,chr7,120066194,120070289,tfbs,0.035400390625,0.004328886978328228,0.0011709636310115457,0.001228348701260984,3.524151549054702,17.042519479719616,0.000999000999000999,0.0024891102220863104,0.0005113496445119381,0.0004770162922795862,5.218082196294056,17.204707147715624,0.000999000999000999
m5_chr7_137924469_137928564,m5,,,chr7,137924469,137928564,promoter,0.1416015625,0.017019331455230713,0.019682979211211205,0.02066168189048767,0.823714717196675,-4.968663053503777,1.0,0.01650848239660263,0.01804286614060402,0.01906842552125454,0.8657496329836735,-3.570428454778836,1.0
m5_chr7_137924469_137928564,m5,,,chr7,137924469,137928564,tfbs,0.024658203125,0.00016132068412844092,0.0006415264797396958,0.0007261312566697598,0.22216463297324857,-4.208902770068053,1.0,8.066034206422046e-05,0.0003048998478334397,0.0003734304918907583,0.21599827495558793,-3.0449148520824374,1.0
m5_chr7_4391321_4395416,m5,,,chr7,4391321,4395416,promoter,0.1513671875,0.012780065648257732,0.023490559309720993,0.02324051968753338,0.5499044694389164,-13.430713484760025,1.0,0.012566172517836094,0.022381534799933434,0.022108174860477448,0.5683948402407704,-12.821504980064256,1.0
m5_chr7_4391321_4395416,m5,,,chr7,4391321,4395416,tfbs,0.072998046875,0.008154643699526787,0.00635549845173955,0.007807924412190914,1.0444060763183776,0.7834124043971161,0.23376623376623376,0.0077535961754620075,0.0055373660288751125,0.007297791540622711,1.0624578863759109,1.0368143818720368,0.15784215784215785
m5_chrX_127567034_127571129,m5,,,chrX,127567034,127571129,promoter,0.22607421875,0.06680013984441757,0.0503230020403862,0.052672628313302994,1.2682135291803265,12.329378660453196,0.000999000999000999,0.04223370552062988,0.041484009474515915,0.04235965013504028,0.9970267786913042,-0.12289049192841642,0.5534465534465535
m5_chrX_127567034_127571129,m5,,,chrX,127567034,127571129,tfbs,0.032958984375,0.002949054352939129,0.0009688530117273331,0.0010419631144031882,2.830286708016797,11.832800491101494,0.000999000999000999,0.001271610613912344,0.00037309364415705204,0.00035445470712147653,3.5875122783361584,9.574002766180294,0.000999000999000999
m5_chrX_130740848_130744943,m5,,,chrX,130740848,130744943,promoter,0.18701171875,0.026741597801446915,0.03619891032576561,0.03507954254746437,0.762313184821729,-8.731074366463655,1.0,0.023619482293725014,0.03278820216655731,0.031758975237607956,0.7437104666322981,-9.236870667226551,1.0
m5_chrX_130740848_130744943,m5,,,chrX,130740848,130744943,tfbs,0.027587890625,0.001221697311848402,0.0006876802071928978,0.0006807026220485568,1.794759227122904,4.080894122513085,0.000999000999000999,0.0005429766024462879,0.00032225679024122655,0.00031636530184186995,1.7162963172165002,2.510493498516647,0.017982017982017984
m5_chrX_83970161_83974256,m5,,,chrX,83970161,83974256,promoter,0.168701171875,0.024140609428286552,0.029052168130874634,0.029006458818912506,0.8322494510273218,-5.5578190415340565,1.0,0.02288133278489113,0.02601381577551365,0.025926532223820686,0.8825450541306215,-3.564551778946548,1.0
m5_chrX_83970161_83974256,m5,,,chrX,83970161,83974256,tfbs,0.038818359375,0.0015807946911081672,0.0014607668854296207,0.00141716911457479,1.115459457061673,0.8330219822553593,0.21878121878121878,0.0006698282668367028,0.0007630712352693081,0.0007195830694399774,0.930856068303557,-0.3549391273963102,0.6633366633366633
m6_chr10_110104373_110108468,m6,,,chr10,110104373,110108468,promoter,0.190673828125,0.05344974622130394,0.03561429679393768,0.03532879054546356,1.5129231823693783,19.125156708743788,0.000999000999000999,0.045517463237047195,0.0324416309595108,0.03252190724015236,1.3995939076060766,14.0663846147885,0.000999000999000999
m6_chr10_110104373_110108468,m6,,,chr10,110104373,110108468,tfbs,0.033447265625,0.0014640119625255466,0.0010256129316985607,0.001198839396238327,1.221191067893888,1.4530679695369988,0.07992007992007992,0.0007453151629306376,0.0004626304726116359,0.000550202326849103,1.3546201580042494,1.6268373739199857,0.07892107892107893
m6_chr10_19287595_19291690,m6,,,chr10,19287595,19291690,promoter,0.1923828125,0.0372440479695797,0.03724215552210808,0.037284545600414276,0.9989138225990843,-0.04110078146211465,0.5164835164835165,0.0367603600025177,0.03489682078361511,0.0349854901432991,1.0507315990700374,1.8669522972514097,0.03496503496503497
m6_chr10_19287595_19291690,m6,,,chr10,19287595,19291690,tfbs,0.017333984375,0.00021497285342775285,0.00029451059526763856,0.00023716880241408944,0.9064128639162956,-0.28712900083025467,0.6733266733266733,0.0,0.0001010364867397584,7.698715489823371e-05,0.0,-1.6549983220926707,1.0
m6_chr10_4663039_4667134,m6,,,chr10,4663039,4667134,promoter,0.18896484375,0.03444100543856621,0.035418152809143066,0.0368586890399456,0.9344066849811389,-2.421427566207937,0.991008991008991,0.030108973383903503,0.03118942491710186,0.03229239955544472,0.9323857563513557,-2.3905586923608184,0.993006993006993
m6_chr10_4663039_4667134,m6,,,chr10,4663039,4667134,tfbs,0.045166015625,0.0012108166702091694,0.002077232114970684,0.00194066995754838,0.6239168414493191,-3.191499301919088,1.0,0.0007264899904839694,0.0008510732441209257,0.0008819588692858815,0.8237232095326683,-0.9996194729190001,0.8621378621378621
m6_chr1_117801428_117805523,m6,,,chr1,117801428,117805523,promoter,0.170166015625,0.04183819144964218,0.028511805459856987,0.029277881607413292,1.4290033688451202,14.131057235618405,0.000999000999000999,0.040062420070171356,0.025927258655428886,0.026880405843257904,1.4903949108424546,16.013475726389636,0.000999000999000999
m6_chr1_117801428_117805523,m6,,,chr1,117801428,117805523,tfbs,0.027587890625,0.0004304894246160984,0.0007291402434930205,0.0006640568026341498,0.6482719895473593,-1.7622902860540879,0.981018981018981,0.0003766782465390861,0.00033362876274622977,0.00029733366682194173,1.2668536683558942,0.8726380035836856,0.22277722277722278
m6_chr1_188000709_188004804,m6,,,chr1,188000709,188004804,promoter,0.195556640625,0.029871048405766487,0.03876052051782608,0.037211086601018906,0.8027459323090169,-7.6066025806407245,1.0,0.02475651539862156,0.03681754320859909,0.03496292233467102,0.7080791234110237,-10.477389908515628,1.0
m6_chr1_188000709_188004804,m6,,,chr1,188000709,188004804,tfbs,0.02880859375,0.0005985091556794941,0.0008781757205724716,0.0006409217021428049,0.933825697707673,-0.3243239153067524,0.6493506493506493,0.0005713042337447405,0.0005468194140121341,0.00034846836933866143,1.6394722850426475,2.2483311132408663,0.03496503496503497
m6_chr1_236620149_236624244,m6,,,chr1,236620149,236624244,promoter,0.160888671875,0.03671342879533768,0.025438152253627777,0.024593330919742584,1.4928205095579608,15.22844722737301,0.000999000999000999,0.03418989107012749,0.023479262366890907,0.022665781900286674,1.508436427233735,14.65250637125223,0.000999000999000999
m6_chr1_236620149_236624244,m6,,,chr1,236620149,236624244,tfbs,0.02734375,0.00035275283153168857,0.0008061864064075053,0.0005950669292360544,0.592795220504947,-1.9020204136226972,0.989010989010989,2.7134832635056227e-05,0.0002990297507494688,0.00023116165539249778,0.11738466134871291,-2.565205216541736,1.0
m6_chr14_101543080_101547175,m6,,,chr14,101543080,101547175,promoter,0.12109375,0.02033880166709423,0.014561387710273266,0.015404232777655125,1.320338504401013,7.825300842822358,0.000999000999000999,0.01720769703388214,0.01188493613153696,0.012724597007036209,1.352317643094469,8.042221860237824,0.000999000999000999
m6_chr14_101543080_101547175,m6,,,chr14,101543080,101547175,tfbs,0.029296875,0.0008831321611069143,0.0008253353298641741,0.001002569100819528,0.8808691195300327,-0.7530451575114374,0.7932067932067932,0.0004817084700334817,0.00020740430045407265,0.00024840098922140896,1.9392373256779472,2.8927756695154896,0.005994005994005994
m6_chr14_26677340_26681435,m6,,,chr14,26677340,26681435,promoter,0.176025390625,0.02638772316277027,0.031118229031562805,0.03060883842408657,0.862094888971852,-4.754020432566238,1.0,0.02606295235455036,0.029694365337491035,0.029236730188131332,0.8914455271448458,-3.7183418397582404,1.0
m6_chr14_26677340_26681435,m6,,,chr14,26677340,26681435,tfbs,0.03466796875,0.00043302931590005755,0.0011672922410070896,0.0011077971430495381,0.3908922482937776,-3.985098023577636,1.0,0.00021651465795002878,0.00037321954732760787,0.0003561665944289416,0.607902766111956,-1.4759491375629188,0.9500499500499501
m6_chr14_33378322_33382417,m6,,,chr14,33378322,33382417,promoter,0.18798828125,0.03757800906896591,0.03560241311788559,0.03492170572280884,1.0760645361152028,2.9317259390833694,0.001998001998001998,0.037338998168706894,0.03481287881731987,0.03404395282268524,1.0967879776823681,3.636736062923876,0.001998001998001998
m6_chr14_33378322_33382417,m6,,,chr14,33378322,33382417,tfbs,0.03271484375,0.001301288022659719,0.0009703882969915867,0.0008898951346054673,1.4622936704071785,2.6488305896241884,0.007992007992007992,0.0002921258856076747,0.0002647720684763044,0.0002749435661826283,1.0624939861790883,0.20771367192090287,0.46353646353646355
m6_chr17_22742263_22746358,m6,,,chr17,22742263,22746358,promoter,0.11328125,0.016485758125782013,0.012919667176902294,0.013526838272809982,1.2187443801202011,4.877594521772447,0.000999000999000999,0.014690279960632324,0.012382934801280499,0.012948882766067982,1.1344824280228718,2.9178178680182056,0.002997002997002997
m6_chr17_22742263_22746358,m6,,,chr17,22742263,22746358,tfbs,0.011962890625,0.00021763377299066633,0.00014173222007229924,0.00011518266546772793,1.8894663715838675,1.7503516515768243,0.06793206793206794,0.00019042954954784364,5.304756996338256e-05,5.024619895266369e-05,3.789929457693803,3.7270279584361288,0.002997002997002997
m6_chr17_35243344_35247439,m6,,,chr17,35243344,35247439,promoter,0.14404296875,0.02331014908850193,0.020847924053668976,0.020844245329499245,1.1183014170109042,3.3742569513164122,0.000999000999000999,0.019289284944534302,0.018322929739952087,0.018139535561203957,1.0633836174829845,1.6699324647928464,0.04795204795204795
m6_chr17_35243344_35247439,m6,,,chr17,35243344,35247439,tfbs,0.022216796875,0.0004890240961685777,0.0004384918720461428,0.0005478971870616078,0.8925471926425309,-0.49228265251354203,0.7132867132867133,0.00010867202945519239,0.00011546409223228693,0.00012758096272591501,0.8517887554168634,-0.3231244056016831,0.6853146853146853
m6_chr17_72349260_72353355,m6,,,chr17,72349260,72353355,promoter,0.1240234375,0.01777898520231247,0.015253614634275436,0.015348048880696297,1.1583873194900776,3.859548594601533,0.000999000999000999,0.012994427233934402,0.013736979104578495,0.014086639508605003,0.9224646677439705,-1.7665810587644162,0.9660339660339661
m6_chr17_72349260_72353355,m6,,,chr17,72349260,72353355,tfbs,0.02587890625,0.0007068098639138043,0.0006328601157292724,0.0005935300141572952,1.1908578286766944,0.8961162163963556,0.21878121878121878,0.00010873997234739363,0.0001745258632581681,0.0001568845909787342,0.6931207945217093,-0.7598297241796741,0.8411588411588412
m6_chr21_12003041_12007136,m6,,,chr21,12003041,12007136,promoter,0.07275390625,0.004714510403573513,0.005324923899024725,0.005095861852169037,0.9251644845055595,-1.047825211486086,0.8561438561438561,0.004686939995735884,0.005134137813001871,0.004894709214568138,0.9575522855956652,-0.5896020239856472,0.7322677322677322
m6_chr21_12003041_12007136,m6,,,chr21,12003041,12007136,tfbs,0.0087890625,0.00027570236125029624,7.885100058047101e-05,2.2194039047462866e-05,12.422360826737998,10.784301472104547,0.000999000999000999,0.00027570236125029624,7.885100058047101e-05,2.2056188754504547e-05,12.500000082470704,10.049994165756935,0.000999000999000999
m6_chr21_19112010_19116105,m6,,,chr21,19112010,19116105,promoter,0.21630859375,0.08035983890295029,0.04636155813932419,0.04507607966661453,1.782760157877451,31.583529702317716,0.000999000999000999,0.07671210169792175,0.04562460258603096,0.044324759393930435,1.7306828676982338,29.209365008353704,0.000999000999000999
m6_chr21_19112010_19116105,m6,,,chr21,19112010,19116105,tfbs,0.02099609375,0.000521104724612087,0.0004327934584580362,0.0004133457550778985,1.2606993496615937,1.019987661206312,0.1888111888111888,0.0004936781479045749,0.00032034394098445773,0.00030906996107660234,1.5973022618727344,2.022256948003412,0.03396603396603397
m6_chr21_38658585_38662680,m6,,,chr21,38658585,38662680,promoter,0.160400390625,0.033819179981946945,0.025488166138529778,0.025172976776957512,1.343471623622355,10.244986123738538,0.000999000999000999,0.020519502460956573,0.017897574231028557,0.016753006726503372,1.2248250595216785,5.608865883694132,0.000999000999000999
m6_chr21_38658585_38662680,m6,,,chr21,38658585,38662680,tfbs,0.024169921875,0.00032570637995377183,0.000569172203540802,0.000564014888368547,0.5774783373110959,-1.9008249843652718,0.987012987012987,8.142659498844296e-05,0.00012376849190331995,0.00013590097660198808,0.5991612203561735,-0.8879355412267452,0.8731268731268731
m6_chr3_108979737_108983832,m6,,,chr3,108979737,108983832,promoter,0.167724609375,0.02694699354469776,0.02818225510418415,0.027120359241962433,0.9936075442173189,-0.20732083964940057,0.5854145854145855,0.025331789627671242,0.027599161490797997,0.02645290456712246,0.9576184559768677,-1.414375312689344,0.922077922077922
m6_chr3_108979737_108983832,m6,,,chr3,108979737,108983832,tfbs,0.023193359375,0.00016152045282069594,0.0005456731305457652,0.00045414167107082903,0.3556609382262673,-2.669778854251347,0.999000999000999,2.6920073651126586e-05,0.00020755500008817762,0.0001056343680829741,0.2548420001905185,-1.5628936837031462,0.987012987012987
m6_chr3_127665795_127669890,m6,,,chr3,127665795,127669890,promoter,0.103759765625,0.0193958580493927,0.010496582835912704,0.010513924062252045,1.8447782135909947,17.660481601107193,0.000999000999000999,0.01676682010293007,0.00880165584385395,0.008887515403330326,1.886558767217125,15.802585795286731,0.000999000999000999
m6_chr3_127665795_127669890,m6,,,chr3,127665795,127669890,tfbs,0.018310546875,0.00037557678297162056,0.0002811464946717024,0.00027484173187986016,1.3665202165724748,1.1978432294905257,0.15184815184815184,5.365382457966916e-05,6.840873538749292e-05,6.465285696322098e-05,0.8298755399191589,-0.26930007425058217,0.6883116883116883
m6_chr3_17001367_17005462,m6,,,chr3,17001367,17005462,promoter,0.172119140625,0.0229792483150959,0.029703408479690552,0.0282333642244339,0.8139040084783468,-6.022725348384193,1.0,0.022952403873205185,0.02909645065665245,0.027737081050872803,0.8274988933084919,-5.700462915703183,1.0
m6_chr3_17001367_17005462,m6,,,chr3,17001367,17005462,tfbs,0.04150390625,0.0017180746654048562,0.0016810160595923662,0.0018046495970338583,0.9520267359540059,-0.3950821982232343,0.6703296703296703,0.0009932619286701083,0.0008517827955074608,0.0008888620068319142,1.1174534641325224,0.6924287221850853,0.2757242757242757
m6_chr7_120066194_120070289,m6,,,chr7,120066194,120070289,promoter,0.17578125,0.03756515309214592,0.030412888154387474,0.029759865254163742,1.2622756444399603,8.741212281414812,0.000999000999000999,0.03716006502509117,0.029203826561570168,0.0285241287201643,1.3027589865986668,10.073416916214674,0.000999000999000999
m6_chr7_120066194_120070289,m6,,,chr7,120066194,120070289,tfbs,0.035400390625,0.0047800373286008835,0.0011558599071577191,0.0012289556907489896,3.8895115296530176,19.651676978298383,0.000999000999000999,0.002484539058059454,0.0004885398666374385,0.00048208163934759796,5.153772422077276,16.80057641257525,0.000999000999000999
m6_chr7_137924469_137928564,m6,,,chr7,137924469,137928564,promoter,0.1416015625,0.017719045281410217,0.019769001752138138,0.02063145488500595,0.8588364407731446,-3.937409787853611,1.0,0.017094945535063744,0.01812843605875969,0.019089382141828537,0.89552115453781,-2.8101210468915028,0.997002997002997
m6_chr7_137924469_137928564,m6,,,chr7,137924469,137928564,tfbs,0.024658203125,8.140449790516868e-05,0.0006539468304254115,0.0007571703754365444,0.10751146709647105,-4.861246005339613,1.0,2.7134832635056227e-05,0.00030363755649887025,0.00040053724660538137,0.06774609069450686,-3.6989957363554944,1.0
m6_chr7_4391321_4395416,m6,,,chr7,4391321,4395416,promoter,0.1513671875,0.013103149831295013,0.023553233593702316,0.023227211087942123,0.5641292784434725,-13.012922689808459,1.0,0.01283298246562481,0.022421488538384438,0.022080106660723686,0.5812011084372272,-12.18619806558841,1.0
m6_chr7_4391321_4395416,m6,,,chr7,4391321,4395416,tfbs,0.072998046875,0.007672772277146578,0.006528681144118309,0.008204950019717216,0.9351394290895412,-1.1612279971107564,0.8831168831168831,0.007375587709248066,0.005679263733327389,0.007710650097578764,0.9565455073060686,-0.7313099249147833,0.7852147852147852
m6_chrX_127567034_127571129,m6,,,chrX,127567034,127571129,promoter,0.22607421875,0.06669721752405167,0.05017650127410889,0.052648261189460754,1.2668455902851976,11.91215890009795,0.000999000999000999,0.042406924068927765,0.041172344237565994,0.04244130104780197,0.9991900111913278,-0.03339847235828982,0.5104895104895105
m6_chrX_127567034_127571129,m6,,,chrX,127567034,127571129,tfbs,0.032958984375,0.0028846412897109985,0.0009567879023961723,0.0010554821928963065,2.733008012001955,10.635972285636246,0.000999000999000999,0.0012670854339376092,0.00036449063918553293,0.0003578303148970008,3.5410231642959924,9.344678119630535,0.000999000999000999
m6_chrX_130740848_130744943,m6,,,chrX,130740848,130744943,promoter,0.18701171875,0.027007857337594032,0.03640493005514145,0.03505578637123108,0.770425089073407,-8.46216045061059,1.0,0.023761458694934845,0.03288570046424866,0.031748391687870026,0.748430311952252,-8.804959518781398,1.0
m6_chrX_130740848_130744943,m6,,,chrX,130740848,130744943,tfbs,0.027587890625,0.0010093845194205642,0.0007139398367144167,0.000685181119479239,1.4731645264652518,2.409079009672286,0.016983016983016984,0.0005183325847610831,0.0003369184851180762,0.00031318198307417333,1.655052374575208,2.23710482575324,0.027972027972027972
m6_chrX_83970161_83974256,m6,,,chrX,83970161,83974256,promoter,0.168701171875,0.020496107637882233,0.02925271727144718,0.029085403308272362,0.7046870700277622,-10.32412567137647,1.0,0.019284117966890335,0.026146268472075462,0.026050850749015808,0.7402490672063323,-8.561979935853415,1.0
m6_chrX_83970161_83974256,m6,,,chrX,83970161,83974256,tfbs,0.038818359375,0.0012658569030463696,0.0014985509915277362,0.0014037005603313446,0.9017998131649695,-0.720258572576939,0.7922077922077922,0.0005925287259742618,0.0007923682569526136,0.0007272482616826892,0.8147544067046422,-0.9616389624192545,0.8431568431568431
