label,model_variant,epi_label,sample_index,chrom,window_start_1based,window_end_1based,group,group_position_fraction,top_group_pair_fraction,all_group_pair_fraction,group_background_mean,group_pair_enrichment,group_pair_z,group_pair_empirical_p,top_group_same_motif_fraction,all_group_same_motif_fraction,group_same_motif_background_mean,group_same_motif_enrichment,group_same_motif_z,group_same_motif_empirical_p
m0_chr10_110104373_110108468,m0,,,chr10,110104373,110108468,insulator,0.010986328125,5.491940464708023e-05,7.688617915846407e-05,7.455308514181525e-05,0.7366483163320775,-0.45551779032642375,0.7652347652347652,5.491940464708023e-05,7.688617915846407e-05,7.545925473095849e-05,0.7278021078115495,-0.4698461585831927,0.7712287712287712
m0_chr10_110104373_110108468,m0,,,chr10,110104373,110108468,promoter,0.479736328125,0.293626606464386,0.22861307859420776,0.2284165322780609,1.2854875412736857,29.87512730856781,0.000999000999000999,0.15954087674617767,0.13488911092281342,0.13582313060760498,1.1746222902717034,13.445524490509612,0.000999000999000999
m0_chr10_110104373_110108468,m0,,,chr10,110104373,110108468,tfbs,0.207275390625,0.04096987843513489,0.043147973716259,0.04448976740241051,0.920883178924309,-3.362373147646487,1.0,0.021693164482712746,0.023153722286224365,0.023200951516628265,0.9350118449739063,-1.911271006038707,0.974025974025974
m0_chr10_19287595_19291690,m0,,,chr10,19287595,19291690,insulator,0.010986328125,0.0004142502148170024,0.0001157142105512321,8.44794194563292e-05,4.903563702058168,7.126550356195021,0.000999000999000999,0.0004142502148170024,0.0001157142105512321,8.340236672665924e-05,4.966888004205629,6.857930087133937,0.000999000999000999
m0_chr10_19287595_19291690,m0,,,chr10,19287595,19291690,promoter,0.49853515625,0.22281137108802795,0.2494378536939621,0.2471134066581726,0.9016563451623602,-11.28248518866702,1.0,0.12786522507667542,0.14199873805046082,0.1403546780347824,0.9110150574745226,-7.008169653705557,1.0
m0_chr10_19287595_19291690,m0,,,chr10,19287595,19291690,tfbs,0.225341796875,0.05722176283597946,0.050194837152957916,0.050967272371053696,1.1227158169146587,5.691933382583355,0.000999000999000999,0.036509253084659576,0.03131049871444702,0.0321117639541626,1.1369432441261744,4.755738537607791,0.000999000999000999
m0_chr10_4663039_4667134,m0,,,chr10,4663039,4667134,insulator,0.010986328125,0.0,0.00011923515558009967,8.281275950139388e-05,0.0,-1.697402869137098,1.0,0.0,0.00011923515558009967,8.286708180094138e-05,0.0,-1.8192977427153467,1.0
m0_chr10_4663039_4667134,m0,,,chr10,4663039,4667134,promoter,0.4716796875,0.23904068768024445,0.22259899973869324,0.22648724913597107,1.0554266899887903,5.7653703783110055,0.000999000999000999,0.1477266550064087,0.1339646428823471,0.13369381427764893,1.1049625280315292,7.673349472629506,0.000999000999000999
m0_chr10_4663039_4667134,m0,,,chr10,4663039,4667134,tfbs,0.2392578125,0.039627354592084885,0.058374978601932526,0.055366452783346176,0.7157286154334327,-12.738203192874481,1.0,0.021239610388875008,0.03099570795893669,0.029457682743668556,0.7210210855244584,-9.30087834531077,1.0
m0_chr1_117801428_117805523,m0,,,chr1,117801428,117805523,insulator,0.019775390625,0.0007866966770961881,0.00033583410549908876,0.00048560890718363225,1.6200211022873596,2.7037614527602796,0.01098901098901099,0.0007866966770961881,0.00033583410549908876,0.00048362856614403427,1.6266546936391968,2.729394197468598,0.01098901098901099
m0_chr1_117801428_117805523,m0,,,chr1,117801428,117805523,promoter,0.489013671875,0.25345197319984436,0.23981891572475433,0.2418356090784073,1.04803413428529,5.1179256789429965,0.000999000999000999,0.15446382761001587,0.1395903378725052,0.1400577425956726,1.1028581836845082,7.842886386477013,0.000999000999000999
m0_chr1_117801428_117805523,m0,,,chr1,117801428,117805523,tfbs,0.22900390625,0.045981064438819885,0.052192360162734985,0.05216517671942711,0.8814513307628811,-5.28084202205063,1.0,0.026286520063877106,0.02799711562693119,0.028541166335344315,0.9210037093447321,-2.616402310108413,0.999000999000999
m0_chr1_188000709_188004804,m0,,,chr1,188000709,188004804,insulator,0.0087890625,0.0,5.7204139011446387e-05,4.565020208247006e-05,0.0,-1.3417241221134566,1.0,0.0,5.7204139011446387e-05,4.6499768359353766e-05,0.0,-1.2491707790948081,1.0
m0_chr1_188000709_188004804,m0,,,chr1,188000709,188004804,promoter,0.5302734375,0.24498753249645233,0.2844693958759308,0.28292644023895264,0.8659054003208111,-16.713368520912383,1.0,0.13426031172275543,0.15765801072120667,0.15494494140148163,0.8665033560203186,-10.062303735666651,1.0
m0_chr1_188000709_188004804,m0,,,chr1,188000709,188004804,tfbs,0.201904296875,0.03197213262319565,0.040933527052402496,0.040951430797576904,0.7807329805210967,-8.528410478683558,1.0,0.02291005849838257,0.022619422525167465,0.022280046716332436,1.0282769506757048,0.8085160294066676,0.21878121878121878
m0_chr1_236620149_236624244,m0,,,chr1,236620149,236624244,insulator,0.017578125,2.810409750964027e-05,0.0002773903252091259,0.00022834580158814788,0.12307691805225199,-2.499250138965739,1.0,2.810409750964027e-05,0.0002773903252091259,0.00023095947108231485,0.12168410924193648,-2.591699458489879,1.0
m0_chr1_236620149_236624244,m0,,,chr1,236620149,236624244,promoter,0.48974609375,0.21999888122081757,0.23820747435092926,0.23515768349170685,0.9355377122031232,-7.004868377152745,1.0,0.11834635585546494,0.1358223259449005,0.13409148156642914,0.8825792248170213,-8.704072687877723,1.0
m0_chr1_236620149_236624244,m0,,,chr1,236620149,236624244,tfbs,0.230712890625,0.03361250087618828,0.054715875536203384,0.054343681782484055,0.6185171812746444,-17.572968339257944,1.0,0.0183238722383976,0.02976086176931858,0.03007388673722744,0.6092951136813022,-12.797779341457126,1.0
m0_chr14_101543080_101547175,m0,,,chr14,101543080,101547175,insulator,0.032958984375,0.0005383198731578887,0.001072395360097289,0.00129361089784652,0.4161373980800813,-3.958093469754826,1.0,0.0005383198731578887,0.001072395360097289,0.0012903810711577535,0.41717899091227234,-3.9057234996127623,1.0
m0_chr14_101543080_101547175,m0,,,chr14,101543080,101547175,promoter,0.435302734375,0.1820937842130661,0.1921202540397644,0.19011755287647247,0.9577957503554668,-3.7010547984868363,1.0,0.10483071208000183,0.11890413612127304,0.1164974644780159,0.8998540230013702,-6.921557790867464,1.0
m0_chr14_101543080_101547175,m0,,,chr14,101543080,101547175,tfbs,0.218017578125,0.04162062704563141,0.04833315312862396,0.04814509302377701,0.8644832615667932,-5.63989269008299,1.0,0.022807763889431953,0.024877872318029404,0.024376768618822098,0.9356352454287701,-1.9289424201803733,0.971028971028971
m0_chr14_26677340_26681435,m0,,,chr14,26677340,26681435,insulator,0.017578125,5.698492896044627e-05,0.00028777445550076663,0.00016978659550659359,0.33562678367170207,-1.6630170063138112,0.987012987012987,5.698492896044627e-05,0.00028777445550076663,0.00016867538215592504,0.3378378529936804,-1.6207759899163292,0.978021978021978
m0_chr14_26677340_26681435,m0,,,chr14,26677340,26681435,promoter,0.473876953125,0.21819528937339783,0.21977221965789795,0.22305339574813843,0.9782199846882127,-2.1730198177823383,0.987012987012987,0.13570959866046906,0.13038063049316406,0.13380520045757294,1.0142326172404634,1.053968863485322,0.15284715284715283
m0_chr14_26677340_26681435,m0,,,chr14,26677340,26681435,tfbs,0.243408203125,0.04840869456529617,0.0577167272567749,0.05979006737470627,0.8096444224074433,-9.001181065389481,1.0,0.033621106296777725,0.033287812024354935,0.035587653517723083,0.9447407449899445,-2.08351738186323,0.985014985014985
m0_chr14_33378322_33382417,m0,,,chr14,33378322,33382417,insulator,0.019775390625,0.00027609054814092815,0.00037630790029652417,0.00040817228727974,0.6764068917587002,-1.2477922409287283,0.9230769230769231,0.00027609054814092815,0.00037630790029652417,0.00040604639798402786,0.6799482756445691,-1.2206782574060488,0.9050949050949051
m0_chr14_33378322_33382417,m0,,,chr14,33378322,33382417,promoter,0.50341796875,0.23224738240242004,0.25532835721969604,0.25690576434135437,0.9040177942205673,-10.74979131140885,1.0,0.12401987612247467,0.15107451379299164,0.15091925859451294,0.8217630889354484,-14.64139589321734,1.0
m0_chr14_33378322_33382417,m0,,,chr14,33378322,33382417,tfbs,0.220947265625,0.04400883615016937,0.04796973243355751,0.04700135812163353,0.9363311595439457,-2.619160829427774,0.998001998001998,0.018801767379045486,0.024362830445170403,0.024050910025835037,0.7817486888790894,-6.559216916951624,1.0
m0_chr17_22742263_22746358,m0,,,chr17,22742263,22746358,insulator,0.0087890625,0.0,4.511935912887566e-05,7.299451681319624e-05,0.0,-1.6720607344504472,1.0,0.0,4.511935912887566e-05,7.166583964135498e-05,0.0,-1.6881308524139775,1.0
m0_chr17_22742263_22746358,m0,,,chr17,22742263,22746358,promoter,0.393798828125,0.18119913339614868,0.15183217823505402,0.1563268005847931,1.1591047262421559,13.264420075385258,0.000999000999000999,0.11462658643722534,0.09104616194963455,0.0937386080622673,1.22283217989628,13.377294075676474,0.000999000999000999
m0_chr17_22742263_22746358,m0,,,chr17,22742263,22746358,tfbs,0.29052734375,0.09879311174154282,0.08442524075508118,0.08197607845067978,1.2051456181937377,11.581356750904234,0.000999000999000999,0.07376958429813385,0.061673734337091446,0.06000802665948868,1.2293286149323683,10.62973972393456,0.000999000999000999
m0_chr17_35243344_35247439,m0,,,chr17,35243344,35247439,insulator,0.0263671875,0.0002180014707846567,0.0006172165158204734,0.0006629424751736224,0.3288391963836121,-3.4249041901827395,1.0,0.0002180014707846567,0.0006172165158204734,0.000667656771838665,0.32651727651065504,-3.3660097263277513,1.0
m0_chr17_35243344_35247439,m0,,,chr17,35243344,35247439,promoter,0.47265625,0.19475705921649933,0.22420655190944672,0.22024235129356384,0.8842852343003965,-11.787498188129161,1.0,0.1182112991809845,0.12819300591945648,0.12424430251121521,0.9514424145953403,-3.559452204131904,1.0
m0_chr17_35243344_35247439,m0,,,chr17,35243344,35247439,tfbs,0.2119140625,0.03776875510811806,0.04598276689648628,0.04467591270804405,0.8453941468400636,-6.4722920554217795,1.0,0.019293129444122314,0.025634240359067917,0.02468370832502842,0.7816138965051598,-6.527828411457694,1.0
m0_chr17_72349260_72353355,m0,,,chr17,72349260,72353355,insulator,0.026123046875,0.0007175580831244588,0.0005983363371342421,0.0005048020975664258,1.4214641472048102,1.7979363025116666,0.054945054945054944,0.0007175580831244588,0.0005983363371342421,0.0005009935703128576,1.4322700442569796,1.9382933674776794,0.04095904095904096
m0_chr17_72349260_72353355,m0,,,chr17,72349260,72353355,promoter,0.47119140625,0.22616879642009735,0.22324763238430023,0.22538940608501434,1.0034579723538073,0.362536486974724,0.36663336663336665,0.13702599704265594,0.13813704252243042,0.14074024558067322,0.9736091938543034,-2.001967132756864,0.977022977022977
m0_chr17_72349260_72353355,m0,,,chr17,72349260,72353355,tfbs,0.18408203125,0.019015289843082428,0.03407536447048187,0.03285684809088707,0.5787314045000064,-15.032812899651383,1.0,0.008997074328362942,0.017934635281562805,0.017173372209072113,0.5238967757078071,-12.409613449351447,1.0
m0_chr21_12003041_12007136,m0,,,chr21,12003041,12007136,insulator,0.00439453125,0.000191460843780078,1.4496353287540842e-05,6.181450771691743e-06,30.973447957699882,14.220176936864215,0.000999000999000999,0.000191460843780078,1.4496353287540842e-05,6.0720444707840215e-06,31.531528581732637,13.931175344590242,0.000999000999000999
m0_chr21_12003041_12007136,m0,,,chr21,12003041,12007136,promoter,0.391845703125,0.11383714526891708,0.15402375161647797,0.15434090793132782,0.7375694933683271,-21.293597569017667,1.0,0.09239353239536285,0.11584801226854324,0.11551208049058914,0.7998603436364409,-13.815007962592096,1.0
m0_chr21_12003041_12007136,m0,,,chr21,12003041,12007136,tfbs,0.31591796875,0.12822405993938446,0.09947233647108078,0.09997522085905075,1.2825584063491102,18.365925749658878,0.000999000999000999,0.10574109107255936,0.0667349174618721,0.0665714293718338,1.5883854691168482,29.46265636104379,0.000999000999000999
m0_chr21_19112010_19116105,m0,,,chr21,19112010,19116105,insulator,0.010986328125,0.0,0.00011576369433896616,0.00011701008770614862,0.0,-2.0532040074246938,1.0,0.0,0.00011576369433896616,0.00011905948485946283,0.0,-1.995416863428103,1.0
m0_chr21_19112010_19116105,m0,,,chr21,19112010,19116105,promoter,0.512939453125,0.2977733612060547,0.26188212633132935,0.25904664397239685,1.1494970814514178,17.9440653879087,0.000999000999000999,0.16868838667869568,0.15207721292972565,0.15057425200939178,1.1203003463578491,9.70085023758472,0.000999000999000999
m0_chr21_19112010_19116105,m0,,,chr21,19112010,19116105,tfbs,0.201416015625,0.0364462174475193,0.04016363248229027,0.03970076143741608,0.9180231342658954,-3.1447732129943025,1.0,0.021352609619498253,0.025457210838794708,0.025212859734892845,0.8468936028683698,-4.870683758781757,1.0
m0_chr21_38658585_38662680,m0,,,chr21,38658585,38662680,insulator,0.051513671875,0.002470972714945674,0.00248531112447381,0.0030967930797487497,0.7979134063248907,-2.2135314841381084,0.99000999000999,0.002470972714945674,0.00248531112447381,0.0030865902081131935,0.8005509472720574,-2.1168588581357852,0.984015984015984
m0_chr21_38658585_38662680,m0,,,chr21,38658585,38662680,promoter,0.482421875,0.2412785291671753,0.23384667932987213,0.23323024809360504,1.0345078785421526,3.7907568188619822,0.000999000999000999,0.12182161211967468,0.11720550805330276,0.1183047816157341,1.0297268669609958,2.095763122703525,0.02197802197802198
m0_chr21_38658585_38662680,m0,,,chr21,38658585,38662680,tfbs,0.206787109375,0.04429152235388756,0.04197901487350464,0.04140444099903107,1.069728784767896,2.819835029490207,0.002997002997002997,0.020697718486189842,0.02263057231903076,0.022527778521180153,0.9187642921262864,-2.397974913399999,0.99000999000999
m0_chr3_108979737_108983832,m0,,,chr3,108979737,108983832,insulator,0.010986328125,0.0,9.246764238923788e-05,6.16719844401814e-05,0.0,-1.538535665931717,1.0,0.0,9.246764238923788e-05,6.015789767843671e-05,0.0,-1.4657281712688657,1.0
m0_chr3_108979737_108983832,m0,,,chr3,108979737,108983832,promoter,0.47021484375,0.23911750316619873,0.22097685933113098,0.21905602514743805,1.0915814938450477,9.453014137711916,0.000999000999000999,0.14770454168319702,0.13772271573543549,0.13555586338043213,1.0896211938001539,7.065697439725856,0.000999000999000999
m0_chr3_108979737_108983832,m0,,,chr3,108979737,108983832,tfbs,0.213623046875,0.03936624526977539,0.047044672071933746,0.04458159580826759,0.8830156156607336,-4.854037632846844,1.0,0.02025090530514717,0.025451043620705605,0.02363799884915352,0.8567098016367134,-4.274619299520079,1.0
m0_chr3_127665795_127669890,m0,,,chr3,127665795,127669890,insulator,0.048828125,0.002953240415081382,0.0025231041945517063,0.0029426850378513336,1.00358698844568,0.03821002449495615,0.5044955044955045,0.002953240415081382,0.0025231041945517063,0.0029278371948748827,1.0086764456203259,0.09231615996046953,0.46853146853146854
m0_chr3_127665795_127669890,m0,,,chr3,127665795,127669890,promoter,0.38671875,0.14943942427635193,0.14789514243602753,0.1447552889585495,1.0323589925556622,2.5293963853692567,0.006993006993006993,0.08846049010753632,0.09274561703205109,0.08947880566120148,0.9886194775830953,-0.6675915128760679,0.7402597402597403
m0_chr3_127665795_127669890,m0,,,chr3,127665795,127669890,tfbs,0.141357421875,0.014793546870350838,0.019976740702986717,0.01888192631304264,0.7834765704033192,-5.825135042158896,1.0,0.007929997518658638,0.01110745593905449,0.010532650165259838,0.7528966968649914,-4.972295385262764,1.0
m0_chr3_17001367_17005462,m0,,,chr3,17001367,17005462,insulator,0.01318359375,0.00022435358550865203,0.0001463888183934614,0.00021605250367429107,1.0384215951826006,0.1081388285190886,0.4965034965034965,0.00022435358550865203,0.0001463888183934614,0.0002173144748667255,1.032391356564,0.08681037674408505,0.5144855144855145
m0_chr3_17001367_17005462,m0,,,chr3,17001367,17005462,promoter,0.474609375,0.18918615579605103,0.2290617674589157,0.2244950234889984,0.842718706436369,-15.895545235039572,1.0,0.10760558396577835,0.14296185970306396,0.13923752307891846,0.7728202971894909,-17.47031545692038,1.0
m0_chr3_17001367_17005462,m0,,,chr3,17001367,17005462,tfbs,0.27978515625,0.06537102162837982,0.07821622490882874,0.07628526538610458,0.8569285470466123,-7.780291744010962,1.0,0.035812441259622574,0.04339054599404335,0.04196735844016075,0.8533403719151355,-5.7754936666603305,1.0
m0_chr7_120066194_120070289,m0,,,chr7,120066194,120070289,insulator,0.024169921875,0.0009760065004229546,0.000532737874891609,0.0004955401527695358,1.9695810621361949,4.387021629775531,0.000999000999000999,0.0009760065004229546,0.000532737874891609,0.0005035651265643537,1.9381931927691276,4.0851074859776215,0.000999000999000999
m0_chr7_120066194_120070289,m0,,,chr7,120066194,120070289,promoter,0.51611328125,0.30028465390205383,0.26614391803741455,0.26433196663856506,1.1360133914966433,15.727825321458397,0.000999000999000999,0.18175409734249115,0.1659620851278305,0.1644073873758316,1.1055105262819205,8.893059316026235,0.000999000999000999
m0_chr7_120066194_120070289,m0,,,chr7,120066194,120070289,tfbs,0.211181640625,0.05812660977244377,0.04538682848215103,0.04534143954515457,1.2819753928314677,12.049639472304941,0.000999000999000999,0.028033075854182243,0.024473410099744797,0.024380777031183243,1.149802396302943,4.567729977967948,0.000999000999000999
m0_chr7_137924469_137928564,m0,,,chr7,137924469,137928564,insulator,0.0390625,0.0007533564930781722,0.0013980125077068806,0.0016914467560127378,0.4453917868831213,-4.447973840298977,1.0,0.0007533564930781722,0.0013980125077068806,0.0016738773556426167,0.45006672116007673,-4.527984363501351,1.0
m0_chr7_137924469_137928564,m0,,,chr7,137924469,137928564,promoter,0.470947265625,0.21064385771751404,0.22297410666942596,0.22217410802841187,0.9481026371019645,-5.1160567495167735,1.0,0.13081496953964233,0.13270248472690582,0.13155639171600342,0.994364225358494,-0.4110827399827286,0.6633366633366633
m0_chr7_137924469_137928564,m0,,,chr7,137924469,137928564,tfbs,0.26806640625,0.054430004209280014,0.07122868299484253,0.07540963590145111,0.7217911021399404,-15.607472554539088,1.0,0.03029569238424301,0.0390499122440815,0.04234950244426727,0.7153730418465413,-11.646669221534363,1.0
m0_chr7_4391321_4395416,m0,,,chr7,4391321,4395416,insulator,0.0087890625,2.7866020900546573e-05,7.384487253148109e-05,6.39803838566877e-05,0.4355400705779575,-0.8460683847515014,0.8961038961038961,2.7866020900546573e-05,7.384487253148109e-05,6.247562123462558e-05,0.4460303131023932,-0.8095999322597006,0.8861138861138861
m0_chr7_4391321_4395416,m0,,,chr7,4391321,4395416,promoter,0.539794921875,0.3375968337059021,0.296428918838501,0.29480451345443726,1.145154901972281,18.043579883887507,0.000999000999000999,0.20991472899913788,0.19831973314285278,0.19792897999286652,1.0605558064650429,5.865751028048117,0.000999000999000999
m0_chr7_4391321_4395416,m0,,,chr7,4391321,4395416,tfbs,0.2783203125,0.03608649596571922,0.07672342658042908,0.07405119389295578,0.4873182195804138,-27.552312844045613,1.0,0.01805718056857586,0.03871672600507736,0.04089054465293884,0.44159794695417615,-22.012315361880333,1.0
m0_chrX_127567034_127571129,m0,,,chrX,127567034,127571129,insulator,0.01318359375,0.0,0.00016520111239515245,0.000151793981785886,0.0,-2.3763093110397593,1.0,0.0,0.00016520111239515245,0.00015244934184011072,0.0,-2.392567907206293,1.0
m0_chrX_127567034_127571129,m0,,,chrX,127567034,127571129,promoter,0.505859375,0.23813554644584656,0.255387544631958,0.2564619779586792,0.9285413313166235,-8.051846776465505,1.0,0.10813172161579132,0.14351552724838257,0.1430269181728363,0.756023572325896,-19.316148785421188,1.0
m0_chrX_127567034_127571129,m0,,,chrX,127567034,127571129,tfbs,0.23876953125,0.05182677134871483,0.05877227336168289,0.05879083648324013,0.8815450578507997,-5.748952575574282,1.0,0.022500136867165565,0.03016817942261696,0.030116569250822067,0.7471015931388466,-8.485519807453885,1.0
m0_chrX_130740848_130744943,m0,,,chrX,130740848,130744943,insulator,0.015380859375,0.0005055185756646097,0.0002033305208897218,0.00022355154214892536,2.261306590888305,3.584251888395306,0.001998001998001998,0.0005055185756646097,0.0002033305208897218,0.00022473109129350632,2.249437640136698,3.44840713129939,0.005994005994005994
m0_chrX_130740848_130744943,m0,,,chrX,130740848,130744943,promoter,0.50244140625,0.2536860704421997,0.2525016963481903,0.2510101795196533,1.010660487664951,1.2455297275798203,0.1088911088911089,0.1271379292011261,0.13937267661094666,0.13830146193504333,0.9192811661010463,-6.076751306709799,1.0
m0_chrX_130740848_130744943,m0,,,chrX,130740848,130744943,tfbs,0.23828125,0.06538040190935135,0.05671152099967003,0.05629870668053627,1.161312679531852,7.47505060747172,0.000999000999000999,0.035302046686410904,0.032405100762844086,0.03219751641154289,1.0964214206830882,3.2249336939312836,0.001998001998001998
m0_chrX_83970161_83974256,m0,,,chrX,83970161,83974256,insulator,0.00439453125,0.0,8.179298674804159e-06,2.7264301039053862e-08,0.0,-0.03163860700886423,1.0,0.0,8.179298674804159e-06,2.7264301039053862e-08,0.0,-0.031638600747893125,1.0
m0_chrX_83970161_83974256,m0,,,chrX,83970161,83974256,promoter,0.47314453125,0.21606957912445068,0.22710396349430084,0.22402317821979523,0.9644965348739895,-3.669268347175259,1.0,0.11903593689203262,0.12783917784690857,0.1250019669532776,0.952272510531975,-3.5410728119932595,1.0
m0_chrX_83970161_83974256,m0,,,chrX,83970161,83974256,tfbs,0.2451171875,0.055810023099184036,0.06014483794569969,0.05949457734823227,0.9380690743043373,-2.928498913543528,0.997002997002997,0.027264300733804703,0.02983671985566616,0.029019057750701904,0.9395308754690783,-2.0568169095323157,0.9760239760239761
m1_chr10_110104373_110108468,m1,,,chr10,110104373,110108468,insulator,0.010986328125,0.0,9.562272316543385e-05,9.346014121547341e-05,0.0,-1.89197906505032,1.0,0.0,9.562272316543385e-05,9.450234210817143e-05,0.0,-1.9111001606181297,1.0
m1_chr10_110104373_110108468,m1,,,chr10,110104373,110108468,promoter,0.479736328125,0.29385095834732056,0.22835122048854828,0.22896994650363922,1.2833603834669636,29.53291373257722,0.000999000999000999,0.14830641448497772,0.13505835831165314,0.1351780742406845,1.097118858350639,7.603502052249222,0.000999000999000999
m1_chr10_110104373_110108468,m1,,,chr10,110104373,110108468,tfbs,0.207275390625,0.04900990054011345,0.04256487637758255,0.04326576739549637,1.1327639260875562,5.619200548097716,0.000999000999000999,0.02574257366359234,0.02305888570845127,0.022940853610634804,1.122127977472413,3.7178670818744073,0.000999000999000999
m1_chr10_19287595_19291690,m1,,,chr10,19287595,19291690,insulator,0.010986328125,0.001263390644453466,0.00013055064482614398,8.025162242120132e-05,15.742867325753858,27.113381748878886,0.000999000999000999,0.001263390644453466,0.00013055064482614398,7.804069173289463e-05,16.188870400810902,26.80951685085396,0.000999000999000999
m1_chr10_19287595_19291690,m1,,,chr10,19287595,19291690,promoter,0.49853515625,0.2001684457063675,0.24961519241333008,0.2476242333650589,0.80835564026268,-21.718360294670013,1.0,0.11473166197538376,0.14202198386192322,0.14077937602996826,0.8149749289339113,-14.95191824497852,1.0
m1_chr10_19287595_19291690,m1,,,chr10,19287595,19291690,tfbs,0.225341796875,0.049061670899391174,0.05032332241535187,0.051053695380687714,0.9609817768049349,-1.7448482123100424,0.967032967032967,0.029531756415963173,0.03133030980825424,0.03180849179625511,0.9284236613645421,-2.54347332163278,0.9920079920079921
m1_chr10_4663039_4667134,m1,,,chr10,4663039,4667134,insulator,0.010986328125,2.6321331461076625e-05,0.00011134063242934644,9.170352132059634e-05,0.28702639857260237,-1.3483793446343757,0.972027972027972,2.6321331461076625e-05,0.00011134063242934644,9.225626126863062e-05,0.2853067217241169,-1.3585319729265886,0.965034965034965
m1_chr10_4663039_4667134,m1,,,chr10,4663039,4667134,promoter,0.4716796875,0.23149611055850983,0.22166551649570465,0.22615674138069153,1.0236091533032416,2.497410394013468,0.004995004995004995,0.13044852018356323,0.1335616409778595,0.13409970700740814,0.9727725965602355,-2.1436469299503167,0.984015984015984
m1_chr10_4663039_4667134,m1,,,chr10,4663039,4667134,tfbs,0.2392578125,0.03742893412709236,0.05902238190174103,0.055694304406642914,0.6720424022860773,-15.337061253001341,1.0,0.020083175972104073,0.03114563412964344,0.029611127451062202,0.6782307092256177,-11.402640241036169,1.0
m1_chr1_117801428_117805523,m1,,,chr1,117801428,117805523,insulator,0.019775390625,0.0008266887161880732,0.0003408060874789953,0.0003866236365865916,2.1382260109255395,4.320251308816752,0.000999000999000999,0.0008266887161880732,0.0003408060874789953,0.000388863671105355,2.1259088405923574,4.26200491572984,0.001998001998001998
m1_chr1_117801428_117805523,m1,,,chr1,117801428,117805523,promoter,0.489013671875,0.24115309119224548,0.24020668864250183,0.2398710399866104,1.005344751937152,0.5818160301475945,0.2897102897102897,0.14987066388130188,0.13982009887695312,0.1391810029745102,1.076804022663563,6.153215546149843,0.000999000999000999
m1_chr1_117801428_117805523,m1,,,chr1,117801428,117805523,tfbs,0.22900390625,0.03914771229028702,0.05140571668744087,0.052049972116947174,0.7521178340370474,-11.43234881477243,1.0,0.02277394011616707,0.02756449207663536,0.027977092191576958,0.8140209840329153,-5.898362543124484,1.0
m1_chr1_188000709_188004804,m1,,,chr1,188000709,188004804,insulator,0.0087890625,0.0,5.616382259177044e-05,4.574070044327527e-05,0.0,-1.3812690625962296,1.0,0.0,5.616382259177044e-05,4.605417780112475e-05,0.0,-1.2944943723597988,1.0
m1_chr1_188000709_188004804,m1,,,chr1,188000709,188004804,promoter,0.5302734375,0.24628405272960663,0.2825714349746704,0.2828870415687561,0.8706091709391607,-15.800406405928726,1.0,0.13667353987693787,0.15665005147457123,0.15479879081249237,0.8829109010450242,-9.560967234246299,1.0
m1_chr1_188000709_188004804,m1,,,chr1,188000709,188004804,tfbs,0.201904296875,0.02962305024266243,0.041451774537563324,0.04101528227329254,0.7222442124201042,-11.676573149861454,1.0,0.01815522089600563,0.023010186851024628,0.022453907877206802,0.8085550628999946,-5.841209578678613,1.0
m1_chr1_236620149_236624244,m1,,,chr1,236620149,236624244,insulator,0.017578125,2.677734664757736e-05,0.00028598212520591915,0.0002402463578619063,0.11145786719051529,-2.784755654635886,1.0,2.677734664757736e-05,0.00028598212520591915,0.00024426294839940965,0.1096250856834498,-2.654316984533279,1.0
m1_chr1_236620149_236624244,m1,,,chr1,236620149,236624244,promoter,0.48974609375,0.22227875888347626,0.2390931099653244,0.2346753180027008,0.9471757011997236,-5.592947796102245,1.0,0.11736510694026947,0.13580964505672455,0.1337546408176422,0.877465680613521,-9.402364986409532,1.0
m1_chr1_236620149_236624244,m1,,,chr1,236620149,236624244,tfbs,0.230712890625,0.039925023913383484,0.05547651648521423,0.054127030074596405,0.7376171177018191,-12.444619266639029,1.0,0.020672110840678215,0.029777755960822105,0.029849696904420853,0.6925400585094919,-10.182618246479977,1.0
m1_chr14_101543080_101547175,m1,,,chr14,101543080,101547175,insulator,0.032958984375,0.0004527960263658315,0.0010253391228616238,0.0010557441273704171,0.42888803700346234,-3.6188931260706863,1.0,0.0004527960263658315,0.0010253391228616238,0.0010741580044850707,0.42153577450916324,-3.7605063811971116,1.0
m1_chr14_101543080_101547175,m1,,,chr14,101543080,101547175,promoter,0.435302734375,0.1663270741701126,0.19001124799251556,0.18927480280399323,0.8787597276873429,-11.57518038114575,1.0,0.08525142818689346,0.11704186350107193,0.11626608669757843,0.7332441523437725,-19.901368461501225,1.0
m1_chr14_101543080_101547175,m1,,,chr14,101543080,101547175,tfbs,0.218017578125,0.0371544286608696,0.04784303903579712,0.0475018247961998,0.7821684497443138,-9.81122255133527,1.0,0.024627072736620903,0.02475731261074543,0.02432747185230255,1.012315331660326,0.39166348150068536,0.3436563436563437
m1_chr14_26677340_26681435,m1,,,chr14,26677340,26681435,insulator,0.017578125,0.00010576973727438599,0.0003278832300566137,0.00017124121950473636,0.6176651718569459,-0.9193464196926178,0.8761238761238761,0.00010576973727438599,0.0003278832300566137,0.0001656354288570583,0.6385695258812305,-0.9245592097486034,0.8841158841158842
m1_chr14_26677340_26681435,m1,,,chr14,26677340,26681435,promoter,0.473876953125,0.24184250831604004,0.22309017181396484,0.22278085350990295,1.085562356485405,8.960699928812785,0.000999000999000999,0.13752710819244385,0.13278082013130188,0.13399368524551392,1.026370070652626,2.101117247779547,0.02097902097902098
m1_chr14_26677340_26681435,m1,,,chr14,26677340,26681435,tfbs,0.243408203125,0.03522132337093353,0.05950261279940605,0.059932783246040344,0.5876804223548311,-19.333126707543112,1.0,0.021153947338461876,0.03443805128335953,0.03570268303155899,0.5925030149628553,-14.925494518041223,1.0
m1_chr14_33378322_33382417,m1,,,chr14,33378322,33382417,insulator,0.019775390625,0.0010083855595439672,0.0003444395260885358,0.0003778526734095067,2.6687268094332253,6.191061530420579,0.000999000999000999,0.0010083855595439672,0.0003444395260885358,0.0003824169689323753,2.6368745151638002,6.184105228125334,0.000999000999000999
m1_chr14_33378322_33382417,m1,,,chr14,33378322,33382417,promoter,0.50341796875,0.26034921407699585,0.2533196210861206,0.25644001364707947,1.0152441125482716,1.7164471698776744,0.03896103896103896,0.14207620918750763,0.15017801523208618,0.1510981023311615,0.9402911551868428,-5.206939390189054,1.0
m1_chr14_33378322_33382417,m1,,,chr14,33378322,33382417,tfbs,0.220947265625,0.03731026500463486,0.04829530417919159,0.047090038657188416,0.7923175700969477,-9.503499176607765,1.0,0.016638360917568207,0.02434481494128704,0.023797687143087387,0.6991587383062652,-9.354082480552428,1.0
m1_chr17_22742263_22746358,m1,,,chr17,22742263,22746358,insulator,0.0087890625,0.0,5.2053306717425585e-05,6.348418537527323e-05,0.0,-1.553514222341515,1.0,0.0,5.2053306717425585e-05,6.068532820791006e-05,0.0,-1.5379423136656056,1.0
m1_chr17_22742263_22746358,m1,,,chr17,22742263,22746358,promoter,0.393798828125,0.16405963897705078,0.15557555854320526,0.15628641843795776,1.0497370188451711,4.310635559237086,0.000999000999000999,0.10138634592294693,0.0930325984954834,0.09379704296588898,1.0809119639285212,5.378990887048612,0.000999000999000999
m1_chr17_22742263_22746358,m1,,,chr17,22742263,22746358,tfbs,0.29052734375,0.07664138078689575,0.08372316509485245,0.08206374943256378,0.9339249219885586,-3.9299842396617657,1.0,0.06547214090824127,0.061112936586141586,0.060142822563648224,1.0886110448001192,4.226463144732221,0.000999000999000999
m1_chr17_35243344_35247439,m1,,,chr17,35243344,35247439,insulator,0.0263671875,0.0,0.0006876367260701954,0.0006390869966708124,0.0,-5.124418747383401,1.0,0.0,0.0006876367260701954,0.0006456913542933762,0.0,-4.861191656400315,1.0
m1_chr17_35243344_35247439,m1,,,chr17,35243344,35247439,promoter,0.47265625,0.20042796432971954,0.22522863745689392,0.220960333943367,0.9070766718749168,-9.894238755755875,1.0,0.10976383090019226,0.1291755884885788,0.12531225383281708,0.8759225657742263,-8.993858167004229,1.0
m1_chr17_35243344_35247439,m1,,,chr17,35243344,35247439,tfbs,0.2119140625,0.027658900246024132,0.04566008225083351,0.04500364512205124,0.6145924440345302,-16.194358971627686,1.0,0.014793680980801582,0.02534428797662258,0.024818463250994682,0.5960756244731904,-12.632106549969025,1.0
m1_chr17_72349260_72353355,m1,,,chr17,72349260,72353355,insulator,0.026123046875,0.0014649424701929092,0.000673876260407269,0.0005920135299675167,2.4745084293483792,7.071508774370222,0.000999000999000999,0.0014649424701929092,0.000673876260407269,0.0005888563464395702,2.48777563331101,7.29151323154264,0.000999000999000999
m1_chr17_72349260_72353355,m1,,,chr17,72349260,72353355,promoter,0.47119140625,0.2630581855773926,0.22207480669021606,0.22178812325000763,1.1860787751960182,19.60764135054936,0.000999000999000999,0.16480602324008942,0.13676050305366516,0.13699306547641754,1.203024566732246,15.592638827040917,0.000999000999000999
m1_chr17_72349260_72353355,m1,,,chr17,72349260,72353355,tfbs,0.18408203125,0.01543241087347269,0.033302318304777145,0.03360133245587349,0.45927972927082883,-20.223214645524553,1.0,0.007804607041180134,0.017523055896162987,0.017596963793039322,0.44352009431691475,-14.927027649330029,1.0
m1_chr21_12003041_12007136,m1,,,chr21,12003041,12007136,insulator,0.00439453125,0.00018546976207289845,1.6692256394890137e-05,6.226485311344732e-06,29.787231929218606,13.758215501136267,0.000999000999000999,0.00018546976207289845,1.6692256394890137e-05,6.703407507302472e-06,27.66798257018595,13.521312700909165,0.000999000999000999
m1_chr21_12003041_12007136,m1,,,chr21,12003041,12007136,promoter,0.391845703125,0.1599014401435852,0.15336263179779053,0.1540575474500656,1.0379331801021547,3.2034057581930573,0.002997002997002997,0.1282655894756317,0.11538800597190857,0.11536131799221039,1.111859605177991,7.606438997678203,0.000999000999000999
m1_chr21_12003041_12007136,m1,,,chr21,12003041,12007136,tfbs,0.31591796875,0.13518096506595612,0.09929349273443222,0.09980833530426025,1.354405567970494,22.741761059575683,0.000999000999000999,0.10603571683168411,0.0662422925233841,0.06656055897474289,1.5930713092707123,30.978712705575216,0.000999000999000999
m1_chr21_19112010_19116105,m1,,,chr21,19112010,19116105,insulator,0.010986328125,2.7125264750793576e-05,9.466594201512635e-05,0.00010261488205287606,0.26434045635618714,-1.5137724554392882,0.9820179820179821,2.7125264750793576e-05,9.466594201512635e-05,0.00010109586582984775,0.26831230464406447,-1.4222291920764603,0.9690309690309691
m1_chr21_19112010_19116105,m1,,,chr21,19112010,19116105,promoter,0.512939453125,0.28345900774002075,0.26430025696754456,0.26070889830589294,1.0872624969149876,9.72464201264141,0.000999000999000999,0.1691802740097046,0.15277591347694397,0.14985039830207825,1.1289944900157016,9.919354598786528,0.000999000999000999
m1_chr21_19112010_19116105,m1,,,chr21,19112010,19116105,tfbs,0.201416015625,0.046248577535152435,0.0402650311589241,0.04000100493431091,1.156185391119578,6.389159074420167,0.000999000999000999,0.02639288268983364,0.02556929737329483,0.025256577879190445,1.044990450253335,1.3983112879425323,0.08491508491508491
m1_chr21_38658585_38662680,m1,,,chr21,38658585,38662680,insulator,0.051513671875,0.004578059539198875,0.0025135506875813007,0.002679535886272788,1.708527048528138,7.070284284217018,0.000999000999000999,0.004578059539198875,0.0025135506875813007,0.002696623792871833,1.697700491740957,7.188216090236265,0.000999000999000999
m1_chr21_38658585_38662680,m1,,,chr21,38658585,38662680,promoter,0.482421875,0.18297550082206726,0.2312961220741272,0.23414379358291626,0.7814663716775861,-25.510875831117524,1.0,0.07961416989564896,0.11545073240995407,0.11660898476839066,0.6827447306378579,-24.662999149709755,1.0
m1_chr21_38658585_38662680,m1,,,chr21,38658585,38662680,tfbs,0.206787109375,0.03278086334466934,0.04219886288046837,0.0406438447535038,0.8065394291184371,-8.156936361158984,1.0,0.01557029876857996,0.02274412102997303,0.021763458847999573,0.7154330971619032,-8.301846748624742,1.0
m1_chr3_108979737_108983832,m1,,,chr3,108979737,108983832,insulator,0.010986328125,0.0,0.00010654508514562622,7.160507084336132e-05,0.0,-1.6275225267388744,1.0,0.0,0.00010654508514562622,6.977176963118836e-05,0.0,-1.619222827468549,1.0
m1_chr3_108979737_108983832,m1,,,chr3,108979737,108983832,promoter,0.47021484375,0.2015569806098938,0.22234338521957397,0.21891403198242188,0.9207129336783592,-8.151998064900203,1.0,0.12291096895933151,0.13817808032035828,0.13591240346431732,0.9043396027618684,-7.316590215159162,1.0
m1_chr3_108979737_108983832,m1,,,chr3,108979737,108983832,tfbs,0.213623046875,0.025028562173247337,0.046517424285411835,0.04427111893892288,0.5653474042022097,-18.256864729552216,1.0,0.011185801587998867,0.024952273815870285,0.02346496842801571,0.4767021793493537,-14.742440807159971,1.0
m1_chr3_127665795_127669890,m1,,,chr3,127665795,127669890,insulator,0.048828125,0.001100513618439436,0.0024253439623862505,0.0023355516605079174,0.4712007176069507,-4.9783802719248085,1.0,0.001100513618439436,0.0024253439623862505,0.002319673076272011,0.4744261722466907,-5.157591888458611,1.0
m1_chr3_127665795_127669890,m1,,,chr3,127665795,127669890,promoter,0.38671875,0.15438632667064667,0.14798817038536072,0.148711159825325,1.0381623467397314,3.147028672385754,0.001998001998001998,0.09066135436296463,0.09257445484399796,0.09282975643873215,0.976641088386366,-1.4501302914884246,0.926073926073926
m1_chr3_127665795_127669890,m1,,,chr3,127665795,127669890,tfbs,0.141357421875,0.013573001138865948,0.02003476582467556,0.019757205620408058,0.6869899215325176,-8.599697904392835,1.0,0.006576878949999809,0.011243156157433987,0.010908526368439198,0.6029117708353521,-8.16025685731392,1.0
m1_chr3_17001367_17005462,m1,,,chr3,17001367,17005462,insulator,0.01318359375,0.00021025519527029246,0.00014481166726909578,0.0001736970734782517,1.21047056844408,0.5443353753588224,0.34665334665334663,0.00021025519527029246,0.00014481166726909578,0.00017101631965488195,1.2294452113961767,0.5853348650081338,0.3046953046953047
m1_chr3_17001367_17005462,m1,,,chr3,17001367,17005462,promoter,0.474609375,0.21201609075069427,0.22565889358520508,0.22319424152374268,0.9499173872196013,-5.235368167602298,1.0,0.13012167811393738,0.1398775577545166,0.13792355358600616,0.9434333348494846,-4.536710286624484,1.0
m1_chr3_17001367_17005462,m1,,,chr3,17001367,17005462,tfbs,0.27978515625,0.07214381545782089,0.0780295729637146,0.0764869749546051,0.9432170052566222,-3.1336228065349436,0.998001998001998,0.03816131874918938,0.043563082814216614,0.041742440313100815,0.9142090990116956,-3.5303400070809703,0.999000999000999
m1_chr7_120066194_120070289,m1,,,chr7,120066194,120070289,insulator,0.024169921875,0.001036007539369166,0.0005185145419090986,0.0005350853316485882,1.9361538769475244,4.529968685902116,0.000999000999000999,0.001036007539369166,0.0005185145419090986,0.0005307138781063259,1.9521018426460048,4.3421494927471125,0.000999000999000999
m1_chr7_120066194_120070289,m1,,,chr7,120066194,120070289,promoter,0.51611328125,0.3207075297832489,0.26668500900268555,0.2644965946674347,1.2125204492197381,25.45538367098061,0.000999000999000999,0.1937839537858963,0.16644012928009033,0.16464312374591827,1.176993908867697,15.941814165181608,0.000999000999000999
m1_chr7_120066194_120070289,m1,,,chr7,120066194,120070289,tfbs,0.211181640625,0.06152874231338501,0.04487576335668564,0.044585853815078735,1.3800059222500807,16.00524877982475,0.000999000999000999,0.025874920189380646,0.023958303034305573,0.023799924179911613,1.0871849840269843,2.7199224190781313,0.003996003996003996
m1_chr7_137924469_137928564,m1,,,chr7,137924469,137928564,insulator,0.0390625,0.0006976869190111756,0.0013634489150717854,0.0014744270592927933,0.47319188468083334,-3.9886610817973596,1.0,0.0006976869190111756,0.0013634489150717854,0.0014782643411308527,0.47196357214262125,-3.920753246026117,1.0
m1_chr7_137924469_137928564,m1,,,chr7,137924469,137928564,promoter,0.470947265625,0.2504695951938629,0.2226020097732544,0.22112444043159485,1.13270878020083,13.285510904563644,0.000999000999000999,0.15392045676708221,0.13231518864631653,0.131151482462883,1.1736082114866146,12.9929918465628,0.000999000999000999
m1_chr7_137924469_137928564,m1,,,chr7,137924469,137928564,tfbs,0.26806640625,0.041834380477666855,0.07163352519273758,0.07226162403821945,0.5789294253273424,-22.717643389852192,1.0,0.021145280450582504,0.03904438763856888,0.0400959849357605,0.527366530201472,-18.250609987504827,1.0
m1_chr7_4391321_4395416,m1,,,chr7,4391321,4395416,insulator,0.0087890625,2.625843626447022e-05,6.485772610176355e-05,6.803560245316476e-05,0.38595140364262004,-0.9566786988572543,0.9250749250749251,2.625843626447022e-05,6.485772610176355e-05,7.289341738214716e-05,0.36023055589243586,-1.0964166239581459,0.936063936063936
m1_chr7_4391321_4395416,m1,,,chr7,4391321,4395416,promoter,0.539794921875,0.28970932960510254,0.29817354679107666,0.2959757149219513,0.9788280422990069,-2.7124159359193105,0.997002997002997,0.1601502001285553,0.2002549171447754,0.19912058115005493,0.8042875287103948,-18.19516981986972,1.0
m1_chr7_4391321_4395416,m1,,,chr7,4391321,4395416,tfbs,0.2783203125,0.05398734286427498,0.07759057730436325,0.07549187541007996,0.7151411005622783,-16.176936411112752,1.0,0.024787962436676025,0.03864653781056404,0.04142162948846817,0.5984304032166823,-17.041437823823383,1.0
m1_chrX_127567034_127571129,m1,,,chrX,127567034,127571129,insulator,0.01318359375,8.039447129704058e-05,0.0001717765990179032,0.000151918749907054,0.5291938707119893,-1.10411502125233,0.9240759240759241,8.039447129704058e-05,0.0001717765990179032,0.0001525887055322528,0.526870393300817,-1.1439141617640787,0.9310689310689311
m1_chrX_127567034_127571129,m1,,,chrX,127567034,127571129,promoter,0.505859375,0.30174723267555237,0.25377994775772095,0.2559414207935333,1.178969905457274,20.405254319332236,0.000999000999000999,0.14972129464149475,0.14299236238002777,0.1426597237586975,1.0494994010695098,3.901511118886606,0.000999000999000999
m1_chrX_127567034_127571129,m1,,,chrX,127567034,127571129,tfbs,0.23876953125,0.04638760909438133,0.05894697457551956,0.05882578343153,0.7885591383304563,-10.314647861162927,1.0,0.020232608541846275,0.030258139595389366,0.029987003654241562,0.6747125779932481,-11.261453329536042,1.0
m1_chrX_130740848_130744943,m1,,,chrX,130740848,130744943,insulator,0.015380859375,0.0001283993769902736,0.0002090323541779071,0.00020577284158207476,0.6239860226601385,-1.0589982598539727,0.9050949050949051,0.0001283993769902736,0.0002090323541779071,0.00020513084018602967,0.6259389220744691,-1.0340488535726333,0.8981018981018981
m1_chrX_130740848_130744943,m1,,,chrX,130740848,130744943,promoter,0.50244140625,0.2603939175605774,0.25204089283943176,0.2510071098804474,1.037396580856219,4.4104739374082085,0.000999000999000999,0.13546134531497955,0.13910050690174103,0.13852225244045258,0.9779031377879966,-1.7450866533717124,0.9530469530469531
m1_chrX_130740848_130744943,m1,,,chrX,130740848,130744943,tfbs,0.23828125,0.07347012311220169,0.056323692202568054,0.05618969723582268,1.307537266197658,14.382267412145373,0.000999000999000999,0.037903495132923126,0.03191492706537247,0.03204306587576866,1.1828922762845295,6.4689343858247765,0.000999000999000999
m1_chrX_83970161_83974256,m1,,,chrX,83970161,83974256,insulator,0.00439453125,0.0,8.571560101700015e-06,6.401843165804166e-06,0.0,-0.49002681505658674,1.0,0.0,8.571560101700015e-06,6.508986643893877e-06,0.0,-0.47660706980385587,1.0
m1_chrX_83970161_83974256,m1,,,chrX,83970161,83974256,promoter,0.47314453125,0.2889936566352844,0.22718223929405212,0.22307313978672028,1.2955107769209264,30.507532156254218,0.000999000999000999,0.16368895769119263,0.12811295688152313,0.12504805624485016,1.3090084132989777,22.458828097845014,0.000999000999000999
m1_chrX_83970161_83974256,m1,,,chrX,83970161,83974256,tfbs,0.2451171875,0.05965231731534004,0.05997118726372719,0.059537407010793686,1.0019300522195318,0.09355316882319267,0.46253746253746253,0.030000267550349236,0.02974197454750538,0.029262501746416092,1.0252119866690312,0.8390133197217102,0.21578421578421578
m2_chr10_110104373_110108468,m2,,,chr10,110104373,110108468,insulator,0.010986328125,0.0,9.58400487434119e-05,8.063892892096192e-05,0.0,-1.7154611888578675,1.0,0.0,9.58400487434119e-05,8.422002429142594e-05,0.0,-1.7685421639290562,1.0
m2_chr10_110104373_110108468,m2,,,chr10,110104373,110108468,promoter,0.479736328125,0.29207780957221985,0.22810035943984985,0.22871433198451996,1.2770420071094999,29.283200061290003,0.000999000999000999,0.161638543009758,0.13434353470802307,0.13582971692085266,1.1900086864198063,15.028374296706234,0.000999000999000999
m2_chr10_110104373_110108468,m2,,,chr10,110104373,110108468,tfbs,0.207275390625,0.05302073806524277,0.042886361479759216,0.04413582757115364,1.2013083470512773,8.179297057230794,0.000999000999000999,0.02787582203745842,0.023196900263428688,0.023201392963528633,1.2014719151249988,6.3820326085254795,0.000999000999000999
m2_chr10_19287595_19291690,m2,,,chr10,19287595,19291690,insulator,0.010986328125,0.001154128578491509,9.757735097082332e-05,7.994964107638225e-05,14.435694306480729,23.85249324698653,0.000999000999000999,0.001154128578491509,9.757735097082332e-05,7.837582961656153e-05,14.72556761616251,23.54579850574892,0.000999000999000999
m2_chr10_19287595_19291690,m2,,,chr10,19287595,19291690,promoter,0.49853515625,0.21285803616046906,0.24882829189300537,0.24767976999282837,0.8594082438248082,-15.957580240190282,1.0,0.1218392625451088,0.14205504953861237,0.1407633125782013,0.8655612056402892,-10.751023175667962,1.0
m2_chr10_19287595_19291690,m2,,,chr10,19287595,19291690,tfbs,0.225341796875,0.04587661474943161,0.050753600895404816,0.05092613771557808,0.9008461432055186,-4.578996612867725,1.0,0.026859721168875694,0.03175697103142738,0.03182205557823181,0.8440599037621362,-5.524691216815873,1.0
m2_chr10_4663039_4667134,m2,,,chr10,4663039,4667134,insulator,0.010986328125,7.726383046247065e-05,9.735305502545089e-05,8.949726907303557e-05,0.8633093642155535,-0.2515596509541786,0.6723276723276723,7.726383046247065e-05,9.735305502545089e-05,8.91367017175071e-05,0.8668015416066879,-0.24933563264335698,0.6653346653346653
m2_chr10_4663039_4667134,m2,,,chr10,4663039,4667134,promoter,0.4716796875,0.21175441145896912,0.22197166085243225,0.22617289423942566,0.9362501734394697,-6.904728173955645,1.0,0.12362212687730789,0.13363122940063477,0.13400094211101532,0.9225466995216427,-6.024861776338353,1.0
m2_chr10_4663039_4667134,m2,,,chr10,4663039,4667134,tfbs,0.2392578125,0.0410013385117054,0.05836547166109085,0.05550746992230415,0.7386634369949933,-12.314699707022806,1.0,0.02307613007724285,0.0309358648955822,0.02955915778875351,0.7806761695362889,-7.689749329272549,1.0
m2_chr1_117801428_117805523,m2,,,chr1,117801428,117805523,insulator,0.019775390625,0.0004642046696972102,0.0003502143663354218,0.00047936869668774307,0.9683666724687895,-0.14398864963799166,0.5994005994005994,0.0004642046696972102,0.0003502143663354218,0.0004831854603253305,0.960717380412605,-0.1707093911956175,0.5854145854145855
m2_chr1_117801428_117805523,m2,,,chr1,117801428,117805523,promoter,0.489013671875,0.26921290159225464,0.23812179267406464,0.24238930642604828,1.110663277855412,12.272361688816575,0.000999000999000999,0.16780997812747955,0.13874652981758118,0.1403988003730774,1.1952379769739008,15.633714878122076,0.000999000999000999
m2_chr1_117801428_117805523,m2,,,chr1,117801428,117805523,tfbs,0.22900390625,0.06269341707229614,0.051660746335983276,0.052324581891298294,1.1981637464880004,9.101857178054443,0.000999000999000999,0.03821951895952225,0.027820637449622154,0.02880299836397171,1.326928484200076,11.360176398300622,0.000999000999000999
m2_chr1_188000709_188004804,m2,,,chr1,188000709,188004804,insulator,0.0087890625,0.0,4.1871324356179684e-05,4.690590867539868e-05,0.0,-1.3820158479407174,1.0,0.0,4.1871324356179684e-05,4.5467390009434894e-05,0.0,-1.3659506180449585,1.0
m2_chr1_188000709_188004804,m2,,,chr1,188000709,188004804,promoter,0.5302734375,0.21207839250564575,0.2827981412410736,0.28362521529197693,0.7477416713014124,-30.321738679965325,1.0,0.10650157928466797,0.15716439485549927,0.15476928651332855,0.6881312286433277,-26.88619840150837,1.0
m2_chr1_188000709_188004804,m2,,,chr1,188000709,188004804,tfbs,0.201904296875,0.018906213343143463,0.04186541587114334,0.0414261631667614,0.4563834035760524,-22.276844046231112,1.0,0.01266408059746027,0.02339194156229496,0.022612089291214943,0.5600579598976027,-12.969670689462705,1.0
m2_chr1_236620149_236624244,m2,,,chr1,236620149,236624244,insulator,0.017578125,7.699414709350094e-05,0.0002997634292114526,0.0002472025516908616,0.3114617813079282,-2.21824934858095,0.996003996003996,7.699414709350094e-05,0.0002997634292114526,0.00025482496130280197,0.3021452321619732,-2.281949644676648,0.997002997002997
m2_chr1_236620149_236624244,m2,,,chr1,236620149,236624244,promoter,0.48974609375,0.25382405519485474,0.2388254702091217,0.23378980159759521,1.0856934453956335,8.999900426992486,0.000999000999000999,0.13291756808757782,0.135576993227005,0.1329079270362854,1.0000725393248349,0.00575431834437722,0.5074925074925075
m2_chr1_236620149_236624244,m2,,,chr1,236620149,236624244,tfbs,0.230712890625,0.04270608723163605,0.05480358004570007,0.053928498178720474,0.791902030909649,-9.72447845553941,1.0,0.021866338327527046,0.029476137831807137,0.029729004949331284,0.7355220386553469,-8.988681333496409,1.0
m2_chr14_101543080_101547175,m2,,,chr14,101543080,101547175,insulator,0.032958984375,0.0006231662118807435,0.0010588602162897587,0.0012128112139180303,0.513819632214302,-3.3617211706129186,1.0,0.0006231662118807435,0.0010588602162897587,0.0012279230868443847,0.5074961278578173,-3.3644901517691257,0.999000999000999
m2_chr14_101543080_101547175,m2,,,chr14,101543080,101547175,promoter,0.435302734375,0.20561888813972473,0.18848595023155212,0.19000092148780823,1.0821994258218304,7.712405666869139,0.000999000999000999,0.11606470495462418,0.11668208241462708,0.11646934598684311,0.9965257722640201,-0.2555979896836903,0.5884115884115884
m2_chr14_101543080_101547175,m2,,,chr14,101543080,101547175,tfbs,0.218017578125,0.04232336953282356,0.04736335203051567,0.048029471188783646,0.8811958259225509,-5.304201640659705,1.0,0.020772207528352737,0.024546446278691292,0.024412328377366066,0.8508900587955276,-4.696649204161111,1.0
m2_chr14_26677340_26681435,m2,,,chr14,26677340,26681435,insulator,0.017578125,5.2700921514770016e-05,0.0002919621183536947,0.00016160737141035497,0.3261046885104723,-1.6234315429910882,0.987012987012987,5.2700921514770016e-05,0.0002919621183536947,0.00015667984553147107,0.3363605659426336,-1.5754932885765458,0.983016983016983
m2_chr14_26677340_26681435,m2,,,chr14,26677340,26681435,promoter,0.473876953125,0.24579709768295288,0.22288672626018524,0.22237463295459747,1.1053288516641986,11.537231843394421,0.000999000999000999,0.1483003944158554,0.1324893981218338,0.13339918851852417,1.1117038721360888,8.598940761470196,0.000999000999000999
m2_chr14_26677340_26681435,m2,,,chr14,26677340,26681435,tfbs,0.243408203125,0.04722002521157265,0.05994129553437233,0.059595100581645966,0.792347437133371,-10.533094783803259,1.0,0.028880106285214424,0.03494032844901085,0.03547246381640434,0.8141556344856636,-6.890092059658976,1.0
m2_chr14_33378322_33382417,m2,,,chr14,33378322,33382417,insulator,0.019775390625,0.00103773083537817,0.00042015319922938943,0.0003914373810403049,2.651077504709032,6.107570402403866,0.000999000999000999,0.00103773083537817,0.00042015319922938943,0.0003931403043679893,2.639594119067547,6.355144220171061,0.000999000999000999
m2_chr14_33378322_33382417,m2,,,chr14,33378322,33382417,promoter,0.50341796875,0.23372891545295715,0.25418204069137573,0.25689697265625,0.909815764025006,-10.46995101518156,1.0,0.1272151619195938,0.15081185102462769,0.15106286108493805,0.8421339368652935,-13.080241738750539,1.0
m2_chr14_33378322_33382417,m2,,,chr14,33378322,33382417,tfbs,0.220947265625,0.04547389596700668,0.04822741448879242,0.04695705324411392,0.9684146006906182,-1.3511628545772383,0.9240759240759241,0.016976211220026016,0.02463657036423683,0.02389471046626568,0.7104589630409152,-9.092657676741203,1.0
m2_chr17_22742263_22746358,m2,,,chr17,22742263,22746358,insulator,0.0087890625,0.0,5.7730456319404766e-05,6.053721881471574e-05,0.0,-1.471655996202074,1.0,0.0,5.7730456319404766e-05,6.043030589353293e-05,0.0,-1.5503478935382027,1.0
m2_chr17_22742263_22746358,m2,,,chr17,22742263,22746358,promoter,0.393798828125,0.15881331264972687,0.1563543826341629,0.156509667634964,1.0147188672084833,1.2685724674817143,0.11488511488511488,0.09720700234174728,0.09470066428184509,0.09394096583127975,1.034766903677927,2.1340090347066734,0.015984015984015984
m2_chr17_22742263_22746358,m2,,,chr17,22742263,22746358,tfbs,0.29052734375,0.10287317633628845,0.0834592655301094,0.08188346773386002,1.2563363421618854,14.313944829377672,0.000999000999000999,0.08860082924365997,0.06079872325062752,0.06004610285162926,1.475546705547035,23.47244798865743,0.000999000999000999
m2_chr17_35243344_35247439,m2,,,chr17,35243344,35247439,insulator,0.0263671875,7.800920866429806e-05,0.0007491507567465305,0.0006544712232425809,0.11919425315264597,-4.695764382539948,1.0,7.800920866429806e-05,0.0007491507567465305,0.0006526510114781559,0.11952668009755933,-4.563611329852628,1.0
m2_chr17_35243344_35247439,m2,,,chr17,35243344,35247439,promoter,0.47265625,0.21829575300216675,0.22364580631256104,0.22055573761463165,0.9897532268400395,-1.0632242359078066,0.8591408591408591,0.12325454503297806,0.12804366648197174,0.12477327883243561,0.9878280524991482,-0.8902058903547149,0.8181818181818182
m2_chr17_35243344_35247439,m2,,,chr17,35243344,35247439,tfbs,0.2119140625,0.042385000735521317,0.04457173869013786,0.044529370963573456,0.9518436891954681,-2.0061851931116617,0.9760239760239761,0.021374521777033806,0.0247279554605484,0.024677924811840057,0.8661393508573568,-4.168611851273368,1.0
m2_chr17_72349260_72353355,m2,,,chr17,72349260,72353355,insulator,0.026123046875,0.0015006080502644181,0.0006036078557372093,0.0005375022883526981,2.7918170448415833,8.178579487304962,0.000999000999000999,0.0015006080502644181,0.0006036078557372093,0.0005395979387685657,2.780974393062,8.284704309067621,0.000999000999000999
m2_chr17_72349260_72353355,m2,,,chr17,72349260,72353355,promoter,0.47119140625,0.2096194177865982,0.2231266349554062,0.22556151449680328,0.9293226207237981,-7.744927735572848,1.0,0.13114796578884125,0.1379573941230774,0.14065100252628326,0.9324353430352109,-5.478157188730133,1.0
m2_chr17_72349260_72353355,m2,,,chr17,72349260,72353355,tfbs,0.18408203125,0.03153863921761513,0.03398289158940315,0.03281956538558006,0.960970654153521,-1.4409144475904356,0.9280719280719281,0.017024138942360878,0.017875900492072105,0.0171712264418602,0.9914340714102546,-0.21779741684987797,0.5764235764235764
m2_chr21_12003041_12007136,m2,,,chr21,12003041,12007136,insulator,0.00439453125,0.00019361620070412755,1.54894805746153e-05,5.670188329531811e-06,34.14634390461498,14.655325633044164,0.000999000999000999,0.00019361620070412755,1.54894805746153e-05,4.67444806417916e-06,41.420120203673044,16.17109376368309,0.000999000999000999
m2_chr21_12003041_12007136,m2,,,chr21,12003041,12007136,promoter,0.391845703125,0.16548652946949005,0.15427051484584808,0.15408919751644135,1.0739658077058427,5.905065460220411,0.000999000999000999,0.1340930461883545,0.11622559279203415,0.1154026910662651,1.1619577060933288,11.496125088987261,0.000999000999000999
m2_chr21_12003041_12007136,m2,,,chr21,12003041,12007136,tfbs,0.31591796875,0.13525474071502686,0.09944052249193192,0.09977200627326965,1.3556381771513353,22.407134422280397,0.000999000999000999,0.10449742525815964,0.06674527376890182,0.06650013476610184,1.5713866690000569,30.189146107501525,0.000999000999000999
m2_chr21_19112010_19116105,m2,,,chr21,19112010,19116105,insulator,0.010986328125,2.5699673642520793e-05,0.00010716722317738459,0.00010660225234460086,0.24108002483328786,-1.4963195783614878,0.985014985014985,2.5699673642520793e-05,0.00010716722317738459,0.00010608826414681971,0.24224803609713141,-1.5123974298401934,0.985014985014985
m2_chr21_19112010_19116105,m2,,,chr21,19112010,19116105,promoter,0.512939453125,0.2977050244808197,0.2624628245830536,0.2597244679927826,1.1462340332490066,17.992647650061762,0.000999000999000999,0.18187658488750458,0.1528273969888687,0.1497727930545807,1.214349957546859,17.412639363892215,0.000999000999000999
m2_chr21_19112010_19116105,m2,,,chr21,19112010,19116105,tfbs,0.201416015625,0.04533422365784645,0.0411481037735939,0.03981241583824158,1.1386956230448326,5.555332529016712,0.000999000999000999,0.02706175670027733,0.02602287568151951,0.025156356394290924,1.0757423005192763,2.338297319273298,0.015984015984015984
m2_chr21_38658585_38662680,m2,,,chr21,38658585,38662680,insulator,0.051513671875,0.0021750389132648706,0.0026897848583757877,0.003108208067715168,0.6997726232863598,-3.3183967719590646,1.0,0.0021750389132648706,0.0026897848583757877,0.003109243931248784,0.6995394897792071,-3.313393539804182,1.0
m2_chr21_38658585_38662680,m2,,,chr21,38658585,38662680,promoter,0.482421875,0.21773692965507507,0.23269900679588318,0.23560473322868347,0.9241619498524017,-8.053728159816822,1.0,0.09839461743831635,0.11776767671108246,0.11809258908033371,0.8331989179387234,-12.217825601313715,1.0
m2_chr21_38658585_38662680,m2,,,chr21,38658585,38662680,tfbs,0.206787109375,0.02866390533745289,0.04335996136069298,0.03931330889463425,0.7291145452619262,-10.84954005702439,1.0,0.013904712162911892,0.023981239646673203,0.021054714918136597,0.6604084746326501,-9.911850967650468,1.0
m2_chr3_108979737_108983832,m2,,,chr3,108979737,108983832,insulator,0.010986328125,2.6324101781938225e-05,0.00011950988118769601,5.412235259427689e-05,0.4863813289727882,-0.7564376083815995,0.8771228771228772,2.6324101781938225e-05,0.00011950988118769601,5.327998223947361e-05,0.49407114408599506,-0.7245440684900537,0.8661338661338661
m2_chr3_108979737_108983832,m2,,,chr3,108979737,108983832,promoter,0.47021484375,0.20559124648571014,0.22212885320186615,0.22066006064414978,0.931710278178793,-7.406116975107713,1.0,0.13169948756694794,0.1384161412715912,0.1361599713563919,0.9672408583447122,-2.53182193779023,0.996003996003996
m2_chr3_108979737_108983832,m2,,,chr3,108979737,108983832,tfbs,0.213623046875,0.027008529752492905,0.04642906412482262,0.045053042471408844,0.5994829265888717,-17.27415898056048,1.0,0.01460987702012062,0.024762500077486038,0.02396383322775364,0.6096636077069773,-11.592935670719127,1.0
m2_chr3_127665795_127669890,m2,,,chr3,127665795,127669890,insulator,0.048828125,0.002996022580191493,0.0025528159458190203,0.002928999485448003,1.0228825901392191,0.2533462634139043,0.4115884115884116,0.002996022580191493,0.0025528159458190203,0.0029206054750829935,1.02582242132733,0.2681092955472004,0.40559440559440557
m2_chr3_127665795_127669890,m2,,,chr3,127665795,127669890,promoter,0.38671875,0.14763158559799194,0.14939163625240326,0.1448371857404709,1.0192933868690894,1.5962606460770248,0.056943056943056944,0.0836561769247055,0.09416672587394714,0.08969525992870331,0.9326711020314994,-4.276413062205651,1.0
m2_chr3_127665795_127669890,m2,,,chr3,127665795,127669890,tfbs,0.141357421875,0.0192416962236166,0.02023346722126007,0.01889919303357601,1.018122635682492,0.48521003110652666,0.33466533466533466,0.009607934392988682,0.01139727421104908,0.010499612428247929,0.9150751476444696,-1.6899755708375108,0.951048951048951
m2_chr3_17001367_17005462,m2,,,chr3,17001367,17005462,insulator,0.01318359375,0.0002541166904848069,0.00015831651398912072,0.0002018449013121426,1.2589700747101296,0.7390986452838221,0.27472527472527475,0.0002541166904848069,0.00015831651398912072,0.0001995578350033611,1.2733987141147671,0.7770935349258346,0.26373626373626374
m2_chr3_17001367_17005462,m2,,,chr3,17001367,17005462,promoter,0.474609375,0.2036236971616745,0.22474844753742218,0.22271832823753357,0.9142655603292142,-8.94089116936339,1.0,0.11076946556568146,0.13899122178554535,0.13789379596710205,0.803295498458163,-15.606997380058448,1.0
m2_chr3_17001367_17005462,m2,,,chr3,17001367,17005462,tfbs,0.27978515625,0.06518092751502991,0.07825841754674911,0.0758679136633873,0.8591369442980377,-7.8292255855959425,1.0,0.033162228763103485,0.04316653311252594,0.041368644684553146,0.8016271506106678,-7.947496353913467,1.0
m2_chr7_120066194_120070289,m2,,,chr7,120066194,120070289,insulator,0.024169921875,0.0009847111068665981,0.0005475580110214651,0.0005191759555600584,1.8966808773036228,4.090167889990188,0.000999000999000999,0.0009847111068665981,0.0005475580110214651,0.000523451657500118,1.8811882487283482,4.012226481029853,0.000999000999000999
m2_chr7_120066194_120070289,m2,,,chr7,120066194,120070289,promoter,0.51611328125,0.2848665416240692,0.26429688930511475,0.2637116014957428,1.0802199827703367,9.5630303240166,0.000999000999000999,0.16960352659225464,0.16514043509960175,0.16403472423553467,1.0339489238188606,2.8312893991355494,0.001998001998001998
m2_chr7_120066194_120070289,m2,,,chr7,120066194,120070289,tfbs,0.211181640625,0.06978491693735123,0.044613927602767944,0.045151520520448685,1.5455718020779903,23.44616161951933,0.000999000999000999,0.030811091884970665,0.02447115257382393,0.02424747496843338,1.2706928010063787,8.2921196019856,0.000999000999000999
m2_chr7_137924469_137928564,m2,,,chr7,137924469,137928564,insulator,0.0390625,0.0007034730515442789,0.0015385204460471869,0.0017351554706692696,0.4054236426854253,-4.994441116617778,1.0,0.0007034730515442789,0.0015385204460471869,0.001725020119920373,0.4078057081309586,-4.779873108993083,1.0
m2_chr7_137924469_137928564,m2,,,chr7,137924469,137928564,promoter,0.470947265625,0.22628383338451385,0.22325585782527924,0.22186735272407532,1.0199059510388222,2.1168041888275613,0.012987012987012988,0.13832364976406097,0.13335154950618744,0.13167458772659302,1.050496167501006,3.9132251438468884,0.000999000999000999
m2_chr7_137924469_137928564,m2,,,chr7,137924469,137928564,tfbs,0.26806640625,0.04900862276554108,0.07174038887023926,0.0747201219201088,0.6558959153993538,-19.268434582140106,1.0,0.02918110601603985,0.03950727730989456,0.04190044477581978,0.696439051474697,-12.91803986541665,1.0
m2_chr7_4391321_4395416,m2,,,chr7,4391321,4395416,insulator,0.0087890625,0.0,6.307915464276448e-05,7.307458145078272e-05,0.0,-1.7099765176682753,1.0,0.0,6.307915464276448e-05,7.266762986546382e-05,0.0,-1.7053905338129154,1.0
m2_chr7_4391321_4395416,m2,,,chr7,4391321,4395416,promoter,0.539794921875,0.25279784202575684,0.29568228125572205,0.29666683077812195,0.8521270860065415,-19.743125433940182,1.0,0.16446229815483093,0.1975611299276352,0.19946379959583282,0.8245220360189451,-18.08038424196612,1.0
m2_chr7_4391321_4395416,m2,,,chr7,4391321,4395416,tfbs,0.2783203125,0.0900396779179573,0.07699396461248398,0.07566367089748383,1.1899988045775816,10.833503380442963,0.000999000999000999,0.0628497302532196,0.03848922252655029,0.04110652208328247,1.5289478911858572,21.244042553433495,0.000999000999000999
m2_chrX_127567034_127571129,m2,,,chrX,127567034,127571129,insulator,0.01318359375,5.104384763399139e-05,0.0002069815236609429,0.00015540298772975802,0.3284611729779313,-1.6809833962143856,0.988011988011988,5.104384763399139e-05,0.0002069815236609429,0.0001571895118104294,0.32472807534099535,-1.7062113557027923,0.991008991008991
m2_chrX_127567034_127571129,m2,,,chrX,127567034,127571129,promoter,0.505859375,0.2752029001712799,0.25451046228408813,0.25658708810806274,1.0725516322761224,8.167565935881674,0.000999000999000999,0.13577663898468018,0.1412816047668457,0.1431565284729004,0.9484488093770922,-4.217481338842498,1.0
m2_chrX_127567034_127571129,m2,,,chrX,127567034,127571129,tfbs,0.23876953125,0.05408095568418503,0.05758195370435715,0.0594463050365448,0.9097446115606108,-4.651660398915609,1.0,0.025190139189362526,0.02955624833703041,0.03037497028708458,0.8293058051178854,-6.109856630726032,1.0
m2_chrX_130740848_130744943,m2,,,chrX,130740848,130744943,insulator,0.015380859375,0.0001258558186236769,0.00019180422532372177,0.00021043093875050545,0.5980860959466427,-1.2289980073044708,0.9340659340659341,0.0001258558186236769,0.00019180422532372177,0.00020892065367661417,0.6024096536596504,-1.0961095715537028,0.903096903096903
m2_chrX_130740848_130744943,m2,,,chrX,130740848,130744943,promoter,0.50244140625,0.25289466977119446,0.25237759947776794,0.2509715259075165,1.0076627970313519,0.8743378561963704,0.1968031968031968,0.14345046877861023,0.13970571756362915,0.13860422372817993,1.0349646274844726,2.852216571236337,0.004995004995004995
m2_chrX_130740848_130744943,m2,,,chrX,130740848,130744943,tfbs,0.23828125,0.07103302329778671,0.05668444186449051,0.05617231875658035,1.264555654282395,13.257240088367421,0.000999000999000999,0.037077125161886215,0.03229006379842758,0.03205544874072075,1.1566559389569961,5.72680866944436,0.000999000999000999
m2_chrX_83970161_83974256,m2,,,chrX,83970161,83974256,insulator,0.00439453125,0.0,8.648814400658011e-06,9.434950811737508e-07,0.0,-0.19324698230832968,1.0,0.0,8.648814400658011e-06,8.910787414606602e-07,0.0,-0.17713138826872152,1.0
m2_chrX_83970161_83974256,m2,,,chrX,83970161,83974256,promoter,0.47314453125,0.16694621741771698,0.22559960186481476,0.22417613863945007,0.7447100232474881,-25.8496977549312,1.0,0.0946902185678482,0.12718631327152252,0.12551335990428925,0.7544234226544062,-17.561891612305494,1.0
m2_chrX_83970161_83974256,m2,,,chrX,83970161,83974256,tfbs,0.2451171875,0.06570395082235336,0.059976380318403244,0.05978747829794884,1.098958388827172,4.917590910208057,0.000999000999000999,0.03498794510960579,0.030105210840702057,0.029208693653345108,1.1978606617896044,6.673207953076197,0.000999000999000999
m3_chr10_110104373_110108468,m3,,,chr10,110104373,110108468,insulator,0.010986328125,0.0,0.00010145605483558029,8.759844786254689e-05,0.0,-1.8233296049755592,1.0,0.0,0.00010145605483558029,8.329995034728199e-05,0.0,-1.7436970527913236,1.0
m3_chr10_110104373_110108468,m3,,,chr10,110104373,110108468,promoter,0.479736328125,0.29232412576675415,0.22705304622650146,0.22876019775867462,1.27786270789613,30.833998322796695,0.000999000999000999,0.16336937248706818,0.13418203592300415,0.13577879965305328,1.2032023622576962,15.017875996576702,0.000999000999000999
m3_chr10_110104373_110108468,m3,,,chr10,110104373,110108468,tfbs,0.207275390625,0.05152850225567818,0.0424310564994812,0.04426306113600731,1.1641423103871265,6.659514914523316,0.000999000999000999,0.02664530836045742,0.02298620343208313,0.023221947252750397,1.1474192095282432,4.38022339752305,0.000999000999000999
m3_chr10_19287595_19291690,m3,,,chr10,19287595,19291690,insulator,0.010986328125,0.0006428112392313778,9.856449469225481e-05,7.941396324895322e-05,8.094435952229734,12.20620748007773,0.000999000999000999,0.0006428112392313778,9.856449469225481e-05,7.898542389739305e-05,8.138352717666356,12.399257948262788,0.000999000999000999
m3_chr10_19287595_19291690,m3,,,chr10,19287595,19291690,promoter,0.49853515625,0.2267516553401947,0.2511458098888397,0.24754053354263306,0.9160182863593208,-9.340268761075462,1.0,0.13038355112075806,0.14351123571395874,0.1404338926076889,0.9284336473175523,-5.593278718624542,1.0
m3_chr10_19287595_19291690,m3,,,chr10,19287595,19291690,tfbs,0.225341796875,0.046255625784397125,0.05109444260597229,0.051084183156490326,0.9054784265160609,-4.258897305076629,1.0,0.02681058458983898,0.03199649974703789,0.03197002783417702,0.8386162417155477,-5.627569596434359,1.0
m3_chr10_4663039_4667134,m3,,,chr10,4663039,4667134,insulator,0.010986328125,7.950600411277264e-05,9.381648851558566e-05,8.324279042426497e-05,0.95510979038008,-0.07815129087419564,0.5814185814185814,7.950600411277264e-05,9.381648851558566e-05,8.780112693784758e-05,0.9055237317062358,-0.17440008872418825,0.6553446553446554
m3_chr10_4663039_4667134,m3,,,chr10,4663039,4667134,promoter,0.4716796875,0.2046484500169754,0.22159135341644287,0.22677350044250488,0.902435468066786,-10.262184150124117,1.0,0.1185169443488121,0.13373963534832,0.13413669168949127,0.8835535069193683,-9.030644297057394,1.0
m3_chr10_4663039_4667134,m3,,,chr10,4663039,4667134,tfbs,0.2392578125,0.03469111770391464,0.05863345041871071,0.055526912212371826,0.6247622336936861,-18.506099280924268,1.0,0.019849998876452446,0.03144071251153946,0.02961643598973751,0.6702359083088436,-11.302055527728433,1.0
m3_chr1_117801428_117805523,m3,,,chr1,117801428,117805523,insulator,0.019775390625,0.0005581543664447963,0.0003380853158887476,0.0004704443854279816,1.1864407010342393,0.7624684973641991,0.25274725274725274,0.0005581543664447963,0.0003380853158887476,0.0004740059084724635,1.1775261794594725,0.7384704620780044,0.2647352647352647
m3_chr1_117801428_117805523,m3,,,chr1,117801428,117805523,promoter,0.489013671875,0.2703327536582947,0.2379966378211975,0.24236023426055908,1.1154171165211146,12.595094644793987,0.000999000999000999,0.169173926115036,0.13904768228530884,0.1404847949743271,1.2042152045418988,15.7350430652071,0.000999000999000999
m3_chr1_117801428_117805523,m3,,,chr1,117801428,117805523,tfbs,0.22900390625,0.07357006520032883,0.05143016576766968,0.05208840221166611,1.4124077928397567,18.839140056101055,0.000999000999000999,0.043775249272584915,0.0276634581387043,0.0285139549523592,1.5352219411766665,17.76604699941231,0.000999000999000999
m3_chr1_188000709_188004804,m3,,,chr1,188000709,188004804,insulator,0.0087890625,0.0,4.012440695078112e-05,4.710571374744177e-05,0.0,-1.3304768040575046,1.0,0.0,4.012440695078112e-05,4.501926014199853e-05,0.0,-1.302145317767526,1.0
m3_chr1_188000709_188004804,m3,,,chr1,188000709,188004804,promoter,0.5302734375,0.21535950899124146,0.28492259979248047,0.28361600637435913,0.7593348194423749,-29.661318796061337,1.0,0.1079338788986206,0.15940918028354645,0.154758021235466,0.6974364109657233,-24.883250509043506,1.0
m3_chr1_188000709_188004804,m3,,,chr1,188000709,188004804,tfbs,0.201904296875,0.02046329900622368,0.042521439492702484,0.0415026992559433,0.4930594725906479,-20.87192930060754,1.0,0.013294457457959652,0.023878302425146103,0.02265704609453678,0.5867692285432257,-11.80373262258125,1.0
m3_chr1_236620149_236624244,m3,,,chr1,236620149,236624244,insulator,0.017578125,0.00010677486716303974,0.00028241772088222206,0.0002504137810319662,0.4263937340948881,-1.7767849339991693,0.986013986013986,0.00010677486716303974,0.00028241772088222206,0.00024515509721823037,0.4355400657567877,-1.7304876015973143,0.98001998001998
m3_chr1_236620149_236624244,m3,,,chr1,236620149,236624244,promoter,0.48974609375,0.2533767521381378,0.23886638879776,0.23349620401859283,1.0851429178607201,9.375745732912213,0.000999000999000999,0.13320164382457733,0.13654442131519318,0.1329459547996521,1.0019232553958528,0.14351572330002943,0.4565434565434565
m3_chr1_236620149_236624244,m3,,,chr1,236620149,236624244,tfbs,0.230712890625,0.03953339532017708,0.054568011313676834,0.05419251695275307,0.7294991549228775,-12.625087791961851,1.0,0.02148844115436077,0.02967815101146698,0.029992178082466125,0.7164681769785581,-9.839274017147414,1.0
m3_chr14_101543080_101547175,m3,,,chr14,101543080,101547175,insulator,0.032958984375,0.0006366385496221483,0.0010825470089912415,0.0011804604437202215,0.5393137508409699,-3.035336658536407,1.0,0.0006366385496221483,0.0010825470089912415,0.0011791872093454003,0.5398960780583467,-3.0995157814543783,1.0
m3_chr14_101543080_101547175,m3,,,chr14,101543080,101547175,promoter,0.435302734375,0.20876438915729523,0.19048000872135162,0.1899484544992447,1.0990581087256246,9.781753396489895,0.000999000999000999,0.12045732140541077,0.11807986348867416,0.11655320972204208,1.0334963892687234,2.3568554593118525,0.01098901098901099
m3_chr14_101543080_101547175,m3,,,chr14,101543080,101547175,tfbs,0.218017578125,0.04106318578124046,0.04798407852649689,0.0479276068508625,0.8567752174444632,-6.270752637994479,1.0,0.020982544869184494,0.024923251941800117,0.024399783462285995,0.8599479950966195,-4.346583464096236,1.0
m3_chr14_26677340_26681435,m3,,,chr14,26677340,26681435,insulator,0.017578125,5.442028850666247e-05,0.00028434902196750045,0.0001619003596715629,0.33613445094909916,-1.6683606142642393,0.983016983016983,5.442028850666247e-05,0.00028434902196750045,0.0001632608618820086,0.33333334076107557,-1.6614826234413467,0.985014985014985
m3_chr14_26677340_26681435,m3,,,chr14,26677340,26681435,promoter,0.473876953125,0.25185710191726685,0.22271521389484406,0.22265130281448364,1.1311728192631234,14.260519294192813,0.000999000999000999,0.15278495848178864,0.1327599734067917,0.13382501900196075,1.1416770916322463,10.516562500605366,0.000999000999000999
m3_chr14_26677340_26681435,m3,,,chr14,26677340,26681435,tfbs,0.243408203125,0.045277681201696396,0.06027001887559891,0.05985682085156441,0.7564331108392475,-11.579375827708484,1.0,0.02870670147240162,0.03512023389339447,0.035735923796892166,0.8033009482435192,-7.83729266753307,1.0
m3_chr14_33378322_33382417,m3,,,chr14,33378322,33382417,insulator,0.019775390625,0.00016019222675822675,0.00041142528061755,0.00042370843584649265,0.37807183715422543,-2.5057620071450493,0.998001998001998,0.00016019222675822675,0.00041142528061755,0.00041484448593109846,0.38615006873885044,-2.4246453661186695,0.997002997002997
m3_chr14_33378322_33382417,m3,,,chr14,33378322,33382417,promoter,0.50341796875,0.2683753967285156,0.25466904044151306,0.25624924898147583,1.0473216908741707,5.359585536590325,0.000999000999000999,0.14593511819839478,0.15109694004058838,0.15083597600460052,0.9675086943047574,-2.8322728300857567,0.998001998001998
m3_chr14_33378322_33382417,m3,,,chr14,33378322,33382417,tfbs,0.220947265625,0.03828594461083412,0.04854044318199158,0.047019120305776596,0.8142633116453787,-8.156919235445615,1.0,0.015084768645465374,0.02500883676111698,0.023981204256415367,0.629024651313328,-11.288173480271015,1.0
m3_chr17_22742263_22746358,m3,,,chr17,22742263,22746358,insulator,0.0087890625,0.0,6.155618029879406e-05,6.097269579186104e-05,0.0,-1.5391321412867918,1.0,0.0,6.155618029879406e-05,6.0229769587749615e-05,0.0,-1.5176900773364215,1.0
m3_chr17_22742263_22746358,m3,,,chr17,22742263,22746358,promoter,0.393798828125,0.15405026078224182,0.15570025146007538,0.15662948787212372,0.9835329405406239,-1.3700738738430098,0.926073926073926,0.09350208193063736,0.09394481033086777,0.09399015456438065,0.9948071940512773,-0.31937439515195243,0.6043956043956044
m3_chr17_22742263_22746358,m3,,,chr17,22742263,22746358,tfbs,0.29052734375,0.09466953575611115,0.08372329920530319,0.0819857269525528,1.1547075237973896,9.072287889550877,0.000999000999000999,0.08145612478256226,0.06119082123041153,0.0601026825606823,1.3552826814397276,17.37769411584588,0.000999000999000999
m3_chr17_35243344_35247439,m3,,,chr17,35243344,35247439,insulator,0.0263671875,0.0004798208537977189,0.0007125421543605626,0.0006419469718821347,0.7474462452730705,-1.2907371154193266,0.9200799200799201,0.0004798208537977189,0.0007125421543605626,0.0006396012031473219,0.7501875409812195,-1.257735631372858,0.9210789210789211
m3_chr17_35243344_35247439,m3,,,chr17,35243344,35247439,promoter,0.47265625,0.21256063878536224,0.2253536581993103,0.220550537109375,0.9637729364492528,-3.800542033512782,1.0,0.12872527539730072,0.1293686479330063,0.12455744296312332,1.0334611271316105,2.335955982402461,0.005994005994005994
m3_chr17_35243344_35247439,m3,,,chr17,35243344,35247439,tfbs,0.2119140625,0.044676654040813446,0.046384282410144806,0.04485407844185829,0.9960444087314194,-0.16455873333966778,0.5674325674325674,0.023351281881332397,0.02588796615600586,0.02471197582781315,0.9449378732011667,-1.6961500843121378,0.955044955044955
m3_chr17_72349260_72353355,m3,,,chr17,72349260,72353355,insulator,0.026123046875,0.0016330830985680223,0.0006477024871855974,0.0005141050787642598,3.1765550779879845,9.422390699505033,0.000999000999000999,0.0016330830985680223,0.0006477024871855974,0.0005251152324490249,3.1099518689482166,9.322292051249056,0.000999000999000999
m3_chr17_72349260_72353355,m3,,,chr17,72349260,72353355,promoter,0.47119140625,0.20416173338890076,0.22208479046821594,0.22635404765605927,0.9019575108244615,-10.661202323926506,1.0,0.13059397041797638,0.13759951293468475,0.14120499789714813,0.9248537400432477,-5.9834194979661515,1.0
m3_chr17_72349260_72353355,m3,,,chr17,72349260,72353355,tfbs,0.18408203125,0.03179243952035904,0.033660776913166046,0.03258395940065384,0.9757082965098798,-0.8658513771461777,0.8201798201798202,0.01606743037700653,0.017918627709150314,0.017067747190594673,0.9413913973286776,-1.4995292950874357,0.942057942057942
m3_chr21_12003041_12007136,m3,,,chr21,12003041,12007136,insulator,0.00439453125,0.00019787426572293043,1.6960890206974e-05,4.296698534744792e-06,46.05262950678094,17.2885186757388,0.000999000999000999,0.00019787426572293043,1.6960890206974e-05,5.342605618352536e-06,37.037033960209776,16.085930642689355,0.000999000999000999
m3_chr21_12003041_12007136,m3,,,chr21,12003041,12007136,promoter,0.391845703125,0.15290027856826782,0.15293805301189423,0.15428143739700317,0.991047796468338,-0.7338774537657843,0.7652347652347652,0.12350180745124817,0.11542762815952301,0.11554215103387833,1.0688896333169007,4.780846888974568,0.000999000999000999
m3_chr21_12003041_12007136,m3,,,chr21,12003041,12007136,tfbs,0.31591796875,0.13916213810443878,0.10000734776258469,0.09972323477268219,1.3954835943865747,25.09596991188347,0.000999000999000999,0.11024423688650131,0.06704159826040268,0.06629327684640884,1.6629776371127343,33.61763630010689,0.000999000999000999
m3_chr21_19112010_19116105,m3,,,chr21,19112010,19116105,insulator,0.010986328125,8.009825251065195e-05,0.000114808113721665,0.00011203075700905174,0.7149666274608879,-0.5703272510182837,0.7832167832167832,8.009825251065195e-05,0.000114808113721665,0.00011416670895414427,0.7015902730700934,-0.608597999503096,0.8011988011988012
m3_chr21_19112010_19116105,m3,,,chr21,19112010,19116105,promoter,0.512939453125,0.320766806602478,0.26209890842437744,0.2590312361717224,1.2383325321809011,28.06547249088449,0.000999000999000999,0.19487905502319336,0.1534947007894516,0.1497451812028885,1.3014045157096132,25.495329590657736,0.000999000999000999
m3_chr21_19112010_19116105,m3,,,chr21,19112010,19116105,tfbs,0.201416015625,0.03812677040696144,0.041530631482601166,0.03978990018367767,0.9582022128972701,-1.6557105548567028,0.9500499500499501,0.024189673364162445,0.026627738028764725,0.025183532387018204,0.9605353606641743,-1.2592920385311162,0.8971028971028971
m3_chr21_38658585_38662680,m3,,,chr21,38658585,38662680,insulator,0.051513671875,0.003929484635591507,0.0026723071932792664,0.0032302248291671276,1.2164740361446218,2.378432144690626,0.011988011988011988,0.003929484635591507,0.0026723071932792664,0.003224653657525778,1.2185757147657632,2.482317320732434,0.008991008991008992
m3_chr21_38658585_38662680,m3,,,chr21,38658585,38662680,promoter,0.482421875,0.21221908926963806,0.233676016330719,0.235914945602417,0.8995576296691558,-10.877172499596806,1.0,0.0972951129078865,0.11898266524076462,0.11863768100738525,0.8201029561748584,-12.526278253367973,1.0
m3_chr21_38658585_38662680,m3,,,chr21,38658585,38662680,tfbs,0.206787109375,0.02702193520963192,0.043206650763750076,0.03898215666413307,0.6931872816183723,-12.32348008892456,1.0,0.012165253981947899,0.023753901943564415,0.02093292959034443,0.5811539149092285,-11.97270562882221,1.0
m3_chr3_108979737_108983832,m3,,,chr3,108979737,108983832,insulator,0.010986328125,8.072762284427881e-05,0.000132123997900635,5.5432967201340944e-05,1.4563106923550357,0.6517100478162142,0.34565434565434566,8.072762284427881e-05,0.000132123997900635,5.5917338613653556e-05,1.443695727403007,0.6427129051602037,0.35564435564435565
m3_chr3_108979737_108983832,m3,,,chr3,108979737,108983832,promoter,0.47021484375,0.21879877150058746,0.22285820543766022,0.22054645419120789,0.9920756708738322,-0.820990523036054,0.7982017982017982,0.13992787897586823,0.13907597959041595,0.1362113654613495,1.0272849002132154,2.1520944433553697,0.00999000999000999
m3_chr3_108979737_108983832,m3,,,chr3,108979737,108983832,tfbs,0.213623046875,0.033663418143987656,0.04613630101084709,0.04471487179398537,0.7528461291152746,-10.290524756658833,1.0,0.01714116521179676,0.024792220443487167,0.023803748190402985,0.7201036187531007,-8.308474393450389,1.0
m3_chr3_127665795_127669890,m3,,,chr3,127665795,127669890,insulator,0.048828125,0.001954013714566827,0.0025161036755889654,0.00290205841884017,0.6733199104061328,-3.4127902913917234,1.0,0.001954013714566827,0.0025161036755889654,0.0029044942930340767,0.6727552260141079,-3.487853007696219,1.0
m3_chr3_127665795_127669890,m3,,,chr3,127665795,127669890,promoter,0.38671875,0.1487191915512085,0.14926677942276,0.1448473036289215,1.0267308249810865,2.180147346087106,0.015984015984015984,0.08621750771999359,0.09435897320508957,0.08959244191646576,0.9623301461118908,-2.2788821283396508,0.989010989010989
m3_chr3_127665795_127669890,m3,,,chr3,127665795,127669890,tfbs,0.141357421875,0.019781043753027916,0.02033868432044983,0.018872909247875214,1.0481184163620638,1.2751089062025842,0.0979020979020979,0.009502395987510681,0.011432211846113205,0.010542064905166626,0.9013790061995912,-2.021182305086073,0.985014985014985
m3_chr3_17001367_17005462,m3,,,chr3,17001367,17005462,insulator,0.01318359375,0.00013213879719842225,0.00015513156540691853,0.00020172310178168118,0.6550503934915302,-0.9313539436440721,0.8721278721278721,0.00013213879719842225,0.00015513156540691853,0.000204128009499982,0.6473330020809022,-1.025784997327746,0.8881118881118881
m3_chr3_17001367_17005462,m3,,,chr3,17001367,17005462,promoter,0.474609375,0.20751076936721802,0.22471797466278076,0.22256679832935333,0.9323527629675677,-6.859703819339175,1.0,0.12003488093614578,0.13979864120483398,0.13755643367767334,0.8726228045241081,-9.931593686021758,1.0
m3_chr3_17001367_17005462,m3,,,chr3,17001367,17005462,tfbs,0.27978515625,0.06979571282863617,0.07849577814340591,0.07572408765554428,0.9217108451160844,-4.248898067534017,1.0,0.03641745448112488,0.04356950521469116,0.04123571142554283,0.8831532965517516,-4.601829790664254,1.0
m3_chr7_120066194_120070289,m3,,,chr7,120066194,120070289,insulator,0.024169921875,0.0010103427339345217,0.0005416030762717128,0.0005213102558627725,1.9380833631642191,4.073222124106772,0.001998001998001998,0.0010103427339345217,0.0005416030762717128,0.0005275318399071693,1.91522607263348,4.17943109949854,0.000999000999000999
m3_chr7_120066194_120070289,m3,,,chr7,120066194,120070289,promoter,0.51611328125,0.29499348998069763,0.2651480734348297,0.26328790187835693,1.1204217431797878,13.990198449447385,0.000999000999000999,0.17813937366008759,0.1657632440328598,0.16386838257312775,1.0870881305037063,7.481407079828566,0.000999000999000999
m3_chr7_120066194_120070289,m3,,,chr7,120066194,120070289,tfbs,0.211181640625,0.07370184361934662,0.04452471807599068,0.04518986493349075,1.6309374619246824,26.798457280212325,0.000999000999000999,0.029964638873934746,0.024544961750507355,0.024230943992733955,1.236626970988837,7.175653510736222,0.000999000999000999
m3_chr7_137924469_137928564,m3,,,chr7,137924469,137928564,insulator,0.0390625,0.0009247926063835621,0.0016096936305984855,0.0017074119532480836,0.5416341408552805,-3.580396902632539,1.0,0.0009247926063835621,0.0016096936305984855,0.0016929416451603174,0.5462637232814876,-3.6644829541230153,1.0
m3_chr7_137924469_137928564,m3,,,chr7,137924469,137928564,promoter,0.470947265625,0.23198693990707397,0.22281037271022797,0.22202330827713013,1.044876511872831,4.77247086536423,0.000999000999000999,0.14568203687667847,0.13294850289821625,0.13158367574214935,1.1071436943451571,7.845289014204946,0.000999000999000999
m3_chr7_137924469_137928564,m3,,,chr7,137924469,137928564,tfbs,0.26806640625,0.055541954934597015,0.07286080718040466,0.07502548396587372,0.7403078527272275,-14.488127356691432,1.0,0.033292531967163086,0.040298644453287125,0.04213520884513855,0.7901356817649734,-8.477446735277445,1.0
m3_chr7_4391321_4395416,m3,,,chr7,4391321,4395416,insulator,0.0087890625,2.6475338017917238e-05,9.610445704311132e-05,7.243652362376451e-05,0.3654970820442766,-1.0631508095915638,0.936063936063936,2.6475338017917238e-05,9.610445704311132e-05,7.362791802734137e-05,0.3595828692057509,-1.0267152911727313,0.9340659340659341
m3_chr7_4391321_4395416,m3,,,chr7,4391321,4395416,promoter,0.539794921875,0.2171507179737091,0.2984977960586548,0.29809343814849854,0.7284652735815442,-35.162454578611495,1.0,0.12382515519857407,0.199830561876297,0.2012079805135727,0.6154087670007766,-38.01918754858116,1.0
m3_chr7_4391321_4395416,m3,,,chr7,4391321,4395416,tfbs,0.2783203125,0.06642661988735199,0.0765494555234909,0.0755123496055603,0.8796788900667541,-6.873751363154122,1.0,0.03698604926466942,0.03884473443031311,0.04219840466976166,0.8764797995117743,-5.038312689666223,1.0
m3_chrX_127567034_127571129,m3,,,chrX,127567034,127571129,insulator,0.01318359375,2.650972965057008e-05,0.00020014765323139727,0.0001667196920607239,0.1590077891993377,-2.17939077113565,1.0,2.650972965057008e-05,0.00020014765323139727,0.00016133820463437587,0.16431154487336924,-2.0255707105205656,0.997002997002997
m3_chrX_127567034_127571129,m3,,,chrX,127567034,127571129,promoter,0.505859375,0.26406341791152954,0.25300759077072144,0.2567334473133087,1.0285508985094396,3.3792092547574293,0.000999000999000999,0.12387996166944504,0.14170639216899872,0.14343978464603424,0.8636373930366885,-10.745860478978534,1.0
m3_chrX_127567034_127571129,m3,,,chrX,127567034,127571129,tfbs,0.23876953125,0.05243624374270439,0.05804573744535446,0.05946158617734909,0.8818507395061572,-5.668648138714754,1.0,0.02115476317703724,0.030034609138965607,0.03045312874019146,0.6946663299366539,-10.56879914282378,1.0
m3_chrX_130740848_130744943,m3,,,chrX,130740848,130744943,insulator,0.015380859375,0.0002661627368070185,0.0002097368414979428,0.0002212344406871125,1.2030800266918984,0.5789572428091151,0.3176823176823177,0.0002661627368070185,0.0002097368414979428,0.0002168959763366729,1.2271446492574494,0.6614602377347472,0.3096903096903097
m3_chrX_130740848_130744943,m3,,,chrX,130740848,130744943,promoter,0.50244140625,0.24154268205165863,0.25285401940345764,0.2508998215198517,0.9627056750717828,-4.084828741765136,1.0,0.12703947722911835,0.1403980553150177,0.13855713605880737,0.916874300687042,-6.443923125672084,1.0
m3_chrX_130740848_130744943,m3,,,chrX,130740848,130744943,tfbs,0.23828125,0.0650767907500267,0.056788112968206406,0.056108277291059494,1.159842965993117,7.759621674983227,0.000999000999000999,0.03691677004098892,0.03255073353648186,0.03212568163871765,1.1491357741806507,5.265074416025475,0.000999000999000999
m3_chrX_83970161_83974256,m3,,,chrX,83970161,83974256,insulator,0.00439453125,0.0,6.100399332353845e-06,2.652379293976992e-07,0.0,-0.10050379462476047,1.0,0.0,6.100399332353845e-06,3.7133310115677887e-07,0.0,-0.11136393144062276,1.0
m3_chrX_83970161_83974256,m3,,,chrX,83970161,83974256,promoter,0.47314453125,0.17980478703975677,0.22621819376945496,0.22410577535629272,0.8023210769731196,-20.048458206409098,1.0,0.09816455096006393,0.12820227444171906,0.1252845823764801,0.7835325711912381,-16.068254975062953,1.0
m3_chrX_83970161_83974256,m3,,,chrX,83970161,83974256,tfbs,0.2451171875,0.06095167249441147,0.06002156436443329,0.05963758006691933,1.0220346369859006,1.1012254191799906,0.14485514485514486,0.03151026368141174,0.03016037493944168,0.029227495193481445,1.0781034595273637,2.5638184316184582,0.003996003996003996
m4_chr10_110104373_110108468,m4,,,chr10,110104373,110108468,insulator,0.010986328125,2.6369916668045335e-05,0.00011075304064434022,8.957860700320452e-05,0.29437739154731435,-1.2996898563634238,0.968031968031968,2.6369916668045335e-05,0.00011075304064434022,8.501661068294197e-05,0.3101736996595688,-1.236734757599863,0.9600399600399601
m4_chr10_110104373_110108468,m4,,,chr10,110104373,110108468,promoter,0.479736328125,0.28911978006362915,0.22945155203342438,0.22887322306632996,1.2632311294005725,27.742964386715858,0.000999000999000999,0.1632034182548523,0.13538029789924622,0.13565543293952942,1.2030732180671513,15.830736270010828,0.000999000999000999
m4_chr10_110104373_110108468,m4,,,chr10,110104373,110108468,tfbs,0.207275390625,0.04991825297474861,0.044021960347890854,0.04400179162621498,1.1344595556197483,5.470450406231029,0.000999000999000999,0.026633616536855698,0.0241526011377573,0.02311929687857628,1.1520080682702767,4.344762671263042,0.000999000999000999
m4_chr10_19287595_19291690,m4,,,chr10,19287595,19291690,insulator,0.010986328125,0.00045788779971189797,0.00011420315422583371,8.258141315309331e-05,5.544683509629994,8.050645427071899,0.000999000999000999,0.00045788779971189797,0.00011420315422583371,8.209659426938742e-05,5.5774274656194525,8.028877834816845,0.000999000999000999
m4_chr10_19287595_19291690,m4,,,chr10,19287595,19291690,promoter,0.49853515625,0.22048643231391907,0.2498619556427002,0.24754738807678223,0.8906837354532312,-12.104924834974389,1.0,0.13184474408626556,0.14467008411884308,0.14059250056743622,0.9377793520574397,-5.0228897038745535,1.0
m4_chr10_19287595_19291690,m4,,,chr10,19287595,19291690,tfbs,0.225341796875,0.049882832914590836,0.05156191810965538,0.051028549671173096,0.9775475343907433,-1.002877393603335,0.8441558441558441,0.03048994019627571,0.032648634165525436,0.03182058781385422,0.9581828083955394,-1.4928411012661593,0.9300699300699301
m4_chr10_4663039_4667134,m4,,,chr10,4663039,4667134,insulator,0.010986328125,0.00015868397895246744,0.00012377474922686815,9.092591790249571e-05,1.7452007371829008,1.3635849090170715,0.13986013986013987,0.00015868397895246744,0.00012377474922686815,9.113749547395855e-05,1.7411492177531858,1.4243763273670285,0.12987012987012986
m4_chr10_4663039_4667134,m4,,,chr10,4663039,4667134,promoter,0.4716796875,0.2397979497909546,0.22322432696819305,0.22499459981918335,1.0657942456559755,7.0588055568138115,0.000999000999000999,0.13522519171237946,0.1356431096792221,0.1335374116897583,1.012639005064306,0.9496597634182595,0.18081918081918083
m4_chr10_4663039_4667134,m4,,,chr10,4663039,4667134,tfbs,0.2392578125,0.038110602647066116,0.058761004358530045,0.05592164024710655,0.6815000861681271,-14.747958699142917,1.0,0.022638915106654167,0.03181777894496918,0.02960730902850628,0.7646394032249653,-8.064327571650876,1.0
m4_chr1_117801428_117805523,m4,,,chr1,117801428,117805523,insulator,0.019775390625,0.0004713892994914204,0.0003902006719727069,0.0004310855292715132,1.093493674649706,0.38709799149312285,0.3826173826173826,0.0004713892994914204,0.0003902006719727069,0.00042527171899564564,1.1084426225301074,0.4300769243974491,0.34065934065934067
m4_chr1_117801428_117805523,m4,,,chr1,117801428,117805523,promoter,0.489013671875,0.2800314128398895,0.23922286927700043,0.2410571277141571,1.1616806999042473,18.253406048924365,0.000999000999000999,0.1762472242116928,0.1398298442363739,0.13992568850517273,1.2595773234675016,20.21529156512034,0.000999000999000999
m4_chr1_117801428_117805523,m4,,,chr1,117801428,117805523,tfbs,0.22900390625,0.0670420303940773,0.052274320274591446,0.052180174738168716,1.2848180507344573,12.825357852090782,0.000999000999000999,0.04593426734209061,0.02848045900464058,0.02834327705204487,1.6206406640186517,20.872791834018813,0.000999000999000999
m4_chr1_188000709_188004804,m4,,,chr1,188000709,188004804,insulator,0.0087890625,0.0,5.671754843206145e-05,3.851531437248923e-05,0.0,-1.2582467563954582,1.0,0.0,5.671754843206145e-05,3.930672392016277e-05,0.0,-1.1991587670203288,1.0
m4_chr1_188000709_188004804,m4,,,chr1,188000709,188004804,promoter,0.5302734375,0.2226237952709198,0.28378111124038696,0.2836211025714874,0.7849338192837992,-26.278730354505125,1.0,0.1182367354631424,0.1587648093700409,0.15528185665607452,0.7614330354448209,-20.392766206477745,1.0
m4_chr1_188000709_188004804,m4,,,chr1,188000709,188004804,tfbs,0.201904296875,0.025377899408340454,0.042015038430690765,0.0414012186229229,0.6129746962155674,-15.324436784411834,1.0,0.01530060451477766,0.023600567132234573,0.022769618779420853,0.6719745579845335,-10.20264103515589,1.0
m4_chr1_236620149_236624244,m4,,,chr1,236620149,236624244,insulator,0.017578125,0.000345221342286095,0.00031202862737700343,0.0002459038223605603,1.4038876621442218,1.1985947826282426,0.14885114885114886,0.000345221342286095,0.00031202862737700343,0.0002472581691108644,1.3961979235206032,1.1843271765535526,0.15584415584415584
m4_chr1_236620149_236624244,m4,,,chr1,236620149,236624244,promoter,0.48974609375,0.2633773386478424,0.2397681176662445,0.23406755924224854,1.1252193148870309,13.36651808083351,0.000999000999000999,0.14031919836997986,0.13759666681289673,0.1332370638847351,1.0531543872159446,3.849879007562043,0.000999000999000999
m4_chr1_236620149_236624244,m4,,,chr1,236620149,236624244,tfbs,0.230712890625,0.03906312212347984,0.055731501430273056,0.05420999974012375,0.7205888638764762,-13.045137481045499,1.0,0.022890830412507057,0.030612265691161156,0.02981121838092804,0.7678596064074874,-7.907931420148865,1.0
m4_chr14_101543080_101547175,m4,,,chr14,101543080,101547175,insulator,0.032958984375,0.0009063365869224072,0.0011186646297574043,0.001120982924476266,0.8085195297206301,-1.2413815855472272,0.8971028971028971,0.0009063365869224072,0.0011186646297574043,0.00112525571603328,0.8054494405213063,-1.2734486603401707,0.916083916083916
m4_chr14_101543080_101547175,m4,,,chr14,101543080,101547175,promoter,0.435302734375,0.21726182103157043,0.19013001024723053,0.18974147737026215,1.1450412637380545,13.464731723148592,0.000999000999000999,0.12844084203243256,0.11738676577806473,0.11650826781988144,1.1024182612602098,7.176224063909121,0.000999000999000999
m4_chr14_101543080_101547175,m4,,,chr14,101543080,101547175,tfbs,0.218017578125,0.05785017088055611,0.04813728109002113,0.04773439094424248,1.2119180686337794,9.404142161236862,0.000999000999000999,0.03648652136325836,0.025167107582092285,0.024302352219820023,1.5013576065900904,15.965686833472544,0.000999000999000999
m4_chr14_26677340_26681435,m4,,,chr14,26677340,26681435,insulator,0.017578125,8.001280366443098e-05,0.00030831911135464907,0.00016069237608462572,0.49792532548211055,-1.2245484025290254,0.938061938061938,8.001280366443098e-05,0.00030831911135464907,0.00015863872249610722,0.5043712052484184,-1.258715219319304,0.9500499500499501
m4_chr14_26677340_26681435,m4,,,chr14,26677340,26681435,promoter,0.473876953125,0.24857310950756073,0.2240711897611618,0.2224816381931305,1.117274717708528,11.914616076850974,0.000999000999000999,0.1490638554096222,0.13449248671531677,0.13358944654464722,1.1158355638504964,9.066599840214023,0.000999000999000999
m4_chr14_26677340_26681435,m4,,,chr14,26677340,26681435,tfbs,0.243408203125,0.045447271317243576,0.061424851417541504,0.059595510363578796,0.7625955552688449,-11.292247094253845,1.0,0.028351202607154846,0.036778524518013,0.035539232194423676,0.7977438131486511,-7.539719443429395,1.0
m4_chr14_33378322_33382417,m4,,,chr14,33378322,33382417,insulator,0.019775390625,0.00034019837039522827,0.00041321502067148685,0.0003909402876161039,0.8702054538039752,-0.5107007522637995,0.7332667332667333,0.00034019837039522827,0.00041321502067148685,0.0003949441306758672,0.8613835324329225,-0.5357495060255977,0.7352647352647352
m4_chr14_33378322_33382417,m4,,,chr14,33378322,33382417,promoter,0.50341796875,0.25310757756233215,0.25376975536346436,0.2553108334541321,0.9913703000299995,-0.9557324990652661,0.8371628371628371,0.1519901603460312,0.15072037279605865,0.15020005404949188,1.011918146820037,0.9897838578594597,0.16383616383616384
m4_chr14_33378322_33382417,m4,,,chr14,33378322,33382417,tfbs,0.220947265625,0.05233820900321007,0.04931887611746788,0.04743485152721405,1.1033703557221612,4.4121747241102325,0.000999000999000999,0.02857666276395321,0.025541085749864578,0.024043438956141472,1.1885430705682727,5.753212608753401,0.000999000999000999
m4_chr17_22742263_22746358,m4,,,chr17,22742263,22746358,insulator,0.0087890625,0.0,6.378917896654457e-05,6.0346439568093047e-05,0.0,-1.545992809432438,1.0,0.0,6.378917896654457e-05,6.0479887906694785e-05,0.0,-1.451477658603758,1.0
m4_chr17_22742263_22746358,m4,,,chr17,22742263,22746358,promoter,0.393798828125,0.15979395806789398,0.15560555458068848,0.15632277727127075,1.022205214474917,1.8646859543143055,0.022977022977022976,0.09555075317621231,0.0941627025604248,0.09394333511590958,1.0171105066508386,1.0632556116631173,0.15484515484515485
m4_chr17_22742263_22746358,m4,,,chr17,22742263,22746358,tfbs,0.29052734375,0.08308644592761993,0.0838344618678093,0.08208892494440079,1.012151712108482,0.7167358966103718,0.25074925074925075,0.07235700637102127,0.06129766255617142,0.06007209047675133,1.2045028863948786,10.087998110244229,0.000999000999000999
m4_chr17_35243344_35247439,m4,,,chr17,35243344,35247439,insulator,0.0263671875,0.0012943786568939686,0.0007702912553213537,0.0006254755426198244,2.0694312865894355,5.122477760406921,0.000999000999000999,0.0012943786568939686,0.0007702912553213537,0.00062893598806113,2.0580451452368793,5.34474352604455,0.000999000999000999
m4_chr17_35243344_35247439,m4,,,chr17,35243344,35247439,promoter,0.47265625,0.21122147142887115,0.22475096583366394,0.2212703824043274,0.9545853771016951,-4.742911360439005,1.0,0.13155114650726318,0.13042885065078735,0.1254107654094696,1.0489621531113782,3.671514688642052,0.001998001998001998
m4_chr17_35243344_35247439,m4,,,chr17,35243344,35247439,tfbs,0.2119140625,0.04403529316186905,0.045722175389528275,0.04471922665834427,0.9847060526851127,-0.6364267035274083,0.7432567432567433,0.02707628905773163,0.02570199966430664,0.024536002427339554,1.1035330281660523,3.204143659855498,0.003996003996003996
m4_chr17_72349260_72353355,m4,,,chr17,72349260,72353355,insulator,0.026123046875,0.0006969000678509474,0.0006450117798522115,0.0005588880740106106,1.2469403092643494,1.151328327550255,0.15184815184815184,0.0006969000678509474,0.0006450117798522115,0.0005521512939594686,1.2621541875841447,1.1704607471464676,0.15384615384615385
m4_chr17_72349260_72353355,m4,,,chr17,72349260,72353355,promoter,0.47119140625,0.20321090519428253,0.22494597733020782,0.22479292750358582,0.9039915421317737,-10.248068856385093,1.0,0.13220453262329102,0.13996264338493347,0.1398194283246994,0.9455376424245957,-4.36727767355937,1.0
m4_chr17_72349260_72353355,m4,,,chr17,72349260,72353355,tfbs,0.18408203125,0.03283173590898514,0.034355200827121735,0.032939087599515915,0.9967409027282117,-0.12234345865874663,0.5454545454545454,0.018558191135525703,0.018449297174811363,0.017178457230329514,1.0803176843354823,2.0981319674147407,0.017982017982017984
m4_chr21_12003041_12007136,m4,,,chr21,12003041,12007136,insulator,0.00439453125,0.0003320144896861166,1.7707336155581288e-05,4.399192221171688e-06,75.47169411880968,28.57453591552994,0.000999000999000999,0.0003320144896861166,1.7707336155581288e-05,3.98417387259542e-06,83.33333340942562,31.54441354682862,0.000999000999000999
m4_chr21_12003041_12007136,m4,,,chr21,12003041,12007136,promoter,0.391845703125,0.16954873502254486,0.15325728058815002,0.15408486127853394,1.1003594617647572,8.221129471450357,0.000999000999000999,0.13214176893234253,0.11529440432786942,0.11545828729867935,1.144497913696785,10.139694135180624,0.000999000999000999
m4_chr21_12003041_12007136,m4,,,chr21,12003041,12007136,tfbs,0.31591796875,0.12256868183612823,0.1005992516875267,0.09989873319864273,1.2269292904085947,14.15658042034857,0.000999000999000999,0.09216169267892838,0.06750617921352386,0.06662620604038239,1.3832649066505278,19.838537281116285,0.000999000999000999
m4_chr21_19112010_19116105,m4,,,chr21,19112010,19116105,insulator,0.010986328125,8.091924246400595e-05,0.00012299642548896372,0.00010454766015755013,0.7739938162371413,-0.44816398106940464,0.7412587412587412,8.091924246400595e-05,0.00012299642548896372,0.00010190430475631729,0.7940708948214434,-0.4053010171574173,0.7382617382617382
m4_chr21_19112010_19116105,m4,,,chr21,19112010,19116105,promoter,0.512939453125,0.3022603392601013,0.26339036226272583,0.26015517115592957,1.161846362373228,18.643945094689197,0.000999000999000999,0.17996439337730408,0.1550663858652115,0.1497306227684021,1.2019210903548199,15.838015734213492,0.000999000999000999
m4_chr21_19112010_19116105,m4,,,chr21,19112010,19116105,tfbs,0.201416015625,0.034768301993608475,0.0424073301255703,0.03993178531527519,0.8706924000292189,-5.071740558776708,1.0,0.021389653906226158,0.02780420333147049,0.025186870247125626,0.8492382616957812,-4.5546615831303825,1.0
m4_chr21_38658585_38662680,m4,,,chr21,38658585,38662680,insulator,0.051513671875,0.0046529765240848064,0.002770492807030678,0.0030801142565906048,1.5106506241217206,5.43830025745899,0.000999000999000999,0.0046529765240848064,0.002770492807030678,0.0030863007996231318,1.5076224989647742,5.421090083809994,0.000999000999000999
m4_chr21_38658585_38662680,m4,,,chr21,38658585,38662680,promoter,0.482421875,0.23615804314613342,0.23377443850040436,0.23450714349746704,1.0070398693363651,0.7263284537954835,0.23676323676323677,0.11359500885009766,0.11968929320573807,0.11812716722488403,0.9616332256054333,-2.741497619961731,0.997002997002997
m4_chr21_38658585_38662680,m4,,,chr21,38658585,38662680,tfbs,0.206787109375,0.027917858213186264,0.04521507769823074,0.040134210139513016,0.6956124990659905,-11.786448696750748,1.0,0.013413049280643463,0.025033215060830116,0.021656459197402,0.6193556000259058,-10.957123754612093,1.0
m4_chr3_108979737_108983832,m4,,,chr3,108979737,108983832,insulator,0.010986328125,0.0003473613760434091,0.00013867720554117113,6.535738066304475e-05,5.314799530205452,6.719315820811583,0.000999000999000999,0.0003473613760434091,0.00013867720554117113,6.826988101238385e-05,5.088061834770143,6.5628571922301795,0.000999000999000999
m4_chr3_108979737_108983832,m4,,,chr3,108979737,108983832,promoter,0.47021484375,0.23217101395130157,0.222236767411232,0.22035987675189972,1.0535993093366078,5.544345960285399,0.000999000999000999,0.14655978977680206,0.1393345147371292,0.13645388185977936,1.0740609778137904,5.8420896393647785,0.000999000999000999
m4_chr3_108979737_108983832,m4,,,chr3,108979737,108983832,tfbs,0.213623046875,0.03302605077624321,0.04681945592164993,0.04474353790283203,0.7381188954696591,-11.02752299809858,1.0,0.018891114741563797,0.025390487164258957,0.023791475221514702,0.7940287252335032,-6.254270415058944,1.0
m4_chr3_127665795_127669890,m4,,,chr3,127665795,127669890,insulator,0.048828125,0.002404926111921668,0.002637485507875681,0.00278411153703928,0.8638037951881588,-1.4525949556413027,0.939060939060939,0.002404926111921668,0.002637485507875681,0.0027679114136844873,0.8688594945747798,-1.3702784640234993,0.932067932067932
m4_chr3_127665795_127669890,m4,,,chr3,127665795,127669890,promoter,0.38671875,0.15528951585292816,0.15037235617637634,0.14518381655216217,1.069606238083259,5.388977673318204,0.000999000999000999,0.096831314265728,0.09530413895845413,0.08974304050207138,1.078984105330073,4.96836484402412,0.000999000999000999
m4_chr3_127665795_127669890,m4,,,chr3,127665795,127669890,tfbs,0.141357421875,0.029202673584222794,0.02031048946082592,0.018877902999520302,1.5469235955373248,14.221920323408035,0.000999000999000999,0.01802373304963112,0.011579830199480057,0.010533919557929039,1.7110186716837406,13.757083174565704,0.000999000999000999
m4_chr3_17001367_17005462,m4,,,chr3,17001367,17005462,insulator,0.01318359375,0.000209599660593085,0.0001742289459798485,0.00021156466391403228,0.9907120438517759,-0.026695086810333103,0.5534465534465535,0.000209599660593085,0.0001742289459798485,0.0002117480617016554,0.9898539750904667,-0.028960185800903503,0.5634365634365635
m4_chr3_17001367_17005462,m4,,,chr3,17001367,17005462,promoter,0.474609375,0.18604589998722076,0.22655579447746277,0.22375662624835968,0.8314654323609539,-18.05094791074247,1.0,0.10739362984895706,0.1410699039697647,0.13866007328033447,0.7745101189427124,-17.270557620535765,1.0
m4_chr3_17001367_17005462,m4,,,chr3,17001367,17005462,tfbs,0.27978515625,0.06308949738740921,0.08035045862197876,0.07623031735420227,0.827616879702408,-9.77366923669834,1.0,0.03340494632720947,0.04555235430598259,0.0417109914124012,0.800866754686578,-8.435020966851448,1.0
m4_chr7_120066194_120070289,m4,,,chr7,120066194,120070289,insulator,0.024169921875,0.0008840311784297228,0.0006014062091708183,0.00053687475156039,1.6466246100423725,2.9774435921314013,0.003996003996003996,0.0008840311784297228,0.0006014062091708183,0.0005366873228922486,1.6471996649103091,2.8359811795491026,0.003996003996003996
m4_chr7_120066194_120070289,m4,,,chr7,120066194,120070289,promoter,0.51611328125,0.29406091570854187,0.2671716809272766,0.262747585773468,1.1191764706149236,14.008816958275432,0.000999000999000999,0.17865467071533203,0.16765356063842773,0.16368697583675385,1.0914409640844338,7.91687484367482,0.000999000999000999
m4_chr7_120066194_120070289,m4,,,chr7,120066194,120070289,tfbs,0.211181640625,0.08409012109041214,0.04609021544456482,0.0450449213385582,1.8668058149861053,37.28983197569481,0.000999000999000999,0.03482547029852867,0.025878414511680603,0.02416464500129223,1.4411745050120266,13.69923326095703,0.000999000999000999
m4_chr7_137924469_137928564,m4,,,chr7,137924469,137928564,insulator,0.0390625,0.0011554480297490954,0.001607164042070508,0.0016849120147526264,0.6857616419328191,-2.5452527971417216,1.0,0.0011554480297490954,0.001607164042070508,0.0016681983834132552,0.6926322679829989,-2.415148097388851,0.999000999000999
m4_chr7_137924469_137928564,m4,,,chr7,137924469,137928564,promoter,0.470947265625,0.24022571742534637,0.2218601256608963,0.22171001136302948,1.0835131708689472,8.734034324238332,0.000999000999000999,0.1506650596857071,0.13326026499271393,0.1315182000398636,1.1455833461835703,10.828243874007036,0.000999000999000999
m4_chr7_137924469_137928564,m4,,,chr7,137924469,137928564,tfbs,0.26806640625,0.05919656157493591,0.07335154712200165,0.07433946430683136,0.796300620765922,-10.982608550282484,1.0,0.03632943704724312,0.04141436889767647,0.04160814359784126,0.8731328510683178,-5.241554442237845,1.0
m4_chr7_4391321_4395416,m4,,,chr7,4391321,4395416,insulator,0.0087890625,0.0,9.66705774771981e-05,7.809133967384696e-05,0.0,-1.7106241412745042,1.0,0.0,9.66705774771981e-05,7.682572322664782e-05,0.0,-1.7162502598631368,1.0
m4_chr7_4391321_4395416,m4,,,chr7,4391321,4395416,promoter,0.539794921875,0.232469841837883,0.2967875599861145,0.29794153571128845,0.7802532174068912,-28.16272517007375,1.0,0.13754847645759583,0.19822798669338226,0.20114123821258545,0.6838402591129589,-31.14331825704311,1.0
m4_chr7_4391321_4395416,m4,,,chr7,4391321,4395416,tfbs,0.2783203125,0.06993214040994644,0.0769863948225975,0.07616902887821198,0.9181177893414159,-4.538702195211979,1.0,0.03998815268278122,0.03931395709514618,0.04258323460817337,0.9390586001915868,-2.437060097632907,0.995004995004995
m4_chrX_127567034_127571129,m4,,,chrX,127567034,127571129,insulator,0.01318359375,0.0006931115640327334,0.00021326412388589233,0.00015954894479364157,4.34419397087956,8.536928952801906,0.000999000999000999,0.0006931115640327334,0.00021326412388589233,0.0001604553108336404,4.319654864844888,8.480974152669708,0.000999000999000999
m4_chrX_127567034_127571129,m4,,,chrX,127567034,127571129,promoter,0.505859375,0.28238964080810547,0.25433826446533203,0.25668835639953613,1.100126413091232,11.557866301459363,0.000999000999000999,0.14901898801326752,0.14174173772335052,0.1429654210805893,1.042342874849897,3.253209353748657,0.000999000999000999
m4_chrX_127567034_127571129,m4,,,chrX,127567034,127571129,tfbs,0.23876953125,0.062193430960178375,0.058145396411418915,0.05895649269223213,1.0549038472292422,2.7680467766070374,0.004995004995004995,0.02969716303050518,0.03046504594385624,0.03010348603129387,0.9865024602012439,-0.46360459624035744,0.6733266733266733
m4_chrX_130740848_130744943,m4,,,chrX,130740848,130744943,insulator,0.015380859375,0.00029334897408261895,0.0001856115850387141,0.00021142461628187448,1.387487319317263,1.0509203067826167,0.17882117882117882,0.00029334897408261895,0.0001856115850387141,0.00021054456010460854,1.393286883958765,1.112769189326343,0.17282717282717283
m4_chrX_130740848_130744943,m4,,,chrX,130740848,130744943,promoter,0.50244140625,0.22971892356872559,0.2529771327972412,0.2512175142765045,0.9144224049438037,-9.568967673865762,1.0,0.12920689582824707,0.1413213461637497,0.1385301798582077,0.9326985351531092,-5.432460304254515,1.0
m4_chrX_130740848_130744943,m4,,,chrX,130740848,130744943,tfbs,0.23828125,0.0719505026936531,0.057595327496528625,0.05617203935980797,1.2808953264590726,12.812563000047739,0.000999000999000999,0.04309563338756561,0.03346128761768341,0.03196287900209427,1.3483026164427148,12.60929431060597,0.000999000999000999
m4_chrX_83970161_83974256,m4,,,chrX,83970161,83974256,insulator,0.00439453125,0.0,9.685534678283148e-06,6.806105261603079e-07,0.0,-0.1572900504277065,1.0,0.0,9.685534678283148e-06,8.376744631277688e-07,0.0,-0.18181818069655203,1.0
m4_chrX_83970161_83974256,m4,,,chrX,83970161,83974256,promoter,0.47314453125,0.18520458042621613,0.2264305204153061,0.2243129312992096,0.8256527136153953,-18.99873917904687,1.0,0.10402868688106537,0.1281367391347885,0.12566937506198883,0.8277966436114703,-12.657893921521671,1.0
m4_chrX_83970161_83974256,m4,,,chrX,83970161,83974256,tfbs,0.2451171875,0.05905604735016823,0.060909707099199295,0.059887517243623734,0.9861161401954088,-0.6783576164777446,0.7392607392607392,0.02944949083030224,0.030726179480552673,0.029185622930526733,1.0090410233971574,0.30935911052950094,0.3836163836163836
m5_chr10_110104373_110108468,m5,,,chr10,110104373,110108468,insulator,0.010986328125,0.0,0.00010326517804060131,8.518058166373521e-05,0.0,-1.757021102629184,1.0,0.0,0.00010326517804060131,8.12067519291304e-05,0.0,-1.7763075354802875,1.0
m5_chr10_110104373_110108468,m5,,,chr10,110104373,110108468,promoter,0.479736328125,0.28352075815200806,0.2266400307416916,0.2287508100271225,1.2394306193643274,25.295485096980038,0.000999000999000999,0.1598723977804184,0.1340276598930359,0.13569632172584534,1.1781630905472684,13.57908614138953,0.000999000999000999
m5_chr10_110104373_110108468,m5,,,chr10,110104373,110108468,tfbs,0.207275390625,0.04949718713760376,0.042893167585134506,0.04429293051362038,1.1174963264709485,4.778454988214258,0.000999000999000999,0.024870242923498154,0.023269807919859886,0.02320585586130619,1.071722718271606,2.111981753345171,0.02097902097902098
m5_chr10_19287595_19291690,m5,,,chr10,19287595,19291690,insulator,0.010986328125,0.0006470049265772104,8.923280984163284e-05,8.122606959659606e-05,7.965483616165572,12.071005591995016,0.000999000999000999,0.0006470049265772104,8.923280984163284e-05,7.801801257301122e-05,8.293019845535374,12.245369111500617,0.000999000999000999
m5_chr10_19287595_19291690,m5,,,chr10,19287595,19291690,promoter,0.49853515625,0.22925540804862976,0.25089865922927856,0.24739058315753937,0.9266941575647564,-8.08367922576001,1.0,0.13379521667957306,0.14310462772846222,0.14047662913799286,0.9524375513605432,-3.6638093715118885,1.0
m5_chr10_19287595_19291690,m5,,,chr10,19287595,19291690,tfbs,0.225341796875,0.04709656536579132,0.05093656852841377,0.051023371517658234,0.9230390694486366,-3.412068326320746,1.0,0.028953470289707184,0.031928900629282,0.031988032162189484,0.9051344622546299,-3.2940455121299337,0.999000999000999
m5_chr10_4663039_4667134,m5,,,chr10,4663039,4667134,insulator,0.010986328125,0.00010878137982217595,0.00010986880079144612,8.97990248631686e-05,1.2113870945473155,0.3896588141410282,0.43956043956043955,0.00010878137982217595,0.00010986880079144612,8.971743227448314e-05,1.2124887779820561,0.38521165860665657,0.4245754245754246
m5_chr10_4663039_4667134,m5,,,chr10,4663039,4667134,promoter,0.4716796875,0.20820754766464233,0.22154825925827026,0.22650234401226044,0.9192291080809839,-8.334843335746877,1.0,0.12447308748960495,0.13290590047836304,0.13409821689128876,0.9282232857019512,-5.568629653794109,1.0
m5_chr10_4663039_4667134,m5,,,chr10,4663039,4667134,tfbs,0.2392578125,0.04027630388736725,0.05903952196240425,0.05551692843437195,0.7254778861726644,-12.485526852625236,1.0,0.02423105202615261,0.03140643239021301,0.029573114588856697,0.8193608405143433,-6.363891767721672,1.0
m5_chr1_117801428_117805523,m5,,,chr1,117801428,117805523,insulator,0.019775390625,0.0005119362031109631,0.00032656194525770843,0.0004875787999480963,1.049955829017709,0.2239878279412045,0.44755244755244755,0.0005119362031109631,0.00032656194525770843,0.00048628548393025994,1.0527482724209425,0.22705528880988493,0.43956043956043955
m5_chr1_117801428_117805523,m5,,,chr1,117801428,117805523,promoter,0.489013671875,0.25922831892967224,0.23783516883850098,0.24261699616909027,1.0684672674333369,7.660538029056429,0.000999000999000999,0.1655709445476532,0.1388992965221405,0.14049576222896576,1.1784764317504641,14.07330626707676,0.000999000999000999
m5_chr1_117801428_117805523,m5,,,chr1,117801428,117805523,tfbs,0.22900390625,0.0788920596241951,0.05116648972034454,0.05209643393754959,1.5143466387501046,23.40186753214377,0.000999000999000999,0.04448455944657326,0.027586130425333977,0.02852737344801426,1.5593640097164203,18.670886547522457,0.000999000999000999
m5_chr1_188000709_188004804,m5,,,chr1,188000709,188004804,insulator,0.0087890625,0.0,5.086201781523414e-05,4.493682718020864e-05,0.0,-1.2876050766836584,1.0,0.0,5.086201781523414e-05,4.52614804089535e-05,0.0,-1.3360205054235983,1.0
m5_chr1_188000709_188004804,m5,,,chr1,188000709,188004804,promoter,0.5302734375,0.22614505887031555,0.2844231128692627,0.28327831625938416,0.7983140462584702,-26.20104265822859,1.0,0.12033655494451523,0.15915076434612274,0.15470188856124878,0.7778609302295116,-18.918430840847297,1.0
m5_chr1_188000709_188004804,m5,,,chr1,188000709,188004804,tfbs,0.201904296875,0.026350675150752068,0.04311637952923775,0.04134277626872063,0.6373707217792391,-13.938279028870744,1.0,0.01858615316450596,0.024136731401085854,0.022613152861595154,0.8219178138609582,-5.08800531398131,1.0
m5_chr1_236620149_236624244,m5,,,chr1,236620149,236624244,insulator,0.017578125,0.0005105056916363537,0.000267078576143831,0.000256032042670995,1.9939132864411084,3.1048020285002402,0.005994005994005994,0.0005105056916363537,0.000267078576143831,0.00025490354164503515,2.0027406772843364,2.9739993310347637,0.008991008991008992
m5_chr1_236620149_236624244,m5,,,chr1,236620149,236624244,promoter,0.48974609375,0.25484979152679443,0.23895525932312012,0.23312334716320038,1.093197204947406,9.92144741942803,0.000999000999000999,0.1338062286376953,0.13611280918121338,0.13256436586380005,1.0093679984496828,0.7100621492088222,0.23276723276723277
m5_chr1_236620149_236624244,m5,,,chr1,236620149,236624244,tfbs,0.230712890625,0.037508733570575714,0.05488545447587967,0.05395021289587021,0.6952471836018823,-14.567028633662177,1.0,0.02066204510629177,0.029672054573893547,0.02970922738313675,0.6954756796543202,-10.02330318850337,1.0
m5_chr14_101543080_101547175,m5,,,chr14,101543080,101547175,insulator,0.032958984375,0.0006482456810772419,0.001079334644600749,0.001168165705166757,0.5549261360867498,-2.9628222472436736,1.0,0.0006482456810772419,0.001079334644600749,0.0011654377449303865,0.5562250612673976,-2.9546676270267884,0.999000999000999
m5_chr14_101543080_101547175,m5,,,chr14,101543080,101547175,promoter,0.435302734375,0.2174864262342453,0.18986430764198303,0.18985989689826965,1.1455100828943272,13.626373474935946,0.000999000999000999,0.1281365603208542,0.11790703982114792,0.11638840287923813,1.1009392443833572,7.083590462006141,0.000999000999000999
m5_chr14_101543080_101547175,m5,,,chr14,101543080,101547175,tfbs,0.218017578125,0.04618750512599945,0.04814572259783745,0.047968100756406784,0.9628795886781173,-1.7146533514000166,0.9590409590409591,0.024390242993831635,0.025117218494415283,0.02436504326760769,1.0010342573968438,0.03168057392208312,0.4945054945054945
m5_chr14_26677340_26681435,m5,,,chr14,26677340,26681435,insulator,0.017578125,8.08799741207622e-05,0.0002900930121541023,0.000165210833074525,0.489556118177057,-1.2709133867057205,0.9460539460539461,8.08799741207622e-05,0.0002900930121541023,0.00016140946536324918,0.5010856949358158,-1.1937659724965124,0.9460539460539461
m5_chr14_26677340_26681435,m5,,,chr14,26677340,26681435,promoter,0.473876953125,0.2368435263633728,0.22324249148368835,0.2224704921245575,1.0646064747803412,6.520344325472028,0.000999000999000999,0.14385850727558136,0.13313786685466766,0.1333123743534088,1.079108432156605,5.863978467513389,0.000999000999000999
m5_chr14_26677340_26681435,m5,,,chr14,26677340,26681435,tfbs,0.243408203125,0.05149358510971069,0.0597645565867424,0.05957432836294174,0.864358634410427,-6.591453651139908,1.0,0.032594628632068634,0.03491495922207832,0.035396743565797806,0.9208369287270617,-2.8637652315350377,0.997002997002997
m5_chr14_33378322_33382417,m5,,,chr14,33378322,33382417,insulator,0.019775390625,0.00021701389050576836,0.00039957824628800154,0.00041305882041342556,0.525382535805825,-1.8858803508393236,0.9820179820179821,0.00021701389050576836,0.00039957824628800154,0.00041078016511164606,0.5282969065626284,-1.9514243892344763,0.988011988011988
m5_chr14_33378322_33382417,m5,,,chr14,33378322,33382417,promoter,0.50341796875,0.2627767026424408,0.2538200616836548,0.2563540041446686,1.0250540205884504,2.7752226292485074,0.006993006993006993,0.1445041298866272,0.1505872756242752,0.1506618857383728,0.9591286421143124,-3.280398092788345,1.0
m5_chr14_33378322_33382417,m5,,,chr14,33378322,33382417,tfbs,0.220947265625,0.0385199636220932,0.048460185527801514,0.04705251753330231,0.8186589292449649,-7.531631554063448,1.0,0.0155164934694767,0.02490948513150215,0.023978568613529205,0.6470984035603348,-10.786211352320173,1.0
m5_chr17_22742263_22746358,m5,,,chr17,22742263,22746358,insulator,0.0087890625,0.0,5.970902202534489e-05,6.150262197479606e-05,0.0,-1.4918129348014755,1.0,0.0,5.970902202534489e-05,6.086001667426899e-05,0.0,-1.5246893034345232,1.0
m5_chr17_22742263_22746358,m5,,,chr17,22742263,22746358,promoter,0.393798828125,0.16145442426204681,0.15519097447395325,0.15615352988243103,1.033946683008747,2.7577036045864727,0.005994005994005994,0.10134411603212357,0.09435230493545532,0.09383837878704071,1.0799857941079372,5.110688367728508,0.000999000999000999
m5_chr17_22742263_22746358,m5,,,chr17,22742263,22746358,tfbs,0.29052734375,0.09411481022834778,0.08447675406932831,0.08228970319032669,1.1437009319461386,8.262050513595913,0.000999000999000999,0.082681804895401,0.061223968863487244,0.060232918709516525,1.3727012847268458,18.223307319045272,0.000999000999000999
m5_chr17_35243344_35247439,m5,,,chr17,35243344,35247439,insulator,0.0263671875,0.0002696798765100539,0.0007273337105289102,0.0006434831884689629,0.4190938960685238,-2.814065040525716,1.0,0.0002696798765100539,0.0007273337105289102,0.0006356624653562903,0.42425011890374503,-2.7661974861061176,0.999000999000999
m5_chr17_35243344_35247439,m5,,,chr17,35243344,35247439,promoter,0.47265625,0.20875920355319977,0.22664764523506165,0.22083798050880432,0.9453048025173233,-5.793984449663108,1.0,0.1266416758298874,0.130020409822464,0.1250653713941574,1.0126038440389873,0.9703519326234947,0.17282717282717283
m5_chr17_35243344_35247439,m5,,,chr17,35243344,35247439,tfbs,0.2119140625,0.040505919605493546,0.04599893465638161,0.04484989494085312,0.9031441357646813,-4.101959591902199,1.0,0.022221622988581657,0.025523832067847252,0.024799250066280365,0.8960602812258619,-3.2169802068739166,1.0
m5_chr17_72349260_72353355,m5,,,chr17,72349260,72353355,insulator,0.026123046875,0.0010508730774745345,0.0006154262227937579,0.0005321459611877799,1.9747835257998132,4.601606582528326,0.000999000999000999,0.0010508730774745345,0.0006154262227937579,0.0005254095885902643,2.000102587191358,4.430901724243501,0.000999000999000999
m5_chr17_72349260_72353355,m5,,,chr17,72349260,72353355,promoter,0.47119140625,0.2177462875843048,0.22251565754413605,0.2258586436510086,0.9640821536180001,-3.8057404990848367,1.0,0.1362362504005432,0.1376822143793106,0.14089345932006836,0.9669451730264828,-2.601558680465822,0.999000999000999
m5_chr17_72349260_72353355,m5,,,chr17,72349260,72353355,tfbs,0.18408203125,0.038963139057159424,0.03361213579773903,0.032644614577293396,1.1935548806957275,6.815403803453992,0.000999000999000999,0.022849751636385918,0.017943555489182472,0.017095549032092094,1.3365906876399187,8.819579849596048,0.000999000999000999
m5_chr21_12003041_12007136,m5,,,chr21,12003041,12007136,insulator,0.00439453125,0.00022570179135072976,1.6927686374401674e-05,7.0813930506119505e-06,31.872512899312284,15.687424108320489,0.000999000999000999,0.00022570179135072976,1.6927686374401674e-05,8.040625289140735e-06,28.070179026443537,14.09088400327365,0.000999000999000999
m5_chr21_12003041_12007136,m5,,,chr21,12003041,12007136,promoter,0.391845703125,0.18214134871959686,0.15222109854221344,0.1539413183927536,1.183186883295984,14.871519807826473,0.000999000999000999,0.15031738579273224,0.1145530417561531,0.11536256223917007,1.3029997156364619,20.542933693919508,0.000999000999000999
m5_chr21_12003041_12007136,m5,,,chr21,12003041,12007136,tfbs,0.31591796875,0.1277754306793213,0.10060378164052963,0.10009555518627167,1.2765345118625804,17.19345349769611,0.000999000999000999,0.10368175804615021,0.06702320277690887,0.06675753742456436,1.5531093872854433,28.70013730389585,0.000999000999000999
m5_chr21_19112010_19116105,m5,,,chr21,19112010,19116105,insulator,0.010986328125,0.0,0.00011173618986504152,0.00010921539069386199,0.0,-2.0127413038365374,1.0,0.0,0.00011173618986504152,0.00011356976756360382,0.0,-2.0074872542665942,1.0
m5_chr21_19112010_19116105,m5,,,chr21,19112010,19116105,promoter,0.512939453125,0.3349034786224365,0.26098477840423584,0.25923848152160645,1.2918740946819027,33.309470708549156,0.000999000999000999,0.20219087600708008,0.15211321413516998,0.14986465871334076,1.3491564838767507,28.288347325555087,0.000999000999000999
m5_chr21_19112010_19116105,m5,,,chr21,19112010,19116105,tfbs,0.201416015625,0.04091469198465347,0.04102196916937828,0.03977981582283974,1.0285289446001442,1.1282091164878385,0.14085914085914086,0.027057373896241188,0.026139969006180763,0.025216076523065567,1.0730207719464746,2.2647749039162477,0.012987012987012988
m5_chr21_38658585_38662680,m5,,,chr21,38658585,38662680,insulator,0.051513671875,0.004812790546566248,0.002463257173076272,0.0031637432985007763,1.5212329485919154,5.618152493814273,0.000999000999000999,0.004812790546566248,0.002463257173076272,0.0031574349850416183,1.5242722556020611,5.6853989594318355,0.000999000999000999
m5_chr21_38658585_38662680,m5,,,chr21,38658585,38662680,promoter,0.482421875,0.20028822124004364,0.23448120057582855,0.2359086126089096,0.8490076687962316,-16.318576383333397,1.0,0.0904097706079483,0.11911652237176895,0.11842972785234451,0.7634043601001022,-17.165246995898492,1.0
m5_chr21_38658585_38662680,m5,,,chr21,38658585,38662680,tfbs,0.206787109375,0.0336623415350914,0.04328170418739319,0.039148081094026566,0.8598720702105572,-5.365334411816679,1.0,0.01715746335685253,0.02381574548780918,0.020999835804104805,0.8170284528367021,-5.147295569501266,1.0
m5_chr3_108979737_108983832,m5,,,chr3,108979737,108983832,insulator,0.010986328125,0.0003238779027014971,0.0001341405150014907,5.9431597037473693e-05,5.449591107189678,6.589065644692463,0.000999000999000999,0.0003238779027014971,0.0001341405150014907,6.0214297263883054e-05,5.378754173317593,6.623029936611081,0.000999000999000999
m5_chr3_108979737_108983832,m5,,,chr3,108979737,108983832,promoter,0.47021484375,0.20871230959892273,0.2234799861907959,0.22025182843208313,0.9476076139058308,-5.429299658622015,1.0,0.13368059694766998,0.1389741599559784,0.13612838089466095,0.9820185626913089,-1.3467550851823407,0.9010989010989011
m5_chr3_108979737_108983832,m5,,,chr3,108979737,108983832,tfbs,0.213623046875,0.032225850969552994,0.04703069105744362,0.044736091047525406,0.7203546446496152,-11.75260783808716,1.0,0.017354456707835197,0.025293448939919472,0.02376483753323555,0.7302577467051765,-8.151261689689477,1.0
m5_chr3_127665795_127669890,m5,,,chr3,127665795,127669890,insulator,0.048828125,0.0017734307330101728,0.002367020584642887,0.002825612435117364,0.6276270273196586,-3.730635340327832,1.0,0.0017734307330101728,0.002367020584642887,0.002826311159878969,0.6274718644517953,-3.9619404329510663,1.0
m5_chr3_127665795_127669890,m5,,,chr3,127665795,127669890,promoter,0.38671875,0.15135963261127472,0.14943964779376984,0.14520150423049927,1.0424109131197412,3.440974589972892,0.000999000999000999,0.090606190264225,0.09442716836929321,0.08981972187757492,1.0087560768415877,0.5312831033918163,0.2977022977022977
m5_chr3_127665795_127669890,m5,,,chr3,127665795,127669890,tfbs,0.141357421875,0.022275365889072418,0.020511850714683533,0.018949778750538826,1.1754947739661092,4.608881170108831,0.000999000999000999,0.01107050757855177,0.011544901877641678,0.010545840486884117,1.049751093079796,0.9786651987305393,0.16983016983016982
m5_chr3_17001367_17005462,m5,,,chr3,17001367,17005462,insulator,0.01318359375,0.0,0.0001523104147054255,0.0002013772609643638,0.0,-2.7860042470914994,1.0,0.0,0.0001523104147054255,0.00020210639922879636,0.0,-2.782609061511172,1.0
m5_chr3_17001367_17005462,m5,,,chr3,17001367,17005462,promoter,0.474609375,0.20291654765605927,0.22610832750797272,0.22246676683425903,0.9121207205174832,-9.259006678213288,1.0,0.11928166449069977,0.14033973217010498,0.13771584630012512,0.8661433502049458,-10.250788253689706,1.0
m5_chr3_17001367_17005462,m5,,,chr3,17001367,17005462,tfbs,0.27978515625,0.07520928978919983,0.07810851186513901,0.07577607035636902,0.9925203225173375,-0.40944426564097486,0.6573426573426573,0.04258709028363228,0.043710388243198395,0.04127709940075874,1.0317365052751128,1.2742716335700826,0.1088911088911089
m5_chr7_120066194_120070289,m5,,,chr7,120066194,120070289,insulator,0.024169921875,0.0010010551195591688,0.0005354291060939431,0.000529179465956986,1.8917119502148994,4.014304505473563,0.000999000999000999,0.0010010551195591688,0.0005354291060939431,0.0005267984815873206,1.9002619683770612,3.9198820908239353,0.000999000999000999
m5_chr7_120066194_120070289,m5,,,chr7,120066194,120070289,promoter,0.51611328125,0.2971239984035492,0.2650909721851349,0.26301634311676025,1.1296788438414551,14.544034118268218,0.000999000999000999,0.18386948108673096,0.16581743955612183,0.1637401580810547,1.1229345521683927,10.429432897038422,0.000999000999000999
m5_chr7_120066194_120070289,m5,,,chr7,120066194,120070289,tfbs,0.211181640625,0.07551202923059464,0.04428179934620857,0.045121073722839355,1.6735423827552225,28.5630700098308,0.000999000999000999,0.03335948660969734,0.0243397019803524,0.024216443300247192,1.377555167622688,11.867125547756942,0.000999000999000999
m5_chr7_137924469_137928564,m5,,,chr7,137924469,137928564,insulator,0.0390625,0.0010485844686627388,0.0014355028979480267,0.0017035732744261622,0.6155206144660539,-3.2179912716954675,1.0,0.0010485844686627388,0.0014355028979480267,0.0017037612851709127,0.6154526915180786,-3.1464035423222487,1.0
m5_chr7_137924469_137928564,m5,,,chr7,137924469,137928564,promoter,0.470947265625,0.21815933287143707,0.2224564403295517,0.22185653448104858,0.9833351691972484,-1.6994218094263494,0.9630369630369631,0.13572447001934052,0.13276183605194092,0.13161863386631012,1.0311949458250786,2.360752388723955,0.008991008991008992
m5_chr7_137924469_137928564,m5,,,chr7,137924469,137928564,tfbs,0.26806640625,0.06261931359767914,0.07191979885101318,0.07479598373174667,0.8372015511188574,-9.030733493261062,1.0,0.03823300078511238,0.03954422101378441,0.0418226532638073,0.9141696616890314,-3.598705698021492,1.0
m5_chr7_4391321_4395416,m5,,,chr7,4391321,4395416,insulator,0.0087890625,0.0,9.758768283063546e-05,7.109245052561164e-05,0.0,-1.6882218847807593,1.0,0.0,9.758768283063546e-05,6.812469655415043e-05,0.0,-1.5957145894412221,1.0
m5_chr7_4391321_4395416,m5,,,chr7,4391321,4395416,promoter,0.539794921875,0.20252928137779236,0.30037274956703186,0.2977394759654999,0.6802231404520244,-41.13672886867643,1.0,0.11750708520412445,0.20186693966388702,0.20089788734912872,0.5849095117656252,-41.34754280724462,1.0
m5_chr7_4391321_4395416,m5,,,chr7,4391321,4395416,tfbs,0.2783203125,0.07566440105438232,0.07652665674686432,0.07501593232154846,1.0086444134301267,0.4779921102139881,0.33266733266733267,0.04098711162805557,0.0388864204287529,0.04168296232819557,0.9833061121073609,-0.6882395929776743,0.7742257742257742
m5_chrX_127567034_127571129,m5,,,chrX,127567034,127571129,insulator,0.01318359375,0.00010822217882378027,0.00017991825006902218,0.00016160275845322758,0.6696802694435617,-0.7879230971301684,0.8461538461538461,0.00010822217882378027,0.00017991825006902218,0.0001624955766601488,0.6660007678247232,-0.8295229048296244,0.8511488511488512
m5_chrX_127567034_127571129,m5,,,chrX,127567034,127571129,promoter,0.505859375,0.27158355712890625,0.2538040578365326,0.25682228803634644,1.0574765889885334,6.513874374893596,0.000999000999000999,0.12937961518764496,0.14248281717300415,0.14321213960647583,0.9034123471876027,-7.781446622844852,1.0
m5_chrX_127567034_127571129,m5,,,chrX,127567034,127571129,tfbs,0.23876953125,0.057357754558324814,0.058189623057842255,0.059269797056913376,0.9677400194781748,-1.5719102883945533,0.9500499500499501,0.025675712153315544,0.02994462102651596,0.030322175472974777,0.846763523817726,-5.22775763095945,1.0
m5_chrX_130740848_130744943,m5,,,chrX,130740848,130744943,insulator,0.015380859375,0.0003800836275331676,0.00021556182764470577,0.00022077429457567632,1.7215936677033916,2.0556504007030143,0.04195804195804196,0.0003800836275331676,0.00021556182764470577,0.0002187381178373471,1.7376195392510256,1.9770773005415148,0.04295704295704296
m5_chrX_130740848_130744943,m5,,,chrX,130740848,130744943,promoter,0.50244140625,0.24727153778076172,0.25355881452560425,0.2509261667728424,0.9854354408745696,-1.6567979434251934,0.955044955044955,0.1255633383989334,0.14101599156856537,0.1386866420507431,0.9053744220946088,-7.2486395657516,1.0
m5_chrX_130740848_130744943,m5,,,chrX,130740848,130744943,tfbs,0.23828125,0.06819786131381989,0.05658416450023651,0.05620280280709267,1.2134245608337075,10.35463298437943,0.000999000999000999,0.03830699995160103,0.032259341329336166,0.03219740092754364,1.1897544164451752,6.736204167570232,0.000999000999000999
m5_chrX_83970161_83974256,m5,,,chrX,83970161,83974256,insulator,0.00439453125,0.0,1.0985224434989505e-05,1.4736222055944381e-06,0.0,-0.23673712512062306,1.0,0.0,1.0985224434989505e-05,1.9826916286547203e-06,0.0,-0.26750560229829823,1.0
m5_chrX_83970161_83974256,m5,,,chrX,83970161,83974256,promoter,0.47314453125,0.20068053901195526,0.2252083569765091,0.22397400438785553,0.8959992458072813,-10.629178004706198,1.0,0.1129598394036293,0.1269892007112503,0.12544745206832886,0.9004554300720449,-7.377064384669445,1.0
m5_chrX_83970161_83974256,m5,,,chrX,83970161,83974256,tfbs,0.2451171875,0.06395520269870758,0.060393549501895905,0.05974575877189636,1.0704559455489129,3.5887548896606325,0.000999000999000999,0.03308951482176781,0.030229730531573296,0.02919098362326622,1.1335525807836884,4.529057577425991,0.000999000999000999
m6_chr10_110104373_110108468,m6,,,chr10,110104373,110108468,insulator,0.010986328125,0.0,9.822246647672728e-05,8.504578727297485e-05,0.0,-1.7970506246880442,1.0,0.0,9.822246647672728e-05,8.523210999555886e-05,0.0,-1.8078005165116995,1.0
m6_chr10_110104373_110108468,m6,,,chr10,110104373,110108468,promoter,0.479736328125,0.294665664434433,0.22734029591083527,0.22875486314296722,1.2881285249453815,31.464211281067026,0.000999000999000999,0.16263841092586517,0.13413143157958984,0.13577423989772797,1.1978591156052332,15.112066825871935,0.000999000999000999
m6_chr10_110104373_110108468,m6,,,chr10,110104373,110108468,tfbs,0.207275390625,0.05102746933698654,0.042504772543907166,0.044297464191913605,1.1519275486270721,6.474947985642066,0.000999000999000999,0.02651192434132099,0.023039689287543297,0.023227160796523094,1.1414190728506775,4.0981142669864585,0.000999000999000999
m6_chr10_19287595_19291690,m6,,,chr10,19287595,19291690,insulator,0.010986328125,0.0006180469645187259,0.00010721691069193184,7.728274067630991e-05,7.997218513605078,11.533137410977389,0.000999000999000999,0.0006180469645187259,0.00010721691069193184,7.854570867493749e-05,7.868628024944328,12.095739855541458,0.000999000999000999
m6_chr10_19287595_19291690,m6,,,chr10,19287595,19291690,promoter,0.49853515625,0.22830118238925934,0.25120893120765686,0.24734799563884735,0.9229958860172117,-8.705789529078968,1.0,0.13083785772323608,0.14364512264728546,0.14031186699867249,0.9324789165871049,-5.060385838850008,1.0
m6_chr10_19287595_19291690,m6,,,chr10,19287595,19291690,tfbs,0.225341796875,0.047616489231586456,0.05098043009638786,0.05106167122721672,0.9325290004649529,-3.158950102510955,0.999000999000999,0.028322674334049225,0.03187539801001549,0.03207257762551308,0.8830807010509538,-4.005801377618882,1.0
m6_chr10_4663039_4667134,m6,,,chr10,4663039,4667134,insulator,0.010986328125,5.3814073908142745e-05,0.00010413067502668127,9.177990432363003e-05,0.5863383090745666,-0.7647636066379867,0.8681318681318682,5.3814073908142745e-05,0.00010413067502668127,8.922373672248796e-05,0.6031362940505433,-0.7172814308525518,0.8411588411588412
m6_chr10_4663039_4667134,m6,,,chr10,4663039,4667134,promoter,0.4716796875,0.21423381567001343,0.22118647396564484,0.2268357276916504,0.9444447656025007,-5.751257232133075,1.0,0.12562894821166992,0.133165642619133,0.13420729339122772,0.9360813785689645,-4.790671666025526,1.0
m6_chr10_4663039_4667134,m6,,,chr10,4663039,4667134,tfbs,0.2392578125,0.03653975576162338,0.05928102880716324,0.05552253872156143,0.6581067185141817,-16.21850162567089,1.0,0.02120274491608143,0.031741827726364136,0.02960406057536602,0.7162106989378527,-10.100501786736999,1.0
m6_chr1_117801428_117805523,m6,,,chr1,117801428,117805523,insulator,0.019775390625,0.000538111780770123,0.0003570365661289543,0.0004827669763471931,1.1146408249414463,0.47124214545520104,0.34465534465534464,0.000538111780770123,0.0003570365661289543,0.0004772513348143548,1.1275228407259295,0.5518164511125064,0.3356643356643357
m6_chr1_117801428_117805523,m6,,,chr1,117801428,117805523,promoter,0.489013671875,0.2600425183773041,0.23833173513412476,0.24260440468788147,1.0718788008480609,8.04437631969768,0.000999000999000999,0.16162186861038208,0.1392870396375656,0.14062996208667755,1.1492705125723217,11.757803178665375,0.000999000999000999
m6_chr1_117801428_117805523,m6,,,chr1,117801428,117805523,tfbs,0.22900390625,0.08082439005374908,0.05123138427734375,0.052030377089977264,1.5534077316790864,24.318628223090727,0.000999000999000999,0.04740764573216438,0.027651365846395493,0.028574218973517418,1.6591055656184963,21.905653222571456,0.000999000999000999
m6_chr1_188000709_188004804,m6,,,chr1,188000709,188004804,insulator,0.0087890625,0.0,5.7946537708630785e-05,4.230371632729657e-05,0.0,-1.3156369306548927,1.0,0.0,5.7946537708630785e-05,4.306545088184066e-05,0.0,-1.2751577716415856,1.0
m6_chr1_188000709_188004804,m6,,,chr1,188000709,188004804,promoter,0.5302734375,0.21649709343910217,0.2844908535480499,0.2836676239967346,0.7632069193825035,-28.762490779151367,1.0,0.10860221087932587,0.1591576486825943,0.15489636361598969,0.7011282146594889,-24.58554518826535,1.0
m6_chr1_188000709_188004804,m6,,,chr1,188000709,188004804,tfbs,0.201904296875,0.023722726851701736,0.043109230697155,0.04142633080482483,0.5726485158308736,-17.01597236317707,1.0,0.016295772045850754,0.024184653535485268,0.022685619071125984,0.7183304980463081,-8.322441815471317,1.0
m6_chr1_236620149_236624244,m6,,,chr1,236620149,236624244,insulator,0.017578125,0.00016280899581033736,0.0002718945615924895,0.00025178410578519106,0.646621419182184,-1.112890740251663,0.9180819180819181,0.00016280899581033736,0.0002718945615924895,0.00025395487318746746,0.6410941982206149,-1.1367110008669388,0.9010989010989011
m6_chr1_236620149_236624244,m6,,,chr1,236620149,236624244,promoter,0.48974609375,0.25376495718955994,0.2387424260377884,0.23291891813278198,1.089499123660252,9.13908771683412,0.000999000999000999,0.13135972619056702,0.13617223501205444,0.13246874511241913,0.9916280710524513,-0.6691345733554158,0.7492507492507493
m6_chr1_236620149_236624244,m6,,,chr1,236620149,236624244,tfbs,0.230712890625,0.03633354231715202,0.0546879842877388,0.05399731546640396,0.6728768273629828,-15.662283283266131,1.0,0.019211461767554283,0.02969321981072426,0.02980845607817173,0.6444970419525531,-11.973853055603659,1.0
m6_chr14_101543080_101547175,m6,,,chr14,101543080,101547175,insulator,0.032958984375,0.000802847440354526,0.001042909105308354,0.0011755292071029544,0.6829668165652064,-2.1885158381473055,0.993006993006993,0.000802847440354526,0.001042909105308354,0.001178820850327611,0.6810597557138588,-2.147938924558047,0.986013986013986
m6_chr14_101543080_101547175,m6,,,chr14,101543080,101547175,promoter,0.435302734375,0.2156180590391159,0.19114996492862701,0.1901502013206482,1.1339354759636648,12.089197601338455,0.000999000999000999,0.12540477514266968,0.11853303015232086,0.11648320406675339,1.0765910514515344,5.517046677157609,0.000999000999000999
m6_chr14_101543080_101547175,m6,,,chr14,101543080,101547175,tfbs,0.218017578125,0.04343404620885849,0.048146702349185944,0.04803727567195892,0.9041738025583432,-4.1533511827796605,1.0,0.024272754788398743,0.025156134739518166,0.024387188255786896,0.995307639971123,-0.13987589020086413,0.5694305694305695
m6_chr14_26677340_26681435,m6,,,chr14,26677340,26681435,insulator,0.017578125,5.4128664487507194e-05,0.00028931957785971463,0.00016162818064913154,0.33489620603359826,-1.6423296624239563,0.984015984015984,5.4128664487507194e-05,0.00028931957785971463,0.00016284608864225447,0.33239155412825905,-1.5789148945095914,0.98001998001998
m6_chr14_26677340_26681435,m6,,,chr14,26677340,26681435,promoter,0.473876953125,0.24522991478443146,0.2232811003923416,0.22309215366840363,1.0992314644509311,10.777409743505226,0.000999000999000999,0.14644509553909302,0.1329340934753418,0.13443869352340698,1.0893076368195709,6.853743570931823,0.000999000999000999
m6_chr14_26677340_26681435,m6,,,chr14,26677340,26681435,tfbs,0.243408203125,0.047254323959350586,0.06041961908340454,0.06009196490049362,0.7863667636363546,-10.596040296173532,1.0,0.029635444283485413,0.03517817705869675,0.035912416875362396,0.8252144205815543,-6.8093639453475605,1.0
m6_chr14_33378322_33382417,m6,,,chr14,33378322,33382417,insulator,0.019775390625,0.00015934139082673937,0.00037923219497315586,0.00041157883242703974,0.3871467098711538,-2.4683876070419637,0.996003996003996,0.00015934139082673937,0.00037923219497315586,0.00041434072772972286,0.3845660833290779,-2.3864024223792675,1.0
m6_chr14_33378322_33382417,m6,,,chr14,33378322,33382417,promoter,0.50341796875,0.26559552550315857,0.25397059321403503,0.2564946413040161,1.0354817712872038,4.3235188452682864,0.000999000999000999,0.14314168691635132,0.15061068534851074,0.15104003250598907,0.9477069392889295,-4.089713903820195,1.0
m6_chr14_33378322_33382417,m6,,,chr14,33378322,33382417,tfbs,0.220947265625,0.03821537643671036,0.0481659434735775,0.046997107565402985,0.8131431574491764,-8.275385973338237,1.0,0.014446952380239964,0.02470427006483078,0.023910343647003174,0.6042134982886658,-11.790762118614703,1.0
m6_chr17_22742263_22746358,m6,,,chr17,22742263,22746358,insulator,0.0087890625,0.0,6.202485383255407e-05,5.802660598419607e-05,0.0,-1.4234841118726218,1.0,0.0,6.202485383255407e-05,6.205282988958061e-05,0.0,-1.5336594095848723,1.0
m6_chr17_22742263_22746358,m6,,,chr17,22742263,22746358,promoter,0.393798828125,0.16401425004005432,0.15526670217514038,0.1566535085439682,1.046987402736787,3.879634203727237,0.000999000999000999,0.09815283119678497,0.09367547929286957,0.09411407262086868,1.0429134396530275,2.6884478489811574,0.002997002997002997
m6_chr17_22742263_22746358,m6,,,chr17,22742263,22746358,tfbs,0.29052734375,0.09127016365528107,0.08413099497556686,0.08208849281072617,1.1118508883544171,6.58239702218754,0.000999000999000999,0.07723278552293777,0.06132380664348602,0.06010640040040016,1.2849344663538294,13.923207135852286,0.000999000999000999
m6_chr17_35243344_35247439,m6,,,chr17,35243344,35247439,insulator,0.0263671875,0.00024451204808428884,0.000733808265067637,0.0006328786839731038,0.3863490022278585,-2.918563868550877,1.0,0.00024451204808428884,0.000733808265067637,0.0006390730268321931,0.3826042374160355,-3.0352923791996345,1.0
m6_chr17_35243344_35247439,m6,,,chr17,35243344,35247439,promoter,0.47265625,0.2112584263086319,0.2265106588602066,0.22078506648540497,0.9568510663858562,-4.43416934252463,1.0,0.1305966079235077,0.13002261519432068,0.1249847561120987,1.044900290131188,3.287298391840073,0.000999000999000999
m6_chr17_35243344_35247439,m6,,,chr17,35243344,35247439,tfbs,0.2119140625,0.04341447353363037,0.04613211750984192,0.044966720044612885,0.965480103742446,-1.4143299477670335,0.929070929070929,0.02249510958790779,0.02565394714474678,0.024809852242469788,0.9067006674630818,-2.8657143200984723,0.997002997002997
m6_chr17_72349260_72353355,m6,,,chr17,72349260,72353355,insulator,0.026123046875,0.0012776947114616632,0.0006342193810269237,0.0005168954958207905,2.471862730072317,6.6614822303048715,0.000999000999000999,0.0012776947114616632,0.0006342193810269237,0.0005131439538672566,2.489934260810146,6.3936970771999,0.000999000999000999
m6_chr17_72349260_72353355,m6,,,chr17,72349260,72353355,promoter,0.47119140625,0.22248199582099915,0.22261126339435577,0.22618986666202545,0.9836072636862789,-1.7030020183415209,0.952047952047952,0.14130759239196777,0.13793359696865082,0.14130455255508423,1.0000215126606227,0.0017045579168464007,0.5114885114885115
m6_chr17_72349260_72353355,m6,,,chr17,72349260,72353355,tfbs,0.18408203125,0.035639528185129166,0.03376124054193497,0.032529618591070175,1.0956023995594188,3.3649916501627612,0.001998001998001998,0.01810520514845848,0.018080009147524834,0.01706584170460701,1.0609031457013274,1.6302766200598002,0.06293706293706294
m6_chr21_12003041_12007136,m6,,,chr21,12003041,12007136,insulator,0.00439453125,0.00022056188026908785,1.736927697493229e-05,1.4612224958909792e-06,150.94339218655435,35.47237546760159,0.000999000999000999,0.00022056188026908785,1.736927697493229e-05,1.3785117971565342e-06,159.99999472187497,36.47710295913051,0.000999000999000999
m6_chr21_12003041_12007136,m6,,,chr21,12003041,12007136,promoter,0.391845703125,0.15728819370269775,0.15388406813144684,0.15453389286994934,1.0178232799394134,1.4612203162633692,0.06693306693306693,0.12447961419820786,0.11577946692705154,0.1156282126903534,1.0765505347000224,5.542950324034545,0.000999000999000999
m6_chr21_12003041_12007136,m6,,,chr21,12003041,12007136,tfbs,0.31591796875,0.12395577877759933,0.09919346123933792,0.09946339577436447,1.2462451921387898,15.829039009527008,0.000999000999000999,0.09462104737758636,0.06643141806125641,0.06618055701255798,1.4297408732844559,21.98817526244743,0.000999000999000999
m6_chr21_19112010_19116105,m6,,,chr21,19112010,19116105,insulator,0.010986328125,0.0,0.0001228716573677957,0.00010696360550355166,0.0,-2.012342101412366,1.0,0.0,0.0001228716573677957,0.00010956913320114836,0.0,-2.0677081824391816,1.0
m6_chr21_19112010_19116105,m6,,,chr21,19112010,19116105,promoter,0.512939453125,0.3237157464027405,0.26186445355415344,0.25932931900024414,1.2482805555913086,27.864504822876377,0.000999000999000999,0.19360412657260895,0.1532837599515915,0.1497221440076828,1.2930894615206312,23.50171423070542,0.000999000999000999
m6_chr21_19112010_19116105,m6,,,chr21,19112010,19116105,tfbs,0.201416015625,0.039960507303476334,0.04111318290233612,0.039808258414268494,1.0038245553880667,0.14847376532978276,0.4325674325674326,0.02523243986070156,0.026227064430713654,0.025194015353918076,1.0015251442155493,0.04739633147420176,0.4885114885114885
m6_chr21_38658585_38662680,m6,,,chr21,38658585,38662680,insulator,0.051513671875,0.004722742363810539,0.002574438927695155,0.003257226664572954,1.4499274536762166,4.924812569091262,0.000999000999000999,0.004722742363810539,0.002574438927695155,0.0032679205760359764,1.4451827251993001,4.952824838268988,0.000999000999000999
m6_chr21_38658585_38662680,m6,,,chr21,38658585,38662680,promoter,0.482421875,0.2091849148273468,0.23417134582996368,0.23605471849441528,0.886171291815528,-12.345104754545083,1.0,0.09687050431966782,0.11949902027845383,0.11872470378875732,0.8159254243499827,-13.237859886366296,1.0
m6_chr21_38658585_38662680,m6,,,chr21,38658585,38662680,tfbs,0.206787109375,0.027875037863850594,0.043689463287591934,0.03880498558282852,0.7183365087032912,-10.730037224114863,1.0,0.013353961519896984,0.024228768423199654,0.020803598687052727,0.6419063221118527,-9.997759749499405,1.0
m6_chr3_108979737_108983832,m6,,,chr3,108979737,108983832,insulator,0.010986328125,0.00013460037007462233,0.0001308323408011347,5.642447649734095e-05,2.385496125621396,2.053035606206449,0.057942057942057944,0.00013460037007462233,0.0001308323408011347,5.454006895888597e-05,2.4679171230254284,2.0784887336843068,0.053946053946053944
m6_chr3_108979737_108983832,m6,,,chr3,108979737,108983832,promoter,0.47021484375,0.20421569049358368,0.22340025007724762,0.22056254744529724,0.9258856177485535,-7.706418296455316,1.0,0.13215065002441406,0.13928286731243134,0.1360672265291214,0.9712158717083198,-2.0785832649237976,0.989010989010989
m6_chr3_108979737_108983832,m6,,,chr3,108979737,108983832,tfbs,0.213623046875,0.030742725357413292,0.04654104635119438,0.04494292661547661,0.684039239821705,-12.9165586128763,1.0,0.01658276654779911,0.02499866671860218,0.02389875426888466,0.6938757711480088,-9.127375500992672,1.0
m6_chr3_127665795_127669890,m6,,,chr3,127665795,127669890,insulator,0.048828125,0.0023071144241839647,0.0023752585984766483,0.0028257055673748255,0.8164737511301826,-1.9437479246580514,0.9790209790209791,0.0023071144241839647,0.0023752585984766483,0.0028103874064981937,0.8209239832378418,-1.923375644866969,0.9790209790209791
m6_chr3_127665795_127669890,m6,,,chr3,127665795,127669890,promoter,0.38671875,0.14768216013908386,0.150069460272789,0.14511211216449738,1.0177107750431826,1.3898668761194886,0.09290709290709291,0.08632900565862656,0.09488748013973236,0.08975113183259964,0.961870941300708,-2.2139584528807865,0.985014985014985
m6_chr3_127665795_127669890,m6,,,chr3,127665795,127669890,tfbs,0.141357421875,0.019556818529963493,0.020597200840711594,0.018941786140203476,1.032469609001372,0.8784825900221803,0.2097902097902098,0.009657688438892365,0.011595146730542183,0.010554646141827106,0.9150177380764875,-1.7163950217289219,0.9660339660339661
m6_chr3_17001367_17005462,m6,,,chr3,17001367,17005462,insulator,0.01318359375,0.00010737966658780351,0.000162410520715639,0.0002020616811932996,0.5314202373931561,-1.272425440183719,0.9430569430569431,0.00010737966658780351,0.000162410520715639,0.00020182007574476302,0.5320564180324855,-1.2866799909911124,0.9440559440559441
m6_chr3_17001367_17005462,m6,,,chr3,17001367,17005462,promoter,0.474609375,0.19849132001399994,0.22504569590091705,0.22266918420791626,0.8914180052353344,-11.619045125491185,1.0,0.11376875638961792,0.13991466164588928,0.13777200877666473,0.8257755504896697,-13.924952510543852,1.0
m6_chr3_17001367_17005462,m6,,,chr3,17001367,17005462,tfbs,0.27978515625,0.06767603754997253,0.07857045531272888,0.07577353715896606,0.8931355204917292,-5.8389861013361415,1.0,0.0362674817442894,0.04377272352576256,0.041326649487018585,0.8775809845335185,-4.852861153175845,1.0
m6_chr7_120066194_120070289,m6,,,chr7,120066194,120070289,insulator,0.024169921875,0.00110724032856524,0.0005468729650601745,0.0005259120953269303,2.1053714839491002,5.023284226197961,0.000999000999000999,0.00110724032856524,0.0005468729650601745,0.0005262901540845633,2.1038590974425313,5.060617559342251,0.000999000999000999
m6_chr7_120066194_120070289,m6,,,chr7,120066194,120070289,promoter,0.51611328125,0.2956061363220215,0.2643781006336212,0.26260772347450256,1.1256566730442064,14.287899445328236,0.000999000999000999,0.17883281409740448,0.16522720456123352,0.16356588900089264,1.093338074275551,7.652461636709253,0.000999000999000999
m6_chr7_120066194_120070289,m6,,,chr7,120066194,120070289,tfbs,0.211181640625,0.07723675668239594,0.04400450363755226,0.04507993534207344,1.7133289144341406,29.148277442013157,0.000999000999000999,0.029841475188732147,0.02424740232527256,0.024215130135416985,1.2323483302320182,7.135037442756676,0.000999000999000999
m6_chr7_137924469_137928564,m6,,,chr7,137924469,137928564,insulator,0.0390625,0.0007597753428854048,0.001536910654976964,0.0017024665139615536,0.4462791700480769,-4.432031133907712,1.0,0.0007597753428854048,0.001536910654976964,0.0017300898907706141,0.43915368035991864,-4.439768877296813,1.0
m6_chr7_137924469_137928564,m6,,,chr7,137924469,137928564,promoter,0.470947265625,0.22307546436786652,0.2220078855752945,0.2220732867717743,1.0045128237198657,0.44456985486864886,0.3336663336663337,0.1403956264257431,0.1324513703584671,0.13141679763793945,1.0683232961781706,5.107948625638067,0.000999000999000999
m6_chr7_137924469_137928564,m6,,,chr7,137924469,137928564,tfbs,0.26806640625,0.05893685668706894,0.07222042232751846,0.07563178241252899,0.7792604485453141,-11.889878586012312,1.0,0.03530241921544075,0.03985656425356865,0.04242048040032387,0.8322022495334878,-6.9925609301993665,1.0
m6_chr7_4391321_4395416,m6,,,chr7,4391321,4395416,insulator,0.0087890625,2.7016803869628347e-05,8.861607784638181e-05,7.49175960663706e-05,0.36062027198114793,-1.0585364734025906,0.9410589410589411,2.7016803869628347e-05,8.861607784638181e-05,7.443130016326904e-05,0.3629763797000125,-1.0265133438805396,0.9300699300699301
m6_chr7_4391321_4395416,m6,,,chr7,4391321,4395416,promoter,0.539794921875,0.2166747748851776,0.29956555366516113,0.29829680919647217,0.7263730895038355,-35.187657318093684,1.0,0.11960339546203613,0.20149458944797516,0.2017270177602768,0.5928972568472081,-40.992036311925915,1.0
m6_chr7_4391321_4395416,m6,,,chr7,4391321,4395416,tfbs,0.2783203125,0.07240503281354904,0.07616741210222244,0.07572045177221298,0.956215013499423,-2.50682370885415,0.994005994005994,0.03930944949388504,0.038916777819395065,0.042639922350645065,0.9218930834495377,-3.1951501830519984,1.0
m6_chrX_127567034_127571129,m6,,,chrX,127567034,127571129,insulator,0.01318359375,2.695926377782598e-05,0.0002024648420047015,0.0001633461652090773,0.16504375075667727,-2.0544816719703234,0.994005994005994,2.695926377782598e-05,0.0002024648420047015,0.00016593426698818803,0.1624695384934871,-2.109982077847362,1.0
m6_chrX_127567034_127571129,m6,,,chrX,127567034,127571129,promoter,0.505859375,0.25926724076271057,0.25329267978668213,0.2567659318447113,1.009741591884986,1.048225716511762,0.14585414585414586,0.12350039184093475,0.14189712703227997,0.14349119365215302,0.8606827269157761,-11.261597722807833,1.0
m6_chrX_127567034_127571129,m6,,,chrX,127567034,127571129,tfbs,0.23876953125,0.054700348526239395,0.058658190071582794,0.05937850847840309,0.9212145930902724,-3.7603871753906803,0.999000999000999,0.023211926221847534,0.03045896254479885,0.030382229015231133,0.763996815711283,-8.149121311598174,1.0
m6_chrX_130740848_130744943,m6,,,chrX,130740848,130744943,insulator,0.015380859375,0.00032736797584220767,0.00020324232173152268,0.0002207005600212142,1.4833128461964047,1.375371747246772,0.1258741258741259,0.00032736797584220767,0.00020324232173152268,0.0002261566842207685,1.4475273059921556,1.3375214288537056,0.11688311688311688
m6_chrX_130740848_130744943,m6,,,chrX,130740848,130744943,promoter,0.50244140625,0.24015167355537415,0.2527818977832794,0.25092220306396484,0.9570762197323563,-4.774279883065983,1.0,0.12549105286598206,0.1406690627336502,0.13869956135749817,0.9047689238362393,-7.2720312436507655,1.0
m6_chrX_130740848_130744943,m6,,,chrX,130740848,130744943,tfbs,0.23828125,0.06500981748104095,0.056783996522426605,0.056200843304395676,1.1567409607883286,7.4157660895740625,0.000999000999000999,0.035901352763175964,0.03258724883198738,0.03214355185627937,1.116906834804645,3.929995780149952,0.000999000999000999
m6_chrX_83970161_83974256,m6,,,chrX,83970161,83974256,insulator,0.00439453125,0.0,8.079893632384483e-06,3.2319752563125803e-07,0.0,-0.10194416356475804,1.0,0.0,8.079893632384483e-06,3.2319752563125803e-07,0.0,-0.1019441562534201,1.0
m6_chrX_83970161_83974256,m6,,,chrX,83970161,83974256,promoter,0.47314453125,0.17808182537555695,0.22683440148830414,0.2242456078529358,0.7941374062155373,-21.271961849671666,1.0,0.09879070520401001,0.12839651107788086,0.12539060413837433,0.7878636990614536,-15.56703773251456,1.0
m6_chrX_83970161_83974256,m6,,,chrX,83970161,83974256,tfbs,0.2451171875,0.06466643512248993,0.06026981398463249,0.05974152311682701,1.0824370010793338,4.1324895910371415,0.000999000999000999,0.03390880301594734,0.030223382636904716,0.029217027127742767,1.160583616796164,5.476396537544192,0.000999000999000999
