label,model_variant,epi_label,sample_index,chrom,window_start_1based,window_end_1based,group,group_position_fraction,top_group_pair_fraction,all_group_pair_fraction,group_background_mean,group_pair_enrichment,group_pair_z,group_pair_empirical_p,top_group_same_motif_fraction,all_group_same_motif_fraction,group_same_motif_background_mean,group_same_motif_enrichment,group_same_motif_z,group_same_motif_empirical_p
h0_chr10_110104373_110108468,h0,,,chr10,110104373,110108468,promoter,0.1907203907203907,0.031808435916900635,0.036189183592796326,0.03594651818275452,0.8848822507700025,-4.454034425367274,1.0,0.03058306872844696,0.03301801159977913,0.032782167196273804,0.932917843574515,-2.4283096288526207,0.997002997002997
h0_chr10_110104373_110108468,h0,,,chr10,110104373,110108468,tfbs,0.033455433455433455,0.002399673219770193,0.001053568092174828,0.0011005820706486702,2.1803673562988846,7.653978891060033,0.000999000999000999,0.000995609094388783,0.0004582395777106285,0.0004992086323909461,1.9943747559419,4.461578885896836,0.000999000999000999
h0_chr10_19287004_19295195,h0,,,chr10,19287004,19295195,promoter,0.18532535709925527,0.03505507856607437,0.03398192301392555,0.03426355496048927,1.0231010356776415,1.6867134466626303,0.052947052947052944,0.030524881556630135,0.030203450471162796,0.03045581839978695,1.0022676506648618,0.15114605465110717,0.4385614385614386
h0_chr10_19287004_19295195,h0,,,chr10,19287004,19295195,tfbs,0.023928702234159445,0.0007415497093461454,0.0005573768867179751,0.0005485580186359584,1.3518163697434942,3.1049667619847194,0.000999000999000999,0.00024268899869639426,0.00022900450858287513,0.00022093462757766247,1.0984651946924198,0.5715536457238635,0.3126873126873127
h0_chr10_19287595_19291690,h0,,,chr10,19287595,19291690,promoter,0.19242979242979244,0.04044165462255478,0.037533074617385864,0.03697153925895691,1.0938590990029495,3.636318876715599,0.000999000999000999,0.03690008074045181,0.03517243266105652,0.03477555140852928,1.0610926138011274,2.253700571317357,0.013986013986013986
h0_chr10_19287595_19291690,h0,,,chr10,19287595,19291690,tfbs,0.01733821733821734,0.00018228692351840436,0.0002752566069830209,0.00026913362671621144,0.6773100996057145,-1.0548953687942886,0.8831168831168831,7.812296826159582e-05,8.749878907110542e-05,8.244576747529209e-05,0.9475679668456994,-0.094549661683795,0.5964035964035964
h0_chr1_117801428_117805523,h0,,,chr1,117801428,117805523,promoter,0.1702075702075702,0.027723848819732666,0.029348915442824364,0.029151715338230133,0.9510194682566437,-1.6516791261342325,0.952047952047952,0.026222463697195053,0.026839299127459526,0.026697780936956406,0.9821963765121994,-0.5848491622096315,0.7382617382617382
h0_chr1_117801428_117805523,h0,,,chr1,117801428,117805523,tfbs,0.027594627594627594,0.0008024643175303936,0.0007240222184918821,0.0007088089478202164,1.1321306256053811,0.6878518041453345,0.26973026973026976,0.000440061092376709,0.00030803948175162077,0.0002994227397721261,1.4696983025124106,1.5930215308417968,0.07392607392607392
h0_chr1_188000709_188004804,h0,,,chr1,188000709,188004804,promoter,0.1956043956043956,0.04300274699926376,0.03770546242594719,0.037558648735284805,1.1449492579551843,5.598198212434048,0.000999000999000999,0.03904906287789345,0.035024117678403854,0.03499360755085945,1.1158913187541417,4.54153614859736,0.000999000999000999
h0_chr1_188000709_188004804,h0,,,chr1,188000709,188004804,tfbs,0.028815628815628817,0.0005134656094014645,0.0007219403050839901,0.0007038587355054915,0.7295009403168208,-1.4297824331832123,0.949050949050949,0.00020538625540211797,0.0004369638627395034,0.00040029778028838336,0.5130836729950218,-1.8930642457585358,0.988011988011988
h0_chr1_236620149_236624244,h0,,,chr1,236620149,236624244,promoter,0.16092796092796094,0.017773432657122612,0.025880513712763786,0.026291919872164726,0.6760036065658087,-10.722281926203145,1.0,0.016595222055912018,0.023957757279276848,0.024421975016593933,0.6795200652132396,-10.287364481734082,1.0
h0_chr1_236620149_236624244,h0,,,chr1,236620149,236624244,tfbs,0.02735042735042735,0.0002506831078790128,0.0007004151120781898,0.0007491664728149772,0.3346160259108718,-3.53047520480158,1.0,7.520493090851232e-05,0.00026271832757629454,0.000252588331932202,0.29773715330880096,-2.2060619359719267,0.999000999000999
h0_chr14_101543080_101547175,h0,,,chr14,101543080,101547175,promoter,0.12112332112332112,0.020046023651957512,0.014506667852401733,0.015004577115178108,1.3359939102635323,8.183060269854302,0.000999000999000999,0.017207875847816467,0.011788202449679375,0.012348043732345104,1.3935710158477386,8.618121104989484,0.000999000999000999
h0_chr14_101543080_101547175,h0,,,chr14,101543080,101547175,tfbs,0.029304029304029304,0.0007670672493986785,0.0008054146310314536,0.0009306826395913959,0.8241985149045538,-1.0882743378464013,0.8901098901098901,0.00020455126650631428,0.00019355519907549024,0.00022050626284908503,0.9276437950712975,-0.21816813180756248,0.6413586413586414
h0_chr14_26677340_26681435,h0,,,chr14,26677340,26681435,promoter,0.17606837606837608,0.02222222276031971,0.03122316114604473,0.03003513626754284,0.7398742114026606,-8.532152732367726,1.0,0.02139611728489399,0.029803913086652756,0.028629768639802933,0.7473381134888998,-8.224194248810212,1.0
h0_chr14_26677340_26681435,h0,,,chr14,26677340,26681435,tfbs,0.03467643467643468,0.0003304419806227088,0.0011562705039978027,0.0010934874881058931,0.30219091138856163,-4.337535751769886,1.0,5.507366222445853e-05,0.00039295025635510683,0.0003501308092381805,0.15729453327540233,-3.051261271801995,1.0
h0_chr14_33378322_33382417,h0,,,chr14,33378322,33382417,promoter,0.18803418803418803,0.032736584544181824,0.03570790961384773,0.0349099263548851,0.93774430262013,-2.4065375178438795,0.995004995004995,0.031722284853458405,0.034910671412944794,0.03401491045951843,0.9325993931752808,-2.491094435652464,0.993006993006993
h0_chr14_33378322_33382417,h0,,,chr14,33378322,33382417,tfbs,0.032722832722832725,0.0008621563902124763,0.0010056780884042382,0.0009608986438252032,0.8972396784538609,-0.6310862172136812,0.7662337662337663,0.0003550055844243616,0.00030327559215947986,0.00027414035866968334,1.2949774566105177,1.016653623887724,0.1938061938061938
h0_chr17_22742263_22746358,h0,,,chr17,22742263,22746358,promoter,0.11330891330891331,0.01334763690829277,0.01311571430414915,0.012903797440230846,1.0343960349748007,0.7653503856761285,0.22977022977022976,0.013272791169583797,0.012526917271316051,0.012366448529064655,1.0732904550881346,1.6021510664888379,0.054945054945054944
h0_chr17_22742263_22746358,h0,,,chr17,22742263,22746358,tfbs,0.011965811965811967,0.0002993862726725638,0.00012349778262432665,0.00012060275912517682,2.482416445894267,3.2318506940270297,0.004995004995004995,0.0001496931363362819,5.5885866458993405e-05,4.675415038946085e-05,3.20170797863595,3.0889918055998598,0.007992007992007992
h0_chr17_35243344_35247439,h0,,,chr17,35243344,35247439,promoter,0.14407814407814407,0.02334912307560444,0.020710930228233337,0.020638788118958473,1.1313223887480242,3.6762849335574534,0.000999000999000999,0.021304134279489517,0.01791963540017605,0.017934974282979965,1.1878541860919665,4.971266883702195,0.000999000999000999
h0_chr17_35243344_35247439,h0,,,chr17,35243344,35247439,tfbs,0.022222222222222223,0.00018120162712875754,0.00048795249313116074,0.0005053196218796074,0.35858814754660145,-2.789371288681122,1.0,0.00010354378900956362,0.00012037024134770036,0.00011304393410682678,0.9159605937963421,-0.18190825829693724,0.6523476523476524
h0_chr17_72349260_72353355,h0,,,chr17,72349260,72353355,promoter,0.12405372405372406,0.011712534353137016,0.01560860313475132,0.015330558642745018,0.7639991879017284,-5.693023156981143,1.0,0.010434328578412533,0.013945904560387135,0.013742559589445591,0.7592711176181612,-5.716761721428476,1.0
h0_chr17_72349260_72353355,h0,,,chr17,72349260,72353355,tfbs,0.025885225885225887,0.000547802250366658,0.0006443152669817209,0.0006244945689104497,0.8771929775504754,-0.6113019484274123,0.7552447552447552,0.00018260075012221932,0.00017268692317884415,0.00015541931497864425,1.1748909725107848,0.4220238457004107,0.3936063936063936
h0_chr21_12003041_12007136,h0,,,chr21,12003041,12007136,promoter,0.07277167277167278,0.006911551579833031,0.005232939962297678,0.005165055859833956,1.338136850286692,5.165607935644947,0.000999000999000999,0.006331561133265495,0.005054593551903963,0.004990309942513704,1.2687711196704106,3.7495008534714076,0.000999000999000999
h0_chr21_12003041_12007136,h0,,,chr21,12003041,12007136,tfbs,0.008791208791208791,0.0002899951650761068,6.766524165868759e-05,6.517641304526478e-05,4.449388229982927,5.801707736864207,0.000999000999000999,0.0002899951650761068,6.766524165868759e-05,6.273562030401081e-05,4.622496177941941,5.480067625537273,0.000999000999000999
h0_chr21_19112010_19116105,h0,,,chr21,19112010,19116105,promoter,0.21636141636141637,0.050899408757686615,0.04625505581498146,0.04680062457919121,1.0875796897017873,3.851948452056281,0.000999000999000999,0.049442268908023834,0.04544131085276604,0.045861899852752686,1.0780684853171483,3.44370179902531,0.000999000999000999
h0_chr21_19112010_19116105,h0,,,chr21,19112010,19116105,tfbs,0.021001221001221003,0.0005275851581245661,0.00042031321208924055,0.00039794997428543866,1.3257574876638731,1.3734676100158647,0.12287712287712288,0.00040196964982897043,0.0003180612693540752,0.0002784644311759621,1.4435224209118658,1.491139740006743,0.0999000999000999
h0_chr21_38658585_38662680,h0,,,chr21,38658585,38662680,promoter,0.16043956043956045,0.0272282175719738,0.02549680322408676,0.02533123455941677,1.0748871125135049,2.397715726890753,0.005994005994005994,0.01681155152618885,0.017995143309235573,0.01746055670082569,0.9628302129332366,-1.016449048935091,0.8461538461538461
h0_chr21_38658585_38662680,h0,,,chr21,38658585,38662680,tfbs,0.024175824175824177,0.00032474022009409964,0.0005515522789210081,0.0005751648568548262,0.5646037239998919,-2.0592389967925073,0.988011988011988,9.99200638034381e-05,0.00010316625412087888,0.0001283473102375865,0.7785131111705722,-0.49306312490085447,0.7432567432567433
h0_chr3_108979737_108983832,h0,,,chr3,108979737,108983832,promoter,0.16776556776556775,0.024529632180929184,0.027853989973664284,0.0275206808000803,0.891316328949886,-3.658296846468403,1.0,0.02392943762242794,0.027178902179002762,0.026903683319687843,0.8894483828880271,-3.5938948210214474,1.0
h0_chr3_108979737_108983832,h0,,,chr3,108979737,108983832,tfbs,0.0231990231990232,0.001435244339518249,0.0004937253543175757,0.0004895487800240517,2.9317698216870953,8.018091249324193,0.000999000999000999,0.00033923957380466163,0.00017275167920161039,0.00016293938097078353,2.081998665905637,2.807584976598934,0.012987012987012988
h0_chr3_127665795_127669890,h0,,,chr3,127665795,127669890,promoter,0.10378510378510379,0.013368038460612297,0.010622737929224968,0.010675705038011074,1.2521925636775382,5.180163175253806,0.000999000999000999,0.011068432591855526,0.008847227320075035,0.008816360495984554,1.2554423786205982,4.698871271734841,0.000999000999000999
h0_chr3_127665795_127669890,h0,,,chr3,127665795,127669890,tfbs,0.018315018315018316,0.00015162235649768263,0.00030198332387953997,0.00029637120314873755,0.5115961162447658,-1.6542199086983675,0.964035964035964,0.0001010815758490935,7.581171666970477e-05,7.356211426667869e-05,1.374098295797355,0.6502125903879834,0.33266733266733267
h0_chr3_17001367_17005462,h0,,,chr3,17001367,17005462,promoter,0.17216117216117216,0.026903189718723297,0.029067374765872955,0.029019221663475037,0.9270817126217042,-2.622973000078935,0.997002997002997,0.026621615514159203,0.028479915112257004,0.02838168665766716,0.9379856748917886,-2.1507457067475966,0.986013986013986
h0_chr3_17001367_17005462,h0,,,chr3,17001367,17005462,tfbs,0.04151404151404151,0.0014846669510006905,0.0016886598896235228,0.0018562431214377284,0.7998235435080085,-1.7076488927626494,0.967032967032967,0.0007423334755003452,0.0008710792753845453,0.0009217221522703767,0.8053766242590968,-1.1322394578621715,0.8881118881118881
h0_chr7_120066194_120070289,h0,,,chr7,120066194,120070289,promoter,0.17582417582417584,0.028619172051548958,0.030987095087766647,0.029952390119433403,0.9554887585742468,-1.5344824409730882,0.9430569430569431,0.02853959985077381,0.02974974550306797,0.028688982129096985,0.9947930436273071,-0.17640246658594283,0.5714285714285714
h0_chr7_120066194_120070289,h0,,,chr7,120066194,120070289,tfbs,0.03540903540903541,0.0016179513186216354,0.0012187843676656485,0.0012363004498183727,1.3087039795701214,2.2240955226027235,0.025974025974025976,0.0006100471946410835,0.0004784955526702106,0.0004768977814819664,1.2791990617892024,1.2085476809250413,0.14985014985014986
h0_chr7_137924469_137928564,h0,,,chr7,137924469,137928564,promoter,0.14163614163614163,0.019973672926425934,0.020231636241078377,0.020022351294755936,0.9975687986084456,-0.07001318825278548,0.5344655344655345,0.017973773181438446,0.018593471497297287,0.018495924770832062,0.9717693710445316,-0.7857811779110816,0.8021978021978022
h0_chr7_137924469_137928564,h0,,,chr7,137924469,137928564,tfbs,0.024664224664224663,0.00043035796261392534,0.0005933952052146196,0.0007005974766798317,0.6142727842147168,-2.097279040940195,0.987012987012987,0.0002531517529860139,0.0002653063856996596,0.00035400738124735653,0.7151030356881979,-1.1067626779751905,0.9080919080919081
h0_chr7_4391321_4395416,h0,,,chr7,4391321,4395416,promoter,0.1514041514041514,0.026999149471521378,0.023099064826965332,0.022715412080287933,1.1885828606627304,5.621341621816419,0.000999000999000999,0.02627710811793804,0.021976809948682785,0.021654892712831497,1.2134490097181443,6.1688440694843365,0.000999000999000999
h0_chr7_4391321_4395416,h0,,,chr7,4391321,4395416,tfbs,0.07301587301587302,0.022125376388430595,0.006216756999492645,0.00625818083062768,3.5354325781301332,38.81590314291286,0.000999000999000999,0.02140333689749241,0.005344379227608442,0.005492044612765312,3.897152773985855,41.872288670326895,0.000999000999000999
h0_chrX_127567034_127571129,h0,,,chrX,127567034,127571129,promoter,0.22612942612942613,0.0535849891602993,0.05067029967904091,0.05122578516602516,1.04605500894965,2.099325028536882,0.01998001998001998,0.05035795643925667,0.04084630683064461,0.04108951613306999,1.2255670345732588,8.755635054742449,0.000999000999000999
h0_chrX_127567034_127571129,h0,,,chrX,127567034,127571129,tfbs,0.03296703296703297,0.00035253280657343566,0.0010546143166720867,0.0010362295433878899,0.34020725313510264,-4.161446650933754,1.0,0.00018982535402756184,0.00038317564758472145,0.0003855895483866334,0.4922990128280723,-1.9412481794683132,0.983016983016983
h0_chrX_130740848_130744943,h0,,,chrX,130740848,130744943,promoter,0.18705738705738706,0.04221560060977936,0.03516785427927971,0.03483523800969124,1.2118648535725487,8.11652844620502,0.000999000999000999,0.03834692761301994,0.031703557819128036,0.03148327022790909,1.2180096710228787,7.62034976641676,0.000999000999000999
h0_chrX_130740848_130744943,h0,,,chrX,130740848,130744943,tfbs,0.027594627594627594,0.00039209536043927073,0.0007253771764226258,0.0007286699838005006,0.5380973131268995,-2.4106007420686204,0.998001998001998,0.00028753658989444375,0.000342953106155619,0.00033772480674088,0.8513931584393702,-0.5240428346930472,0.7412587412587412
h0_chrX_83970161_83974256,h0,,,chrX,83970161,83974256,promoter,0.16874236874236875,0.03018389269709587,0.02844073437154293,0.0284659992903471,1.0603489583916106,2.08846966434108,0.023976023976023976,0.02648065984249115,0.02548092231154442,0.02542191557586193,1.0416469114402416,1.403269821196408,0.09090909090909091
h0_chrX_83970161_83974256,h0,,,chrX,83970161,83974256,tfbs,0.03882783882783883,0.0014204184990376234,0.001476735807955265,0.0013893215218558908,1.022382851408069,0.16338088040447504,0.45754245754245754,0.0007609385065734386,0.0007540940423496068,0.0007258845726028085,1.0482913334897546,0.2611080688637618,0.4305694305694306
h1_chr10_110104373_110108468,h1,,,chr10,110104373,110108468,promoter,0.1907203907203907,0.028473803773522377,0.036175381392240524,0.03600873053073883,0.7907472258489017,-8.059331556843231,1.0,0.026626169681549072,0.03305262699723244,0.032849837094545364,0.8105419093834801,-7.0758183196960225,1.0
h1_chr10_110104373_110108468,h1,,,chr10,110104373,110108468,tfbs,0.033455433455433455,0.0007339913863688707,0.0010602374095469713,0.0011107821483165026,0.6607878848983173,-2.3495509124668135,0.994005994005994,0.00022779042774345726,0.0004948112182319164,0.0005125031457282603,0.44446639916672126,-2.55573280741672,1.0
h1_chr10_19287595_19291690,h1,,,chr10,19287595,19291690,promoter,0.19242979242979244,0.024779081344604492,0.03796454146504402,0.03708464652299881,0.668176285008871,-12.61929076300484,1.0,0.023280451074242592,0.03563983365893364,0.03476887568831444,0.6695773335594795,-12.465027943263397,1.0
h1_chr10_19287595_19291690,h1,,,chr10,19287595,19291690,tfbs,0.01733821733821734,0.00012919229629915208,0.00027931632939726114,0.00027269910788163543,0.4737540115284417,-1.7242892760405726,0.977022977022977,5.167691415408626e-05,9.405286255059764e-05,7.971164450282231e-05,0.6482981812306804,-0.63453828554819,0.8181818181818182
h1_chr10_4663039_4667134,h1,,,chr10,4663039,4667134,promoter,0.189010989010989,0.02903284877538681,0.03674763813614845,0.0362677238881588,0.8005147735467862,-7.7210742223000235,1.0,0.02521754987537861,0.03251425176858902,0.031785640865564346,0.793362952222196,-7.411044240617658,1.0
h1_chr10_4663039_4667134,h1,,,chr10,4663039,4667134,tfbs,0.045177045177045176,0.0019076488679274917,0.0019444840727373958,0.001919277710840106,0.9939410316459497,-0.051916921802770945,0.5344655344655345,0.0010975514305755496,0.0008255107095465064,0.0008495831862092018,1.2918704705924913,1.6659711859616204,0.06893106893106893
h1_chr1_117801428_117805523,h1,,,chr1,117801428,117805523,promoter,0.1702075702075702,0.03682597726583481,0.028951382264494896,0.02894645743072033,1.272210160914271,9.838229586830916,0.000999000999000999,0.032013777643442154,0.02642321027815342,0.026584910228848457,1.2042086043496432,6.534072870070375,0.000999000999000999
h1_chr1_117801428_117805523,h1,,,chr1,117801428,117805523,tfbs,0.027594627594627594,0.0003799103433266282,0.0007522207451984286,0.0007393561536446214,0.5138394283375854,-2.5570906494952577,0.999000999000999,0.0002532735525164753,0.00033938579144887626,0.00032740674214437604,0.7735746394763907,-0.7942298534522279,0.8301698301698301
h1_chr1_188000709_188004804,h1,,,chr1,188000709,188004804,promoter,0.1956043956043956,0.04081844165921211,0.03855864331126213,0.03713071718811989,1.0993173509794776,3.777375642338029,0.000999000999000999,0.039031337946653366,0.03588004782795906,0.03483377397060394,1.1205027046334894,4.582779738172446,0.000999000999000999
h1_chr1_188000709_188004804,h1,,,chr1,188000709,188004804,tfbs,0.028815628815628817,0.0012173012364655733,0.0007718255510553718,0.0006761201657354832,1.8004214312131832,4.143519653309541,0.000999000999000999,0.0007252007490023971,0.0004612823249772191,0.0003674436593428254,1.9736379457449933,3.7387054161765154,0.001998001998001998
h1_chr1_236620149_236624244,h1,,,chr1,236620149,236624244,promoter,0.16092796092796094,0.029055440798401833,0.026099033653736115,0.0255447905510664,1.1374311619552064,4.392646472744731,0.000999000999000999,0.02831108868122101,0.02401636727154255,0.023754850029945374,1.1918024590991751,6.154252283385499,0.000999000999000999
h1_chr1_236620149_236624244,h1,,,chr1,236620149,236624244,tfbs,0.02735042735042735,0.0009496919810771942,0.000715354923158884,0.0006398357218131423,1.484274710992992,2.450501236692266,0.012987012987012988,0.0005133470403961837,0.0002392216701991856,0.0002571098739281297,1.9966057022752866,3.2904551300528415,0.000999000999000999
h1_chr14_101543080_101547175,h1,,,chr14,101543080,101547175,promoter,0.12112332112332112,0.014286447316408157,0.014642435126006603,0.014664127491414547,0.9742446200616087,-0.61734541403461,0.7412587412587412,0.013055299408733845,0.012086523696780205,0.011924541555345058,1.0948261069946068,2.1164861679117255,0.022977022977022976
h1_chr14_101543080_101547175,h1,,,chr14,101543080,101547175,tfbs,0.029304029304029304,0.0012824458535760641,0.0008158910204656422,0.000834538834169507,1.5367120151482137,3.212551646989312,0.002997002997002997,0.0001538935030112043,0.00019390556553844362,0.00020219042198732495,0.7611315189838799,-0.6998448567890574,0.8201798201798202
h1_chr14_26677340_26681435,h1,,,chr14,26677340,26681435,promoter,0.17606837606837608,0.04800313338637352,0.03118022345006466,0.030886191874742508,1.5541939770706585,19.26802694237535,0.000999000999000999,0.046149831265211105,0.029875077307224274,0.02967110462486744,1.5553796142302299,18.940476087731874,0.000999000999000999
h1_chr14_26677340_26681435,h1,,,chr14,26677340,26681435,tfbs,0.03467643467643468,0.0012529365485534072,0.0011467022122815251,0.0011114852968603373,1.1272632684324604,0.8598178722275049,0.21678321678321677,0.0006003654561936855,0.0003662242670543492,0.00035134429344907403,1.7087667777382192,2.646286607837631,0.012987012987012988
h1_chr14_33378322_33382417,h1,,,chr14,33378322,33382417,promoter,0.18803418803418803,0.037172362208366394,0.03531695529818535,0.034728147089481354,1.0703813858132776,2.683063668944059,0.004995004995004995,0.03686787933111191,0.03455473110079765,0.03396640717983246,1.085421815027943,3.2963021596911006,0.001998001998001998
h1_chr14_33378322_33382417,h1,,,chr14,33378322,33382417,tfbs,0.032722832722832725,0.0018269011052325368,0.001007330371066928,0.0009563319617882371,1.9103210791119327,5.546590201518351,0.000999000999000999,0.0010403187479823828,0.0002854525810107589,0.00026647382765077055,3.904018481491477,9.408305664474565,0.000999000999000999
h1_chr17_22742263_22746358,h1,,,chr17,22742263,22746358,promoter,0.11330891330891331,0.015094148926436901,0.013260588981211185,0.013089429587125778,1.1531555921491707,3.557649602129085,0.000999000999000999,0.01501842588186264,0.012686104513704777,0.012577768415212631,1.1940453493878984,4.203758202206638,0.000999000999000999
h1_chr17_22742263_22746358,h1,,,chr17,22742263,22746358,tfbs,0.011965811965811967,0.0004543389368336648,0.00013756321277469397,0.00011954161163885146,3.8006760207171486,6.249722024092445,0.000999000999000999,0.0003281336685176939,5.452046752907336e-05,4.7831792471697554e-05,6.860158308134765,8.151405983511367,0.000999000999000999
h1_chr17_35243344_35247439,h1,,,chr17,35243344,35247439,promoter,0.14407814407814407,0.023241205140948296,0.021187929436564445,0.020507987588644028,1.133275756116497,3.9450254253962935,0.000999000999000999,0.021407034248113632,0.018600525334477425,0.01784444786608219,1.1996467701756703,5.704686715462794,0.000999000999000999
h1_chr17_35243344_35247439,h1,,,chr17,35243344,35247439,tfbs,0.022222222222222223,0.00022613065084442496,0.00045401451643556356,0.0004843466740567237,0.4668776786478809,-2.326073002858553,0.998001998001998,7.537688361480832e-05,0.00010653134813765064,0.00010680904961191118,0.705716265510169,-0.6199455381219154,0.8041958041958042
h1_chr17_72349260_72353355,h1,,,chr17,72349260,72353355,promoter,0.12405372405372406,0.01421135850250721,0.015742190182209015,0.015640659257769585,0.9086163356859551,-2.2366501402141865,0.991008991008991,0.01393070351332426,0.014187871478497982,0.014286855235695839,0.9750713703963536,-0.6064177019767764,0.7292707292707292
h1_chr17_72349260_72353355,h1,,,chr17,72349260,72353355,tfbs,0.025885225885225887,0.0005357962800189853,0.0006381072453223169,0.0005714904982596636,0.9375418867866108,-0.28310425233231196,0.6553446553446554,0.00015308464935515076,0.0001579321688041091,0.00014328723773360252,1.0683760241073488,0.1684186064371107,0.4975024975024975
h1_chr21_12003041_12007136,h1,,,chr21,12003041,12007136,promoter,0.07277167277167278,0.0067886291071772575,0.005264243111014366,0.005190730560570955,1.3078369273766621,4.44188307109901,0.000999000999000999,0.0067886291071772575,0.005092279054224491,0.004988768603652716,1.3607825189981162,5.3296167852749825,0.000999000999000999
h1_chr21_12003041_12007136,h1,,,chr21,12003041,12007136,tfbs,0.008791208791208791,0.0002745401579886675,9.259596845367923e-05,6.396786193363369e-05,4.291845149889509,5.39236893768463,0.000999000999000999,0.0002745401579886675,9.259596845367923e-05,6.399281846825033e-05,4.290171374853243,5.402916211910017,0.000999000999000999
h1_chr21_19112010_19116105,h1,,,chr21,19112010,19116105,promoter,0.21636141636141637,0.03431113064289093,0.04852118343114853,0.04617293179035187,0.7431005420812473,-11.636289218136021,1.0,0.03431113064289093,0.04758768156170845,0.04535733163356781,0.7564627240438927,-10.63881021672257,1.0
h1_chr21_19112010_19116105,h1,,,chr21,19112010,19116105,tfbs,0.021001221001221003,0.0005030180909670889,0.00041353655979037285,0.00041231600334867835,1.2199819722779657,0.8515506028788367,0.23076923076923078,0.0004500688228290528,0.00029995961813256145,0.0002959070261567831,1.520980521059303,1.7554075637541489,0.06693306693306693
h1_chr21_38658585_38662680,h1,,,chr21,38658585,38662680,promoter,0.16043956043956045,0.01913771592080593,0.025817139074206352,0.02535766176879406,0.7547113805405122,-7.778743803031791,1.0,0.012314467690885067,0.018561046570539474,0.017033247277140617,0.7229665307220448,-6.8597138531533455,1.0
h1_chr21_38658585_38662680,h1,,,chr21,38658585,38662680,tfbs,0.024175824175824177,0.000570869364310056,0.0005387971759773791,0.0005653509288094938,1.0097610797459602,0.044532590638108584,0.5154845154845155,0.00010873701830860227,0.00011934004578506574,0.00012292720202822238,0.8845643316898871,-0.2601715601590471,0.6643356643356644
h1_chr3_108979737_108983832,h1,,,chr3,108979737,108983832,promoter,0.16776556776556775,0.02920486591756344,0.02805424854159355,0.027693195268511772,1.0545863572041647,1.8740828773683653,0.026973026973026972,0.02831602282822132,0.027399301528930664,0.027145007625222206,1.0431392475245078,1.4679420910476486,0.06993006993006994
h1_chr3_108979737_108983832,h1,,,chr3,108979737,108983832,tfbs,0.0231990231990232,0.0008888437296263874,0.0004921619547531009,0.0004867053939960897,1.8262458986298569,3.7142543786551516,0.000999000999000999,0.00035553748602978885,0.00018487818306311965,0.00016082993533927947,2.2106424732420815,3.1216971138383944,0.005994005994005994
h1_chr3_127665795_127669890,h1,,,chr3,127665795,127669890,promoter,0.10378510378510379,0.008685819804668427,0.010940143838524818,0.010655753314495087,0.8151295875865531,-3.7585527031089643,1.0,0.007914889603853226,0.009246686473488808,0.008916636928915977,0.8876541309185573,-2.0273236950211504,0.981018981018981
h1_chr3_127665795_127669890,h1,,,chr3,127665795,127669890,tfbs,0.018315018315018316,5.139538552612066e-05,0.0003150498087052256,0.00027352620963938534,0.18789930805490235,-2.746790230456689,0.999000999000999,0.0,7.966186240082607e-05,5.992702062940225e-05,0.0,-1.5161485151649698,1.0
h1_chr3_17001367_17005462,h1,,,chr3,17001367,17005462,promoter,0.17216117216117216,0.025050358846783638,0.029642513021826744,0.02952161617577076,0.8485429353743577,-5.262427044910754,1.0,0.024766283109784126,0.029026838019490242,0.028860855847597122,0.8581271200190725,-4.835858050996746,1.0
h1_chr3_17001367_17005462,h1,,,chr3,17001367,17005462,tfbs,0.04151404151404151,0.0030731884762644768,0.0017491461476311088,0.0018418470863252878,1.6685361662654998,5.582908937839047,0.000999000999000999,0.0020143587607890368,0.000883482804056257,0.000900960760191083,2.2357896700870916,7.285945752971695,0.000999000999000999
h1_chr7_120066194_120070289,h1,,,chr7,120066194,120070289,promoter,0.17582417582417584,0.03548895940184593,0.031462643295526505,0.030275261029601097,1.1722098569900763,6.044859996749823,0.000999000999000999,0.03403887152671814,0.03023819625377655,0.029097815975546837,1.1698084679387504,5.715628669618521,0.000999000999000999
h1_chr7_120066194_120070289,h1,,,chr7,120066194,120070289,tfbs,0.03540903540903541,0.0009667243575677276,0.0012710019946098328,0.0012056069681420922,0.8018569758745704,-1.4084766229552026,0.929070929070929,0.0004833621787838638,0.0005380642833188176,0.000442886957898736,1.0913895073297286,0.36946370342387097,0.3916083916083916
h1_chr7_137924469_137928564,h1,,,chr7,137924469,137928564,promoter,0.14163614163614163,0.01247907429933548,0.02089320309460163,0.02047118730843067,0.6095921116503198,-11.264379237572495,1.0,0.011667427606880665,0.019223755225539207,0.01896299421787262,0.6152734886078337,-10.604501229565585,1.0
h1_chr7_137924469_137928564,h1,,,chr7,137924469,137928564,tfbs,0.024664224664224663,0.00025363973691128194,0.0006094928830862045,0.0007947547710500658,0.31914213811659375,-4.037776329002645,1.0,0.00020291178952902555,0.0002894013305194676,0.0004201542178634554,0.48294597769566894,-2.1822965107971433,0.996003996003996
h1_chr7_4391321_4395416,h1,,,chr7,4391321,4395416,promoter,0.1514041514041514,0.027628550305962563,0.023511206731200218,0.022390451282262802,1.2339434322991631,6.938250856373043,0.000999000999000999,0.026993410661816597,0.022369269281625748,0.021260302513837814,1.26966258566863,7.710441868679404,0.000999000999000999
h1_chr7_4391321_4395416,h1,,,chr7,4391321,4395416,tfbs,0.07301587301587302,0.07912774384021759,0.005926694720983505,0.00912406388670206,8.672423255994836,148.59605393030694,0.000999000999000999,0.07904835045337677,0.005035110283643007,0.00849977508187294,9.300052023959948,151.57069667678564,0.000999000999000999
h1_chrX_127567034_127571129,h1,,,chrX,127567034,127571129,promoter,0.22612942612942613,0.052654482424259186,0.05083262547850609,0.05124509707093239,1.0275028331271567,1.2831773417680599,0.1008991008991009,0.038652535527944565,0.04108968749642372,0.041364334523677826,0.9344411308205389,-2.74170829004451,0.999000999000999
h1_chrX_127567034_127571129,h1,,,chrX,127567034,127571129,tfbs,0.03296703296703297,0.0008447243017144501,0.0010305570904165506,0.0011081502307206392,0.762283197978598,-1.6144787931282971,0.9600399600399601,0.0002559770655352622,0.00038524300907738507,0.00036786464625038207,0.6958457904134525,-1.1247935682078143,0.903096903096903
h1_chrX_130740848_130744943,h1,,,chrX,130740848,130744943,promoter,0.18705738705738706,0.02726902812719345,0.03564002737402916,0.03494144603610039,0.7804207100936796,-8.300243432247337,1.0,0.02551383711397648,0.03214870020747185,0.03169068321585655,0.8050895255300313,-6.938373615176448,1.0
h1_chrX_130740848_130744943,h1,,,chrX,130740848,130744943,tfbs,0.027594627594627594,0.0006105006323195994,0.0007661841227672994,0.0007253256044350564,0.8416918258319417,-0.8469205302811168,0.8291708291708292,0.000381562887923792,0.0003729169548023492,0.0003285256680101156,1.1614401097939273,0.5836013604432417,0.31368631368631367
h1_chrX_83970161_83974256,h1,,,chrX,83970161,83974256,promoter,0.16874236874236875,0.02563316933810711,0.028951864689588547,0.028346557170152664,0.9042780463335208,-3.2745639636066586,0.998001998001998,0.023743873462080956,0.025846760720014572,0.025320976972579956,0.9377155347439065,-1.9288683644860944,0.98001998001998
h1_chrX_83970161_83974256,h1,,,chrX,83970161,83974256,tfbs,0.03882783882783883,0.00224673212505877,0.0015379992546513677,0.001329554826952517,1.68983789123501,4.933786163687433,0.000999000999000999,0.001404207549057901,0.000864741625264287,0.0006891340017318726,2.0376407861591024,5.715450151128383,0.000999000999000999
h2_chr10_110104373_110108468,h2,,,chr10,110104373,110108468,promoter,0.1907203907203907,0.040491849184036255,0.03677663207054138,0.036026306450366974,1.1239522774787198,4.944103408935141,0.000999000999000999,0.03877844288945198,0.0334637425839901,0.03280673921108246,1.1820267366392885,6.718909687185521,0.000999000999000999
h2_chr10_110104373_110108468,h2,,,chr10,110104373,110108468,tfbs,0.033455433455433455,0.0008315065642818809,0.0010718759149312973,0.0010822686599567533,0.7682995868281979,-1.5160143945462248,0.9500499500499501,0.0005039433599449694,0.00047244178131222725,0.0004915212048217654,1.0252728773475979,0.11083800495901795,0.4675324675324675
h2_chr10_19287595_19291690,h2,,,chr10,19287595,19291690,promoter,0.19242979242979244,0.029995862394571304,0.03858879208564758,0.03682980313897133,0.8144453632126881,-7.531483850953273,1.0,0.0286770798265934,0.03600063920021057,0.03465797007083893,0.8274310286487948,-6.351018511988422,1.0
h2_chr10_19287595_19291690,h2,,,chr10,19287595,19291690,tfbs,0.01733821733821734,0.0004137360374443233,0.000285992311546579,0.0002795304171741009,1.4801109719184324,1.574325420060122,0.08291708291708291,0.00023272652470041066,0.00010058860789285973,8.972899377113208e-05,2.5936602531620525,3.0840962327397263,0.006993006993006993
h2_chr10_4663039_4667134,h2,,,chr10,4663039,4667134,promoter,0.189010989010989,0.060227736830711365,0.037031855434179306,0.036583177745342255,1.6463232704922557,24.941798255015417,0.000999000999000999,0.05050040781497955,0.032517507672309875,0.03196001797914505,1.5801119964304373,21.386038228541647,0.000999000999000999
h2_chr10_4663039_4667134,h2,,,chr10,4663039,4667134,tfbs,0.045177045177045176,0.0031403186731040478,0.0019316571997478604,0.001915798638947308,1.639169487472644,5.374873593819063,0.000999000999000999,0.002221201080828905,0.00087034358875826,0.0008883272530511022,2.500431089105771,8.6683666917112,0.000999000999000999
h2_chr1_117801428_117805523,h2,,,chr1,117801428,117805523,promoter,0.1702075702075702,0.05275501310825348,0.028474004939198494,0.02867921069264412,1.8394862283216364,27.48761443200463,0.000999000999000999,0.04725576937198639,0.025971820577979088,0.026165839284658432,1.8060100751170407,25.349357136245587,0.000999000999000999
h2_chr1_117801428_117805523,h2,,,chr1,117801428,117805523,tfbs,0.027594627594627594,0.0005121845752000809,0.0007265014573931694,0.0007092139567248523,0.7221862603569557,-1.3866922461716005,0.932067932067932,0.0003234850009903312,0.00031324478914029896,0.0002976601244881749,1.0867596106349884,0.3052713856756363,0.42157842157842157
h2_chr1_188000709_188004804,h2,,,chr1,188000709,188004804,promoter,0.1956043956043956,0.034147959202528,0.038753192871809006,0.03751249611377716,0.9103089034372877,-3.4923305918623964,1.0,0.033561836928129196,0.036248188465833664,0.03496839851140976,0.9597762081434292,-1.4746529740128471,0.929070929070929
h2_chr1_188000709_188004804,h2,,,chr1,188000709,188004804,tfbs,0.028815628815628817,0.001427078852429986,0.000767301709856838,0.0007107871933840215,2.007744182384233,5.308280132648801,0.000999000999000999,0.0008154736133292317,0.0004643054271582514,0.00037407304625958204,2.179984956102255,4.404377222176282,0.000999000999000999
h2_chr1_236620149_236624244,h2,,,chr1,236620149,236624244,promoter,0.16092796092796094,0.024137666448950768,0.026937982067465782,0.02532949112355709,0.9529471528349065,-1.5223618216362917,0.9340659340659341,0.02301260642707348,0.024746421724557877,0.02340959943830967,0.9830414436486891,-0.49446526781921024,0.6813186813186813
h2_chr1_236620149_236624244,h2,,,chr1,236620149,236624244,tfbs,0.02735042735042735,0.001227339031174779,0.0007243840373121202,0.0006550666294060647,1.8736094560145455,4.478723470890938,0.000999000999000999,0.000818225962575525,0.00028100883355364203,0.00023764351499266922,3.4430813843195573,7.237832640643793,0.000999000999000999
h2_chr14_101543080_101547175,h2,,,chr14,101543080,101547175,promoter,0.12112332112332112,0.016995463520288467,0.01478255819529295,0.014525831677019596,1.1700165538318827,4.284310165503731,0.000999000999000999,0.014388489536941051,0.012349296361207962,0.01179943885654211,1.2194215090968892,4.847096643776763,0.000999000999000999
h2_chr14_101543080_101547175,h2,,,chr14,101543080,101547175,tfbs,0.029304029304029304,0.001328553888015449,0.0008081626147031784,0.000828817137517035,1.6029517584488204,3.475792630438446,0.002997002997002997,0.00042613991536200047,0.00019577388593461365,0.00019126161350868642,2.2280472675330993,3.4039884164066248,0.002997002997002997
h2_chr14_26677340_26681435,h2,,,chr14,26677340,26681435,promoter,0.17606837606837608,0.04761273041367531,0.032172296196222305,0.031019534915685654,1.534927281891611,18.366964004236138,0.000999000999000999,0.04572838917374611,0.030735410749912262,0.029806897044181824,1.5341546322639474,18.535070443379396,0.000999000999000999
h2_chr14_26677340_26681435,h2,,,chr14,26677340,26681435,tfbs,0.03467643467643468,0.0014862390235066414,0.0011478636879473925,0.0011226943461224437,1.3238144724250251,2.1375797551707705,0.022977022977022976,0.0005838795914314687,0.00037766704917885363,0.0003348018799442798,1.7439555343256803,2.5754624557646593,0.01098901098901099
h2_chr14_33378322_33382417,h2,,,chr14,33378322,33382417,promoter,0.18803418803418803,0.046587925404310226,0.03591180592775345,0.03486382216215134,1.3362827858526294,12.625428403869169,0.000999000999000999,0.04502321779727936,0.03509915992617607,0.03404815122485161,1.3223395743266404,12.061853603227698,0.000999000999000999
h2_chr14_33378322_33382417,h2,,,chr14,33378322,33382417,tfbs,0.032722832722832725,0.0005804562824778259,0.00103094766382128,0.000981703051365912,0.5912748072547972,-2.5825998311077876,0.996003996003996,0.0003028467472176999,0.00027382574626244605,0.0002762972144410014,1.0960904829620266,0.31525670560051644,0.4155844155844156
h2_chr17_22742263_22746358,h2,,,chr17,22742263,22746358,promoter,0.11330891330891331,0.02858406864106655,0.013727325014770031,0.01282724179327488,2.228387762679638,29.38429733540981,0.000999000999000999,0.02588050253689289,0.013073560781776905,0.012287094257771969,2.1063159437002503,25.67604507087347,0.000999000999000999
h2_chr17_22742263_22746358,h2,,,chr17,22742263,22746358,tfbs,0.011965811965811967,9.831150237005204e-05,0.0001378803135594353,0.00013053309521637857,0.753153843529763,-0.5599150209068773,0.7682317682317682,2.457787559251301e-05,6.119821773609146e-05,4.8049747420009226e-05,0.511508944629293,-0.6851249422195529,0.8641358641358642
h2_chr17_35243344_35247439,h2,,,chr17,35243344,35247439,promoter,0.14407814407814407,0.03420160338282585,0.020436543971300125,0.02051730267703533,1.6669639241179166,18.759638558495094,0.000999000999000999,0.032102685421705246,0.017764987424016,0.017705073580145836,1.8131913022775936,20.826054192901754,0.000999000999000999
h2_chr17_35243344_35247439,h2,,,chr17,35243344,35247439,tfbs,0.022222222222222223,0.0006727302097715437,0.0004499236529227346,0.00045056777889840305,1.4930721664480924,1.996366838905318,0.03996003996003996,2.6909208827419207e-05,0.00012001552386209369,0.00011342232028255239,0.23724791346521779,-1.6199455430069032,0.989010989010989
h2_chr17_72349260_72353355,h2,,,chr17,72349260,72353355,promoter,0.12405372405372406,0.026757607236504555,0.015738867223262787,0.01526497770100832,1.7528756189887584,19.06863135577997,0.000999000999000999,0.024159297347068787,0.014139398001134396,0.013672787696123123,1.7669620770838914,18.339768448249007,0.000999000999000999
h2_chr17_72349260_72353355,h2,,,chr17,72349260,72353355,tfbs,0.025885225885225887,0.0005996102700009942,0.000655328156426549,0.0006143007194623351,0.9760858989808792,-0.12009441291888119,0.5664335664335665,0.0001998700900003314,0.00016189577581826597,0.0001504022511653602,1.328903579911072,0.8052771959880215,0.2597402597402597
h2_chr21_12003041_12007136,h2,,,chr21,12003041,12007136,promoter,0.07277167277167278,0.015769990161061287,0.005483284592628479,0.005120903719216585,3.079532642233281,29.8170317183615,0.000999000999000999,0.015720631927251816,0.005289304070174694,0.004921026527881622,3.194583861351211,30.74517097768588,0.000999000999000999
h2_chr21_12003041_12007136,h2,,,chr21,12003041,12007136,tfbs,0.008791208791208791,0.0012092794058844447,7.724673923803493e-05,6.270977610256523e-05,19.283746188259432,30.087609839269152,0.000999000999000999,0.0012092794058844447,7.724673923803493e-05,6.23395899310708e-05,19.398257306818202,29.198779140925314,0.000999000999000999
h2_chr21_19112010_19116105,h2,,,chr21,19112010,19116105,promoter,0.21636141636141637,0.04127661883831024,0.047194164246320724,0.04648461937904358,0.8879629303132203,-4.727654321144215,1.0,0.04058224335312843,0.04635912552475929,0.045543283224105835,0.891069779783651,-4.712847364378069,1.0
h2_chr21_19112010_19116105,h2,,,chr21,19112010,19116105,tfbs,0.021001221001221003,0.0003086102369707078,0.0004521085065789521,0.0003964097995776683,0.7785131379181306,-0.8350053627651108,0.8331668331668332,0.0001285875914618373,0.00033175197313539684,0.0002794979955069721,0.4600662385023426,-1.7583862802760657,0.98001998001998
h2_chr21_38658585_38662680,h2,,,chr21,38658585,38662680,promoter,0.16043956043956045,0.030423901975154877,0.026334237307310104,0.025398170575499535,1.197877692990354,6.334665004840796,0.000999000999000999,0.02197716198861599,0.019179807975888252,0.01760256104171276,1.2485207088069028,6.371714379942197,0.000999000999000999
h2_chr21_38658585_38662680,h2,,,chr21,38658585,38662680,tfbs,0.024175824175824177,0.0004171229084022343,0.0005550334462895989,0.000580947904381901,0.7180039815205665,-1.3120928616607543,0.9310689310689311,0.00010428072710055858,0.0001308721402892843,0.0001265707251150161,0.8238929421143604,-0.3927154343895495,0.7132867132867133
h2_chr3_108979737_108983832,h2,,,chr3,108979737,108983832,promoter,0.16776556776556775,0.025970058515667915,0.028969567269086838,0.027484340593218803,0.944903823600392,-1.8190290677779208,0.964035964035964,0.024824319407343864,0.02827882021665573,0.026835903525352478,0.9250413120576236,-2.5190177400358538,0.994005994005994
h2_chr3_108979737_108983832,h2,,,chr3,108979737,108983832,tfbs,0.0231990231990232,0.00040737344534136355,0.0005127762560732663,0.00048513084766454995,0.8397187012586081,-0.6899499773328536,0.7682317682317682,0.00017822589143179357,0.00018357083899900317,0.0001389143435517326,1.28299127991359,0.6574046139431363,0.3036963036963037
h2_chr3_127665795_127669890,h2,,,chr3,127665795,127669890,promoter,0.10378510378510379,0.014902797527611256,0.011306634172797203,0.010591474361717701,1.4070559979332617,8.977458349638022,0.000999000999000999,0.014233287423849106,0.009497454389929771,0.008819950744509697,1.6137604206813898,11.608381638443342,0.000999000999000999
h2_chr3_127665795_127669890,h2,,,chr3,127665795,127669890,tfbs,0.018315018315018316,0.0002479666727595031,0.0003012821252923459,0.00028870758251287043,0.8588852104306921,-0.458381642624787,0.7182817182817183,4.9593334551900625e-05,7.984595868038014e-05,7.176155486376956e-05,0.691085005697653,-0.5353423876717807,0.7922077922077922
h2_chr3_17001367_17005462,h2,,,chr3,17001367,17005462,promoter,0.17216117216117216,0.030834555625915527,0.029775669798254967,0.02877367101609707,1.0716239720912053,2.4914286904509417,0.008991008991008992,0.029621392488479614,0.02913496643304825,0.028221603482961655,1.0495999104502711,1.6735282074378994,0.04495504495504495
h2_chr3_17001367_17005462,h2,,,chr3,17001367,17005462,tfbs,0.04151404151404151,0.0024010513443499804,0.001837948220781982,0.001830106950365007,1.3119732395263026,2.577853508407048,0.007992007992007992,0.001718647312372923,0.0010056649334728718,0.0008963504806160927,1.9173831548476854,5.636119562182894,0.000999000999000999
h2_chr7_120066194_120070289,h2,,,chr7,120066194,120070289,promoter,0.17582417582417584,0.03451305255293846,0.031896065920591354,0.030463680624961853,1.1329245792006684,4.7155906475948095,0.000999000999000999,0.032555222511291504,0.03069048374891281,0.029283633455634117,1.1117207350861693,4.062355274613778,0.000999000999000999
h2_chr7_120066194_120070289,h2,,,chr7,120066194,120070289,tfbs,0.03540903540903541,0.004041164647787809,0.0014156729448586702,0.0011795430909842253,3.4260424046194125,17.466733875176033,0.000999000999000999,0.0023343374487012625,0.0005853456095792353,0.00044754016562364995,5.2159283747154825,17.25194776717458,0.000999000999000999
h2_chr7_137924469_137928564,h2,,,chr7,137924469,137928564,promoter,0.14163614163614163,0.01788298599421978,0.021478580310940742,0.019974933937191963,0.8952713461005686,-2.9023191569791176,0.999000999000999,0.016177382320165634,0.019725417718291283,0.018416527658700943,0.8784165299761371,-3.3470545995325742,0.999000999000999
h2_chr7_137924469_137928564,h2,,,chr7,137924469,137928564,tfbs,0.024664224664224663,0.0008528013131581247,0.0005982567672617733,0.0006653142627328634,1.2818022413274808,1.452628393559554,0.0969030969030969,0.0005168492789380252,0.0002871115575544536,0.00032670042128302157,1.58202819851976,2.08887159565419,0.04295704295704296
h2_chr7_4391321_4395416,h2,,,chr7,4391321,4395416,promoter,0.1514041514041514,0.03642478212714195,0.023190580308437347,0.02249155379831791,1.6194871396508888,18.39619280312893,0.000999000999000999,0.034924332052469254,0.022043248638510704,0.02130151353776455,1.6395235010204035,18.794230696339355,0.000999000999000999
h2_chr7_4391321_4395416,h2,,,chr7,4391321,4395416,tfbs,0.07301587301587302,0.056396327912807465,0.005921626463532448,0.007839580997824669,7.193793638774362,109.93510364913483,0.000999000999000999,0.05626697838306427,0.004987980704754591,0.007134756073355675,7.886321242738764,119.26928818325206,0.000999000999000999
h2_chrX_127567034_127571129,h2,,,chrX,127567034,127571129,promoter,0.22612942612942613,0.05186576396226883,0.051844604313373566,0.05136553943157196,1.0097385238475547,0.45697955049437833,0.32367632367632365,0.04951164498925209,0.04204889014363289,0.04141713306307793,1.1954387309678411,8.286199112143512,0.000999000999000999
h2_chrX_127567034_127571129,h2,,,chrX,127567034,127571129,tfbs,0.03296703296703297,0.0014024543343111873,0.0010017603635787964,0.0011091912165284157,1.2643936531526425,1.718533031653912,0.053946053946053944,0.00042574506369419396,0.000394443137338385,0.0003802154096774757,1.119746998301146,0.47128043218738946,0.35264735264735264
h2_chrX_130740848_130744943,h2,,,chrX,130740848,130744943,promoter,0.18705738705738706,0.05572577193379402,0.035497475415468216,0.034764364361763,1.6029567333348478,22.603251852282387,0.000999000999000999,0.049702778458595276,0.03185539320111275,0.03136656433343887,1.5845783404977114,20.619036286085993,0.000999000999000999
h2_chrX_130740848_130744943,h2,,,chrX,130740848,130744943,tfbs,0.027594627594627594,0.001571215339936316,0.000709928572177887,0.0007195905200205743,2.1834853242527323,6.012563225022726,0.000999000999000999,0.000785607669968158,0.00033309817081317306,0.00032584392465651035,2.410993762723394,5.028872938474358,0.000999000999000999
h2_chrX_83970161_83974256,h2,,,chrX,83970161,83974256,promoter,0.16874236874236875,0.03069363161921501,0.030032025650143623,0.028661778196692467,1.0708906966127112,2.4400291151237803,0.011988011988011988,0.023903004825115204,0.02669323980808258,0.025654319673776627,0.9317341145299758,-2.2097253780548334,0.988011988011988
h2_chrX_83970161_83974256,h2,,,chrX,83970161,83974256,tfbs,0.03882783882783883,0.0016297503607347608,0.0014729569666087627,0.0014342544600367546,1.13630489299158,1.0670417702517017,0.17282717282717283,0.0014568980550393462,0.0008366099209524691,0.0007281280122697353,2.000881754978598,5.628744501710179,0.000999000999000999
h3_chr10_110104373_110108468,h3,,,chr10,110104373,110108468,promoter,0.1907203907203907,0.03432377055287361,0.03681880608201027,0.0356203094124794,0.9636011342688799,-1.3887895596473827,0.9210789210789211,0.033487919718027115,0.033640649169683456,0.0326557382941246,1.025483466838422,0.9089569217871742,0.1918081918081918
h3_chr10_110104373_110108468,h3,,,chr10,110104373,110108468,tfbs,0.033455433455433455,0.0018065142212435603,0.00106747355312109,0.001180570456199348,1.5302044971202609,3.4333764409124714,0.001998001998001998,0.0009976272704079747,0.0004602620319928974,0.0006759059615433216,1.4759853103382232,2.5085071998749178,0.011988011988011988
h3_chr10_19287595_19291690,h3,,,chr10,19287595,19291690,promoter,0.19242979242979244,0.03884800896048546,0.037739094346761703,0.03753524273633957,1.034974230308492,1.3685308711068387,0.08491508491508491,0.03735092654824257,0.0352739542722702,0.03521943837404251,1.0605202204408521,2.2988520582965073,0.005994005994005994
h3_chr10_19287595_19291690,h3,,,chr10,19287595,19291690,tfbs,0.01733821733821734,0.00010149708396056667,0.00025805941550061107,0.00024808425223454833,0.4091234451455929,-1.8447109105910526,0.978021978021978,0.0,7.764619658701122e-05,5.488454917212948e-05,0.0,-1.4715883386094377,1.0
h3_chr10_4663039_4667134,h3,,,chr10,4663039,4667134,promoter,0.189010989010989,0.02883991226553917,0.035887669771909714,0.03606809303164482,0.7995962592265715,-7.283546820404573,1.0,0.02658238634467125,0.03158259391784668,0.03144724294543266,0.8453010138534902,-5.2406961334177335,1.0
h3_chr10_4663039_4667134,h3,,,chr10,4663039,4667134,tfbs,0.045177045177045176,0.0023421847727149725,0.001910701859742403,0.0018524989718571305,1.2643379609365892,2.1618005046713806,0.016983016983016984,0.0014956119703128934,0.0008685778011567891,0.000915681419428438,1.6333322251383502,3.6914615279589427,0.001998001998001998
h3_chr1_117801428_117805523,h3,,,chr1,117801428,117805523,promoter,0.1702075702075702,0.03225139155983925,0.029081441462039948,0.030131980776786804,1.0703375857947315,2.5261818217895393,0.004995004995004995,0.030027156695723534,0.02655612863600254,0.028057623654603958,1.0701960032454991,2.433640832073466,0.006993006993006993
h3_chr1_117801428_117805523,h3,,,chr1,117801428,117805523,tfbs,0.027594627594627594,0.0006983059574849904,0.0007073668530210853,0.0006895124679431319,1.0127531987464855,0.06900888151718952,0.4925074925074925,0.00020690547535195947,0.0003142415953334421,0.000324117427226156,0.638365783422035,-1.3208295204203373,0.939060939060939
h3_chr1_188000709_188004804,h3,,,chr1,188000709,188004804,promoter,0.1956043956043956,0.045431382954120636,0.037212200462818146,0.03661002218723297,1.2409548052654265,9.606885777450257,0.000999000999000999,0.04415736719965935,0.03473474830389023,0.03437906876206398,1.2844259251252714,11.242901855203856,0.000999000999000999
h3_chr1_188000709_188004804,h3,,,chr1,188000709,188004804,tfbs,0.028815628815628817,0.0006624878733418882,0.0006976507138460875,0.0005986852920614183,1.1065711520334534,0.5253962763619787,0.3356643356643357,0.00017836212646216154,0.0004178769886493683,0.0003289507294539362,0.5422153243382244,-1.6891300581193072,0.972027972027972
h3_chr1_236620149_236624244,h3,,,chr1,236620149,236624244,promoter,0.16092796092796094,0.024247903376817703,0.02604476548731327,0.025686366483569145,0.9439989650668736,-1.7413260147579246,0.957042957042957,0.022795770317316055,0.02392711117863655,0.024136748164892197,0.9444424808837073,-1.668138300568408,0.9600399600399601
h3_chr1_236620149_236624244,h3,,,chr1,236620149,236624244,tfbs,0.02735042735042735,0.0005753739969804883,0.0006652431911788881,0.0006162255886010826,0.9337067587320854,-0.3137739417073223,0.6583416583416584,0.0003013863752130419,0.00022987605188973248,0.0002757137408480048,1.0931133656453846,0.29664622842571736,0.4325674325674326
h3_chr14_101543080_101547175,h3,,,chr14,101543080,101547175,promoter,0.12112332112332112,0.008086181245744228,0.014890640042722225,0.015062667429447174,0.536835941151826,-11.226851871366474,1.0,0.007820188999176025,0.012300697155296803,0.012468972243368626,0.6271718988976848,-8.322197159164265,1.0
h3_chr14_101543080_101547175,h3,,,chr14,101543080,101547175,tfbs,0.029304029304029304,0.0011703683994710445,0.000866062706336379,0.0008934166398830712,1.3099917185605814,1.8149112779040995,0.052947052947052944,0.0005319856572896242,0.00021518573339562863,0.00023609522031620145,2.253267374820794,3.7738577286329122,0.002997002997002997
h3_chr14_26677340_26681435,h3,,,chr14,26677340,26681435,promoter,0.17606837606837608,0.018742363899946213,0.03152582049369812,0.032473236322402954,0.5771634127829768,-16.050732090741857,1.0,0.018430424854159355,0.03015018254518509,0.03148103877902031,0.5854452574939114,-14.570253002751356,1.0
h3_chr14_26677340_26681435,h3,,,chr14,26677340,26681435,tfbs,0.03467643467643468,0.0012737528886646032,0.0011523438151925802,0.0011174972169101238,1.1398264527105721,0.9131833530280461,0.1958041958041958,0.00023395461903419346,0.00035690685035660863,0.00038940442027524114,0.600801138489461,-1.5099079667344533,0.957042957042957
h3_chr14_33378322_33382417,h3,,,chr14,33378322,33382417,promoter,0.18803418803418803,0.05248970165848732,0.035312067717313766,0.03401976078748703,1.542918011281073,20.13629679945684,0.000999000999000999,0.05149788782000542,0.03447335958480835,0.033197470009326935,1.5512594124051298,20.094899167509336,0.000999000999000999
h3_chr14_33378322_33382417,h3,,,chr14,33378322,33382417,tfbs,0.032722832722832725,0.0009155180305242538,0.001010878011584282,0.0008440313395112753,1.0846967258992681,0.5109955738933876,0.32967032967032966,0.0005849142908118665,0.00027923122979700565,0.0002593459212221205,2.2553440904548037,4.252523172261694,0.000999000999000999
h3_chr17_22742263_22746358,h3,,,chr17,22742263,22746358,promoter,0.11330891330891331,0.02496219612658024,0.01295691728591919,0.013106424361467361,1.904577132415201,20.87194931312247,0.000999000999000999,0.021553896367549896,0.012346549890935421,0.012554088607430458,1.7168826062604554,17.154184551844207,0.000999000999000999
h3_chr17_22742263_22746358,h3,,,chr17,22742263,22746358,tfbs,0.011965811965811967,2.4002112695598044e-05,0.00011928917956538498,0.00012291481834836304,0.19527436169308465,-1.7964386481865522,0.9920079920079921,0.0,3.816293610725552e-05,4.939634891343303e-05,0.0,-1.4470598328491315,1.0
h3_chr17_35243344_35247439,h3,,,chr17,35243344,35247439,promoter,0.14407814407814407,0.01769392006099224,0.020994758233428,0.020762741565704346,0.8521957471270967,-4.270656958572111,1.0,0.016659678891301155,0.018361922353506088,0.018364863470196724,0.9071496185276403,-2.4807288833367998,0.993006993006993
h3_chr17_35243344_35247439,h3,,,chr17,35243344,35247439,tfbs,0.022222222222222223,5.590496220975183e-05,0.00047798582818359137,0.000522739312145859,0.1069461601811818,-4.026079189508499,1.0,5.590496220975183e-05,0.00012578573659993708,0.00010429070243844762,0.5360493399950675,-0.9249097668242053,0.8931068931068931
h3_chr17_72349260_72353355,h3,,,chr17,72349260,72353355,promoter,0.12405372405372406,0.017469199374318123,0.015499546192586422,0.016041269525885582,1.0890160124875596,2.3495849904073838,0.008991008991008992,0.017285313457250595,0.013841151259839535,0.014873354695737362,1.1621664251847965,3.841445966800901,0.000999000999000999
h3_chr17_72349260_72353355,h3,,,chr17,72349260,72353355,tfbs,0.025885225885225887,0.00026269472436979413,0.000650170783046633,0.0005356082692742348,0.49046054633501707,-2.31636172712657,0.997002997002997,0.00010507788829272613,0.00014868553262203932,0.00012806366430595517,0.8205128977231665,-0.3987427353237605,0.7132867132867133
h3_chr21_12003041_12007136,h3,,,chr21,12003041,12007136,promoter,0.07277167277167278,0.010754243470728397,0.005612025037407875,0.005158974789083004,2.084569882660725,16.204935505016905,0.000999000999000999,0.010054976679384708,0.005426597315818071,0.0049882568418979645,2.0157295420175125,13.960991923866152,0.000999000999000999
h3_chr21_12003041_12007136,h3,,,chr21,12003041,12007136,tfbs,0.008791208791208791,0.0007716049440205097,7.740225555608049e-05,6.081211176933721e-05,12.688343186423758,18.6304278010209,0.000999000999000999,0.0007716049440205097,7.740225555608049e-05,6.233120802789927e-05,12.379111017311612,18.548948901635818,0.000999000999000999
h3_chr21_19112010_19116105,h3,,,chr21,19112010,19116105,promoter,0.21636141636141637,0.06289254873991013,0.04710017889738083,0.04782233387231827,1.3151292220038466,13.216029627914484,0.000999000999000999,0.06261090189218521,0.046245086938142776,0.0467950738966465,1.3379806180127034,14.255424025035381,0.000999000999000999
h3_chr21_19112010_19116105,h3,,,chr21,19112010,19116105,tfbs,0.021001221001221003,0.0001689902856014669,0.0004038872430101037,0.00038566405419260263,0.43818002679884777,-2.148183414890882,0.996003996003996,0.0001689902856014669,0.00029854982858523726,0.00020222505554556847,0.8356545391744862,-0.4479349792176501,0.7342657342657343
h3_chr21_38658585_38662680,h3,,,chr21,38658585,38662680,promoter,0.16043956043956045,0.03417417034506798,0.025609413161873817,0.025024035945534706,1.36565382256678,11.607358799436165,0.000999000999000999,0.029577959328889847,0.01945018768310547,0.01832292601466179,1.614259605983341,16.26733346805315,0.000999000999000999
h3_chr21_38658585_38662680,h3,,,chr21,38658585,38662680,tfbs,0.024175824175824177,0.0007299862336367369,0.0005288374377414584,0.0007031659479252994,1.0381421850568433,0.200194407583134,0.45054945054945056,0.00048665745998732746,0.00014194256800692528,0.00019666370644699782,2.47456670465267,3.9173845494413495,0.000999000999000999
h3_chr3_108979737_108983832,h3,,,chr3,108979737,108983832,promoter,0.16776556776556775,0.020601915195584297,0.027866750955581665,0.027718795463442802,0.7432471307331998,-8.707336058236217,1.0,0.01983584091067314,0.027209563180804253,0.027270423248410225,0.7273756160652733,-8.839810097089341,1.0
h3_chr3_108979737_108983832,h3,,,chr3,108979737,108983832,tfbs,0.0231990231990232,0.000875513011123985,0.00046594152809120715,0.0004147469298914075,2.1109571838258554,4.442666831669242,0.000999000999000999,0.0006019151769578457,0.00015294263721443713,8.251710096374154e-05,7.2944295173715625,11.423415355894726,0.000999000999000999
h3_chr3_127665795_127669890,h3,,,chr3,127665795,127669890,promoter,0.10378510378510379,0.018122000619769096,0.011433102190494537,0.01074879989027977,1.6859557164290475,14.399726807823537,0.000999000999000999,0.016719702631235123,0.009702873416244984,0.009152390994131565,1.8268125391447605,15.5828739374122,0.000999000999000999
h3_chr3_127665795_127669890,h3,,,chr3,127665795,127669890,tfbs,0.018315018315018316,0.0005123779992572963,0.0003141702909488231,0.0002572407538536936,1.9918228024969664,3.1259203382210927,0.004995004995004995,8.090178744168952e-05,7.658743561478332e-05,5.091419006930664e-05,1.5889830974736598,0.792376660492041,0.2997002997002997
h3_chr3_17001367_17005462,h3,,,chr3,17001367,17005462,promoter,0.17216117216117216,0.02786550298333168,0.02940819039940834,0.02999628521502018,0.9289651296347341,-2.468354921162667,0.995004995004995,0.027414346113801003,0.02884504571557045,0.029253311455249786,0.9371365069468481,-2.0641122209850122,0.98001998001998
h3_chr3_17001367_17005462,h3,,,chr3,17001367,17005462,tfbs,0.04151404151404151,0.0013003901112824678,0.0017586954636499286,0.0019418008159846067,0.669682544459687,-2.9667286184926773,1.0,0.0009819272672757506,0.0008932803175412118,0.0009497094433754683,1.033923874428134,0.21675042361448596,0.44455544455544455
h3_chr7_120066194_120070289,h3,,,chr7,120066194,120070289,promoter,0.17582417582417584,0.030454520136117935,0.03208903223276138,0.030729271471500397,0.991058970088592,-0.3094918062754517,0.6313686313686314,0.030310865491628647,0.0308090690523386,0.029428604990243912,1.0299796915850146,1.02886570982076,0.15784215784215785
h3_chr7_120066194_120070289,h3,,,chr7,120066194,120070289,tfbs,0.03540903540903541,0.000229845434660092,0.0013606982538476586,0.0011417284840717912,0.20131356786368787,-5.089694558836357,1.0,5.7461358665023e-05,0.0005309481057338417,0.00036510947393253446,0.15738117679093916,-3.0861563055259222,1.0
h3_chr7_137924469_137928564,h3,,,chr7,137924469,137928564,promoter,0.14163614163614163,0.02399211749434471,0.021641334518790245,0.020218750461935997,1.1866271132586799,5.259970753937273,0.000999000999000999,0.022900355979800224,0.01982155814766884,0.01872309111058712,1.223107650576514,6.134928853839414,0.000999000999000999
h3_chr7_137924469_137928564,h3,,,chr7,137924469,137928564,tfbs,0.024664224664224663,0.0003994248399976641,0.0006143143982626498,0.0008724236977286637,0.45783355156165295,-3.2223566733749047,1.0,0.0002662832266651094,0.0003104857460130006,0.0004916120669804513,0.5416531540827658,-2.013474805331018,0.99000999000999
h3_chr7_4391321_4395416,h3,,,chr7,4391321,4395416,promoter,0.1514041514041514,0.023773089051246643,0.023114372044801712,0.022175483405590057,1.0720437799003677,1.975135590328414,0.024975024975024976,0.02366378903388977,0.022026555612683296,0.021020550280809402,1.125745459456097,3.671043198676531,0.000999000999000999
h3_chr7_4391321_4395416,h3,,,chr7,4391321,4395416,tfbs,0.07301587301587302,0.06465187668800354,0.005834199488162994,0.011644195765256882,5.552283557522039,96.8763206647458,0.000999000999000999,0.06426931917667389,0.005199708975851536,0.011099928990006447,5.790065795424207,99.01567504274686,0.000999000999000999
h3_chrX_127567034_127571129,h3,,,chrX,127567034,127571129,promoter,0.22612942612942613,0.05531742796301842,0.051379721611738205,0.05176959186792374,1.0685312741917308,3.093660761044884,0.000999000999000999,0.05388866364955902,0.04118594527244568,0.042095109820365906,1.2801644627967526,11.514532193191542,0.000999000999000999
h3_chrX_127567034_127571129,h3,,,chrX,127567034,127571129,tfbs,0.03296703296703297,0.002776654437184334,0.0010861249174922705,0.0012377408565953374,2.2433245395341452,8.665062513074,0.000999000999000999,0.0013748484198004007,0.00041460912325419486,0.00036735410685651004,3.742569891392073,9.979849447075303,0.000999000999000999
h3_chrX_130740848_130744943,h3,,,chrX,130740848,130744943,promoter,0.18705738705738706,0.03840458020567894,0.035547517240047455,0.034960489720106125,1.0985137940900205,3.633854919158138,0.000999000999000999,0.03624588996171951,0.03196510300040245,0.031616710126399994,1.146415607974789,5.4134696917335114,0.000999000999000999
h3_chrX_130740848_130744943,h3,,,chrX,130740848,130744943,tfbs,0.027594627594627594,0.0009538392187096179,0.0007512725424021482,0.0007339291623793542,1.2996338987502942,1.625478970887003,0.061938061938061936,0.0006024247850291431,0.00036396432551555336,0.0003454152902122587,1.7440594035630308,2.764081349159616,0.006993006993006993
h3_chrX_83970161_83974256,h3,,,chrX,83970161,83974256,promoter,0.16874236874236875,0.015119812451303005,0.031425755470991135,0.028657374903559685,0.5276063317797086,-15.913966675402325,1.0,0.014795994386076927,0.027877988293766975,0.02559460513293743,0.5780903557303221,-14.54836092982171,1.0
h3_chrX_83970161_83974256,h3,,,chrX,83970161,83974256,tfbs,0.03882783882783883,0.0007721815491095185,0.0014942820416763425,0.001398794469423592,0.552033601782623,-3.4093841827515874,1.0,0.0007721815491095185,0.0008317065658047795,0.0007165844435803592,1.0775862580149977,0.4202790651831181,0.35764235764235763
h4_chr10_110104373_110108468,h4,,,chr10,110104373,110108468,promoter,0.1907203907203907,0.04921906068921089,0.03762798756361008,0.03512601926922798,1.4012137359478438,15.461130790789298,0.000999000999000999,0.04849781095981598,0.03409837186336517,0.032234009355306625,1.504554100770957,18.14765113225216,0.000999000999000999
h4_chr10_110104373_110108468,h4,,,chr10,110104373,110108468,tfbs,0.033455433455433455,0.0009450855432078242,0.0010771389352157712,0.0012110276147723198,0.7803996636241081,-1.4908909981441567,0.939060939060939,0.0007212494965642691,0.0004790047532878816,0.0006229357677511871,1.1578232201499632,0.7839056370903841,0.23676323676323677
h4_chr10_19287595_19291690,h4,,,chr10,19287595,19291690,promoter,0.19242979242979244,0.055785227566957474,0.03898388147354126,0.037097252905368805,1.5037562945498884,19.56446502296223,0.000999000999000999,0.0476415790617466,0.03636543080210686,0.03488123416900635,1.3658226320466158,14.342679386982626,0.000999000999000999
h4_chr10_19287595_19291690,h4,,,chr10,19287595,19291690,tfbs,0.01733821733821734,0.0003984658978879452,0.00027843136922456324,0.0002374109608354047,1.6783803767350014,2.1603632223687828,0.03596403596403597,0.00024904118617996573,0.00010484759695827961,5.9869496908504516e-05,4.159734072269934,4.780494625943394,0.001998001998001998
h4_chr10_4663039_4667134,h4,,,chr10,4663039,4667134,promoter,0.189010989010989,0.04785006493330002,0.03707558289170265,0.0365150161087513,1.3104215753538209,12.35478296883799,0.000999000999000999,0.037457868456840515,0.032477427273988724,0.03194581717252731,1.1725437560274226,6.245107918603363,0.000999000999000999
h4_chr10_4663039_4667134,h4,,,chr10,4663039,4667134,tfbs,0.045177045177045176,0.003293841378763318,0.0019513062434270978,0.0018878817791119218,1.7447286240099067,6.508200556468858,0.000999000999000999,0.002476764377206564,0.0008592181839048862,0.000902410363778472,2.7446098544747786,9.918935377029214,0.000999000999000999
h4_chr1_117801428_117805523,h4,,,chr1,117801428,117805523,promoter,0.1702075702075702,0.04863010346889496,0.02945680171251297,0.02926783822476864,1.661554334673769,23.53943098949681,0.000999000999000999,0.04328477010130882,0.026798777282238007,0.02696290612220764,1.6053451324988257,19.971495653431155,0.000999000999000999
h4_chr1_117801428_117805523,h4,,,chr1,117801428,117805523,tfbs,0.027594627594627594,0.0020386853720992804,0.000709071580786258,0.0006651335279457271,3.065076840128304,10.802470738037542,0.000999000999000999,0.0013425488723441958,0.00030630300170741975,0.0002925761800725013,4.588715568066778,11.926814804750025,0.000999000999000999
h4_chr1_188000709_188004804,h4,,,chr1,188000709,188004804,promoter,0.1956043956043956,0.05148747190833092,0.038909345865249634,0.03696645051240921,1.392816221050143,15.524273155098516,0.000999000999000999,0.04939531534910202,0.036522526293992996,0.034467652440071106,1.433091952954604,16.153997803555193,0.000999000999000999
h4_chr1_188000709_188004804,h4,,,chr1,188000709,188004804,tfbs,0.028815628815628817,0.001122620771639049,0.0007123459363356233,0.0006542837945744395,1.715800973443376,3.789193596962605,0.000999000999000999,0.000816451502032578,0.00044776758295483887,0.0003727101138792932,2.190580485017361,4.552889455986339,0.001998001998001998
h4_chr1_236620149_236624244,h4,,,chr1,236620149,236624244,promoter,0.16092796092796094,0.04743785038590431,0.0266701802611351,0.025061847642064095,1.8928313292545949,28.351776178852063,0.000999000999000999,0.043683409690856934,0.024361182004213333,0.023295078426599503,1.8752205461981617,27.736062874208823,0.000999000999000999
h4_chr1_236620149_236624244,h4,,,chr1,236620149,236624244,tfbs,0.02735042735042735,0.00048198882723227143,0.0007087830454111099,0.0006042364402674139,0.797682488363264,-0.9784649681417382,0.8511488511488512,0.0004058853373862803,0.00025520246708765626,0.0002453323104418814,1.6544308275384438,2.057000844101335,0.03796203796203796
h4_chr14_101543080_101547175,h4,,,chr14,101543080,101547175,promoter,0.12112332112332112,0.02287670224905014,0.014970374293625355,0.014958949759602547,1.5292986885235695,13.148454167288925,0.000999000999000999,0.02260582707822323,0.012471413239836693,0.012219852767884731,1.8499263049743209,19.388829697355288,0.000999000999000999
h4_chr14_101543080_101547175,h4,,,chr14,101543080,101547175,tfbs,0.029304029304029304,0.0016498805489391088,0.0008116453536786139,0.0009063752950169146,1.8203061778160217,4.984913242828856,0.000999000999000999,0.00046787658357061446,0.00018493496463634074,0.00022113324666861445,2.115812934595784,3.4057999382354933,0.002997002997002997
h4_chr14_26677340_26681435,h4,,,chr14,26677340,26681435,promoter,0.17606837606837608,0.03332402557134628,0.033568646758794785,0.03157168626785278,1.055503506801212,2.0395476987868926,0.02097902097902098,0.029618537053465843,0.03216184303164482,0.030459199100732803,0.9724003889765199,-0.9437443333541349,0.8331668331668332
h4_chr14_26677340_26681435,h4,,,chr14,26677340,26681435,tfbs,0.03467643467643468,0.0007614020141772926,0.001143361791037023,0.0010994136100634933,0.6925528365373975,-2.1349169796174445,0.987012987012987,0.00022842059843242168,0.0003700380912050605,0.00036935610114596784,0.6184292007732421,-1.4829796747096058,0.9530469530469531
h4_chr14_33378322_33382417,h4,,,chr14,33378322,33382417,promoter,0.18803418803418803,0.06307876110076904,0.03658872842788696,0.034033406525850296,1.8534365948015565,31.376790568615576,0.000999000999000999,0.06180921941995621,0.035728439688682556,0.03320205584168434,1.861608200247537,31.530641962279404,0.000999000999000999
h4_chr14_33378322_33382417,h4,,,chr14,33378322,33382417,tfbs,0.032722832722832725,0.001319326926022768,0.0010392686817795038,0.0008506920421496034,1.550886643642483,3.3623367803077167,0.002997002997002997,0.00042318031773902476,0.00026958753005601466,0.00025094591546803713,1.686340727840717,2.1354086521352134,0.03996003996003996
h4_chr17_22742263_22746358,h4,,,chr17,22742263,22746358,promoter,0.11330891330891331,0.022518964484333992,0.013063834048807621,0.013042572885751724,1.7265737888982542,17.05928110570492,0.000999000999000999,0.020580563694238663,0.012434453703463078,0.012500537559390068,1.6463742936222048,14.865497427978307,0.000999000999000999
h4_chr17_22742263_22746358,h4,,,chr17,22742263,22746358,tfbs,0.011965811965811967,2.3930888346512802e-05,0.00012444025196600705,0.00012769520981237292,0.1874063121214594,-1.7993242721092468,0.995004995004995,0.0,5.0015412853099406e-05,4.788570731761865e-05,0.0,-1.4110459036409995,1.0
h4_chr17_35243344_35247439,h4,,,chr17,35243344,35247439,promoter,0.14407814407814407,0.022889552637934685,0.02129686251282692,0.02067703939974308,1.107003386481872,3.1611972678634976,0.000999000999000999,0.020686686038970947,0.018604813143610954,0.01811865158379078,1.1417343030911622,3.887605596545306,0.000999000999000999
h4_chr17_35243344_35247439,h4,,,chr17,35243344,35247439,tfbs,0.022222222222222223,0.00010128120629815385,0.00044968764996156096,0.0005358029738999903,0.189026958101689,-3.816282148242085,1.0,5.0640603149076924e-05,0.00012736086500808597,0.00012158809113316238,0.41649311768218905,-1.2953917235576153,0.955044955044955
h4_chr17_72349260_72353355,h4,,,chr17,72349260,72353355,promoter,0.12405372405372406,0.01620353013277054,0.015740662813186646,0.015575886704027653,1.0402958393746269,1.0366378301312233,0.16383616383616384,0.014256110414862633,0.014059389010071754,0.014243177138268948,1.0009080331212714,0.022036362100019923,0.48151848151848153
h4_chr17_72349260_72353355,h4,,,chr17,72349260,72353355,tfbs,0.025885225885225887,0.0006241729715839028,0.0006336611695587635,0.0005856739007867873,1.0657346532693301,0.3192735683856853,0.4015984015984016,0.00017476842913310975,0.00015504476323258132,0.00014603149611502886,1.1967858563569385,0.48698689241293075,0.37162837162837165
h4_chr21_12003041_12007136,h4,,,chr21,12003041,12007136,promoter,0.07277167277167278,0.006874416023492813,0.005179531406611204,0.005222400650382042,1.3163325611545944,4.702586982151851,0.000999000999000999,0.006275599356740713,0.004999646916985512,0.005016311537474394,1.2510385987510544,3.6278082441818262,0.000999000999000999
h4_chr21_12003041_12007136,h4,,,chr21,12003041,12007136,tfbs,0.008791208791208791,0.0003113847051281482,7.569052831968293e-05,6.539077730849385e-05,4.761905546085338,6.058918689627697,0.000999000999000999,0.0003113847051281482,7.569052831968293e-05,6.328295421553776e-05,4.920514678685693,6.203578694697361,0.000999000999000999
h4_chr21_19112010_19116105,h4,,,chr21,19112010,19116105,promoter,0.21636141636141637,0.02993936650454998,0.047617994248867035,0.047359321266412735,0.632174737812026,-16.580097138476955,1.0,0.02973809279501438,0.04672962427139282,0.04640040919184685,0.6409015203305524,-16.29337318256832,1.0
h4_chr21_19112010_19116105,h4,,,chr21,19112010,19116105,tfbs,0.021001221001221003,0.0005535008967854083,0.00042040960397571325,0.00039207987720146775,1.4117044229255238,1.5979721621751661,0.08291708291708291,0.0003773869830183685,0.00030140677699819207,0.00026412057923153043,1.4288435384943925,1.4024991472685657,0.1108891108891109
h4_chr21_38658585_38662680,h4,,,chr21,38658585,38662680,promoter,0.16043956043956045,0.039693038910627365,0.02612525038421154,0.024900345131754875,1.59407585318999,18.799510853954278,0.000999000999000999,0.03667636960744858,0.01991068571805954,0.017619846388697624,2.0815374208355695,27.8963664098305,0.000999000999000999
h4_chr21_38658585_38662680,h4,,,chr21,38658585,38662680,tfbs,0.024175824175824177,0.0007938608177937567,0.0005128305638208985,0.0006316750077530742,1.2567551479004881,1.2288427978123375,0.13186813186813187,0.0005027785082347691,0.00013045690138824284,0.00016795448027551174,2.9935403176504347,5.0829647497374175,0.000999000999000999
h4_chr3_108979737_108983832,h4,,,chr3,108979737,108983832,promoter,0.16776556776556775,0.03889501094818115,0.02917737141251564,0.02711595967411995,1.4343955152471841,14.10387052816222,0.000999000999000999,0.03636545687913895,0.0284450501203537,0.026550041511654854,1.3696949160390335,12.04070120269522,0.000999000999000999
h4_chr3_108979737_108983832,h4,,,chr3,108979737,108983832,tfbs,0.0231990231990232,0.0005259467288851738,0.000497647502925247,0.0004497094778344035,1.1695255599634997,0.7326107374436898,0.26173826173826176,0.00015027048357296735,0.00017356302123516798,0.00011686034849844873,1.2858979585788428,0.6243984942162435,0.32867132867132864
h4_chr3_127665795_127669890,h4,,,chr3,127665795,127669890,promoter,0.10378510378510379,0.012724176049232483,0.011282962746918201,0.010577196255326271,1.2029819379426825,4.248590132029989,0.000999000999000999,0.011597034521400928,0.009496564976871014,0.008943918161094189,1.2966391588697364,5.592903496746332,0.000999000999000999
h4_chr3_127665795_127669890,h4,,,chr3,127665795,127669890,tfbs,0.018315018315018316,0.0002003807167056948,0.00031434796983376145,0.00027311890153214335,0.7336757565353345,-0.8847743436274061,0.8631368631368631,7.514277240261436e-05,7.589437154820189e-05,5.4854222980793566e-05,1.369863035502746,0.5373910534750387,0.36863136863136864
h4_chr3_17001367_17005462,h4,,,chr3,17001367,17005462,promoter,0.17216117216117216,0.020817600190639496,0.03098861686885357,0.029534462839365005,0.704857924921958,-10.044182325165119,1.0,0.019710013642907143,0.030306950211524963,0.02891753613948822,0.6815938103382264,-10.941464312146804,1.0
h4_chr3_17001367_17005462,h4,,,chr3,17001367,17005462,tfbs,0.04151404151404151,0.00032724160701036453,0.0017540061380714178,0.0019523737719282508,0.16761217125303124,-7.288037757436324,1.0,0.00017620701692067087,0.0009140063775703311,0.0009524744818918407,0.1849991997378049,-4.995768767018091,1.0
h4_chr7_120066194_120070289,h4,,,chr7,120066194,120070289,promoter,0.17582417582417584,0.03936988115310669,0.03218124434351921,0.030057448893785477,1.3098211126376265,10.932834626034786,0.000999000999000999,0.038029737770557404,0.030887359753251076,0.028797058388590813,1.3206118922766261,10.91730040986622,0.000999000999000999
h4_chr7_120066194_120070289,h4,,,chr7,120066194,120070289,tfbs,0.03540903540903541,0.002503287047147751,0.001345721073448658,0.0011830939911305904,2.115881803064146,7.72885951094758,0.000999000999000999,0.0012642864603549242,0.0005527520552277565,0.0004490239662118256,2.815632472852242,7.640490976761617,0.000999000999000999
h4_chr7_137924469_137928564,h4,,,chr7,137924469,137928564,promoter,0.14163614163614163,0.05602017045021057,0.021677115932106972,0.020253963768482208,2.7658867711309534,52.982480289754726,0.000999000999000999,0.0552213080227375,0.019912900403141975,0.018686046823859215,2.9552161858134895,53.19078595071291,0.000999000999000999
h4_chr7_137924469_137928564,h4,,,chr7,137924469,137928564,tfbs,0.024664224664224663,0.0009985769866034389,0.0005811653099954128,0.0007387223304249346,1.351762286689003,1.9777492253008615,0.03296703296703297,0.0006990039255470037,0.0002713602443691343,0.00039441295666620135,1.7722641047479155,3.1540088284024757,0.007992007992007992
h4_chr7_4391321_4395416,h4,,,chr7,4391321,4395416,promoter,0.1514041514041514,0.04308675229549408,0.02353958785533905,0.02211104892194271,1.948652569473326,28.507868423582053,0.000999000999000999,0.04137635976076126,0.022466829046607018,0.020931433886289597,1.976757062394249,28.553310352996093,0.000999000999000999
h4_chr7_4391321_4395416,h4,,,chr7,4391321,4395416,tfbs,0.07301587301587302,0.03589304909110069,0.006059267558157444,0.010997384786605835,3.263780415759964,47.151201274315504,0.000999000999000999,0.03581759333610535,0.005220176186412573,0.010298488661646843,3.4779465718591873,51.4398540209019,0.000999000999000999
h4_chrX_127567034_127571129,h4,,,chrX,127567034,127571129,promoter,0.22612942612942613,0.05222344771027565,0.051837991923093796,0.052533455193042755,0.9940988560217878,-0.278144147292696,0.6133866133866134,0.04948805645108223,0.041865188628435135,0.04225090518593788,1.1712898512657912,7.228370782695487,0.000999000999000999
h4_chrX_127567034_127571129,h4,,,chrX,127567034,127571129,tfbs,0.03296703296703297,0.0018068661447614431,0.0010780864395201206,0.0011440975358709693,1.5792937997947236,4.002806747654789,0.000999000999000999,0.0007026701350696385,0.00040302769048139453,0.00036571468808688223,1.9213615366268972,3.608591149746842,0.001998001998001998
h4_chrX_130740848_130744943,h4,,,chrX,130740848,130744943,promoter,0.18705738705738706,0.04458469897508621,0.03626880794763565,0.03476288542151451,1.282537350811882,10.553705839156336,0.000999000999000999,0.037238072603940964,0.03259953856468201,0.03150176629424095,1.1820947516440914,6.9810599886389255,0.000999000999000999
h4_chrX_130740848_130744943,h4,,,chrX,130740848,130744943,tfbs,0.027594627594627594,0.0009593536960892379,0.0007679865229874849,0.0006597323226742446,1.4541559707131964,2.397670641314256,0.02097902097902098,0.0006816460518166423,0.00035546516301110387,0.00030706895631738007,2.219846838285102,4.396570876051276,0.000999000999000999
h4_chrX_83970161_83974256,h4,,,chrX,83970161,83974256,promoter,0.16874236874236875,0.02887098118662834,0.030989406630396843,0.028560128062963486,1.0108841642089121,0.3688397509213369,0.35864135864135865,0.02701927348971367,0.027458103373646736,0.02542117051780224,1.0628650427718225,2.0088031103406183,0.027972027972027972
h4_chrX_83970161_83974256,h4,,,chrX,83970161,83974256,tfbs,0.03882783882783883,0.0010171347530558705,0.0014722459018230438,0.0013560493243858218,0.7500720916007597,-1.7960314160859263,0.971028971028971,0.0006520095048472285,0.000795456173364073,0.000701953424140811,0.9288500952114969,-0.3650448972506869,0.6763236763236763
h5_chr10_110104373_110108468,h5,,,chr10,110104373,110108468,promoter,0.1907203907203907,0.04553110897541046,0.036918800324201584,0.035404935479164124,1.286010223128513,11.191877807879461,0.000999000999000999,0.04229184612631798,0.033548928797245026,0.03243289142847061,1.3039801344752404,11.13293226644203,0.000999000999000999
h5_chr10_110104373_110108468,h5,,,chr10,110104373,110108468,tfbs,0.033455433455433455,0.0008292518323287368,0.001067143166437745,0.0012105782516300678,0.6850047332439126,-2.210402913446042,0.991008991008991,0.0005182824097573757,0.0004910724819637835,0.0006575967418029904,0.7881462556161023,-1.081389955877393,0.8841158841158842
h5_chr10_19287595_19291690,h5,,,chr10,19287595,19291690,promoter,0.19242979242979244,0.03885329142212868,0.03894108533859253,0.037501443177461624,1.0360478992307025,1.4234833251436856,0.07992007992007992,0.03650473430752754,0.036309391260147095,0.03508087247610092,1.040587982308497,1.5580325032131312,0.06893106893106893
h5_chr10_19287595_19291690,h5,,,chr10,19287595,19291690,tfbs,0.01733821733821734,5.105557283968665e-05,0.00028565950924530625,0.0002698797907214612,0.189178940383796,-2.661032336417804,1.0,5.105557283968665e-05,8.679556049173698e-05,4.7047713451320305e-05,1.0851871237592285,0.11365019197332984,0.5424575424575424
h5_chr10_4663039_4667134,h5,,,chr10,4663039,4667134,promoter,0.189010989010989,0.0313456691801548,0.036213185638189316,0.03617260605096817,0.8665582218761876,-4.872509986377725,1.0,0.02619815245270729,0.03185264766216278,0.03155652433633804,0.8301976533752652,-5.837449058093115,1.0
h5_chr10_4663039_4667134,h5,,,chr10,4663039,4667134,tfbs,0.045177045177045176,0.0034678010269999504,0.0019487632671371102,0.0018581183394417167,1.8662971853783399,7.493751816844341,0.000999000999000999,0.0025466661900281906,0.0008479951065964997,0.0009252798627130687,2.752319911686998,10.07896670274757,0.000999000999000999
h5_chr1_117801428_117805523,h5,,,chr1,117801428,117805523,promoter,0.1702075702075702,0.03398308530449867,0.029280852526426315,0.02990397997200489,1.136406770480468,4.727404504784306,0.000999000999000999,0.03106951341032982,0.02681955322623253,0.027832144871354103,1.116317608791543,3.8665695694898887,0.001998001998001998
h5_chr1_117801428_117805523,h5,,,chr1,117801428,117805523,tfbs,0.027594627594627594,0.0005930280312895775,0.00072503398405388,0.0006829362246207893,0.8683505280729036,-0.7007174863175406,0.7982017982017982,0.00023205445904750377,0.0003148173855151981,0.000330136128468439,0.7029053745921303,-1.089904776535127,0.8901098901098901
h5_chr1_188000709_188004804,h5,,,chr1,188000709,188004804,promoter,0.1956043956043956,0.040260933339595795,0.038022480905056,0.03722640126943588,1.0815155901908617,3.1370169263845216,0.001998001998001998,0.03911425918340683,0.035308171063661575,0.0347779281437397,1.1246862959100024,4.529502665257389,0.000999000999000999
h5_chr1_188000709_188004804,h5,,,chr1,188000709,188004804,tfbs,0.028815628815628817,0.0013505249517038465,0.0007262277067638934,0.0006747783627361059,2.0014348803771784,5.240700024715518,0.000999000999000999,0.0004841504560317844,0.0004207024467177689,0.00035959636443294585,1.3463719434295456,1.2940706628586194,0.12187812187812187
h5_chr1_236620149_236624244,h5,,,chr1,236620149,236624244,promoter,0.16092796092796094,0.026500796899199486,0.02639967016875744,0.02558479644358158,1.0358025305238534,1.1354530211923088,0.12987012987012986,0.024880433455109596,0.02428559400141239,0.0240021962672472,1.036589867780592,1.115990859052603,0.13486513486513488
h5_chr1_236620149_236624244,h5,,,chr1,236620149,236624244,tfbs,0.02735042735042735,0.0010453963186591864,0.0006484138430096209,0.0005959543632343411,1.7541549876162508,3.6858821040810583,0.002997002997002997,0.0007579123484902084,0.00024018231488298625,0.0002598855353426188,2.9163314052512326,6.197322816181168,0.000999000999000999
h5_chr14_101543080_101547175,h5,,,chr14,101543080,101547175,promoter,0.12112332112332112,0.015266597270965576,0.014580904506146908,0.01481326762586832,1.0306029470706117,0.744150599996159,0.23576423576423577,0.01332357618957758,0.012025467120110989,0.012206894345581532,1.0914796026231068,2.061834237299284,0.02197802197802198
h5_chr14_101543080_101547175,h5,,,chr14,101543080,101547175,tfbs,0.029304029304029304,0.0011102979769930243,0.0008508870960213244,0.0008756970637477934,1.2679019069005324,1.667243420001458,0.06393606393606394,0.00045421282993629575,0.00020237587159499526,0.00022973075101617724,1.977152940680157,3.0175557164349227,0.002997002997002997
h5_chr14_26677340_26681435,h5,,,chr14,26677340,26681435,promoter,0.17606837606837608,0.04418845474720001,0.03184894099831581,0.03194739669561386,1.383162927740737,14.166753578186922,0.000999000999000999,0.04172922670841217,0.030418192967772484,0.03100494295358658,1.3458894851340157,12.288889615175536,0.000999000999000999
h5_chr14_26677340_26681435,h5,,,chr14,26677340,26681435,tfbs,0.03467643467643468,0.0012425575405359268,0.0011503961868584156,0.001111804274842143,1.1176045718229932,0.7748024103364981,0.24475524475524477,0.0005695055588148534,0.00038208477781154215,0.0003739580570254475,1.5229129259704628,2.03871347906472,0.03596403596403597
h5_chr14_33378322_33382417,h5,,,chr14,33378322,33382417,promoter,0.18803418803418803,0.04646546021103859,0.03574015945196152,0.03409748151898384,1.3627241116083266,13.491223635620063,0.000999000999000999,0.045510515570640564,0.03491489216685295,0.033240798860788345,1.369116180427477,13.965987574974745,0.000999000999000999
h5_chr14_33378322_33382417,h5,,,chr14,33378322,33382417,tfbs,0.032722832722832725,0.0014072826597839594,0.0010087188566103578,0.0008296685409732163,1.6961986507686446,3.795013834524932,0.000999000999000999,0.00045234087156131864,0.0002673833805602044,0.0002541401772759855,1.7798872905880427,2.5917966941873547,0.008991008991008992
h5_chr17_22742263_22746358,h5,,,chr17,22742263,22746358,promoter,0.11330891330891331,0.034784700721502304,0.013085796497762203,0.01290733739733696,2.6949555629249358,39.49206418588504,0.000999000999000999,0.03355785459280014,0.012477417476475239,0.012336925603449345,2.720114854499692,40.68864069370941,0.000999000999000999
h5_chr17_22742263_22746358,h5,,,chr17,22742263,22746358,tfbs,0.011965811965811967,0.0,0.00012172386050224304,0.00012446477194316685,0.0,-2.2290704594322603,1.0,0.0,4.811219696421176e-05,4.950685251969844e-05,0.0,-1.3760926659167514,1.0
h5_chr17_35243344_35247439,h5,,,chr17,35243344,35247439,promoter,0.14407814407814407,0.02617979608476162,0.020967040210962296,0.020494896918535233,1.2773812031757554,8.136926831178418,0.000999000999000999,0.02421237714588642,0.018277203664183617,0.018140630796551704,1.334704256838129,8.810712749051836,0.000999000999000999
h5_chr17_35243344_35247439,h5,,,chr17,35243344,35247439,tfbs,0.022222222222222223,0.00010492904402781278,0.0004850311961490661,0.0005068859900347888,0.20700718917208827,-3.518239175633013,1.0,0.00010492904402781278,0.0001235531090060249,0.00010159755038330331,1.032791082382799,0.06526240217185485,0.5424575424575424
h5_chr17_72349260_72353355,h5,,,chr17,72349260,72353355,promoter,0.12405372405372406,0.016591817140579224,0.015301469713449478,0.015663297846913338,1.059279935984162,1.4806296117568665,0.07192807192807193,0.01591816358268261,0.013765284791588783,0.014281637035310268,1.114589563040018,2.7199373110503786,0.006993006993006993
h5_chr17_72349260_72353355,h5,,,chr17,72349260,72353355,tfbs,0.025885225885225887,0.000623752479441464,0.0006384761072695255,0.0005596307455562055,1.1145786474285453,0.5341994491931809,0.3176823176823177,2.4950099032139406e-05,0.00015169732796493918,0.00012886726472061127,0.1936108373700031,-1.8037613823055978,0.994005994005994
h5_chr21_12003041_12007136,h5,,,chr21,12003041,12007136,promoter,0.07277167277167278,0.011818602681159973,0.0055009000934660435,0.005178668070584536,2.2821703418859904,18.979460182896155,0.000999000999000999,0.011769866570830345,0.005302785895764828,0.004979677032679319,2.3635803072348165,19.51230807933479,0.000999000999000999
h5_chr21_12003041_12007136,h5,,,chr21,12003041,12007136,tfbs,0.008791208791208791,0.0008528888574801385,7.554173498647287e-05,6.0384532844182104e-05,14.124293379580434,20.830681072323056,0.000999000999000999,0.0008528888574801385,7.554173498647287e-05,6.187099643284455e-05,13.78495428638964,20.519967803500563,0.000999000999000999
h5_chr21_19112010_19116105,h5,,,chr21,19112010,19116105,promoter,0.21636141636141637,0.06583166122436523,0.04746187850832939,0.047634270042181015,1.38202309316528,16.342157145841206,0.000999000999000999,0.0657229796051979,0.04653295874595642,0.046685077250003815,1.4077941705706942,18.118541957499612,0.000999000999000999
h5_chr21_19112010_19116105,h5,,,chr21,19112010,19116105,tfbs,0.021001221001221003,0.00035320327151566744,0.00040400834404863417,0.0003781991545110941,0.9339081468129157,-0.2467486023728866,0.6403596403596403,0.00021735586051363498,0.0002983195590786636,0.00020724881323985755,1.048767696739861,0.13902664872096868,0.4925074925074925
h5_chr21_38658585_38662680,h5,,,chr21,38658585,38662680,promoter,0.16043956043956045,0.03665168955922127,0.026014791801571846,0.025097185745835304,1.460390417093014,14.345881347797578,0.000999000999000999,0.03373531997203827,0.01931633986532688,0.01821279153227806,1.852287163790901,23.548431043608506,0.000999000999000999
h5_chr21_38658585_38662680,h5,,,chr21,38658585,38662680,tfbs,0.024175824175824177,0.0007619347888976336,0.0005202169995754957,0.0006818790570832789,1.1174045910088384,0.5924521470594919,0.3046953046953047,0.00039410419412888587,0.00013767358905170113,0.00018536034622229636,2.126151586144806,3.0080942004809255,0.007992007992007992
h5_chr3_108979737_108983832,h5,,,chr3,108979737,108983832,promoter,0.16776556776556775,0.028617406263947487,0.02805197611451149,0.02729099988937378,1.0486023370323696,1.6447400122095168,0.056943056943056944,0.028107818216085434,0.027428140863776207,0.026827087625861168,1.047740202294253,1.5204938713191947,0.060939060939060936
h5_chr3_108979737_108983832,h5,,,chr3,108979737,108983832,tfbs,0.0231990231990232,0.0009655357571318746,0.0004881263303104788,0.00040308432653546333,2.395369141317696,5.568232893434494,0.000999000999000999,0.0005900496034882963,0.0001783538464223966,8.743462240090594e-05,6.748466308721459,10.747420238819712,0.000999000999000999
h5_chr3_127665795_127669890,h5,,,chr3,127665795,127669890,promoter,0.10378510378510379,0.012508844956755638,0.01097701396793127,0.010697259567677975,1.1693504189195718,3.5081292340758843,0.001998001998001998,0.011068432591855526,0.00924471952021122,0.00903782993555069,1.2246781219369236,4.4388601533036285,0.000999000999000999
h5_chr3_127665795_127669890,h5,,,chr3,127665795,127669890,tfbs,0.018315018315018316,7.581117824884132e-05,0.00031512355781160295,0.0002608410140965134,0.2906413261404916,-2.316310041506354,0.999000999000999,0.0,7.3031842475757e-05,5.0742950406856835e-05,0.0,-1.438720337599294,1.0
h5_chr3_17001367_17005462,h5,,,chr3,17001367,17005462,promoter,0.17216117216117216,0.02764562889933586,0.029866060242056847,0.029778437688946724,0.9283774114717064,-2.5827512669209143,0.9920079920079921,0.026588434353470802,0.029265832155942917,0.02906874381005764,0.9146743501269339,-2.9425159851223075,1.0
h5_chr3_17001367_17005462,h5,,,chr3,17001367,17005462,tfbs,0.04151404151404151,0.001823659986257553,0.001755489967763424,0.0019012844422832131,0.959172623359584,-0.3637668989301351,0.6743256743256744,0.0012422031722962856,0.0008959817932918668,0.000924146268516779,1.3441629475926753,2.0221115063838417,0.03296703296703297
h5_chr7_120066194_120070289,h5,,,chr7,120066194,120070289,promoter,0.17582417582417584,0.027905866503715515,0.0316820926964283,0.03062715381383896,0.9111478876991232,-3.117597421918626,0.999000999000999,0.027428844943642616,0.030376888811588287,0.02933836728334427,0.9349138170757815,-2.1452666060073637,0.983016983016983
h5_chr7_120066194_120070289,h5,,,chr7,120066194,120070289,tfbs,0.03540903540903541,0.0013515661703422666,0.0013741061557084322,0.0011391052976250648,1.1865155689822215,1.2633310971525513,0.11388611388611389,0.0007950389408506453,0.0005440771346911788,0.00040024908958002925,1.9863603979333433,3.9026826333350835,0.000999000999000999
h5_chr7_137924469_137928564,h5,,,chr7,137924469,137928564,promoter,0.14163614163614163,0.017641620710492134,0.021059155464172363,0.0207497701048851,0.8502080081522823,-4.545957223684685,1.0,0.01719265803694725,0.019332243129611015,0.019246956333518028,0.8932663294407087,-2.9636166819371215,0.997002997002997
h5_chr7_137924469_137928564,h5,,,chr7,137924469,137928564,tfbs,0.024664224664224663,0.00029050573357380927,0.0006443904712796211,0.0008949161856435239,0.3246178114042154,-3.9811070097968266,1.0,0.00021127689979039133,0.00029921901295892894,0.0005207711365073919,0.4057000954533363,-2.7147949640889264,1.0
h5_chr7_4391321_4395416,h5,,,chr7,4391321,4395416,promoter,0.1514041514041514,0.024805139750242233,0.02386198751628399,0.022567911073565483,1.0991331749484465,2.9523323553239624,0.001998001998001998,0.024620812386274338,0.02273811772465706,0.02140696719288826,1.1501308038839695,4.450039311201658,0.000999000999000999
h5_chr7_4391321_4395416,h5,,,chr7,4391321,4395416,tfbs,0.07301587301587302,0.05184853449463844,0.005254387855529785,0.010236833244562149,5.06489978452864,83.47576158055742,0.000999000999000999,0.051558878272771835,0.0045384070836007595,0.009724852629005909,5.301764483195287,82.33137439650743,0.000999000999000999
h5_chrX_127567034_127571129,h5,,,chrX,127567034,127571129,promoter,0.22612942612942613,0.052002500742673874,0.051077939569950104,0.05189542472362518,1.0020633036461102,0.09706285907493875,0.45754245754245754,0.051455654203891754,0.0415051206946373,0.042089030146598816,1.2225431193037326,9.481040438015656,0.000999000999000999
h5_chrX_127567034_127571129,h5,,,chrX,127567034,127571129,tfbs,0.03296703296703297,0.0005728868418373168,0.0010543586686253548,0.0012291026068851352,0.46610172220622054,-3.8218682156141393,1.0,0.0002604031178634614,0.0003900788724422455,0.00039341699448414147,0.6619010401543753,-1.30196261308846,0.9250749250749251
h5_chrX_130740848_130744943,h5,,,chrX,130740848,130744943,promoter,0.18705738705738706,0.052390821278095245,0.035013433545827866,0.03477926552295685,1.5063808993756205,18.918261695131616,0.000999000999000999,0.048397693783044815,0.03157249465584755,0.031457770615816116,1.5384972563412285,19.60827892291183,0.000999000999000999
h5_chrX_130740848_130744943,h5,,,chrX,130740848,130744943,tfbs,0.027594627594627594,0.0012383743887767196,0.0007703258888795972,0.0006898250430822372,1.7952006834131233,4.192844939581072,0.000999000999000999,0.00045491306809708476,0.0003639334754552692,0.0003301152610220015,1.3780431316283974,1.4258249849558375,0.0959040959040959
h5_chrX_83970161_83974256,h5,,,chrX,83970161,83974256,promoter,0.16874236874236875,0.034676145762205124,0.030095107853412628,0.0285554938018322,1.2143423609778448,7.5899827126363775,0.000999000999000999,0.03217245265841484,0.026799723505973816,0.025607019662857056,1.2563919222931257,8.423609108704415,0.000999000999000999
h5_chrX_83970161_83974256,h5,,,chrX,83970161,83974256,tfbs,0.03882783882783883,0.002678951481357217,0.0014526532031595707,0.001351894112303853,1.9816281889058875,7.300384533330559,0.000999000999000999,0.00217821286059916,0.0008061949629336596,0.0006977291777729988,3.121860071197748,11.12995647485013,0.000999000999000999
h6_chr10_110104373_110108468,h6,,,chr10,110104373,110108468,promoter,0.1907203907203907,0.04324253275990486,0.0368618480861187,0.0354091040790081,1.221226401645692,8.31388394169093,0.000999000999000999,0.040873799473047256,0.033537209033966064,0.03238386660814285,1.2621655087589085,9.842675835604783,0.000999000999000999
h6_chr10_110104373_110108468,h6,,,chr10,110104373,110108468,tfbs,0.033455433455433455,0.0016054743900895119,0.0010835605207830667,0.0011786813847720623,1.3620936165034832,2.4170340415467244,0.015984015984015984,0.0009474930702708662,0.00046400708379223943,0.0006509277154691517,1.4556041289284587,2.2665026347496915,0.012987012987012988
h6_chr10_19287595_19291690,h6,,,chr10,19287595,19291690,promoter,0.19242979242979244,0.03107265569269657,0.038381610065698624,0.03768039122223854,0.8246372897093978,-6.992110041688412,1.0,0.029342155903577805,0.03579988330602646,0.03525817394256592,0.8322086093107074,-6.5285056658816,1.0
h6_chr10_19287595_19291690,h6,,,chr10,19287595,19291690,tfbs,0.01733821733821734,0.00015269118011929095,0.00027585940551944077,0.00024211731215473264,0.6306495754492305,-1.1717367646575134,0.9230769230769231,5.0897062465082854e-05,8.525175508111715e-05,4.814861677004956e-05,1.0570825473171837,0.08040179238952812,0.5784215784215784
h6_chr10_4663039_4667134,h6,,,chr10,4663039,4667134,promoter,0.189010989010989,0.03550490364432335,0.03684350103139877,0.03611547127366066,0.983094014620194,-0.6324568852517136,0.7402597402597403,0.030738042667508125,0.032391104847192764,0.03147449344396591,0.9766016638911476,-0.7996690622154818,0.7902097902097902
h6_chr10_4663039_4667134,h6,,,chr10,4663039,4667134,tfbs,0.045177045177045176,0.002493014093488455,0.0018990901298820972,0.001874664332717657,1.329845588876378,2.787415684993685,0.003996003996003996,0.0014793709851801395,0.0008402350940741599,0.0009266614797525108,1.596452445153158,3.488502801178463,0.000999000999000999
h6_chr1_117801428_117805523,h6,,,chr1,117801428,117805523,promoter,0.1702075702075702,0.024900473654270172,0.02940700575709343,0.02988903783261776,0.8330971974981546,-6.14043674161975,1.0,0.021223723888397217,0.026864968240261078,0.027687527239322662,0.7665445781757875,-7.946942188362788,1.0
h6_chr1_117801428_117805523,h6,,,chr1,117801428,117805523,tfbs,0.027594627594627594,0.001343915588222444,0.0007193777710199356,0.0006713492330163717,2.0018129494007644,5.112179595661554,0.000999000999000999,0.00038035347824916244,0.00032330158865079284,0.0003108502132818103,1.223590855008814,0.7612738583051037,0.25774225774225773
h6_chr1_188000709_188004804,h6,,,chr1,188000709,188004804,promoter,0.1956043956043956,0.03847720846533775,0.037405818700790405,0.03711538016796112,1.0366917512689846,1.42385551136189,0.08691308691308691,0.0365418903529644,0.0347985103726387,0.034719862043857574,1.0524779823953583,1.95719999334724,0.025974025974025976
h6_chr1_188000709_188004804,h6,,,chr1,188000709,188004804,tfbs,0.028815628815628817,0.0007130124722607434,0.0007122419774532318,0.000642551516648382,1.1096580644302163,0.5648270123662499,0.32667332667332666,0.0002801120572257787,0.000416344526456669,0.0003450216318015009,0.8118681016120571,-0.710427344818906,0.8021978021978022
h6_chr1_236620149_236624244,h6,,,chr1,236620149,236624244,promoter,0.16092796092796094,0.02894568257033825,0.026012415066361427,0.0257119033485651,1.1257697331050995,3.9794739701653543,0.000999000999000999,0.02555757202208042,0.023902470245957375,0.024106498807668686,1.0601942748297453,1.8848317202023914,0.029970029970029972
h6_chr1_236620149_236624244,h6,,,chr1,236620149,236624244,tfbs,0.02735042735042735,0.0005869171000085771,0.0006754808127880096,0.000612181203905493,0.9587310036052396,-0.19934322929105505,0.6063936063936064,0.00042684879736043513,0.00024730281438678503,0.0002687546657398343,1.5882470214438715,1.9028688199411807,0.04895104895104895
h6_chr14_101543080_101547175,h6,,,chr14,101543080,101547175,promoter,0.12112332112332112,0.011359856463968754,0.01445858459919691,0.014389153569936752,0.7894735717952788,-5.074486422417282,1.0,0.009645643644034863,0.011794676072895527,0.011718484573066235,0.8231135676198619,-3.855850576642953,1.0
h6_chr14_101543080_101547175,h6,,,chr14,101543080,101547175,tfbs,0.029304029304029304,0.0008443136466667056,0.0008327911491505802,0.0008003838011063635,1.0548859753278592,0.3084570353430859,0.3966033966033966,0.0002814378822222352,0.00020135380327701569,0.00020793142903130502,1.353512951521453,1.000803999471397,0.19880119880119881
h6_chr14_26677340_26681435,h6,,,chr14,26677340,26681435,promoter,0.17606837606837608,0.022876663133502007,0.03123249113559723,0.03233419731259346,0.7075067586289532,-10.569213631152273,1.0,0.020935770124197006,0.029808927327394485,0.03126530721783638,0.6696166450030425,-12.205664440426025,1.0
h6_chr14_26677340_26681435,h6,,,chr14,26677340,26681435,tfbs,0.03467643467643468,0.0013974432367831469,0.001154429861344397,0.0011414781911298633,1.2242399790397425,1.542663366022295,0.07192807192807193,0.00041405725642107427,0.0003762701526284218,0.0003837534168269485,1.0789669570754366,0.3033461663482994,0.4145854145854146
h6_chr14_33378322_33382417,h6,,,chr14,33378322,33382417,promoter,0.18803418803418803,0.043575990945100784,0.03566599264740944,0.03416171297430992,1.2755797982926245,10.501626480118334,0.000999000999000999,0.04278416186571121,0.034887704998254776,0.03330520913004875,1.2846087138696367,10.711687980237793,0.000999000999000999
h6_chr14_33378322_33382417,h6,,,chr14,33378322,33382417,tfbs,0.032722832722832725,0.0008429118897765875,0.000992332585155964,0.0007970881415531039,1.057488934829964,0.313381788832943,0.4035964035964036,0.0004597701190505177,0.0002876104263123125,0.00024768838193267584,1.8562441865984969,2.72541834818002,0.011988011988011988
h6_chr17_22742263_22746358,h6,,,chr17,22742263,22746358,promoter,0.11330891330891331,0.027199340984225273,0.012685626745223999,0.013171001337468624,2.0650928723884556,25.7479863305624,0.000999000999000999,0.02535696141421795,0.012127827852964401,0.012613173574209213,2.010355384791231,23.16398043632203,0.000999000999000999
h6_chr17_22742263_22746358,h6,,,chr17,22742263,22746358,tfbs,0.011965811965811967,0.0,0.00012145039363531396,0.0001232697395607829,0.0,-2.2668895815395445,1.0,0.0,4.2665207729442045e-05,4.993818583898246e-05,0.0,-1.3976464963087905,1.0
h6_chr17_35243344_35247439,h6,,,chr17,35243344,35247439,promoter,0.14407814407814407,0.022008614614605904,0.020923016592860222,0.020719164982438087,1.0622346331650323,1.7323767971710253,0.04195804195804196,0.018252966925501823,0.01807977445423603,0.0181384589523077,1.0063129934850146,0.1676508208595067,0.42957042957042957
h6_chr17_35243344_35247439,h6,,,chr17,35243344,35247439,tfbs,0.022222222222222223,5.2526524086715654e-05,0.0004926956025883555,0.0005487445741891861,0.09572126369418374,-4.234921313934407,1.0,2.6263262043357827e-05,0.0001284265163121745,0.00011301081394776702,0.2323960081864074,-1.6282217745245036,0.985014985014985
h6_chr17_72349260_72353355,h6,,,chr17,72349260,72353355,promoter,0.12405372405372406,0.016654182225465775,0.015618535690009594,0.015849538147449493,1.0507676672045971,1.2689474468817905,0.0999000999000999,0.01578027382493019,0.013993836008012295,0.014543721452355385,1.085023106130415,2.0643296567190097,0.022977022977022976
h6_chr17_72349260_72353355,h6,,,chr17,72349260,72353355,tfbs,0.025885225885225887,0.0003245942643843591,0.0006581692141480744,0.0005530586931854486,0.5869074446959609,-2.0525037151075023,0.989010989010989,4.993757829652168e-05,0.00016229513857979327,0.00012611736019607633,0.3959611763113584,-1.420622884047481,0.968031968031968
h6_chr21_12003041_12007136,h6,,,chr21,12003041,12007136,promoter,0.07277167277167278,0.01018859725445509,0.0052195522002875805,0.005191102623939514,1.9627038786459186,13.99410269711023,0.000999000999000999,0.01016451045870781,0.0050425161607563496,0.004995423369109631,2.0347645650141364,15.163080277078402,0.000999000999000999
h6_chr21_12003041_12007136,h6,,,chr21,12003041,12007136,tfbs,0.008791208791208791,0.0006985090440139174,6.74422990414314e-05,6.103523628553376e-05,11.44435717011346,16.564417211550886,0.000999000999000999,0.0006985090440139174,6.74422990414314e-05,6.21913859504275e-05,11.231604398890486,16.845981150494776,0.000999000999000999
h6_chr21_19112010_19116105,h6,,,chr21,19112010,19116105,promoter,0.21636141636141637,0.051707807928323746,0.046856436878442764,0.047872092574834824,1.0801242466577545,3.5349002878040228,0.000999000999000999,0.05159636586904526,0.046020638197660446,0.04696695879101753,1.0985673161983207,4.127184305403077,0.000999000999000999
h6_chr21_19112010_19116105,h6,,,chr21,19112010,19116105,tfbs,0.021001221001221003,0.00016715885431040078,0.0004034136363770813,0.0003768317692447454,0.4435901321309089,-2.0240746184213436,0.991008991008991,0.00013929905253462493,0.0002880730025935918,0.00021697221382055432,0.642013325493519,-0.9921109317052108,0.8751248751248751
h6_chr21_38658585_38662680,h6,,,chr21,38658585,38662680,promoter,0.16043956043956045,0.04447467625141144,0.025971312075853348,0.02492494136095047,1.7843442681509871,25.272927268165876,0.000999000999000999,0.04120447859168053,0.019326550886034966,0.017722293734550476,2.3250082189615435,35.1887533000834,0.000999000999000999
h6_chr21_38658585_38662680,h6,,,chr21,38658585,38662680,tfbs,0.024175824175824177,0.0004709083295892924,0.0005402350798249245,0.0006828955374658108,0.6895759362212386,-1.6165829799284994,0.9600399600399601,0.0003139388863928616,0.00013342367310542613,0.0001802009210223332,1.7421602764946666,1.9044084812293443,0.04995004995004995
h6_chr3_108979737_108983832,h6,,,chr3,108979737,108983832,promoter,0.16776556776556775,0.028475353494286537,0.0277973935008049,0.027229057624936104,1.0457708043560452,1.5435069757054372,0.06393606393606394,0.02815510705113411,0.02717851661145687,0.02663072757422924,1.0572413754996324,1.8802510118271705,0.027972027972027972
h6_chr3_108979737_108983832,h6,,,chr3,108979737,108983832,tfbs,0.0231990231990232,0.0009073683759197593,0.00048570713261142373,0.00041338635492138565,2.19496450503867,4.649946529880324,0.000999000999000999,0.000426996877649799,0.0001670619094511494,9.495342965237796e-05,4.496908423561144,6.930819009393405,0.000999000999000999
h6_chr3_127665795_127669890,h6,,,chr3,127665795,127669890,promoter,0.10378510378510379,0.011616650968790054,0.01101713441312313,0.010702450759708881,1.0854197070938956,1.8092366005865046,0.04995004995004995,0.010572170838713646,0.009287897497415543,0.009038135409355164,1.1697291930114964,3.3162459197364775,0.000999000999000999
h6_chr3_127665795_127669890,h6,,,chr3,127665795,127669890,tfbs,0.018315018315018316,0.00022927600366529077,0.00033601405448280275,0.00025864882627502084,0.8864374409397164,-0.3573656195253916,0.6873126873126874,0.0,8.992643415695056e-05,4.985478881280869e-05,0.0,-1.375188055033292,1.0
h6_chr3_17001367_17005462,h6,,,chr3,17001367,17005462,promoter,0.17216117216117216,0.018392665311694145,0.028871281072497368,0.03005029633641243,0.6120626933521269,-12.99847407455195,1.0,0.018230851739645004,0.02836831659078598,0.029271818697452545,0.6228124028805764,-12.635172475811421,1.0
h6_chr3_17001367_17005462,h6,,,chr3,17001367,17005462,tfbs,0.04151404151404151,0.0014293419662863016,0.0017090028850361705,0.0019183657132089138,0.7450831488722731,-2.1065339464859254,0.985014985014985,0.0008629989461041987,0.0008503213175572455,0.0009376213420182467,0.9204130787451766,-0.4700324319785927,0.6993006993006993
h6_chr7_120066194_120070289,h6,,,chr7,120066194,120070289,promoter,0.17582417582417584,0.02656971849501133,0.030988123267889023,0.030504360795021057,0.871013776474479,-4.32356785249607,1.0,0.02566765993833542,0.029740015044808388,0.02924981527030468,0.8775323775939885,-4.172995283042857,1.0
h6_chr7_120066194_120070289,h6,,,chr7,120066194,120070289,tfbs,0.03540903540903541,0.0012847497127950191,0.0013301125727593899,0.00113705825060606,1.1298890906514583,0.8431014044656808,0.21578421578421578,0.0007653828361071646,0.0005149880889803171,0.000393543450627476,1.9448496344858952,3.5706743546874433,0.000999000999000999
h6_chr7_137924469_137928564,h6,,,chr7,137924469,137928564,promoter,0.14163614163614163,0.023131579160690308,0.021092183887958527,0.020555052906274796,1.1253475856356945,3.661890879014124,0.000999000999000999,0.022368421778082848,0.01937086135149002,0.019054237753152847,1.1739342222903466,4.776007346716643,0.000999000999000999
h6_chr7_137924469_137928564,h6,,,chr7,137924469,137928564,tfbs,0.024664224664224663,0.00044736842392012477,0.0006057916907593608,0.0008557105320505798,0.5228034565007335,-2.720953100620763,0.998001998001998,0.00034210525336675346,0.00029421161161735654,0.00047602629638276994,0.7186688129759718,-1.1830699477985387,0.9070929070929071
h6_chr7_4391321_4395416,h6,,,chr7,4391321,4395416,promoter,0.1514041514041514,0.030894046649336815,0.023391427472233772,0.022265607491135597,1.3875231862250503,11.386799879307283,0.000999000999000999,0.030088115483522415,0.022258298471570015,0.02112615667283535,1.4242115094323153,12.075262160903703,0.000999000999000999
h6_chr7_4391321_4395416,h6,,,chr7,4391321,4395416,tfbs,0.07301587301587302,0.05225123465061188,0.0053953975439071655,0.011268830858170986,4.636792876585303,78.94624055475565,0.000999000999000999,0.05187513306736946,0.004685377702116966,0.01072993315756321,4.834618473909526,77.66141507272904,0.000999000999000999
h6_chrX_127567034_127571129,h6,,,chrX,127567034,127571129,promoter,0.22612942612942613,0.05164032429456711,0.05181114748120308,0.05233680456876755,0.9866923424167919,-0.6174728747664501,0.7382617382617382,0.049355823546648026,0.04155751317739487,0.04211759939789772,1.1718574717511463,7.106269556253835,0.000999000999000999
h6_chrX_127567034_127571129,h6,,,chrX,127567034,127571129,tfbs,0.03296703296703297,0.0011156860273331404,0.0011364005040377378,0.001214424381032586,0.9186953463372568,-0.5636816060508864,0.7252747252747253,0.00042502323049120605,0.0004545070696622133,0.0003908619983121753,1.087399727593233,0.3476664629824406,0.4015984015984016
h6_chrX_130740848_130744943,h6,,,chrX,130740848,130744943,promoter,0.18705738705738706,0.040974751114845276,0.03559150919318199,0.03496261686086655,1.1719589319616426,6.5360527821688885,0.000999000999000999,0.03765858709812164,0.031988970935344696,0.031564027070999146,1.193085629201039,7.324006738964456,0.000999000999000999
h6_chrX_130740848_130744943,h6,,,chrX,130740848,130744943,tfbs,0.027594627594627594,0.0005526943714357913,0.0007697471301071346,0.000717020477168262,0.7708209026589506,-1.273611956997397,0.9170829170829171,0.0002261022455058992,0.00037231241003610194,0.00034086170489899814,0.6633254550343116,-1.2599102861043312,0.9250749250749251
h6_chrX_83970161_83974256,h6,,,chrX,83970161,83974256,promoter,0.16874236874236875,0.048614200204610825,0.03044005297124386,0.028625980019569397,1.6982545286266884,24.415212533817588,0.000999000999000999,0.04498295485973358,0.027097100391983986,0.025630353018641472,1.755065754537855,24.45304693747025,0.000999000999000999
h6_chrX_83970161_83974256,h6,,,chrX,83970161,83974256,tfbs,0.03882783882783883,0.0030383875127881765,0.0014351990539580584,0.0014007212594151497,2.1691592758839184,8.692632614135075,0.000999000999000999,0.0025690430775284767,0.0007929413113743067,0.0007119459914974868,3.608480289529863,14.281400759399329,0.000999000999000999
