label,model_variant,epi_label,sample_index,chrom,window_start_1based,window_end_1based,group,group_position_fraction,top_group_pair_fraction,all_group_pair_fraction,group_background_mean,group_pair_enrichment,group_pair_z,group_pair_empirical_p,top_group_same_motif_fraction,all_group_same_motif_fraction,group_same_motif_background_mean,group_same_motif_enrichment,group_same_motif_z,group_same_motif_empirical_p
h0_chr10_110104373_110108468,h0,,,chr10,110104373,110108468,promoter,0.1907203907203907,0.034882575273513794,0.03665784373879433,0.03584478050470352,0.9731563363579959,-1.0589294451461742,0.8611388611388612,0.03394513577222824,0.03340645134449005,0.03269760310649872,1.0381536426895333,1.4384996531349938,0.07292707292707293
h0_chr10_110104373_110108468,h0,,,chr10,110104373,110108468,tfbs,0.033455433455433455,0.0010114465840160847,0.0010607729200273752,0.001137038692831993,0.8895445602619737,-0.7696807999749582,0.8011988011988012,0.0005180580192245543,0.0004692070069722831,0.0005431221798062325,0.9538517086696401,-0.21257412697569344,0.6173826173826173
h0_chr10_19287595_19291690,h0,,,chr10,19287595,19291690,promoter,0.19242979242979244,0.04528339207172394,0.0376175232231617,0.037115808576345444,1.2200567307749248,8.742945541994272,0.000999000999000999,0.043301623314619064,0.035293396562337875,0.03487391024827957,1.2416624062612898,9.67633872764109,0.000999000999000999
h0_chr10_19287595_19291690,h0,,,chr10,19287595,19291690,tfbs,0.01733821733821734,2.4772096367087215e-05,0.0002722460776567459,0.0002658293815329671,0.09318795471077405,-3.0346261058921407,1.0,2.4772096367087215e-05,8.7941181845963e-05,7.70164406276308e-05,0.3216468609197171,-1.2198456592186127,0.961038961038961
h0_chr10_4663039_4667134,h0,,,chr10,4663039,4667134,promoter,0.189010989010989,0.02769998461008072,0.03631563484668732,0.036506544798612595,0.7587676336636886,-9.583679925831666,1.0,0.023881053552031517,0.032009195536375046,0.03191022947430611,0.7483823822470589,-9.381287601354185,1.0
h0_chr10_4663039_4667134,h0,,,chr10,4663039,4667134,tfbs,0.045177045177045176,0.0030806048307567835,0.0019916798919439316,0.0018789144232869148,1.6395663328655856,5.382715012905422,0.000999000999000999,0.0014766536187380552,0.0008075685473158956,0.0008933753124438226,1.6528927967560223,3.9764547128520804,0.000999000999000999
h0_chr1_117801428_117805523,h0,,,chr1,117801428,117805523,promoter,0.1702075702075702,0.02317855879664421,0.02945629507303238,0.02949286624789238,0.7859039064506183,-7.443459468272057,1.0,0.021819554269313812,0.02691018581390381,0.02718595787882805,0.8026038430047926,-6.390025489651379,1.0
h0_chr1_117801428_117805523,h0,,,chr1,117801428,117805523,tfbs,0.027594627594627594,0.0007801686297170818,0.0007326009217649698,0.000678469892591238,1.1498942521051776,0.7797537366330454,0.23376623376623376,0.00030200075707398355,0.0003186096728313714,0.00028956838650628924,1.0429341431835628,0.14362678882888183,0.4835164835164835
h0_chr1_188000709_188004804,h0,,,chr1,188000709,188004804,promoter,0.1956043956043956,0.04073623940348625,0.03817624971270561,0.03727464750409126,1.0928671934192011,3.5924544659958584,0.002997002997002997,0.03478657081723213,0.035410817712545395,0.034923385828733444,0.9960824241907053,-0.14909790106522425,0.5644355644355644
h0_chr1_188000709_188004804,h0,,,chr1,188000709,188004804,tfbs,0.028815628815628817,0.00030381284886971116,0.0007250930066220462,0.0006680844817310572,0.4547521416490759,-2.8746434336205464,1.0,0.0002025418943958357,0.00045090456842444837,0.0003742467670235783,0.5411987817735113,-1.7845835142889184,0.98001998001998
h0_chr1_236620149_236624244,h0,,,chr1,236620149,236624244,promoter,0.16092796092796094,0.02314930036664009,0.02606242336332798,0.025576194748282433,0.9051112018215564,-2.987697719319969,0.998001998001998,0.02232787385582924,0.024049177765846252,0.023817818611860275,0.9374441135726381,-1.9813951911426402,0.98001998001998
h0_chr1_236620149_236624244,h0,,,chr1,236620149,236624244,tfbs,0.02735042735042735,0.0007218599203042686,0.000709415297023952,0.000642281083855778,1.1239003272068335,0.6339438702921667,0.2897102897102897,0.0004729426873382181,0.00026982673443853855,0.0002543187001720071,1.85964573984668,2.832649558903509,0.00999000999000999
h0_chr14_101543080_101547175,h0,,,chr14,101543080,101547175,promoter,0.12112332112332112,0.01985013112425804,0.014610758051276207,0.014982929453253746,1.3248498023160162,8.04045599633449,0.000999000999000999,0.017616990953683853,0.011945120990276337,0.01230772677809,1.4313765061022732,9.541943034852206,0.000999000999000999
h0_chr14_101543080_101547175,h0,,,chr14,101543080,101547175,tfbs,0.029304029304029304,0.0008436305797658861,0.000806663534604013,0.0009124361095018685,0.9245913998586205,-0.45765393461317855,0.7012987012987013,0.00042181528988294303,0.0001940359506988898,0.00021830183686688542,1.932257171707422,2.696626358042009,0.01098901098901099
h0_chr14_26677340_26681435,h0,,,chr14,26677340,26681435,promoter,0.17606837606837608,0.03230050951242447,0.030982734635472298,0.031161321327090263,1.0365577625344098,1.237076628560282,0.11288711288711288,0.03199091926217079,0.02960788644850254,0.03001450002193451,1.0658488143661204,2.2558999529348482,0.012987012987012988
h0_chr14_26677340_26681435,h0,,,chr14,26677340,26681435,tfbs,0.03467643467643468,0.00105776428245008,0.0011282069608569145,0.0011189081706106663,0.9453539711599247,-0.3537109897515995,0.6513486513486514,0.0005417817155830562,0.00039137661224231124,0.00036670881672762334,1.4774166610383683,1.8269813623396758,0.04895104895104895
h0_chr14_33378322_33382417,h0,,,chr14,33378322,33382417,promoter,0.18803418803418803,0.03195242956280708,0.03574739396572113,0.03487502783536911,0.9161979658809613,-3.2640493479391024,1.0,0.029583754017949104,0.03496770188212395,0.03411337733268738,0.8672185614879593,-4.998119146095925,1.0
h0_chr14_33378322_33382417,h0,,,chr14,33378322,33382417,tfbs,0.032722832722832725,0.001011621323414147,0.0010407406371086836,0.0009655555477365851,1.047709089120297,0.3007095744965828,0.41058941058941056,0.0006415159441530704,0.0003091626276727766,0.00027202742057852447,2.358276760441097,4.412363068652397,0.000999000999000999
h0_chr17_22742263_22746358,h0,,,chr17,22742263,22746358,promoter,0.11330891330891331,0.03245530277490616,0.013190400786697865,0.012908748351037502,2.5142098902483956,34.90595376900803,0.000999000999000999,0.032161813229322433,0.01259217131882906,0.012359380722045898,2.602218828970466,36.6416291736141,0.000999000999000999
h0_chr17_22742263_22746358,h0,,,chr17,22742263,22746358,tfbs,0.011965811965811967,7.337295392062515e-05,0.00012571137631312013,0.0001226551248691976,0.5982053664604055,-0.8944718906448295,0.8831168831168831,4.89153026137501e-05,5.209440132603049e-05,5.238828816800378e-05,0.933706832658548,-0.099423857426584,0.6343656343656343
h0_chr17_35243344_35247439,h0,,,chr17,35243344,35247439,promoter,0.14407814407814407,0.019633013755083084,0.02116687409579754,0.02073218673467636,0.9469822940695968,-1.5823078529314467,0.9460539460539461,0.01709078997373581,0.01849653571844101,0.018130961805582047,0.9426300798049226,-1.540582103297015,0.9430569430569431
h0_chr17_35243344_35247439,h0,,,chr17,35243344,35247439,tfbs,0.022222222222222223,0.00027687582769431174,0.000489566067699343,0.0005213068798184395,0.5311186911454956,-2.088726496241432,0.9920079920079921,0.00027687582769431174,0.00012509734369814396,0.00011296533921267837,2.4509803593210235,3.1080590536691934,0.004995004995004995
h0_chr17_72349260_72353355,h0,,,chr17,72349260,72353355,promoter,0.12405372405372406,0.013273900374770164,0.01565983146429062,0.01560114324092865,0.8508286969602904,-3.837667720331926,1.0,0.011747032403945923,0.014041590504348278,0.014147712849080563,0.8303131770665917,-4.1206273871006545,1.0
h0_chr17_72349260_72353355,h0,,,chr17,72349260,72353355,tfbs,0.025885225885225887,0.0003694035403896123,0.0006287278956733644,0.0005991971702314913,0.6164974715199314,-1.8771402721903072,0.985014985014985,0.0001231345086125657,0.00016204582061618567,0.00014995319361332804,0.8211529587698047,-0.4452848555838827,0.7342657342657343
h0_chr21_12003041_12007136,h0,,,chr21,12003041,12007136,promoter,0.07277167277167278,0.01811283826828003,0.005361148621886969,0.00517471507191658,3.5002580850449614,38.6391934548387,0.000999000999000999,0.017623301595449448,0.005177328363060951,0.00495060533285141,3.5598276191608513,36.202358492291616,0.000999000999000999
h0_chr21_12003041_12007136,h0,,,chr21,12003041,12007136,tfbs,0.008791208791208791,0.0008811650914140046,8.738209726288915e-05,5.967446486465633e-05,14.766200139582589,21.432546544989155,0.000999000999000999,0.0008811650914140046,8.738209726288915e-05,6.021294757374562e-05,14.634146423986309,21.81235620679196,0.000999000999000999
h0_chr21_19112010_19116105,h0,,,chr21,19112010,19116105,promoter,0.21636141636141637,0.04980629310011864,0.04694824293255806,0.04716435819864273,1.0560154956492536,2.56364019418737,0.008991008991008992,0.04909730702638626,0.046126589179039,0.046328797936439514,1.059757844219161,2.6610429034248018,0.003996003996003996
h0_chr21_19112010_19116105,h0,,,chr21,19112010,19116105,tfbs,0.021001221001221003,0.0002025675494223833,0.0004236141103319824,0.00038743572076782584,0.5228416962197805,-1.8943259364068457,0.983016983016983,0.00010128377471119165,0.0003144821966998279,0.0002522219147067517,0.4015661162074288,-1.9263662487767979,0.9920079920079921
h0_chr21_38658585_38662680,h0,,,chr21,38658585,38662680,promoter,0.16043956043956045,0.023611869663000107,0.025682073086500168,0.025189464911818504,0.9373708312446838,-2.023584876781256,0.98001998001998,0.016901127994060516,0.01858464442193508,0.017895065248012543,0.9444574668951031,-1.4687609507368442,0.9280719280719281
h0_chr21_38658585_38662680,h0,,,chr21,38658585,38662680,tfbs,0.024175824175824177,0.00032310979440808296,0.0005507739842869341,0.0006272804457694292,0.5150962326137122,-2.5385153950214248,0.998001998001998,9.941840107785538e-05,0.00011333615839248523,0.00016023761418182403,0.620443593007094,-0.9832790558841088,0.8941058941058941
h0_chr3_108979737_108983832,h0,,,chr3,108979737,108983832,promoter,0.16776556776556775,0.025328848510980606,0.028284111991524696,0.02745571918785572,0.9225345123060599,-2.6143072940951897,0.994005994005994,0.025153128430247307,0.027610357850790024,0.026827743276953697,0.9375789894282698,-2.0918935886311925,0.984015984015984
h0_chr3_108979737_108983832,h0,,,chr3,108979737,108983832,tfbs,0.0231990231990232,0.0005773672019131482,0.0004940193030051887,0.00046390198986046016,1.2445887591187481,1.0729836892723716,0.1798201798201798,0.0003514409181661904,0.00018852057110052556,0.00012709609291050583,2.765159102205101,3.7972996363935962,0.001998001998001998
h0_chr3_127665795_127669890,h0,,,chr3,127665795,127669890,promoter,0.10378510378510379,0.014929411001503468,0.010895868763327599,0.010601873509585857,1.4081861086160665,8.63397695369545,0.000999000999000999,0.012838801369071007,0.009174666367471218,0.00895863026380539,1.433121023081203,8.426989441869985,0.000999000999000999
h0_chr3_127665795_127669890,h0,,,chr3,127665795,127669890,tfbs,0.018315018315018316,0.0008362437947653234,0.00030916722607798874,0.00026201485889032483,3.191589203402245,7.204837634354514,0.000999000999000999,0.00031974026933312416,7.132736209314317e-05,5.8955185522791e-05,5.423446071754255,6.992337347131753,0.000999000999000999
h0_chr3_17001367_17005462,h0,,,chr3,17001367,17005462,promoter,0.17216117216117216,0.026163889095187187,0.02942933514714241,0.029387591406702995,0.8903039630944196,-3.8075162835669176,1.0,0.0259370356798172,0.028839265927672386,0.028685705736279488,0.9041798001509169,-3.3846127381610422,0.999000999000999
h0_chr3_17001367_17005462,h0,,,chr3,17001367,17005462,tfbs,0.04151404151404151,0.0018904544413089752,0.0016721556894481182,0.0018674161983653903,1.012336962142532,0.10676724556225049,0.4725274725274725,0.0010082423686981201,0.0008663248154334724,0.0009135180152952671,1.1036918285319597,0.6421590819071945,0.2987012987012987
h0_chr7_120066194_120070289,h0,,,chr7,120066194,120070289,promoter,0.17582417582417584,0.03530869260430336,0.031196845695376396,0.03056238405406475,1.1552990284345097,5.079378843010358,0.000999000999000999,0.03476667404174805,0.02993471547961235,0.02929697558283806,1.1866983997527067,6.486197640764061,0.000999000999000999
h0_chr7_120066194_120070289,h0,,,chr7,120066194,120070289,tfbs,0.03540903540903541,0.0009549865499138832,0.0012907811906188726,0.0011462935945019126,0.8331081622495186,-1.1197159478345093,0.8831168831168831,0.0006452611996792257,0.0005322117358446121,0.0004043722874484956,1.595710734162048,2.437544920522426,0.017982017982017984
h0_chr7_137924469_137928564,h0,,,chr7,137924469,137928564,promoter,0.14163614163614163,0.013261922635138035,0.02085196226835251,0.020306581631302834,0.6530849394510904,-10.042967916293387,1.0,0.011451160535216331,0.01919550634920597,0.018839862197637558,0.6078155145238939,-11.272806294239443,1.0
h0_chr7_137924469_137928564,h0,,,chr7,137924469,137928564,tfbs,0.024664224664224663,0.0008161183213815093,0.0006110651884227991,0.000794873689301312,1.0267270540793358,0.1515975152013393,0.46353646353646355,0.0003570517583284527,0.0002909955510403961,0.0004229788319207728,0.8441362342107258,-0.6408107940286077,0.7852147852147852
h0_chr7_4391321_4395416,h0,,,chr7,4391321,4395416,promoter,0.1514041514041514,0.030463235452771187,0.023194141685962677,0.02233327366411686,1.3640291123874435,11.145694507585597,0.000999000999000999,0.029616322368383408,0.022083645686507225,0.021228179335594177,1.395141896070403,11.167177546616957,0.000999000999000999
h0_chr7_4391321_4395416,h0,,,chr7,4391321,4395416,tfbs,0.07301587301587302,0.08440908789634705,0.006326771806925535,0.008289541117846966,10.182600785297815,167.31330101125016,0.000999000999000999,0.08430642634630203,0.005525017622858286,0.007653843145817518,11.014914303851617,172.4336112684584,0.000999000999000999
h0_chrX_127567034_127571129,h0,,,chrX,127567034,127571129,promoter,0.22612942612942613,0.059928108006715775,0.051112186163663864,0.051285482943058014,1.168519911828726,7.858877315399241,0.000999000999000999,0.05706241726875305,0.041268572211265564,0.041408613324165344,1.3780325562230895,15.58139902994849,0.000999000999000999
h0_chrX_127567034_127571129,h0,,,chrX,127567034,127571129,tfbs,0.03296703296703297,0.0008798170019872487,0.001062564318999648,0.0011401925003156066,0.7716390010842155,-1.552383594013601,0.952047952047952,0.00027651392156258225,0.0004057201149407774,0.0003746763395611197,0.7380074276547037,-1.0278457586070104,0.8921078921078921
h0_chrX_130740848_130744943,h0,,,chrX,130740848,130744943,promoter,0.18705738705738706,0.03857361525297165,0.03579190745949745,0.035009659826755524,1.101799201816078,3.989129302417097,0.000999000999000999,0.034350767731666565,0.03215406462550163,0.0316624715924263,1.0849048101438583,3.1659273037191022,0.001998001998001998
h0_chrX_130740848_130744943,h0,,,chrX,130740848,130744943,tfbs,0.027594627594627594,0.0004939003265462816,0.0007349274819716811,0.0007167234434746206,0.6891086527767118,-1.7239923498152474,0.967032967032967,0.0002469501632731408,0.00034671984030865133,0.0003164913214277476,0.7802746759661702,-0.8037796294830812,0.8431568431568431
h0_chrX_83970161_83974256,h0,,,chrX,83970161,83974256,promoter,0.16874236874236875,0.028583543375134468,0.028593527153134346,0.028308432549238205,1.0097183348254182,0.338348097863612,0.37462537462537465,0.026189111173152924,0.025563545525074005,0.025329532101750374,1.0339358448450435,1.0911803107407043,0.14985014985014986
h0_chrX_83970161_83974256,h0,,,chrX,83970161,83974256,tfbs,0.03882783882783883,0.0018207667162641883,0.0014758319593966007,0.0012829919578507543,1.4191567648750543,3.003453000563783,0.003996003996003996,0.0009477963903918862,0.0007679713889956474,0.000679794407915324,1.3942397574266967,2.124166887922565,0.024975024975024976
h1_chr10_110104373_110108468,h1,,,chr10,110104373,110108468,promoter,0.1907203907203907,0.03347071260213852,0.03671162948012352,0.03592474013566971,0.9316897624237904,-2.684288112343147,0.993006993006993,0.03112276829779148,0.03331712260842323,0.03285979852080345,0.9471381353141206,-1.9414191665520042,0.9820179820179821
h1_chr10_110104373_110108468,h1,,,chr10,110104373,110108468,tfbs,0.033455433455433455,0.0013488198164850473,0.0010523220989853144,0.0011274883290752769,1.1963049032989088,1.3430132913405406,0.0999000999000999,0.0007243661675602198,0.0004775788984261453,0.0005611839005723596,1.2907821603959562,1.3849030158486786,0.1088911088911089
h1_chr10_19287595_19291690,h1,,,chr10,19287595,19291690,promoter,0.19242979242979244,0.05620585381984711,0.03820538520812988,0.03709351643919945,1.5152473859407476,19.998277339245586,0.000999000999000999,0.054383907467126846,0.03589003533124924,0.03478119149804115,1.5636010477153923,20.948087482679696,0.000999000999000999
h1_chr10_19287595_19291690,h1,,,chr10,19287595,19291690,tfbs,0.01733821733821734,0.00029949835152365267,0.00028002820909023285,0.0002601143205538392,1.1514104678510448,0.4904047676233013,0.34665334665334663,0.0001996655628317967,9.084694465855137e-05,6.087304063839838e-05,3.280032683398581,3.4605991387642185,0.006993006993006993
h1_chr10_4663039_4667134,h1,,,chr10,4663039,4667134,promoter,0.189010989010989,0.06270383298397064,0.03696645051240921,0.03608428314328194,1.7377048266412534,28.393198154704432,0.000999000999000999,0.05345495417714119,0.032643940299749374,0.03150010108947754,1.6969772263682534,25.01504849655635,0.000999000999000999
h1_chr10_4663039_4667134,h1,,,chr10,4663039,4667134,tfbs,0.045177045177045176,0.0038982878904789686,0.0019071025308221579,0.0018864402081817389,2.0664783721061406,9.425298812725481,0.000999000999000999,0.0027772116009145975,0.0008120154961943626,0.0009238432394340634,3.0061502670257,12.68954273111531,0.000999000999000999
h1_chr1_117801428_117805523,h1,,,chr1,117801428,117805523,promoter,0.1702075702075702,0.024058761075139046,0.029745571315288544,0.029446624219417572,0.8170295140070527,-6.4963300979690946,1.0,0.021960176527500153,0.02708115242421627,0.027148300781846046,0.8088969068069568,-6.52923480429319,1.0
h1_chr1_117801428_117805523,h1,,,chr1,117801428,117805523,tfbs,0.027594627594627594,0.0004996627103537321,0.0007230034680105746,0.0007161915418691933,0.6976663101181828,-1.6098623046737648,0.967032967032967,0.00029979762621223927,0.0003095374268013984,0.00031316361855715513,0.9573194600110406,-0.14981382634508295,0.5974025974025974
h1_chr1_188000709_188004804,h1,,,chr1,188000709,188004804,promoter,0.1956043956043956,0.04718776047229767,0.038916729390621185,0.03688446432352066,1.2793397257556687,10.967562130460554,0.000999000999000999,0.04498059302568436,0.03628436103463173,0.03457961976528168,1.300783332234479,11.672700710510785,0.000999000999000999
h1_chr1_188000709_188004804,h1,,,chr1,188000709,188004804,tfbs,0.028815628815628817,0.0007103534298948944,0.0007413048879243433,0.0006585229421034455,1.0787071861549615,0.4055368441882731,0.35864135864135865,0.00038054646574892104,0.0004454932932276279,0.0003554557915776968,1.0705873269355348,0.2692225417577884,0.44555444555444557
h1_chr1_236620149_236624244,h1,,,chr1,236620149,236624244,promoter,0.16092796092796094,0.025785617530345917,0.026267224922776222,0.02570587582886219,1.0031020807077187,0.10368622751916787,0.45754245754245754,0.024195751175284386,0.024151219055056572,0.023928653448820114,1.0111622547852748,0.35664890379931363,0.36663336663336665
h1_chr1_236620149_236624244,h1,,,chr1,236620149,236624244,tfbs,0.02735042735042735,0.0007949323044158518,0.0007718274719081819,0.0006573842838406563,1.2092353345772042,1.094032308823565,0.15484515484515485,0.00037262451951391995,0.00028369069332256913,0.0002629983937367797,1.4168319213647322,1.372614523245368,0.12187812187812187
h1_chr14_101543080_101547175,h1,,,chr14,101543080,101547175,promoter,0.12112332112332112,0.01211639679968357,0.014648010022938251,0.01468157209455967,0.8252792495003558,-4.186906852401891,1.0,0.010179759934544563,0.012124203145503998,0.012002954259514809,0.8481045344711707,-3.459067099335712,0.999000999000999
h1_chr14_101543080_101547175,h1,,,chr14,101543080,101547175,tfbs,0.029304029304029304,0.0009434898965992033,0.000829268537927419,0.0008461367106065154,1.1150560952767368,0.6825914817428312,0.2857142857142857,0.00017380077042616904,0.00020135831437073648,0.00021960967569611967,0.791407618426896,-0.6467127081527615,0.7822177822177823
h1_chr14_26677340_26681435,h1,,,chr14,26677340,26681435,promoter,0.17606837606837608,0.04662879556417465,0.03164614364504814,0.03181641548871994,1.4655577898367034,16.244496718541438,0.000999000999000999,0.046346038579940796,0.030329031869769096,0.030820166692137718,1.5037569083545468,18.4165304121977,0.000999000999000999
h1_chr14_26677340_26681435,h1,,,chr14,26677340,26681435,tfbs,0.03467643467643468,0.0014651826350018382,0.001183703658170998,0.001126468414440751,1.3006868334868011,2.081135094499414,0.025974025974025976,0.0005140991415828466,0.0003901980526279658,0.0003799964324571192,1.3529051792897036,1.3572907407721069,0.11188811188811189
h1_chr14_33378322_33382417,h1,,,chr14,33378322,33382417,promoter,0.18803418803418803,0.03251307085156441,0.0358615405857563,0.03454137593507767,0.9412789725769591,-2.2258648106176118,0.987012987012987,0.02864718809723854,0.035097282379865646,0.03375580534338951,0.8486595951664532,-5.8184387067416035,1.0
h1_chr14_33378322_33382417,h1,,,chr14,33378322,33382417,tfbs,0.032722832722832725,0.0007682204595766962,0.0010028999531641603,0.0009225088288076222,0.8327513359082431,-1.0142036701479387,0.8621378621378621,0.00039650086546316743,0.00030481020803563297,0.0002755681343842298,1.4388487491457154,1.5311724723201137,0.08291708291708291
h1_chr17_22742263_22746358,h1,,,chr17,22742263,22746358,promoter,0.11330891330891331,0.019726896658539772,0.013194657862186432,0.013185546733438969,1.4961000144583865,11.933481028203504,0.000999000999000999,0.018983419984579086,0.012635070830583572,0.012637579813599586,1.5021404623811434,11.50133601154557,0.000999000999000999
h1_chr17_22742263_22746358,h1,,,chr17,22742263,22746358,tfbs,0.011965811965811967,0.00012391267227940261,0.00013878157187718898,0.00012121137115173042,1.0222858722082333,0.04963217428584835,0.5454545454545454,0.00012391267227940261,5.402568058343604e-05,5.020941171096638e-05,2.4679172301940855,2.0846071062519593,0.06393606393606394
h1_chr17_35243344_35247439,h1,,,chr17,35243344,35247439,promoter,0.14407814407814407,0.02218972146511078,0.02101653441786766,0.020557643845677376,1.0793903052161582,2.2374785769227423,0.013986013986013986,0.020122043788433075,0.018423128873109818,0.017896337434649467,1.1243665840516825,3.3211898815493175,0.000999000999000999
h1_chr17_35243344_35247439,h1,,,chr17,35243344,35247439,tfbs,0.022222222222222223,0.0004286650801077485,0.00044908630661666393,0.0005030762986280024,0.852087608334582,-0.6419679031113693,0.7642357642357642,0.00022694033395964652,0.00011977316171396524,0.00010736800322774798,2.1136681985066152,2.3819111588185624,0.028971028971028972
h1_chr17_72349260_72353355,h1,,,chr17,72349260,72353355,promoter,0.12405372405372406,0.017293140292167664,0.015566726215183735,0.01577526330947876,1.096218804904313,2.459575908973652,0.012987012987012988,0.016945788636803627,0.013981570489704609,0.014448256231844425,1.1728604729098422,4.290502748605698,0.000999000999000999
h1_chr17_72349260_72353355,h1,,,chr17,72349260,72353355,tfbs,0.025885225885225887,0.00039697307511232793,0.0006336651276797056,0.0005649919621646404,0.7026172082013598,-1.4058386006352723,0.936063936063936,0.00012405408779159188,0.0001625100412638858,0.00013670760381501168,0.9074410225158936,-0.21235441040985795,0.6563436563436563
h1_chr21_12003041_12007136,h1,,,chr21,12003041,12007136,promoter,0.07277167277167278,0.014376092702150345,0.005405604839324951,0.005075572989881039,2.8324078347038593,27.07723343051806,0.000999000999000999,0.014376092702150345,0.005199315957725048,0.004888978786766529,2.940510345649996,27.61025429404471,0.000999000999000999
h1_chr21_12003041_12007136,h1,,,chr21,12003041,12007136,tfbs,0.008791208791208791,0.001009280444122851,7.729677599854767e-05,6.050760202924721e-05,16.680225463818594,23.97552672592656,0.000999000999000999,0.001009280444122851,7.729677599854767e-05,5.900598625885323e-05,17.104712726861997,25.27128193999797,0.000999000999000999
h1_chr21_19112010_19116105,h1,,,chr21,19112010,19116105,promoter,0.21636141636141637,0.06089579686522484,0.04714318364858627,0.04710379242897034,1.2928002974930737,12.88286272750751,0.000999000999000999,0.06028223782777786,0.046215686947107315,0.04619321972131729,1.305001863725008,13.667748465644497,0.000999000999000999
h1_chr21_19112010_19116105,h1,,,chr21,19112010,19116105,tfbs,0.021001221001221003,0.00035790979745797813,0.0004438088508322835,0.00038968707667663693,0.9184543673101389,-0.3171171260134101,0.6753246753246753,0.0003067798388656229,0.00032007411937229335,0.0002461652329657227,1.2462354458817524,0.7732793210356408,0.2547452547452547
h1_chr21_38658585_38662680,h1,,,chr21,38658585,38662680,promoter,0.16043956043956045,0.03097054548561573,0.025704974308609962,0.025371065363287926,1.2207033895561312,7.324341140515576,0.000999000999000999,0.02536250278353691,0.0190721582621336,0.01843348704278469,1.3758928370237147,10.501962199332421,0.000999000999000999
h1_chr21_38658585_38662680,h1,,,chr21,38658585,38662680,tfbs,0.024175824175824177,0.0003536603762768209,0.000587321410421282,0.0006972667179070413,0.5072096045805681,-2.74100246908421,0.998001998001998,7.578436634503305e-05,0.00011291728151263669,0.00018877885304391384,0.40144521021856217,-1.7146526545861016,0.983016983016983
h1_chr3_108979737_108983832,h1,,,chr3,108979737,108983832,promoter,0.16776556776556775,0.03138541802763939,0.027993427589535713,0.02739403396844864,1.1457026761296956,4.8494685358423775,0.000999000999000999,0.03070911578834057,0.02733691781759262,0.026799388229846954,1.1458886868969376,4.927032127453233,0.000999000999000999
h1_chr3_108979737_108983832,h1,,,chr3,108979737,108983832,tfbs,0.0231990231990232,0.0005009643500670791,0.0005077235400676727,0.00046760012628510594,1.0713520418547327,0.3041145229058943,0.3956043956043956,0.00022543396335095167,0.0001868583058239892,0.0001353355182800442,1.6657413088297375,1.5532920432053017,0.09490509490509491
h1_chr3_127665795_127669890,h1,,,chr3,127665795,127669890,promoter,0.10378510378510379,0.013563716784119606,0.010897387750446796,0.010710250586271286,1.2664238502043992,5.360300285957468,0.000999000999000999,0.012017852626740932,0.00919618271291256,0.009069439955055714,1.3250931354412507,6.494318615623197,0.000999000999000999
h1_chr3_127665795_127669890,h1,,,chr3,127665795,127669890,tfbs,0.018315018315018316,0.00039893286884762347,0.00030119536677375436,0.00025913186254911125,1.5394975551183592,1.6146666807846293,0.07692307692307693,0.00012466651969589293,7.006282976362854e-05,5.318274270393886e-05,2.34411603007943,2.014567422349031,0.054945054945054944
h1_chr3_17001367_17005462,h1,,,chr3,17001367,17005462,promoter,0.17216117216117216,0.022072644904255867,0.029888221994042397,0.02958155795931816,0.7461623534031279,-8.859448963794781,1.0,0.0217424426227808,0.02930045872926712,0.028883034363389015,0.7527755688419169,-8.44082771755659,1.0
h1_chr3_17001367_17005462,h1,,,chr3,17001367,17005462,tfbs,0.04151404151404151,0.002133604371920228,0.0016500003403052688,0.0018471678486093879,1.1550679455180424,1.3482234186784432,0.1018981018981019,0.0013970028376206756,0.0008557344553992152,0.0008995935786515474,1.552926644624035,3.275816517419038,0.000999000999000999
h1_chr7_120066194_120070289,h1,,,chr7,120066194,120070289,promoter,0.17582417582417584,0.0251669492572546,0.031315721571445465,0.03057233616709709,0.8231935276290747,-6.440761076995539,1.0,0.024195155128836632,0.030139591544866562,0.02930997870862484,0.8254920745376351,-6.113719836589909,1.0
h1_chr7_120066194_120070289,h1,,,chr7,120066194,120070289,tfbs,0.03540903540903541,0.000996710848994553,0.0012436583638191223,0.0011837685015052557,0.8419812216046939,-1.0745801619247055,0.8781218781218781,0.0005481909611262381,0.0005020981188863516,0.0004183694254606962,1.3103035923874844,1.2510919028485712,0.13986013986013987
h1_chr7_137924469_137928564,h1,,,chr7,137924469,137928564,promoter,0.14163614163614163,0.008300967514514923,0.02110445126891136,0.020906709134578705,0.3970480222918258,-17.91668799753527,1.0,0.007920188829302788,0.01945873349905014,0.01934046484529972,0.40951388152532525,-16.70798821100593,1.0
h1_chr7_137924469_137928564,h1,,,chr7,137924469,137928564,tfbs,0.024664224664224663,0.0003807783068623394,0.0006277747452259064,0.0008397430647164583,0.4534462061808278,-3.220999855595432,1.0,0.0003046226629521698,0.0002878675877582282,0.00045708625111728907,0.6664445981640412,-1.4504549865084329,0.949050949050949
h1_chr7_4391321_4395416,h1,,,chr7,4391321,4395416,promoter,0.1514041514041514,0.02848697267472744,0.023057466372847557,0.02234024740755558,1.2751413247595909,8.254476277785495,0.000999000999000999,0.0276498906314373,0.021884752437472343,0.021174244582653046,1.3058265442956778,9.015075941270885,0.000999000999000999
h1_chr7_4391321_4395416,h1,,,chr7,4391321,4395416,tfbs,0.07301587301587302,0.09888040274381638,0.005914062261581421,0.009021764621138573,10.960206444771709,187.39911896561918,0.000999000999000999,0.09874960780143738,0.0051870993338525295,0.00841474812477827,11.735301679518713,192.5501445917906,0.000999000999000999
h1_chrX_127567034_127571129,h1,,,chrX,127567034,127571129,promoter,0.22612942612942613,0.05679513141512871,0.05062839761376381,0.05161075294017792,1.1004515179416199,4.782496289907722,0.000999000999000999,0.05360040441155434,0.04133781045675278,0.0418844074010849,1.2797221624333157,11.30814453306492,0.000999000999000999
h1_chrX_127567034_127571129,h1,,,chrX,127567034,127571129,tfbs,0.03296703296703297,0.0006338742678053677,0.0010780955199152231,0.0012061612214893103,0.5255302993597241,-3.2837721673195563,1.0,0.00027890465571545064,0.0004404167120810598,0.00038268257048912346,0.7288146292081458,-1.0470002204384383,0.8771228771228772
h1_chrX_130740848_130744943,h1,,,chrX,130740848,130744943,promoter,0.18705738705738706,0.02711612358689308,0.03551086038351059,0.035116713494062424,0.7721714502548169,-8.863428651021703,1.0,0.025405874475836754,0.0319351851940155,0.031727153807878494,0.800761222695241,-7.323518671511933,1.0
h1_chrX_130740848_130744943,h1,,,chrX,130740848,130744943,tfbs,0.027594627594627594,0.0003222208470106125,0.000760692055337131,0.0007168917800299823,0.44946930064832985,-2.896955361928491,1.0,0.00012393109500408173,0.00038046998088248074,0.000322543055517599,0.38423116816204295,-2.214175335271259,0.994005994005994
h1_chrX_83970161_83974256,h1,,,chrX,83970161,83974256,promoter,0.16874236874236875,0.0334690622985363,0.028642160817980766,0.02841620333492756,1.177816117939938,6.113552440759976,0.000999000999000999,0.030017876997590065,0.025649085640907288,0.025445476174354553,1.1796940561027442,5.761657246691566,0.000999000999000999
h1_chrX_83970161_83974256,h1,,,chrX,83970161,83974256,tfbs,0.03882783882783883,0.003525672946125269,0.0016304878517985344,0.0013253053184598684,2.6602722384170603,12.356721368920525,0.000999000999000999,0.002706326311454177,0.0008786807302385569,0.0006894179387018085,3.925523488045957,15.87845112086139,0.000999000999000999
h2_chr10_110104373_110108468,h2,,,chr10,110104373,110108468,promoter,0.1907203907203907,0.03915247693657875,0.037076838314533234,0.03584565594792366,1.0922516522911234,3.632315789009299,0.000999000999000999,0.038168128579854965,0.03359178826212883,0.03277554735541344,1.1645306229661136,6.118169689093764,0.000999000999000999
h2_chr10_110104373_110108468,h2,,,chr10,110104373,110108468,tfbs,0.033455433455433455,0.0010581749957054853,0.0010286339092999697,0.0011157840490341187,0.9483689936430775,-0.35703792461037204,0.6473526473526473,0.0007382616167888045,0.00045796355698257685,0.0005459198728203773,1.3523259612710836,1.645632401229989,0.06293706293706294
h2_chr10_19287595_19291690,h2,,,chr10,19287595,19291690,promoter,0.19242979242979244,0.03851183131337166,0.03770788386464119,0.037224188446998596,1.0345915631768967,1.3574823225057089,0.08191808191808192,0.03772234916687012,0.03523583337664604,0.03494574874639511,1.0794545980578376,3.17105712314389,0.003996003996003996
h2_chr10_19287595_19291690,h2,,,chr10,19287595,19291690,tfbs,0.01733821733821734,0.00014802753867115825,0.0002797708730213344,0.0002672883856575936,0.5538120869224263,-1.5318310981669523,0.967032967032967,7.401376933557913e-05,9.276353375753388e-05,7.063379598548636e-05,1.0478520700032499,0.08109189696367981,0.5404595404595405
h2_chr10_4663039_4667134,h2,,,chr10,4663039,4667134,promoter,0.189010989010989,0.03395666927099228,0.03601640835404396,0.03631922975182533,0.9349501490814431,-2.5418950872577772,0.994005994005994,0.029583269730210304,0.03168954327702522,0.031657569110393524,0.9344769848578739,-2.4162154876164537,0.9920079920079921
h2_chr10_4663039_4667134,h2,,,chr10,4663039,4667134,tfbs,0.045177045177045176,0.0029407329857349396,0.001963489456102252,0.001867692219093442,1.5745276205960423,4.99716118133349,0.000999000999000999,0.0021615643054246902,0.0008060561376623809,0.000885009765625,2.442418591729526,8.897696455868271,0.000999000999000999
h2_chr1_117801428_117805523,h2,,,chr1,117801428,117805523,promoter,0.1702075702075702,0.029495051130652428,0.02943722903728485,0.029217567294836044,1.00949715741274,0.3370650300588804,0.36563436563436563,0.027740884572267532,0.026782440021634102,0.026898182928562164,1.031329314918538,1.039092176404249,0.15784215784215785
h2_chr1_117801428_117805523,h2,,,chr1,117801428,117805523,tfbs,0.027594627594627594,0.0019797016866505146,0.0007104328251443803,0.0007332664681598544,2.699839379835017,8.975048021650503,0.000999000999000999,0.0012279163347557187,0.00031123723601922393,0.00032635009847581387,3.762573814105102,9.867096737511936,0.000999000999000999
h2_chr1_188000709_188004804,h2,,,chr1,188000709,188004804,promoter,0.1956043956043956,0.06168651580810547,0.03810283914208412,0.03699444606900215,1.667453425118127,27.256565923443,0.000999000999000999,0.05877179652452469,0.03545369952917099,0.03453409671783447,1.7018483791461996,27.049550636319758,0.000999000999000999
h2_chr1_188000709_188004804,h2,,,chr1,188000709,188004804,tfbs,0.028815628815628817,0.0006030453951098025,0.000700038333889097,0.0006502587930299342,0.9273929112128773,-0.37764447332617035,0.6883116883116883,0.00027639578911475837,0.0004417327290866524,0.00038321022293530405,0.7212641327718996,-1.1335397319371365,0.9020979020979021
h2_chr1_236620149_236624244,h2,,,chr1,236620149,236624244,promoter,0.16092796092796094,0.01958402618765831,0.026656225323677063,0.025562012568116188,0.7661378827458095,-7.783209684853631,1.0,0.018790747970342636,0.02451637014746666,0.0238763727247715,0.7870017856961757,-6.753752212623334,1.0
h2_chr1_236620149_236624244,h2,,,chr1,236620149,236624244,tfbs,0.02735042735042735,0.0004214283835608512,0.0007320428267121315,0.0006194502348080277,0.6803264570421141,-1.6806664589293276,0.9690309690309691,9.915962436934933e-05,0.0002751667925622314,0.0002623763575684279,0.37792896161952566,-2.07243481379501,0.994005994005994
h2_chr14_101543080_101547175,h2,,,chr14,101543080,101547175,promoter,0.12112332112332112,0.01671702414751053,0.014845249243080616,0.014994774013757706,1.114856691549513,2.8257912288062306,0.005994005994005994,0.014116598293185234,0.01222054660320282,0.012388256378471851,1.1395145419913066,3.2138696715774495,0.000999000999000999
h2_chr14_101543080_101547175,h2,,,chr14,101543080,101547175,tfbs,0.029304029304029304,0.0004953192546963692,0.0007915220921859145,0.0008975184755399823,0.5518763882808827,-2.810277027477022,0.998001998001998,9.906384366331622e-05,0.00020332905114628375,0.00022031800472177565,0.4496402542698092,-1.7212161079365356,0.975024975024975
h2_chr14_26677340_26681435,h2,,,chr14,26677340,26681435,promoter,0.17606837606837608,0.05319231376051903,0.030980132520198822,0.03034951724112034,1.7526576563942557,26.801266345281515,0.000999000999000999,0.05107700079679489,0.029675105586647987,0.028982587158679962,1.762334070355686,25.487318052949256,0.000999000999000999
h2_chr14_26677340_26681435,h2,,,chr14,26677340,26681435,tfbs,0.03467643467643468,0.002450664294883609,0.0011806893162429333,0.0010742422891780734,2.281295681217937,8.272098853448462,0.000999000999000999,0.0017025667475536466,0.0004062892112415284,0.00034363471786491573,4.95458304717317,14.815979727743867,0.000999000999000999
h2_chr14_33378322_33382417,h2,,,chr14,33378322,33382417,promoter,0.18803418803418803,0.03401660546660423,0.03624787554144859,0.03475701063871384,0.9786976739799105,-0.8280602694645589,0.7882117882117882,0.0330125130712986,0.03540542349219322,0.033891212195158005,0.9740729508640903,-0.9822805493897062,0.8431568431568431
h2_chr14_33378322_33382417,h2,,,chr14,33378322,33382417,tfbs,0.032722832722832725,0.0009061298333108425,0.0009898785501718521,0.0009472974925301969,0.9565419949445901,-0.26321824974406416,0.6123876123876124,0.0002448999439366162,0.00027697987388819456,0.00027688388945534825,0.8844860725495913,-0.3869675228590722,0.7172827172827173
h2_chr17_22742263_22746358,h2,,,chr17,22742263,22746358,promoter,0.11330891330891331,0.026794815436005592,0.012756500393152237,0.012950973585247993,2.0689421733148032,25.837451211637422,0.000999000999000999,0.026042426005005836,0.012171330861747265,0.012431507930159569,2.094872653527846,25.954101842585924,0.000999000999000999
h2_chr17_22742263_22746358,h2,,,chr17,22742263,22746358,tfbs,0.011965811965811967,4.85413329442963e-05,0.0001220822159666568,0.00012516381684690714,0.3878224088010127,-1.3780440369207851,0.968031968031968,4.85413329442963e-05,4.708538835984655e-05,5.01431968586985e-05,0.9680542124404994,-0.045788704155869005,0.6073926073926074
h2_chr17_35243344_35247439,h2,,,chr17,35243344,35247439,promoter,0.14407814407814407,0.023426171392202377,0.021086765453219414,0.020661259070038795,1.1338210954516814,4.007956033070543,0.000999000999000999,0.021401070058345795,0.01842060498893261,0.01804622821509838,1.1859026608363838,5.113734789974033,0.000999000999000999
h2_chr17_35243344_35247439,h2,,,chr17,35243344,35247439,tfbs,0.022222222222222223,0.0006750337779521942,0.0004607776354532689,0.0004891245043836534,1.3800857898191083,1.6664978070093912,0.06293706293706294,0.0004500224895309657,0.0001322579337283969,0.00010388017835794017,4.33213050501629,6.750065693811785,0.000999000999000999
h2_chr17_72349260_72353355,h2,,,chr17,72349260,72353355,promoter,0.12405372405372406,0.01605893112719059,0.016063010320067406,0.015557987615466118,1.0321984773420494,0.8398498678815107,0.1968031968031968,0.015052178874611855,0.014468152076005936,0.014106543734669685,1.0670352112982913,1.6500658162021613,0.054945054945054944
h2_chr17_72349260_72353355,h2,,,chr17,72349260,72353355,tfbs,0.025885225885225887,0.00031921424670144916,0.0006202636286616325,0.0005929527105763555,0.5383468883904249,-2.2480146454887553,0.995004995004995,0.00022099447960499674,0.00017434170877095312,0.00014271332474891096,1.5485202940497196,1.3308013315583345,0.12687312687312688
h2_chr21_12003041_12007136,h2,,,chr21,12003041,12007136,promoter,0.07277167277167278,0.01817185804247856,0.005268190521746874,0.005075331311672926,3.580427941853666,37.31530672855683,0.000999000999000999,0.016599981114268303,0.005086947698146105,0.004901828709989786,3.3864873899893766,33.793158310903095,0.000999000999000999
h2_chr21_12003041_12007136,h2,,,chr21,12003041,12007136,tfbs,0.008791208791208791,0.00033342858660034835,6.620962813030928e-05,6.663809472229332e-05,5.003573226243549,6.924324264099229,0.000999000999000999,0.00033342858660034835,6.620962813030928e-05,6.720967940054834e-05,4.961020340734255,6.597801054437179,0.000999000999000999
h2_chr21_19112010_19116105,h2,,,chr21,19112010,19116105,promoter,0.21636141636141637,0.06780213862657547,0.04689410328865051,0.047111548483371735,1.4391829776197356,19.875520076330236,0.000999000999000999,0.06549440324306488,0.04603572189807892,0.04619873687624931,1.417666535310307,19.055283120362525,0.000999000999000999
h2_chr21_19112010_19116105,h2,,,chr21,19112010,19116105,tfbs,0.021001221001221003,0.00027592433616518974,0.0004600436659529805,0.0003869462525472045,0.7130818152361589,-1.165119065408529,0.9020979020979021,0.00022575628827326,0.0003451581869740039,0.00024609942920506,0.9173377159081125,-0.2586255937716885,0.6513486513486514
h2_chr21_38658585_38662680,h2,,,chr21,38658585,38662680,promoter,0.16043956043956045,0.0206385999917984,0.02608337625861168,0.025198159739375114,0.819051875425178,-6.0299821577663595,1.0,0.01570328325033188,0.01903933845460415,0.017567362636327744,0.8938896279091367,-2.811428830282339,0.998001998001998
h2_chr21_38658585_38662680,h2,,,chr21,38658585,38662680,tfbs,0.024175824175824177,0.00034896182478405535,0.0005324155208654702,0.0006091627292335033,0.5728548514830293,-2.105464013801187,0.988011988011988,0.00014955506776459515,0.00011141841969219968,0.00015920138685032725,0.9394080712701262,-0.15339268123761,0.6193806193806194
h2_chr3_108979737_108983832,h2,,,chr3,108979737,108983832,promoter,0.16776556776556775,0.03548574820160866,0.028009984642267227,0.02742585353553295,1.2938794468377548,9.972778166298033,0.000999000999000999,0.032981764525175095,0.02737564779818058,0.02693246863782406,1.2246097811789665,7.5594056730468555,0.000999000999000999
h2_chr3_108979737_108983832,h2,,,chr3,108979737,108983832,tfbs,0.0231990231990232,0.0008093684446066618,0.0005609887884929776,0.0004704201128333807,1.7205226190941671,3.0478710827067337,0.003996003996003996,0.0005058552487753332,0.00022232154151424766,0.0001352151157334447,3.7411146381928715,6.392921707140427,0.000999000999000999
h2_chr3_127665795_127669890,h2,,,chr3,127665795,127669890,promoter,0.10378510378510379,0.012814218178391457,0.010963820852339268,0.010644368827342987,1.2038495082465215,4.228739758747491,0.000999000999000999,0.010653967037796974,0.00925205834209919,0.008950338698923588,1.1903423318581534,3.6838886248479525,0.001998001998001998
h2_chr3_127665795_127669890,h2,,,chr3,127665795,127669890,tfbs,0.018315018315018316,0.0002209348022006452,0.00030047280597500503,0.0002685339713934809,0.8227443293456195,-0.5753106044789941,0.7622377622377622,2.454831155773718e-05,6.873560778331012e-05,5.889140084036626e-05,0.4168403401420007,-0.9568289289187222,0.9180819180819181
h2_chr3_17001367_17005462,h2,,,chr3,17001367,17005462,promoter,0.17216117216117216,0.021666917949914932,0.029101243242621422,0.029556268826127052,0.73307351741103,-9.346475412113952,1.0,0.02083647809922695,0.028496278449892998,0.028852732852101326,0.7221665346584126,-9.960710517748876,1.0
h2_chr3_17001367_17005462,h2,,,chr3,17001367,17005462,tfbs,0.04151404151404151,0.00359857059083879,0.0017227920470759273,0.0018395490478724241,1.9562243230213436,8.237793344235365,0.000999000999000999,0.0019125270191580057,0.0008880708483047783,0.0009067643550224602,2.1091775482403397,6.697739152141837,0.000999000999000999
h2_chr7_120066194_120070289,h2,,,chr7,120066194,120070289,promoter,0.17582417582417584,0.034541379660367966,0.031111471354961395,0.03058656118810177,1.1292992189590974,4.685560092697084,0.000999000999000999,0.03430955857038498,0.029875347390770912,0.02923380397260189,1.1736262103467656,6.06754099223007,0.000999000999000999
h2_chr7_120066194_120070289,h2,,,chr7,120066194,120070289,tfbs,0.03540903540903541,0.001339412177912891,0.001247199485078454,0.001120959292165935,1.194880302321111,1.2954558673350953,0.11288711288711288,0.0006954640266485512,0.0005022798432037234,0.00039775390177965164,1.7484782010606787,3.098243713854931,0.005994005994005994
h2_chr7_137924469_137928564,h2,,,chr7,137924469,137928564,promoter,0.14163614163614163,0.00955185666680336,0.02130204066634178,0.020578181371092796,0.4641739954834557,-15.581518554454552,1.0,0.008143405430018902,0.01957142911851406,0.019008271396160126,0.42841378157426546,-15.961504325606965,1.0
h2_chr7_137924469_137928564,h2,,,chr7,137924469,137928564,tfbs,0.024664224664224663,0.00033290652208961546,0.0006038446445018053,0.000822074303869158,0.4049591630863104,-3.4102238479215456,1.0,0.00017925736028701067,0.0002883498964365572,0.00043597951298579574,0.4111600544240502,-2.4325377242472213,1.0
h2_chr7_4391321_4395416,h2,,,chr7,4391321,4395416,promoter,0.1514041514041514,0.03043399006128311,0.02331898733973503,0.02193431556224823,1.3875057999832878,11.45797664954417,0.000999000999000999,0.029965374618768692,0.022120624780654907,0.020726433023810387,1.445756468773217,12.944678891667822,0.000999000999000999
h2_chr7_4391321_4395416,h2,,,chr7,4391321,4395416,tfbs,0.07301587301587302,0.15211787819862366,0.006327914539724588,0.008721954189240932,17.44080224432621,308.3574168616282,0.000999000999000999,0.1520397812128067,0.005736934021115303,0.008113405667245388,18.739329382555855,330.35698485471875,0.000999000999000999
h2_chrX_127567034_127571129,h2,,,chrX,127567034,127571129,promoter,0.22612942612942613,0.0522579662501812,0.05052432417869568,0.05161869153380394,1.012384558720529,0.5858206375771624,0.2827172827172827,0.051955897361040115,0.041379526257514954,0.04166802763938904,1.246900808713247,10.442096148628913,0.000999000999000999
h2_chrX_127567034_127571129,h2,,,chrX,127567034,127571129,tfbs,0.03296703296703297,0.0006293107871897519,0.0010783758480101824,0.0011626138584688306,0.541289597234423,-3.053250904249713,1.0,0.0002265518851345405,0.000420123542426154,0.0003733071789611131,0.6068779222650312,-1.5898432053236145,0.965034965034965
h2_chrX_130740848_130744943,h2,,,chrX,130740848,130744943,promoter,0.18705738705738706,0.03750431165099144,0.03571523725986481,0.03488324582576752,1.0751382436805177,2.836449794073533,0.002997002997002997,0.030998965725302696,0.03216785937547684,0.03165625035762787,0.979236813428638,-0.7599125903585593,0.7842157842157842
h2_chrX_130740848_130744943,h2,,,chrX,130740848,130744943,tfbs,0.027594627594627594,0.0009610172128304839,0.0007141075911931694,0.0007263812003657222,1.3230204916462953,1.7405752230683378,0.052947052947052944,0.0006406781612895429,0.0003439938591327518,0.0003265487030148506,1.961968170060092,3.438819089013254,0.001998001998001998
h2_chrX_83970161_83974256,h2,,,chrX,83970161,83974256,promoter,0.16874236874236875,0.03453011438250542,0.02897488698363304,0.02817412093281746,1.2255968683049288,7.7587975147151935,0.000999000999000999,0.031317442655563354,0.025823278352618217,0.025234131142497063,1.2410747363843775,7.816427972941571,0.000999000999000999
h2_chrX_83970161_83974256,h2,,,chrX,83970161,83974256,tfbs,0.03882783882783883,0.0012997841695323586,0.0015469883801415563,0.0012853393564000726,1.0112381318290466,0.08432046567893546,0.4775224775224775,0.0007357269059866667,0.0008330880664288998,0.0006838336121290922,1.0758858484537,0.3976732954098759,0.3726273726273726
h3_chr10_110104373_110108468,h3,,,chr10,110104373,110108468,promoter,0.1907203907203907,0.041070979088544846,0.03533957526087761,0.03563249111175537,1.152627217663019,5.212229727799834,0.000999000999000999,0.039816904813051224,0.03254549205303192,0.032554712146520615,1.2230765436919022,7.583346381151236,0.000999000999000999
h3_chr10_110104373_110108468,h3,,,chr10,110104373,110108468,tfbs,0.033455433455433455,0.0012854275992140174,0.0011205177288502455,0.001158765982836485,1.109307330603099,0.7107608890921265,0.26873126873126874,0.0010659643448889256,0.0005530479247681797,0.0006906508351676166,1.5434200475993383,2.642781433827146,0.008991008991008992
h3_chr10_19287595_19291690,h3,,,chr10,19287595,19291690,promoter,0.19242979242979244,0.06576592475175858,0.03523092344403267,0.036581095308065414,1.797811798633008,29.10893753490635,0.000999000999000999,0.05986041575670242,0.03312912955880165,0.03426610678434372,1.7469278355267606,25.789253773782107,0.000999000999000999
h3_chr10_19287595_19291690,h3,,,chr10,19287595,19291690,tfbs,0.01733821733821734,5.965163290966302e-05,0.00024874359951354563,0.00028036267030984163,0.21276596075982324,-2.554459119113407,1.0,0.0,8.201977470889688e-05,4.2352658056188375e-06,0.0,-0.37441611102606226,1.0
h3_chr10_4663039_4667134,h3,,,chr10,4663039,4667134,promoter,0.189010989010989,0.0368986614048481,0.03450767323374748,0.03415367752313614,1.0803715465150854,2.693973802479359,0.005994005994005994,0.032575804740190506,0.030269168317317963,0.029774995520710945,1.094065814973217,2.988185196237004,0.002997002997002997
h3_chr10_4663039_4667134,h3,,,chr10,4663039,4667134,tfbs,0.045177045177045176,0.002748101018369198,0.001867449376732111,0.0017066634027287364,1.6102185199350592,4.732337048341392,0.000999000999000999,0.0020070401951670647,0.0008309038239531219,0.0009003581944853067,2.229157470282588,6.5561405890824105,0.000999000999000999
h3_chr1_117801428_117805523,h3,,,chr1,117801428,117805523,promoter,0.1702075702075702,0.025569913908839226,0.027673639357089996,0.030771242454648018,0.830967873543789,-5.502514453791127,1.0,0.02514323964715004,0.02533392794430256,0.028944136574864388,0.8686816268337016,-4.408483224260375,1.0
h3_chr1_117801428_117805523,h3,,,chr1,117801428,117805523,tfbs,0.027594627594627594,0.0014324027579277754,0.0007366267964243889,0.0006111788679845631,2.3436719313468712,6.179058435568397,0.000999000999000999,0.0013714494416490197,0.0002995879913214594,0.00029928077128715813,4.582484319826622,11.715216340496982,0.000999000999000999
h3_chr1_188000709_188004804,h3,,,chr1,188000709,188004804,promoter,0.1956043956043956,0.046887606382369995,0.036184366792440414,0.036756813526153564,1.2756167329088,9.553603545893507,0.000999000999000999,0.04471544548869133,0.033381618559360504,0.034566063433885574,1.293622734165794,10.220729707052932,0.000999000999000999
h3_chr1_188000709_188004804,h3,,,chr1,188000709,188004804,tfbs,0.028815628815628817,0.0013032954884693027,0.0005064309225417674,0.0006684975232928991,1.9495891055055856,4.681817459816612,0.000999000999000999,0.0006206168909557164,0.0002907633315771818,0.00035375161678530276,1.7543860197602381,2.575958997807206,0.013986013986013986
h3_chr1_236620149_236624244,h3,,,chr1,236620149,236624244,promoter,0.16092796092796094,0.03297525271773338,0.025085968896746635,0.02453092485666275,1.3442319403125602,10.274655818648975,0.000999000999000999,0.0321972519159317,0.0234997496008873,0.023107754066586494,1.3933527171508415,11.508764544283716,0.000999000999000999
h3_chr1_236620149_236624244,h3,,,chr1,236620149,236624244,tfbs,0.02735042735042735,0.00089769292389974,0.0006253912579268217,0.0006468475912697613,1.3877966556813939,1.8255727777004678,0.04795204795204795,0.0005984619492664933,0.0002313049917574972,0.0003361560811754316,1.780309751273459,2.8417870436708927,0.002997002997002997
h3_chr14_101543080_101547175,h3,,,chr14,101543080,101547175,promoter,0.12112332112332112,0.021522173658013344,0.014324651099741459,0.014732275158166885,1.4608859410341963,10.7594629896623,0.000999000999000999,0.01943938247859478,0.011523593217134476,0.012222771532833576,1.5904234507186434,12.400768889001803,0.000999000999000999
h3_chr14_101543080_101547175,h3,,,chr14,101543080,101547175,tfbs,0.029304029304029304,0.0015331655740737915,0.0008215433917939663,0.000830946781206876,1.845082752287704,4.629955368082355,0.000999000999000999,0.0009546125074848533,0.00022042819182388484,0.00021342822583392262,4.472756608245795,9.702855480614167,0.000999000999000999
h3_chr14_26677340_26681435,h3,,,chr14,26677340,26681435,promoter,0.17606837606837608,0.0646316409111023,0.028059467673301697,0.03221690282225609,2.0061407289112054,35.40380471994818,0.000999000999000999,0.0643087774515152,0.02664620615541935,0.031584855169057846,2.036063711779036,34.93416818503643,0.000999000999000999
h3_chr14_26677340_26681435,h3,,,chr14,26677340,26681435,tfbs,0.03467643467643468,0.0008805400575511158,0.001140001229941845,0.0012839154805988073,0.6858240054403264,-2.1337656942318293,0.987012987012987,0.00017610800568945706,0.00035720429150387645,0.00045397711801342666,0.38792264786404623,-2.5291770633351236,0.998001998001998
h3_chr14_33378322_33382417,h3,,,chr14,33378322,33382417,promoter,0.18803418803418803,0.038079068064689636,0.03422500565648079,0.03176715970039368,1.1986928772929528,6.614687068025751,0.000999000999000999,0.03738176077604294,0.033450085669755936,0.03090871497988701,1.209424616984824,6.737286777591967,0.000999000999000999
h3_chr14_33378322_33382417,h3,,,chr14,33378322,33382417,tfbs,0.032722832722832725,0.0008792141452431679,0.0009556128061376512,0.000623453757725656,1.410231527756797,1.912443386649962,0.04095904095904096,0.0003638127527665347,0.0002449667372275144,0.0002435726491967216,1.4936519102877641,1.441958163017607,0.11488511488511488
h3_chr17_22742263_22746358,h3,,,chr17,22742263,22746358,promoter,0.11330891330891331,0.014744122512638569,0.012704994529485703,0.013515615835785866,1.090895353328994,2.11313325286862,0.015984015984015984,0.014744122512638569,0.012143651954829693,0.013054927811026573,1.1293913475481077,3.026544288646208,0.001998001998001998
h3_chr17_22742263_22746358,h3,,,chr17,22742263,22746358,tfbs,0.011965811965811967,0.00013403747288975865,0.00013644853606820107,5.0880622438853607e-05,2.6343520669551515,2.2784223910357393,0.04595404595404595,0.00013403747288975865,4.7984849516069517e-05,4.5117012632545084e-05,2.9708853726957742,2.537678271175161,0.03196803196803197
h3_chr17_35243344_35247439,h3,,,chr17,35243344,35247439,promoter,0.14407814407814407,0.02896346151828766,0.020134154707193375,0.020465124398469925,1.4152594899668975,11.360951018456447,0.000999000999000999,0.027131903916597366,0.01718972995877266,0.018404308706521988,1.4742147803129686,12.227405908290875,0.000999000999000999
h3_chr17_35243344_35247439,h3,,,chr17,35243344,35247439,tfbs,0.022222222222222223,0.000527737254742533,0.0004448456456884742,0.0004306646587792784,1.2254018155063093,0.8398490210667986,0.24375624375624375,9.313010377809405e-05,6.76736599416472e-05,0.00010893118451349437,0.8549443779027035,-0.27099335826161164,0.6793206793206793
h3_chr17_72349260_72353355,h3,,,chr17,72349260,72353355,promoter,0.12405372405372406,0.017865944653749466,0.01467291358858347,0.017249690368771553,1.0357255273459034,0.8954981946951519,0.1978021978021978,0.017249876633286476,0.013330807909369469,0.01630045659840107,1.0582449963382337,1.3726306194131124,0.09090909090909091
h3_chr17_72349260_72353355,h3,,,chr17,72349260,72353355,tfbs,0.025885225885225887,0.0002464268181938678,0.0005335157038643956,0.00043786963215097785,0.5627858159135813,-1.7251397266338333,0.9820179820179821,0.0,0.0001235218223882839,9.4104245363269e-05,0.0,-1.7373737848642719,1.0
h3_chr21_12003041_12007136,h3,,,chr21,12003041,12007136,promoter,0.07277167277167278,0.004951349925249815,0.004916450008749962,0.004610599484294653,1.0739058862336404,0.9736378973219606,0.16483516483516483,0.004836202599108219,0.004748624749481678,0.004464131314307451,1.0833468503957953,1.0765485160720962,0.15384615384615385
h3_chr21_12003041_12007136,h3,,,chr21,12003041,12007136,tfbs,0.008791208791208791,0.0,4.749776053358801e-05,0.0,nan,nan,1.0,0.0,4.749776053358801e-05,0.0,nan,nan,1.0
h3_chr21_19112010_19116105,h3,,,chr21,19112010,19116105,promoter,0.21636141636141637,0.04337620735168457,0.04573187232017517,0.048960380256175995,0.8859450666993743,-4.637948861941009,1.0,0.043251026421785355,0.04494571313261986,0.04798372834920883,0.9013686078543017,-4.170968077529429,1.0
h3_chr21_19112010_19116105,h3,,,chr21,19112010,19116105,tfbs,0.021001221001221003,0.0010014709550887346,0.0004046597459819168,0.0003443807945586741,2.9080336967458513,6.499972361916102,0.000999000999000999,0.0005007354775443673,0.0002866731083486229,0.00015626076492480934,3.2044862815391615,5.065872264149894,0.000999000999000999
h3_chr21_38658585_38662680,h3,,,chr21,38658585,38662680,promoter,0.16043956043956045,0.03571106493473053,0.024691235274076462,0.02524050883948803,1.4148314188841402,12.406018108450837,0.000999000999000999,0.030390476807951927,0.017489561811089516,0.018898338079452515,1.60810314008481,15.428765366272257,0.000999000999000999
h3_chr21_38658585_38662680,h3,,,chr21,38658585,38662680,tfbs,0.024175824175824177,0.0007214356446638703,0.0005936765810474753,0.0008486187434755266,0.850129283863356,-0.87376265487621,0.8381618381618382,0.0005410767626017332,0.00012083948968211189,0.00022529835405293852,2.4016010453169843,4.001513005624859,0.001998001998001998
h3_chr3_108979737_108983832,h3,,,chr3,108979737,108983832,promoter,0.16776556776556775,0.025792188942432404,0.026312856003642082,0.02776191383600235,0.9290493837994859,-2.3335553132326705,0.9920079920079921,0.025485139340162277,0.025717182084918022,0.027354704216122627,0.9316547215722243,-2.1249155164465727,0.9790209790209791
h3_chr3_108979737_108983832,h3,,,chr3,108979737,108983832,tfbs,0.0231990231990232,0.00039916482637636364,0.00043631638982333243,0.0004466654499992728,0.8936550305760463,-0.4211682250828668,0.6933066933066933,0.0001228199398610741,0.00012128428352298215,0.00016583762771915644,0.7406035744135694,-0.6034423419863085,0.7832167832167832
h3_chr3_127665795_127669890,h3,,,chr3,127665795,127669890,promoter,0.10378510378510379,0.01168870273977518,0.01034996472299099,0.011029920540750027,1.059726830904292,1.2594814219737587,0.11388611388611389,0.008732309564948082,0.008607313968241215,0.009660398587584496,0.9039284958874068,-1.9804750323569524,0.9790209790209791
h3_chr3_127665795_127669890,h3,,,chr3,127665795,127669890,tfbs,0.018315018315018316,0.0,0.0003386205935385078,0.00021398263925220817,0.0,-2.884224609314472,1.0,0.0,8.787163096712902e-05,7.281486887222854e-06,0.0,-0.5371337483297762,1.0
h3_chr3_17001367_17005462,h3,,,chr3,17001367,17005462,promoter,0.17216117216117216,0.018381429836153984,0.028442902490496635,0.03167515620589256,0.5803106294621672,-14.002055818047229,1.0,0.018350062891840935,0.02789805456995964,0.030659912154078484,0.5985034399193458,-13.18130938377097,1.0
h3_chr3_17001367_17005462,h3,,,chr3,17001367,17005462,tfbs,0.04151404151404151,0.003168130526319146,0.0017449614824727178,0.00167271017562598,1.8940104343739845,7.05962206435021,0.000999000999000999,0.001474278513342142,0.0008227635989896953,0.0009043600875884295,1.6301897148883024,3.4841027592687532,0.000999000999000999
h3_chr7_120066194_120070289,h3,,,chr7,120066194,120070289,promoter,0.17582417582417584,0.04400220885872841,0.030221641063690186,0.0308817308396101,1.4248621324776745,14.494922875825736,0.000999000999000999,0.04302097484469414,0.02887488715350628,0.029777351766824722,1.4447548990110088,14.65860207589272,0.000999000999000999
h3_chr7_120066194_120070289,h3,,,chr7,120066194,120070289,tfbs,0.03540903540903541,0.0013185330899432302,0.001165531575679779,0.00101747817825526,1.2958834087274578,1.7442583443422677,0.04995004995004995,0.00042928982293233275,0.0004973670584149659,0.00025214647757820785,1.7025414237610386,1.9616017031962647,0.04595404595404595
h3_chr7_137924469_137928564,h3,,,chr7,137924469,137928564,promoter,0.14163614163614163,0.02057895064353943,0.019053231924772263,0.020694203674793243,0.994430661210018,-0.15856801621083502,0.5774225774225774,0.020459825173020363,0.017454568296670914,0.01911584846675396,1.0703069345105884,1.775916503555626,0.04395604395604396
h3_chr7_137924469_137928564,h3,,,chr7,137924469,137928564,tfbs,0.024664224664224663,0.001757102902047336,0.0006709744338877499,0.0008195842383429408,2.1438954287357914,6.093456441236299,0.000999000999000999,0.0012210375862196088,0.000307939451886341,0.0004579188534989953,2.666493368616647,6.727191712081831,0.000999000999000999
h3_chr7_4391321_4395416,h3,,,chr7,4391321,4395416,promoter,0.1514041514041514,0.024169009178876877,0.02163410373032093,0.02167424000799656,1.1151029595482882,3.2554771027126614,0.000999000999000999,0.024024110287427902,0.0205705389380455,0.020596981048583984,1.1663898816413938,4.442202865939669,0.000999000999000999
h3_chr7_4391321_4395416,h3,,,chr7,4391321,4395416,tfbs,0.07301587301587302,0.0024053091183304787,0.006676108110696077,0.017236793413758278,0.13954504533369758,-22.36324634383162,1.0,0.00234734988771379,0.005738317500799894,0.01672147773206234,0.14037933281535878,-21.659534345550362,1.0
h3_chrX_127567034_127571129,h3,,,chrX,127567034,127571129,promoter,0.22612942612942613,0.061208341270685196,0.05034652352333069,0.04978667199611664,1.2294121863670553,9.71672758806334,0.000999000999000999,0.05825597420334816,0.040659382939338684,0.041701965034008026,1.3969599311648817,15.268548613451,0.000999000999000999
h3_chrX_127567034_127571129,h3,,,chrX,127567034,127571129,tfbs,0.03296703296703297,0.0021305738482624292,0.0009624134982004762,0.0014451072784140706,1.474336113371889,3.4587350879605743,0.001998001998001998,0.0008217927534133196,0.0003247612912673503,0.0003614061570260674,2.2738759078585526,4.538818866522108,0.000999000999000999
h3_chrX_130740848_130744943,h3,,,chrX,130740848,130744943,promoter,0.18705738705738706,0.04109472036361694,0.034555744379758835,0.035232581198215485,1.1663840390353908,6.501092931660883,0.000999000999000999,0.038446202874183655,0.03147062286734581,0.03176003694534302,1.2105213523632576,7.530002582165672,0.000999000999000999
h3_chrX_130740848_130744943,h3,,,chrX,130740848,130744943,tfbs,0.027594627594627594,0.0008828387362882495,0.0006421994767151773,0.000765734410379082,1.1529307346279427,0.7932455113383268,0.24375624375624375,0.0001423933426849544,0.00030330041772685945,0.00038107309956103563,0.37366411549117384,-2.4163841441266776,0.999000999000999
h3_chrX_83970161_83974256,h3,,,chrX,83970161,83974256,promoter,0.16874236874236875,0.035662997514009476,0.02711412124335766,0.02663765475153923,1.3388189706133466,10.573522721887075,0.000999000999000999,0.03300023823976517,0.024506136775016785,0.023748205974698067,1.389588681979786,11.064706611638996,0.000999000999000999
h3_chrX_83970161_83974256,h3,,,chrX,83970161,83974256,tfbs,0.03882783882783883,0.0011668262304738164,0.0014327907701954246,0.0007050921558402479,1.6548563486475423,3.3267027398797024,0.001998001998001998,0.001136907609179616,0.0007548404973931611,0.00044483004603534937,2.5558246780148237,6.322821157899866,0.000999000999000999
h4_chr10_110104373_110108468,h4,,,chr10,110104373,110108468,promoter,0.1907203907203907,0.034431613981723785,0.035509295761585236,0.03559958562254906,0.9671914259562204,-1.2590697055113667,0.9010989010989011,0.0316505990922451,0.03232702240347862,0.03262506425380707,0.9701313948692606,-1.1012585626829339,0.8711288711288712
h4_chr10_110104373_110108468,h4,,,chr10,110104373,110108468,tfbs,0.033455433455433455,0.0009005191386677325,0.001039304188452661,0.0011802363442257047,0.7629989900527246,-1.5960119503989694,0.9530469530469531,0.0005297171301208436,0.0004836313601117581,0.000654571398627013,0.8092579835170683,-0.981950595521966,0.8741258741258742
h4_chr10_19287595_19291690,h4,,,chr10,19287595,19291690,promoter,0.19242979242979244,0.04411803185939789,0.03606504946947098,0.03746270015835762,1.177652216015068,6.999885210376321,0.000999000999000999,0.041437841951847076,0.033844683319330215,0.035043198615312576,1.1824788714846446,6.9836025806858455,0.000999000999000999
h4_chr10_19287595_19291690,h4,,,chr10,19287595,19291690,tfbs,0.01733821733821734,0.00028904012287966907,0.00026802049251273274,0.00023330793192144483,1.2388782520132635,0.7453188750179159,0.2647352647352647,0.00013138187932781875,8.986569446278736e-05,3.402790389372967e-05,3.8610041846282668,3.332601526793609,0.011988011988011988
h4_chr10_4663039_4667134,h4,,,chr10,4663039,4667134,promoter,0.189010989010989,0.04209962487220764,0.034875351935625076,0.035373006016016006,1.190162488682641,7.288432839539156,0.000999000999000999,0.03583288565278053,0.03069462813436985,0.030887573957443237,1.160106834617407,5.696533394125101,0.000999000999000999
h4_chr10_4663039_4667134,h4,,,chr10,4663039,4667134,tfbs,0.045177045177045176,0.0020085698924958706,0.0019932829309254885,0.0018506695050746202,1.0853206836705744,0.729084701320597,0.26373626373626374,0.0010444563813507557,0.0008111855131573975,0.0008810391300357878,1.1854823988445664,1.0664378673612949,0.18181818181818182
h4_chr1_117801428_117805523,h4,,,chr1,117801428,117805523,promoter,0.1702075702075702,0.03005012683570385,0.02799127623438835,0.02967802621424198,1.0125379167325927,0.4279697066344463,0.34565434565434566,0.027672989293932915,0.025494487956166267,0.027531135827302933,1.0051524741848574,0.1757130476287985,0.44755244755244755
h4_chr1_117801428_117805523,h4,,,chr1,117801428,117805523,tfbs,0.027594627594627594,0.0006459614378400147,0.000739502371288836,0.0006902485620230436,0.9358388751245954,-0.3425521348981344,0.6563436563436563,0.0005684460629709065,0.00032065773848444223,0.0003445041656959802,1.6500411883917587,2.469630452586997,0.01898101898101898
h4_chr1_188000709_188004804,h4,,,chr1,188000709,188004804,promoter,0.1956043956043956,0.04113388806581497,0.037022702395915985,0.03634713962674141,1.131695327011423,5.006207985062411,0.000999000999000999,0.0393109992146492,0.034355200827121735,0.03409133106470108,1.1531083705720333,5.787571785389277,0.000999000999000999
h4_chr1_188000709_188004804,h4,,,chr1,188000709,188004804,tfbs,0.028815628815628817,0.0004226989403832704,0.0006834529340267181,0.0005536827957257628,0.7634315959360812,-1.1440182648575932,0.9000999000999002,0.0003698615764733404,0.0004237566899973899,0.0003023882454726845,1.2231347680039069,0.7675146259548656,0.26973026973026976
h4_chr1_236620149_236624244,h4,,,chr1,236620149,236624244,promoter,0.16092796092796094,0.03694183751940727,0.025324445217847824,0.02553279884159565,1.4468385447515093,13.98162341110857,0.000999000999000999,0.035082440823316574,0.023534774780273438,0.024020645767450333,1.4605119763622572,13.99924346408587,0.000999000999000999
h4_chr1_236620149_236624244,h4,,,chr1,236620149,236624244,tfbs,0.02735042735042735,0.00092969840625301,0.0007393838604912162,0.0005925187142565846,1.5690616749877253,2.6385031227076174,0.007992007992007992,0.0007109458092600107,0.00024746390408836305,0.0002620382292661816,2.7131377404394814,5.415730475157861,0.000999000999000999
h4_chr14_101543080_101547175,h4,,,chr14,101543080,101547175,promoter,0.12112332112332112,0.008943427354097366,0.014642437919974327,0.01534486748278141,0.582828581878133,-10.490311457863253,1.0,0.007955490611493587,0.011999155394732952,0.012666571885347366,0.6280697479557562,-8.462666747526626,1.0
h4_chr14_101543080_101547175,h4,,,chr14,101543080,101547175,tfbs,0.029304029304029304,0.0005459650419652462,0.0008134976378642023,0.0009859608253464103,0.5537390816449784,-2.8156565668323457,1.0,0.00038997502997517586,0.00017991063941735774,0.00032578513491898775,1.197031381042447,0.7006112942721786,0.2807192807192807
h4_chr14_26677340_26681435,h4,,,chr14,26677340,26681435,promoter,0.17606837606837608,0.03967218101024628,0.03055584244430065,0.03289755806326866,1.2059308759011427,7.773986048961888,0.000999000999000999,0.03930678218603134,0.0291516724973917,0.03207751363515854,1.2253687312893593,8.065117384519777,0.000999000999000999
h4_chr14_26677340_26681435,h4,,,chr14,26677340,26681435,tfbs,0.03467643467643468,0.0009396043024025857,0.001138474210165441,0.0011740355985239148,0.8003201125961823,-1.3942487182818075,0.9440559440559441,0.0004437020397745073,0.0003426906478125602,0.00040710967732593417,1.0898833029195645,0.34931867031227914,0.3946053946053946
h4_chr14_33378322_33382417,h4,,,chr14,33378322,33382417,promoter,0.18803418803418803,0.03195963054895401,0.03504374623298645,0.03396395966410637,0.9409865888731883,-2.2168286191811255,0.989010989010989,0.03147539496421814,0.03420320898294449,0.033102329820394516,0.9508513489834781,-1.7892444307538358,0.961038961038961
h4_chr14_33378322_33382417,h4,,,chr14,33378322,33382417,tfbs,0.032722832722832725,0.000688126019667834,0.0009903927566483617,0.0007743456517346203,0.8886548508748713,-0.6126018410826765,0.7452547452547452,0.0003058337897527963,0.0002566457842476666,0.00025929606636054814,1.1794771669522282,0.5770363026710263,0.33266733266733267
h4_chr17_22742263_22746358,h4,,,chr17,22742263,22746358,promoter,0.11330891330891331,0.008785762824118137,0.0126516567543149,0.013539787381887436,0.6488848440759938,-8.625496087222428,1.0,0.008685640059411526,0.012084465473890305,0.01296718418598175,0.6698169729709853,-7.619431421057871,1.0
h4_chr17_22742263_22746358,h4,,,chr17,22742263,22746358,tfbs,0.011965811965811967,0.0004004905931651592,0.0001471792347729206,8.795774192549288e-05,4.55321594663499,6.8839597740294085,0.000999000999000999,0.00032539860694669187,5.531736314878799e-05,5.311506174621172e-05,6.126296313114989,7.740210426513033,0.000999000999000999
h4_chr17_35243344_35247439,h4,,,chr17,35243344,35247439,promoter,0.14407814407814407,0.023165717720985413,0.020490072667598724,0.02066737785935402,1.1208832527586778,3.5103411613257807,0.000999000999000999,0.021373603492975235,0.01769409142434597,0.018414372578263283,1.1607022396302056,4.437320336539909,0.000999000999000999
h4_chr17_35243344_35247439,h4,,,chr17,35243344,35247439,tfbs,0.022222222222222223,0.00036896480014547706,0.0004685884923674166,0.0005264073261059821,0.7009112180767656,-1.3960638763629354,0.9400599400599401,5.270925612421706e-05,0.00010831826512003317,9.482395398663357e-05,0.555864356085035,-0.8686328284742049,0.8671328671328671
h4_chr17_72349260_72353355,h4,,,chr17,72349260,72353355,promoter,0.12405372405372406,0.013228670693933964,0.01521980669349432,0.01641037128865719,0.80611647727176,-4.668104301914675,1.0,0.012765409424901009,0.013617965392768383,0.015467558987438679,0.8253021330171033,-4.426718886718139,1.0
h4_chr17_72349260_72353355,h4,,,chr17,72349260,72353355,tfbs,0.025885225885225887,0.00030884056468494236,0.0006652890588156879,0.0004751511733047664,0.649983798917927,-1.5410823951008026,0.9660339660339661,0.0,0.00016651529585942626,0.00011169732897542417,0.0,-2.092349771984369,1.0
h4_chr21_12003041_12007136,h4,,,chr21,12003041,12007136,promoter,0.07277167277167278,0.00703857559710741,0.005152840632945299,0.00472019799053669,1.4911610935004698,7.249120737917654,0.000999000999000999,0.006690377369523048,0.00497625395655632,0.004535031504929066,1.4752659076902477,6.7289498840923745,0.000999000999000999
h4_chr21_12003041_12007136,h4,,,chr21,12003041,12007136,tfbs,0.008791208791208791,0.0,6.789871258661151e-05,2.1638022644765442e-06,0.0,-0.29092108831018204,1.0,0.0,6.789871258661151e-05,2.2135450308269355e-06,0.0,-0.298196347287917,1.0
h4_chr21_19112010_19116105,h4,,,chr21,19112010,19116105,promoter,0.21636141636141637,0.05910865589976311,0.04545228183269501,0.0475354865193367,1.2434637831195567,10.864555410421989,0.000999000999000999,0.05824403464794159,0.04458766430616379,0.04660746082663536,1.2496719112116086,11.154999591553048,0.000999000999000999
h4_chr21_19112010_19116105,h4,,,chr21,19112010,19116105,tfbs,0.021001221001221003,0.0003668090212158859,0.000428117869887501,0.0003832368238363415,0.9571340706354695,-0.1750476845268304,0.6053946053946054,0.000288207083940506,0.0003065470664296299,0.00021523828036151826,1.339014061329741,1.0248413317150482,0.20679320679320679
h4_chr21_38658585_38662680,h4,,,chr21,38658585,38662680,promoter,0.16043956043956045,0.02782590687274933,0.025598090142011642,0.025081252679228783,1.109430506865933,3.4267759274528844,0.001998001998001998,0.02469678595662117,0.018423590809106827,0.01873661018908024,1.3181032058303985,9.044826263349163,0.000999000999000999
h4_chr21_38658585_38662680,h4,,,chr21,38658585,38662680,tfbs,0.024175824175824177,0.0010602808324620128,0.0005376413464546204,0.0006912255194038153,1.5339144789916164,2.751475506873403,0.01098901098901099,0.0005172101664356887,0.00010525254037929699,0.00021290955191943794,2.4292482970956324,4.217397442420993,0.000999000999000999
h4_chr3_108979737_108983832,h4,,,chr3,108979737,108983832,promoter,0.16776556776556775,0.03123938851058483,0.027675045654177666,0.026987776160240173,1.1575384472251686,5.368042520351332,0.000999000999000999,0.03082147054374218,0.027023088186979294,0.026438865810632706,1.165763719385684,5.510175949289088,0.000999000999000999
h4_chr3_108979737_108983832,h4,,,chr3,108979737,108983832,tfbs,0.0231990231990232,0.000574637611862272,0.0005049018072895706,0.0004512733721639961,1.2733691977142503,1.1485987544634662,0.14385614385614387,0.00020895912894047797,0.00017735558503773063,9.687867714092135e-05,2.156915588726738,2.2696655370561367,0.03596403596403597
h4_chr3_127665795_127669890,h4,,,chr3,127665795,127669890,promoter,0.10378510378510379,0.013557665050029755,0.010686703957617283,0.010514110326766968,1.289473348545189,5.966410332978955,0.000999000999000999,0.012528620660305023,0.00890670157968998,0.009073525667190552,1.3807885842664154,7.407909197261681,0.000999000999000999
h4_chr3_127665795_127669890,h4,,,chr3,127665795,127669890,tfbs,0.018315018315018316,0.0008489619358442724,0.00031386082991957664,0.0002890844480134547,2.9367264191422695,6.598839017657768,0.000999000999000999,0.000180082832230255,7.923699740786105e-05,4.6770088374614716e-05,3.850384690057548,3.8069240926218155,0.002997002997002997
h4_chr3_17001367_17005462,h4,,,chr3,17001367,17005462,promoter,0.17216117216117216,0.04200239107012749,0.02900463156402111,0.029845088720321655,1.4073468322956557,14.091044937131976,0.000999000999000999,0.04114466905593872,0.028434379026293755,0.02901148982346058,1.4182197917552812,14.580692943467353,0.000999000999000999
h4_chr3_17001367_17005462,h4,,,chr3,17001367,17005462,tfbs,0.04151404151404151,0.001013671513646841,0.001781453494913876,0.0019561522640287876,0.5181966313599418,-4.286312635091402,1.0,0.0004938400234095752,0.0009021629812195897,0.0009502781322225928,0.5196794566392257,-2.9090984974261507,1.0
h4_chr7_120066194_120070289,h4,,,chr7,120066194,120070289,promoter,0.17582417582417584,0.03397903963923454,0.03029758483171463,0.030394410714507103,1.1179371088453613,4.236960056130034,0.000999000999000999,0.033582091331481934,0.029121290892362595,0.029027177020907402,1.1569189558906732,5.356514439237044,0.000999000999000999
h4_chr7_120066194_120070289,h4,,,chr7,120066194,120070289,tfbs,0.03540903540903541,0.0015084153274074197,0.001198258949443698,0.0010821160394698381,1.393949698912548,2.5444139314240473,0.012987012987012988,0.0006880491273477674,0.0004916883772239089,0.0003895416157320142,1.7663045476022052,2.938696501819881,0.005994005994005994
h4_chr7_137924469_137928564,h4,,,chr7,137924469,137928564,promoter,0.14163614163614163,0.02249111421406269,0.020014861598610878,0.020420575514435768,1.101394727987133,2.807469224577908,0.003996003996003996,0.019072681665420532,0.018515639007091522,0.018959928303956985,1.0059469297381265,0.16653859453313968,0.4385614385614386
h4_chr7_137924469_137928564,h4,,,chr7,137924469,137928564,tfbs,0.024664224664224663,0.0010852166451513767,0.0006185716483741999,0.0008642665343359113,1.2556504296272908,1.4418505582341472,0.0939060939060939,0.0005426083225756884,0.0002864963316824287,0.00047068556887097657,1.15280424653178,0.6315272590112053,0.2857142857142857
h4_chr7_4391321_4395416,h4,,,chr7,4391321,4395416,promoter,0.1514041514041514,0.027062999084591866,0.022658227011561394,0.02209191583096981,1.2250182053768865,6.295413523292848,0.000999000999000999,0.026227882131934166,0.021532375365495682,0.02090894617140293,1.2543856546823924,7.785868852741169,0.000999000999000999
h4_chr7_4391321_4395416,h4,,,chr7,4391321,4395416,tfbs,0.07301587301587302,0.03802390396595001,0.005897543393075466,0.013061512261629105,2.9111410075886157,43.88551612249286,0.000999000999000999,0.03716269135475159,0.005068160593509674,0.012458192184567451,2.9829922997003337,45.55875362982193,0.000999000999000999
h4_chrX_127567034_127571129,h4,,,chrX,127567034,127571129,promoter,0.22612942612942613,0.05468382313847542,0.050977908074855804,0.051606252789497375,1.0596356096911645,2.76797312704376,0.006993006993006993,0.05083948001265526,0.04108532518148422,0.04175296798348427,1.2176255358125736,9.013526662655654,0.000999000999000999
h4_chrX_127567034_127571129,h4,,,chrX,127567034,127571129,tfbs,0.03296703296703297,0.000575343903619796,0.0010860997717827559,0.0013909199042245746,0.4136427280049207,-4.302707692406904,1.0,0.00023536795924883336,0.0004168656305409968,0.00042094255331903696,0.5591450837959008,-1.7928810501141377,0.977022977022977
h4_chrX_130740848_130744943,h4,,,chrX,130740848,130744943,promoter,0.18705738705738706,0.035878878086805344,0.03447182476520538,0.0350988395512104,1.0222240548567663,0.8476972940530957,0.19880119880119881,0.0313224159181118,0.030970118939876556,0.031685005873441696,0.9885564182383877,-0.4087085239530468,0.6543456543456544
h4_chrX_130740848_130744943,h4,,,chrX,130740848,130744943,tfbs,0.027594627594627594,0.0013799567241221666,0.0007272108341567218,0.0006826620083302259,2.0214347763361054,5.237196349527297,0.000999000999000999,0.000937329139560461,0.00032910649315454066,0.00035165465669706464,2.665481948580962,6.184722259678851,0.000999000999000999
h4_chrX_83970161_83974256,h4,,,chrX,83970161,83974256,promoter,0.16874236874236875,0.037515997886657715,0.0280044823884964,0.027574125677347183,1.3605507687040834,11.553133096237156,0.000999000999000999,0.0333564430475235,0.025128761306405067,0.024662809446454048,1.35249972716792,11.10298328094147,0.000999000999000999
h4_chrX_83970161_83974256,h4,,,chrX,83970161,83974256,tfbs,0.03882783882783883,0.0010132252937182784,0.0014529256150126457,0.0010268505429849029,0.9867310297884073,-0.08395379779483199,0.5404595404595405,0.0007199232350103557,0.0007369951345026493,0.0005386892007663846,1.3364352468661564,1.511198842227535,0.0899100899100899
h5_chr10_110104373_110108468,h5,,,chr10,110104373,110108468,promoter,0.1907203907203907,0.04190794378519058,0.036063313484191895,0.035505883395671844,1.1803098466295068,6.861762082497318,0.000999000999000999,0.03988795727491379,0.03278820961713791,0.032511916011571884,1.226871933992342,8.29798438345244,0.000999000999000999
h5_chr10_110104373_110108468,h5,,,chr10,110104373,110108468,tfbs,0.033455433455433455,0.0014005225384607911,0.0010533661115914583,0.001134530990384519,1.2344506675715585,1.593968890800382,0.06693306693306693,0.0009157262393273413,0.0004557135107461363,0.0006756174843758345,1.355391564759947,1.8539238001456608,0.05194805194805195
h5_chr10_19287595_19291690,h5,,,chr10,19287595,19291690,promoter,0.19242979242979244,0.04426790773868561,0.03644353523850441,0.03765305504202843,1.1756790435536684,7.126821295819737,0.000999000999000999,0.04161985591053963,0.03424299880862236,0.035153213888406754,1.183955926267826,6.903073132107318,0.000999000999000999
h5_chr10_19287595_19291690,h5,,,chr10,19287595,19291690,tfbs,0.01733821733821734,0.00016048787801992148,0.0002837935753632337,0.00024517200654372573,0.6545929948625636,-1.1096524304356523,0.9090909090909091,0.00010699192353058606,8.77326019690372e-05,8.880329914973117e-06,12.048192415710487,6.387336103521954,0.000999000999000999
h5_chr10_4663039_4667134,h5,,,chr10,4663039,4667134,promoter,0.189010989010989,0.038404569029808044,0.03527536988258362,0.03446347266435623,1.114355752939775,4.486321254763537,0.000999000999000999,0.03406686335802078,0.031100619584321976,0.030005447566509247,1.1353559476994675,4.81453475659012,0.000999000999000999
h5_chr10_4663039_4667134,h5,,,chr10,4663039,4667134,tfbs,0.045177045177045176,0.00148116797208786,0.002018871484324336,0.0018301417585462332,0.8093187127014799,-1.673800127098637,0.957042957042957,0.0010844265343621373,0.0008056442602537572,0.0009202020009979606,1.178465742506618,1.10710421260625,0.15684315684315683
h5_chr1_117801428_117805523,h5,,,chr1,117801428,117805523,promoter,0.1702075702075702,0.028478330001235008,0.028938617557287216,0.030373264104127884,0.9376117727618434,-2.1777968507134347,0.99000999000999,0.02688884176313877,0.02644231542944908,0.028561988845467567,0.941420498012893,-2.0294949994175107,0.985014985014985
h5_chr1_117801428_117805523,h5,,,chr1,117801428,117805523,tfbs,0.027594627594627594,0.0008477270603179932,0.0007052061264403164,0.0006334640202112496,1.3382402682243744,1.706000576080516,0.056943056943056944,0.0006357952952384949,0.000307302427245304,0.00032160646514967084,1.9769356780268867,3.565180539872189,0.000999000999000999
h5_chr1_188000709_188004804,h5,,,chr1,188000709,188004804,promoter,0.1956043956043956,0.04659714922308922,0.03742784261703491,0.03626931458711624,1.284754061485399,11.119837280011682,0.000999000999000999,0.044364478439092636,0.03468688204884529,0.03404528647661209,1.3031019277681646,10.850673879787548,0.000999000999000999
h5_chr1_188000709_188004804,h5,,,chr1,188000709,188004804,tfbs,0.028815628815628817,0.0006829345365986228,0.0007249690825119615,0.0006530954851768911,1.045688650586292,0.23794346840349634,0.4485514485514486,0.0004728008061647415,0.0004475895839277655,0.0003513435076456517,1.3456938747295306,1.295049097230212,0.11988011988011989
h5_chr1_236620149_236624244,h5,,,chr1,236620149,236624244,promoter,0.16092796092796094,0.02881959266960621,0.025390179827809334,0.025288887321949005,1.1396148949816702,4.555692247977478,0.000999000999000999,0.02751806192100048,0.023449838161468506,0.023840870708227158,1.1542389645821272,4.8063316646685195,0.000999000999000999
h5_chr1_236620149_236624244,h5,,,chr1,236620149,236624244,tfbs,0.02735042735042735,0.0009296642383560538,0.0007232783827930689,0.0006290639867074788,1.477853220022842,2.372660802559251,0.015984015984015984,0.0006906077614985406,0.0002515404485166073,0.0002902411506511271,2.379427451790454,4.842228239395904,0.000999000999000999
h5_chr14_101543080_101547175,h5,,,chr14,101543080,101547175,promoter,0.12112332112332112,0.017674321308732033,0.014553428627550602,0.014931266196072102,1.183712156533753,4.5809651892812475,0.000999000999000999,0.016312744468450546,0.011869288980960846,0.012370140291750431,1.3187194392071215,7.241559166898222,0.000999000999000999
h5_chr14_101543080_101547175,h5,,,chr14,101543080,101547175,tfbs,0.029304029304029304,0.0015448665944859385,0.00081825559027493,0.0008608049247413874,1.7946767613464394,4.85569830032235,0.000999000999000999,0.0007855253643356264,0.00019611950847320259,0.0002568405761849135,3.0584161428219345,6.782335880081405,0.000999000999000999
h5_chr14_26677340_26681435,h5,,,chr14,26677340,26681435,promoter,0.17606837606837608,0.04547249898314476,0.030510608106851578,0.03301047906279564,1.3775170877297083,14.179432287236198,0.000999000999000999,0.04502488300204277,0.029250971972942352,0.032283443957567215,1.3946740955278092,15.062564798865218,0.000999000999000999
h5_chr14_26677340_26681435,h5,,,chr14,26677340,26681435,tfbs,0.03467643467643468,0.0015798204112797976,0.0011358833871781826,0.0011853657197207212,1.3327704564056502,2.293218999727589,0.011988011988011988,0.00047394612920470536,0.0003501912287902087,0.0004204956057947129,1.127113155698676,0.5277600509154281,0.3386613386613387
h5_chr14_33378322_33382417,h5,,,chr14,33378322,33382417,promoter,0.18803418803418803,0.0340392142534256,0.03481177240610123,0.032708391547203064,1.0406875007687846,1.5411760114200133,0.06693306693306693,0.03325490280985832,0.03401229903101921,0.03188389167189598,1.0430001190592055,1.6132016040381765,0.06393606393606394
h5_chr14_33378322_33382417,h5,,,chr14,33378322,33382417,tfbs,0.032722832722832725,0.0007320261211134493,0.0010577699868008494,0.0006688627181574702,1.0944340314406769,0.5061427244598289,0.3516483516483517,0.00026143790455535054,0.000276337843388319,0.00026175164384767413,0.9988013855893636,-0.0038926955716164354,0.5414585414585414
h5_chr17_22742263_22746358,h5,,,chr17,22742263,22746358,promoter,0.11330891330891331,0.013389362022280693,0.013120289891958237,0.013421360403299332,0.997615861577581,-0.05694990124662858,0.5364635364635365,0.01302395947277546,0.012551306746900082,0.012940961867570877,1.006413557667036,0.15258938630705537,0.45354645354645357
h5_chr17_22742263_22746358,h5,,,chr17,22742263,22746358,tfbs,0.011965811965811967,0.00023490107560064644,0.0001445948873879388,7.193192868726328e-05,3.2656023533293568,3.7126803324061153,0.002997002997002997,0.00018270083819516003,5.768135451944545e-05,5.1704340876312926e-05,3.5335686539785276,3.593591602295034,0.004995004995004995
h5_chr17_35243344_35247439,h5,,,chr17,35243344,35247439,promoter,0.14407814407814407,0.027262669056653976,0.020802931860089302,0.020571831613779068,1.3252426700981437,9.336967255306684,0.000999000999000999,0.025629544630646706,0.018031613901257515,0.018469497561454773,1.3876687519716135,10.941830569070284,0.000999000999000999
h5_chr17_35243344_35247439,h5,,,chr17,35243344,35247439,tfbs,0.022222222222222223,0.00036877041566185653,0.0004535890475381166,0.00047642504796385765,0.7740365819091696,-0.956709371968444,0.8611388611388612,0.0,0.00011431919119786471,0.00011547782924026251,0.0,-2.172922950418031,1.0
h5_chr17_72349260_72353355,h5,,,chr17,72349260,72353355,promoter,0.12405372405372406,0.02236779034137726,0.01537048164755106,0.01680649444460869,1.3309015996820541,9.122021285087035,0.000999000999000999,0.021994993090629578,0.01371022593230009,0.01594541221857071,1.379393194050717,9.243947754457585,0.000999000999000999
h5_chr17_72349260_72353355,h5,,,chr17,72349260,72353355,tfbs,0.025885225885225887,0.0004526814736891538,0.0006305511342361569,0.00044621078995987773,1.0145014057814645,0.05841963293385753,0.4985014985014985,7.988496508914977e-05,0.0001547087013022974,0.00010134739568457007,0.7882290861995193,-0.4164185962794736,0.7332667332667333
h5_chr21_12003041_12007136,h5,,,chr21,12003041,12007136,promoter,0.07277167277167278,0.008113434538245201,0.005380952265113592,0.00463259220123291,1.751381124392064,10.750399833891299,0.000999000999000999,0.00795986782759428,0.005202047992497683,0.004467072430998087,1.7818980888599094,10.45023614392702,0.000999000999000999
h5_chr21_12003041_12007136,h5,,,chr21,12003041,12007136,tfbs,0.008791208791208791,0.00010237772221444175,7.806271605659276e-05,1.1261548934271559e-05,9.090909502056338,5.292839073710691,0.001998001998001998,0.00010237772221444175,7.806271605659276e-05,1.000742213363992e-05,10.230179245691987,5.884698981278653,0.000999000999000999
h5_chr21_19112010_19116105,h5,,,chr21,19112010,19116105,promoter,0.21636141636141637,0.06623762100934982,0.04543687403202057,0.04732771962881088,1.3995523454087462,17.8603643063236,0.000999000999000999,0.06584034860134125,0.04462750628590584,0.04634104296565056,1.4207783076903164,18.421157053296913,0.000999000999000999
h5_chr21_19112010_19116105,h5,,,chr21,19112010,19116105,tfbs,0.021001221001221003,0.0003178134502377361,0.00043302218546159565,0.00039530693902634084,0.8039662825563478,-0.7706265094169383,0.8161838161838162,0.00023836008040234447,0.00031304723233915865,0.00019519042689353228,1.2211668584154454,0.6140197078114171,0.3206793206793207
h5_chr21_38658585_38662680,h5,,,chr21,38658585,38662680,promoter,0.16043956043956045,0.030540576204657555,0.025090064853429794,0.025440827012062073,1.2004553228626402,6.5056049038434836,0.000999000999000999,0.026910429820418358,0.017278075218200684,0.019046297296881676,1.4128956091021547,12.156630542082906,0.000999000999000999
h5_chr21_38658585_38662680,h5,,,chr21,38658585,38662680,tfbs,0.024175824175824177,0.0018939891597256064,0.0005253237904980779,0.0007632250781171024,2.4815604387609103,8.310635714223835,0.000999000999000999,0.0013152703177183867,0.00010653787467163056,0.0001940286747412756,6.778741953848897,15.950934161292924,0.000999000999000999
h5_chr3_108979737_108983832,h5,,,chr3,108979737,108983832,promoter,0.16776556776556775,0.035898249596357346,0.027956683188676834,0.02696985937654972,1.3310506775415691,11.211512083679485,0.000999000999000999,0.03550202026963234,0.02733512967824936,0.026488760486245155,1.3402673291590035,11.182384295184985,0.000999000999000999
h5_chr3_108979737_108983832,h5,,,chr3,108979737,108983832,tfbs,0.0231990231990232,0.0007924558012746274,0.0004937028279528022,0.00042451859917491674,1.8667163295432139,3.44836784060326,0.001998001998001998,0.00047547349822707474,0.00017381297948304564,0.00011384948447812349,4.176334222386737,6.909296931736162,0.000999000999000999
h5_chr3_127665795_127669890,h5,,,chr3,127665795,127669890,promoter,0.10378510378510379,0.012310506775975227,0.010585712268948555,0.010838708840310574,1.1357908914566324,2.8016237593528097,0.003996003996003996,0.010507057420909405,0.008853618986904621,0.009377601556479931,1.1204418696643192,2.2901431181295515,0.011988011988011988
h5_chr3_127665795_127669890,h5,,,chr3,127665795,127669890,tfbs,0.018315018315018316,0.00023523261188529432,0.0003186090034432709,0.000229194964049384,1.0263428468463618,0.07812079591689564,0.5074925074925075,2.6136956876143813e-05,7.501294749090448e-05,1.3486670468410011e-05,1.9379843926167484,0.6624892642454984,0.3966033966033966
h5_chr3_17001367_17005462,h5,,,chr3,17001367,17005462,promoter,0.17216117216117216,0.03683725744485855,0.02932397462427616,0.030546218156814575,1.2059514947397998,7.1962393389799715,0.000999000999000999,0.03581107780337334,0.028743255883455276,0.029632415622472763,1.208510242958889,7.10265719142598,0.000999000999000999
h5_chr3_17001367_17005462,h5,,,chr3,17001367,17005462,tfbs,0.04151404151404151,0.002315484918653965,0.0017147860489785671,0.0018176028970628977,1.273922330557244,2.3448601425631876,0.014985014985014986,0.001394553342834115,0.0008588402415625751,0.0009315353236161172,1.4970482680362704,3.003032634514877,0.005994005994005994
h5_chr7_120066194_120070289,h5,,,chr7,120066194,120070289,promoter,0.17582417582417584,0.033073775470256805,0.03095391020178795,0.031163889914751053,1.0612852105667892,2.165855318739962,0.022977022977022976,0.032493069767951965,0.029718074947595596,0.029973287135362625,1.0840676106430946,2.90670960236337,0.002997002997002997
h5_chr7_120066194_120070289,h5,,,chr7,120066194,120070289,tfbs,0.03540903540903541,0.0010822225594893098,0.0011545356828719378,0.0010441862978041172,1.0364267006425782,0.23063730931492257,0.43156843156843155,0.00044872640864923596,0.0004563768161460757,0.00027894944651052356,1.60862985842959,2.062070765869368,0.03696303696303696
h5_chr7_137924469_137928564,h5,,,chr7,137924469,137928564,promoter,0.14163614163614163,0.02417851611971855,0.020659998059272766,0.0206126905977726,1.172991755008018,5.095966394467712,0.000999000999000999,0.022767215967178345,0.01900476962327957,0.019159875810146332,1.1882757588189432,5.104758967688284,0.000999000999000999
h5_chr7_137924469_137928564,h5,,,chr7,137924469,137928564,tfbs,0.024664224664224663,0.0009053629473783076,0.0005900878459215164,0.0008643819601275027,1.0474107387025522,0.28639570761154537,0.4155844155844156,0.0006124514038674533,0.00026628514751791954,0.0004901475040242076,1.249524681527717,1.1317015211397403,0.16283716283716285
h5_chr7_4391321_4395416,h5,,,chr7,4391321,4395416,promoter,0.1514041514041514,0.02718033641576767,0.022878626361489296,0.02161009982228279,1.2577607988530088,7.770441819127125,0.000999000999000999,0.026208670809864998,0.02177303656935692,0.02056889794766903,1.2741893550419943,7.822614580578197,0.000999000999000999
h5_chr7_4391321_4395416,h5,,,chr7,4391321,4395416,tfbs,0.07301587301587302,0.05307387188076973,0.0050720591098070145,0.013480816036462784,3.936992518643977,69.45274542157455,0.000999000999000999,0.05267995595932007,0.0042600673623383045,0.012911079451441765,4.080213134575464,69.86361491780987,0.000999000999000999
h5_chrX_127567034_127571129,h5,,,chrX,127567034,127571129,promoter,0.22612942612942613,0.059593137353658676,0.05052928626537323,0.05037303641438484,1.183036433686989,8.512865326041942,0.000999000999000999,0.0574391707777977,0.040610212832689285,0.0416734479367733,1.3783157771093013,14.963427222048015,0.000999000999000999
h5_chrX_127567034_127571129,h5,,,chrX,127567034,127571129,tfbs,0.03296703296703297,0.0014891637256368995,0.0010184729471802711,0.0014525728765875101,1.0251903705756582,0.18932506493474224,0.44555444555444557,0.0006913974066264927,0.00038265861803665757,0.00038760804454796016,1.7837540173677784,3.070099835893656,0.004995004995004995
h5_chrX_130740848_130744943,h5,,,chrX,130740848,130744943,promoter,0.18705738705738706,0.04252675920724869,0.034950871020555496,0.03520158678293228,1.2080921087303957,7.995621660985983,0.000999000999000999,0.03980441391468048,0.0315764918923378,0.03165552765130997,1.2574238014015002,9.209817126349014,0.000999000999000999
h5_chrX_130740848_130744943,h5,,,chrX,130740848,130744943,tfbs,0.027594627594627594,0.001215805415995419,0.0007080725044943392,0.0007144971750676632,1.7016238250071203,3.8025433927717365,0.000999000999000999,0.0005021805409342051,0.00032853081938810647,0.00036941986763849854,1.3593761054173228,1.3855578855126658,0.11788211788211789
h5_chrX_83970161_83974256,h5,,,chrX,83970161,83974256,promoter,0.16874236874236875,0.03593667596578598,0.028502698987722397,0.02715248055756092,1.3235135511690477,10.948536238349371,0.000999000999000999,0.03287598863244057,0.025471294298768044,0.024289526045322418,1.3535047399070883,10.994776832144746,0.000999000999000999
h5_chrX_83970161_83974256,h5,,,chrX,83970161,83974256,tfbs,0.03882783882783883,0.0008179419673979282,0.001452773460187018,0.0008690765243954957,0.9411621927848814,-0.33595967650182945,0.6533466533466533,0.0007124010589905083,0.0007577852229587734,0.00048493401845917106,1.4690680213652383,2.113310500471227,0.01998001998001998
h6_chr10_110104373_110108468,h6,,,chr10,110104373,110108468,promoter,0.1907203907203907,0.04169219732284546,0.03561050072312355,0.03545137494802475,1.1760389373887579,6.690820970845868,0.000999000999000999,0.038962848484516144,0.032411567866802216,0.032420601695775986,1.2017928862064438,7.054659689938781,0.000999000999000999
h6_chr10_110104373_110108468,h6,,,chr10,110104373,110108468,tfbs,0.033455433455433455,0.0020330864936113358,0.0011443865951150656,0.0011552107753232121,1.7599268783157827,5.14122325967195,0.000999000999000999,0.0014203754253685474,0.0004960215301252902,0.0006466328632086515,2.19657166559787,5.988490460976229,0.000999000999000999
h6_chr10_19287595_19291690,h6,,,chr10,19287595,19291690,promoter,0.19242979242979244,0.04729193449020386,0.036728162318468094,0.03734034672379494,1.266510320325101,9.756075871052035,0.000999000999000999,0.04406251013278961,0.03458086773753166,0.034857604652643204,1.2640716587348297,9.606695542810947,0.000999000999000999
h6_chr10_19287595_19291690,h6,,,chr10,19287595,19291690,tfbs,0.01733821733821734,0.00010947207192657515,0.000268206640612334,0.00023284708731807768,0.4701457647053677,-1.4960376012766916,0.962037962037962,0.00010947207192657515,8.073567732935771e-05,3.289635787950829e-05,3.327786994765375,2.5465889134735105,0.03896103896103896
h6_chr10_4663039_4667134,h6,,,chr10,4663039,4667134,promoter,0.189010989010989,0.04959573224186897,0.034745100885629654,0.035767555236816406,1.3866123058592188,14.076516491890041,0.000999000999000999,0.04214942455291748,0.030616600066423416,0.031232725828886032,1.3495275687380122,12.220782192798405,0.000999000999000999
h6_chr10_4663039_4667134,h6,,,chr10,4663039,4667134,tfbs,0.045177045177045176,0.002861826680600643,0.00198742700740695,0.001849462278187275,1.5473831039179795,4.600304389525488,0.000999000999000999,0.0022505626548081636,0.0008124194573611021,0.0008478230447508395,2.6545193230381763,9.358603251100343,0.000999000999000999
h6_chr1_117801428_117805523,h6,,,chr1,117801428,117805523,promoter,0.1702075702075702,0.028989091515541077,0.02848021686077118,0.029686011373996735,0.9765236275875674,-0.7989120962565275,0.7892107892107892,0.026653477922081947,0.02591678500175476,0.027549827471375465,0.967464422409729,-1.0644747072674647,0.8491508491508492
h6_chr1_117801428_117805523,h6,,,chr1,117801428,117805523,tfbs,0.027594627594627594,0.0014013684121891856,0.0007289937348105013,0.0006682603852823377,2.0970394819934035,5.641512216606083,0.000999000999000999,0.001154068042524159,0.00032231799559667706,0.000327700370689854,3.521717232405591,8.78826231284095,0.000999000999000999
h6_chr1_188000709_188004804,h6,,,chr1,188000709,188004804,promoter,0.1956043956043956,0.04389137774705887,0.0373251773416996,0.03624531626701355,1.2109530904274082,8.179176037201277,0.000999000999000999,0.04310856759548187,0.03441796451807022,0.033971551805734634,1.2689608011431743,9.959086802489063,0.000999000999000999
h6_chr1_188000709_188004804,h6,,,chr1,188000709,188004804,tfbs,0.028815628815628817,0.0010527452686801553,0.0006624237867072225,0.0005290989647619426,1.989694440535934,4.522440275578958,0.000999000999000999,0.0008907844312489033,0.00040490453829988837,0.00028634670889005065,3.1108596802170347,6.949368654727588,0.000999000999000999
h6_chr1_236620149_236624244,h6,,,chr1,236620149,236624244,promoter,0.16092796092796094,0.036186326295137405,0.02549077942967415,0.025722356513142586,1.4068044767456807,12.84939530094429,0.000999000999000999,0.034928884357213974,0.023530036211013794,0.02415866032242775,1.4458121390443022,12.780541250082283,0.000999000999000999
h6_chr1_236620149_236624244,h6,,,chr1,236620149,236624244,tfbs,0.02735042735042735,0.002263391623273492,0.000701642595231533,0.0005742308567278087,3.9416057091936505,13.462783215060545,0.000999000999000999,0.0016207002336159348,0.00024757281062193215,0.0002452845801599324,6.607428125156474,16.656532595438453,0.000999000999000999
h6_chr14_101543080_101547175,h6,,,chr14,101543080,101547175,promoter,0.12112332112332112,0.01700345054268837,0.014871363528072834,0.015095148235559464,1.1264182555447546,2.9907012393421484,0.002997002997002997,0.015360604971647263,0.01217024214565754,0.012404167093336582,1.2383423131972202,5.168385299343491,0.000999000999000999
h6_chr14_101543080_101547175,h6,,,chr14,101543080,101547175,tfbs,0.029304029304029304,0.001478560850955546,0.000790211430285126,0.0009758227970451117,1.515194003903962,3.1808222028466178,0.000999000999000999,0.0013142763637006283,0.00019248740863986313,0.0003236405609641224,4.06091362524342,10.647809898450362,0.000999000999000999
h6_chr14_26677340_26681435,h6,,,chr14,26677340,26681435,promoter,0.17606837606837608,0.048606522381305695,0.03061784617602825,0.03265347704291344,1.488555792004222,17.45421049490906,0.000999000999000999,0.04775280877947807,0.029238129034638405,0.031912315636873245,1.496375547385908,16.847589691269253,0.000999000999000999
h6_chr14_26677340_26681435,h6,,,chr14,26677340,26681435,tfbs,0.03467643467643468,0.0009914077818393707,0.0011288332752883434,0.0011760849738493562,0.8429729176748749,-1.059443494390741,0.8631368631368631,0.0006058603175915778,0.0003508498484734446,0.00040790921775624156,1.4852822422699647,1.9159721909226124,0.04695304695304695
h6_chr14_33378322_33382417,h6,,,chr14,33378322,33382417,promoter,0.18803418803418803,0.036677632480859756,0.03487513214349747,0.03403196483850479,1.077740666896834,2.796825005161105,0.003996003996003996,0.03530701622366905,0.03407716006040573,0.03313448280096054,1.0655671445291288,2.3667180840128914,0.015984015984015984
h6_chr14_33378322_33382417,h6,,,chr14,33378322,33382417,tfbs,0.032722832722832725,0.0009320175158791244,0.0010353658581152558,0.0007826754008419812,1.190809772322581,1.0245509789064162,0.18581418581418582,0.0003563596401363611,0.0002689154935069382,0.00025531798019073904,1.3957483130257313,1.2475644210574166,0.13386613386613386
h6_chr17_22742263_22746358,h6,,,chr17,22742263,22746358,promoter,0.11330891330891331,0.018569594249129295,0.012912295758724213,0.013214396312832832,1.4052548303773738,8.770022829306962,0.000999000999000999,0.017695732414722443,0.012362313456833363,0.012683114968240261,1.3952197436540044,8.586748270383106,0.000999000999000999
h6_chr17_22742263_22746358,h6,,,chr17,22742263,22746358,tfbs,0.011965811965811967,0.0002730822889134288,0.0001398167514707893,0.00010390781972091645,2.6281206712535594,3.280131599356675,0.005994005994005994,0.0002457740483805537,6.0896749346284196e-05,5.7401895901421085e-05,4.28163642543502,4.907655480488599,0.000999000999000999
h6_chr17_35243344_35247439,h6,,,chr17,35243344,35247439,promoter,0.14407814407814407,0.024268634617328644,0.02047610841691494,0.020701201632618904,1.17232975399305,4.94585626584819,0.000999000999000999,0.022147540003061295,0.017700213938951492,0.018415844067931175,1.202635074524137,5.268844673326122,0.000999000999000999
h6_chr17_35243344_35247439,h6,,,chr17,35243344,35247439,tfbs,0.022222222222222223,0.0005784805398434401,0.0004820695030502975,0.0005213211406953633,1.1096433554791867,0.4780374581317862,0.35864135864135865,0.0002203735348302871,0.00011514573998283595,9.200595377478749e-05,2.395209503177569,2.579195357458707,0.02197802197802198
h6_chr17_72349260_72353355,h6,,,chr17,72349260,72353355,promoter,0.12405372405372406,0.018685584887862206,0.015426326543092728,0.016139065846800804,1.1577860246208853,3.9261347003397473,0.000999000999000999,0.01849007047712803,0.013760268688201904,0.015194006264209747,1.2169318713973634,5.044874978740609,0.000999000999000999
h6_chr17_72349260_72353355,h6,,,chr17,72349260,72353355,tfbs,0.025885225885225887,0.0003630980500020087,0.0006278789369389415,0.00048331142170354724,0.7512714032748954,-1.05039392315137,0.8791208791208791,2.79306204902241e-05,0.00014970779011491686,0.00011247661313973367,0.24832380448302532,-1.5096795284879445,0.9760239760239761
h6_chr21_12003041_12007136,h6,,,chr21,12003041,12007136,promoter,0.07277167277167278,0.007309005595743656,0.005013585556298494,0.004820342641323805,1.5162834137733396,6.995468438103341,0.000999000999000999,0.006882202345877886,0.004839930683374405,0.004628440830856562,1.4869375233223479,6.356225856449403,0.000999000999000999
h6_chr21_12003041_12007136,h6,,,chr21,12003041,12007136,tfbs,0.008791208791208791,0.0,5.4417210776591673e-05,3.5744772048929008e-06,0.0,-0.3632997510539603,1.0,0.0,5.4417210776591673e-05,3.947930053982418e-06,0.0,-0.38720642038366554,1.0
h6_chr21_19112010_19116105,h6,,,chr21,19112010,19116105,promoter,0.21636141636141637,0.06851428747177124,0.0456031933426857,0.04741005599498749,1.445142513204689,18.792318123927483,0.000999000999000999,0.0674285739660263,0.044804345816373825,0.04644522815942764,1.4517869033729653,19.029191550387793,0.000999000999000999
h6_chr21_19112010_19116105,h6,,,chr21,19112010,19116105,tfbs,0.021001221001221003,0.0005142856971360743,0.0004385664069559425,0.00037205711123533547,1.3822762194451799,1.4312215173325518,0.1068931068931069,0.00039999998989515007,0.00031228215084411204,0.0002092857175739482,1.9112627203230703,2.482223006755106,0.024975024975024976
h6_chr21_38658585_38662680,h6,,,chr21,38658585,38662680,promoter,0.16043956043956045,0.02894231118261814,0.02507651410996914,0.025260258466005325,1.1457646493034914,4.602821540242791,0.000999000999000999,0.02534889616072178,0.017779558897018433,0.018961476162075996,1.3368630134093133,9.26828114685256,0.000999000999000999
h6_chr21_38658585_38662680,h6,,,chr21,38658585,38662680,tfbs,0.024175824175824177,0.0011978049296885729,0.0005379050271585584,0.0007155073690228164,1.6740637225364157,3.49514676548579,0.002997002997002997,0.000584974535740912,0.00011755355808418244,0.00021691412257496268,2.696802443274538,5.044147449998105,0.000999000999000999
h6_chr3_108979737_108983832,h6,,,chr3,108979737,108983832,promoter,0.16776556776556775,0.03405801206827164,0.027310917153954506,0.026876740157604218,1.2671928168578743,8.863077498013997,0.000999000999000999,0.033566396683454514,0.026664987206459045,0.026350494474172592,1.2738431423499312,8.815299769918647,0.000999000999000999
h6_chr3_108979737_108983832,h6,,,chr3,108979737,108983832,tfbs,0.0231990231990232,0.0006281750393100083,0.0004877924802713096,0.00044469331623986363,1.4126028351889512,1.6692819982715088,0.06893106893106893,0.00021849565382581204,0.00015130852989386767,9.55372306634672e-05,2.2870210106410727,2.5644216344471493,0.023976023976023976
h6_chr3_127665795_127669890,h6,,,chr3,127665795,127669890,promoter,0.10378510378510379,0.011319832876324654,0.010756809264421463,0.010557495057582855,1.0722082098626466,1.4829321758408738,0.07392607392607392,0.009962538257241249,0.00895649753510952,0.009131576865911484,1.090998674547851,1.6790700677741355,0.054945054945054944
h6_chr3_127665795_127669890,h6,,,chr3,127665795,127669890,tfbs,0.018315018315018316,0.0004071882285643369,0.0003243927494622767,0.00028769203345291317,1.4153615019408654,1.3737219088870687,0.11488511488511488,2.7145881176693365e-05,7.763709436403587e-05,4.153319969191216e-05,0.6535947477694461,-0.4261050539285108,0.7832167832167832
h6_chr3_17001367_17005462,h6,,,chr3,17001367,17005462,promoter,0.17216117216117216,0.031843043863773346,0.028981903567910194,0.030304420739412308,1.050772233450415,1.6649643725062548,0.04395604395604396,0.031117437407374382,0.028449414297938347,0.029475999996066093,1.0556872510356683,1.8750138799145037,0.030969030969030968
h6_chr3_17001367_17005462,h6,,,chr3,17001367,17005462,tfbs,0.04151404151404151,0.002176825189962983,0.001745941466651857,0.0019437375012785196,1.1199172668794768,1.0440642418681803,0.16183816183816183,0.0015349407913163304,0.0008813432650640607,0.0009247041307389736,1.6599263919040663,3.788967478961522,0.001998001998001998
h6_chr7_120066194_120070289,h6,,,chr7,120066194,120070289,promoter,0.17582417582417584,0.03087078593671322,0.03093920461833477,0.030442051589488983,1.0140836219912415,0.4867360848433809,0.31868131868131866,0.030112359672784805,0.02964286133646965,0.029118118807673454,1.0341450926716234,1.1450529662131865,0.13486513486513488
h6_chr7_120066194_120070289,h6,,,chr7,120066194,120070289,tfbs,0.03540903540903541,0.0010393258417025208,0.0011856694472953677,0.0010917134350165725,0.9520134207075538,-0.30874418775375645,0.6493506493506493,0.0007584269624203444,0.0004665711894631386,0.00038853930891491473,1.9519954481270527,3.575967672002051,0.000999000999000999
h6_chr7_137924469_137928564,h6,,,chr7,137924469,137928564,promoter,0.14163614163614163,0.02304186299443245,0.020136546343564987,0.020410476252436638,1.1289233386546613,3.4571408076456644,0.000999000999000999,0.021747693419456482,0.01844145730137825,0.018815187737345695,1.1558584332533735,4.19453317644234,0.000999000999000999
h6_chr7_137924469_137928564,h6,,,chr7,137924469,137928564,tfbs,0.024664224664224663,0.0006470853113569319,0.0006316145299933851,0.0008890388999134302,0.727848141875391,-1.603963748536462,0.9600399600399601,0.0005064145661890507,0.0002956912503577769,0.00047619850374758244,1.0634526614503703,0.25761595516926167,0.4145854145854146
h6_chr7_4391321_4395416,h6,,,chr7,4391321,4395416,promoter,0.1514041514041514,0.029325513169169426,0.02266562171280384,0.022131439298391342,1.3250612747676558,9.361485170173225,0.000999000999000999,0.02827422134578228,0.021556783467531204,0.020896531641483307,1.3530580974334017,9.831057464426257,0.000999000999000999
h6_chr7_4391321_4395416,h6,,,chr7,4391321,4395416,tfbs,0.07301587301587302,0.06150057911872864,0.006004548631608486,0.012383832596242428,4.966199166596413,83.96947831944273,0.000999000999000999,0.061306923627853394,0.005099605768918991,0.011753693222999573,5.215971053922718,88.84278238894261,0.000999000999000999
h6_chrX_127567034_127571129,h6,,,chrX,127567034,127571129,promoter,0.22612942612942613,0.06578388810157776,0.05065309256315231,0.05120352283120155,1.2847531666608585,13.167280851928155,0.000999000999000999,0.06052117794752121,0.04059886932373047,0.04150604084134102,1.4581293884152076,17.817794189963926,0.000999000999000999
h6_chrX_127567034_127571129,h6,,,chrX,127567034,127571129,tfbs,0.03296703296703297,0.0012732365867123008,0.0010746009647846222,0.001411057193763554,0.9023281213118939,-0.7226933539095655,0.7962037962037962,0.0007639419636689126,0.00040686578722670674,0.00042093198862858117,1.814882176471967,3.1389606145534845,0.004995004995004995
h6_chrX_130740848_130744943,h6,,,chrX,130740848,130744943,promoter,0.18705738705738706,0.04189921170473099,0.03416300192475319,0.034888871014118195,1.200933434841614,7.594164517114321,0.000999000999000999,0.036590345203876495,0.03084234520792961,0.03152290731668472,1.160754140989706,5.825740484296156,0.000999000999000999
h6_chrX_130740848_130744943,h6,,,chrX,130740848,130744943,tfbs,0.027594627594627594,0.0017423974350094795,0.0007141171372495592,0.0006745800492353737,2.582936505436917,8.088692727712647,0.000999000999000999,0.0009800984989851713,0.0003247966815251857,0.00036353489849716425,2.696023141208317,6.1801450433059415,0.000999000999000999
h6_chrX_83970161_83974256,h6,,,chrX,83970161,83974256,promoter,0.16874236874236875,0.04419105872511864,0.02805773727595806,0.028013749048113823,1.5774774968255825,19.504199987550393,0.000999000999000999,0.037589676678180695,0.025139495730400085,0.024910226464271545,1.5090058186381863,15.049562530342655,0.000999000999000999
h6_chrX_83970161_83974256,h6,,,chrX,83970161,83974256,tfbs,0.03882783882783883,0.0019913255237042904,0.0014100201660767198,0.0011585423490032554,1.7188197957696711,4.541559949369298,0.000999000999000999,0.001745819579809904,0.0007490646676160395,0.0005739928456023335,3.0415354358256597,9.560813630590777,0.000999000999000999
