label,model_variant,epi_label,sample_index,chrom,window_start_1based,window_end_1based,group,group_position_fraction,top_group_pair_fraction,all_group_pair_fraction,group_background_mean,group_pair_enrichment,group_pair_z,group_pair_empirical_p,top_group_same_motif_fraction,all_group_same_motif_fraction,group_same_motif_background_mean,group_same_motif_enrichment,group_same_motif_z,group_same_motif_empirical_p
h0_chr10_110104373_110108468,h0,,,chr10,110104373,110108468,promoter,0.1907203907203907,0.031808435916900635,0.036189183592796326,0.03594651818275452,0.8848822507700025,-4.454034425367274,1.0,0.03058306872844696,0.03301801159977913,0.032782167196273804,0.932917843574515,-2.4283096288526207,0.997002997002997
h0_chr10_110104373_110108468,h0,,,chr10,110104373,110108468,tfbs,0.033455433455433455,0.002399673219770193,0.001053568092174828,0.0011005820706486702,2.1803673562988846,7.653978891060033,0.000999000999000999,0.000995609094388783,0.0004582395777106285,0.0004992086323909461,1.9943747559419,4.461578885896836,0.000999000999000999
h0_chr10_19287595_19291690,h0,,,chr10,19287595,19291690,promoter,0.19242979242979244,0.04044165462255478,0.037533074617385864,0.03697153925895691,1.0938590990029495,3.636318876715599,0.000999000999000999,0.03690008074045181,0.03517243266105652,0.03477555140852928,1.0610926138011274,2.253700571317357,0.013986013986013986
h0_chr10_19287595_19291690,h0,,,chr10,19287595,19291690,tfbs,0.01733821733821734,0.00018228692351840436,0.0002752566069830209,0.00026913362671621144,0.6773100996057145,-1.0548953687942886,0.8831168831168831,7.812296826159582e-05,8.749878907110542e-05,8.244576747529209e-05,0.9475679668456994,-0.094549661683795,0.5964035964035964
h0_chr10_4663039_4667134,h0,,,chr10,4663039,4667134,promoter,0.189010989010989,0.03936764597892761,0.03557046875357628,0.03516640141606331,1.1194675711386624,4.419321794752006,0.000999000999000999,0.03470642864704132,0.031483788043260574,0.03109356202185154,1.1161933979339766,3.8488032378063712,0.000999000999000999
h0_chr10_4663039_4667134,h0,,,chr10,4663039,4667134,tfbs,0.045177045177045176,0.003734591417014599,0.0019363579340279102,0.00194426195230335,1.9208272900625667,7.468930668780113,0.000999000999000999,0.0011231853859499097,0.0007328732754103839,0.0007693538791500032,1.459907353935521,2.3470882441122294,0.014985014985014986
h0_chr1_117801428_117805523,h0,,,chr1,117801428,117805523,promoter,0.1702075702075702,0.027723848819732666,0.029348915442824364,0.029151715338230133,0.9510194682566437,-1.6516791261342325,0.952047952047952,0.026222463697195053,0.026839299127459526,0.026697780936956406,0.9821963765121994,-0.5848491622096315,0.7382617382617382
h0_chr1_117801428_117805523,h0,,,chr1,117801428,117805523,tfbs,0.027594627594627594,0.0008024643175303936,0.0007240222184918821,0.0007088089478202164,1.1321306256053811,0.6878518041453345,0.26973026973026976,0.000440061092376709,0.00030803948175162077,0.0002994227397721261,1.4696983025124106,1.5930215308417968,0.07392607392607392
h0_chr1_188000709_188004804,h0,,,chr1,188000709,188004804,promoter,0.1956043956043956,0.04300274699926376,0.03770546242594719,0.037558648735284805,1.1449492579551843,5.598198212434048,0.000999000999000999,0.03904906287789345,0.035024117678403854,0.03499360755085945,1.1158913187541417,4.54153614859736,0.000999000999000999
h0_chr1_188000709_188004804,h0,,,chr1,188000709,188004804,tfbs,0.028815628815628817,0.0005134656094014645,0.0007219403050839901,0.0007038587355054915,0.7295009403168208,-1.4297824331832123,0.949050949050949,0.00020538625540211797,0.0004369638627395034,0.00040029778028838336,0.5130836729950218,-1.8930642457585358,0.988011988011988
h0_chr1_236620149_236624244,h0,,,chr1,236620149,236624244,promoter,0.16092796092796094,0.017773432657122612,0.025880513712763786,0.026291919872164726,0.6760036065658087,-10.722281926203145,1.0,0.016595222055912018,0.023957757279276848,0.024421975016593933,0.6795200652132396,-10.287364481734082,1.0
h0_chr1_236620149_236624244,h0,,,chr1,236620149,236624244,tfbs,0.02735042735042735,0.0002506831078790128,0.0007004151120781898,0.0007491664728149772,0.3346160259108718,-3.53047520480158,1.0,7.520493090851232e-05,0.00026271832757629454,0.000252588331932202,0.29773715330880096,-2.2060619359719267,0.999000999000999
h0_chr14_101543080_101547175,h0,,,chr14,101543080,101547175,promoter,0.12112332112332112,0.020046023651957512,0.014506667852401733,0.015004577115178108,1.3359939102635323,8.183060269854302,0.000999000999000999,0.017207875847816467,0.011788202449679375,0.012348043732345104,1.3935710158477386,8.618121104989484,0.000999000999000999
h0_chr14_101543080_101547175,h0,,,chr14,101543080,101547175,tfbs,0.029304029304029304,0.0007670672493986785,0.0008054146310314536,0.0009306826395913959,0.8241985149045538,-1.0882743378464013,0.8901098901098901,0.00020455126650631428,0.00019355519907549024,0.00022050626284908503,0.9276437950712975,-0.21816813180756248,0.6413586413586414
h0_chr14_26677340_26681435,h0,,,chr14,26677340,26681435,promoter,0.17606837606837608,0.02222222276031971,0.03122316114604473,0.03003513626754284,0.7398742114026606,-8.532152732367726,1.0,0.02139611728489399,0.029803913086652756,0.028629768639802933,0.7473381134888998,-8.224194248810212,1.0
h0_chr14_26677340_26681435,h0,,,chr14,26677340,26681435,tfbs,0.03467643467643468,0.0003304419806227088,0.0011562705039978027,0.0010934874881058931,0.30219091138856163,-4.337535751769886,1.0,5.507366222445853e-05,0.00039295025635510683,0.0003501308092381805,0.15729453327540233,-3.051261271801995,1.0
h0_chr14_33378322_33382417,h0,,,chr14,33378322,33382417,promoter,0.18803418803418803,0.032736584544181824,0.03570790961384773,0.0349099263548851,0.93774430262013,-2.4065375178438795,0.995004995004995,0.031722284853458405,0.034910671412944794,0.03401491045951843,0.9325993931752808,-2.491094435652464,0.993006993006993
h0_chr14_33378322_33382417,h0,,,chr14,33378322,33382417,tfbs,0.032722832722832725,0.0008621563902124763,0.0010056780884042382,0.0009608986438252032,0.8972396784538609,-0.6310862172136812,0.7662337662337663,0.0003550055844243616,0.00030327559215947986,0.00027414035866968334,1.2949774566105177,1.016653623887724,0.1938061938061938
h0_chr17_22742263_22746358,h0,,,chr17,22742263,22746358,promoter,0.11330891330891331,0.01334763690829277,0.01311571430414915,0.012903797440230846,1.0343960349748007,0.7653503856761285,0.22977022977022976,0.013272791169583797,0.012526917271316051,0.012366448529064655,1.0732904550881346,1.6021510664888379,0.054945054945054944
h0_chr17_22742263_22746358,h0,,,chr17,22742263,22746358,tfbs,0.011965811965811967,0.0002993862726725638,0.00012349778262432665,0.00012060275912517682,2.482416445894267,3.2318506940270297,0.004995004995004995,0.0001496931363362819,5.5885866458993405e-05,4.675415038946085e-05,3.20170797863595,3.0889918055998598,0.007992007992007992
h0_chr17_35243344_35247439,h0,,,chr17,35243344,35247439,promoter,0.14407814407814407,0.02334912307560444,0.020710930228233337,0.020638788118958473,1.1313223887480242,3.6762849335574534,0.000999000999000999,0.021304134279489517,0.01791963540017605,0.017934974282979965,1.1878541860919665,4.971266883702195,0.000999000999000999
h0_chr17_35243344_35247439,h0,,,chr17,35243344,35247439,tfbs,0.022222222222222223,0.00018120162712875754,0.00048795249313116074,0.0005053196218796074,0.35858814754660145,-2.789371288681122,1.0,0.00010354378900956362,0.00012037024134770036,0.00011304393410682678,0.9159605937963421,-0.18190825829693724,0.6523476523476524
h0_chr17_72349260_72353355,h0,,,chr17,72349260,72353355,promoter,0.12405372405372406,0.011712534353137016,0.01560860313475132,0.015330558642745018,0.7639991879017284,-5.693023156981143,1.0,0.010434328578412533,0.013945904560387135,0.013742559589445591,0.7592711176181612,-5.716761721428476,1.0
h0_chr17_72349260_72353355,h0,,,chr17,72349260,72353355,tfbs,0.025885225885225887,0.000547802250366658,0.0006443152669817209,0.0006244945689104497,0.8771929775504754,-0.6113019484274123,0.7552447552447552,0.00018260075012221932,0.00017268692317884415,0.00015541931497864425,1.1748909725107848,0.4220238457004107,0.3936063936063936
h0_chr21_12003041_12007136,h0,,,chr21,12003041,12007136,promoter,0.07277167277167278,0.006911551579833031,0.005232939962297678,0.005165055859833956,1.338136850286692,5.165607935644947,0.000999000999000999,0.006331561133265495,0.005054593551903963,0.004990309942513704,1.2687711196704106,3.7495008534714076,0.000999000999000999
h0_chr21_12003041_12007136,h0,,,chr21,12003041,12007136,tfbs,0.008791208791208791,0.0002899951650761068,6.766524165868759e-05,6.517641304526478e-05,4.449388229982927,5.801707736864207,0.000999000999000999,0.0002899951650761068,6.766524165868759e-05,6.273562030401081e-05,4.622496177941941,5.480067625537273,0.000999000999000999
h0_chr21_19112010_19116105,h0,,,chr21,19112010,19116105,promoter,0.21636141636141637,0.050899408757686615,0.04625505581498146,0.04680062457919121,1.0875796897017873,3.851948452056281,0.000999000999000999,0.049442268908023834,0.04544131085276604,0.045861899852752686,1.0780684853171483,3.44370179902531,0.000999000999000999
h0_chr21_19112010_19116105,h0,,,chr21,19112010,19116105,tfbs,0.021001221001221003,0.0005275851581245661,0.00042031321208924055,0.00039794997428543866,1.3257574876638731,1.3734676100158647,0.12287712287712288,0.00040196964982897043,0.0003180612693540752,0.0002784644311759621,1.4435224209118658,1.491139740006743,0.0999000999000999
h0_chr21_38658585_38662680,h0,,,chr21,38658585,38662680,promoter,0.16043956043956045,0.0272282175719738,0.02549680322408676,0.02533123455941677,1.0748871125135049,2.397715726890753,0.005994005994005994,0.01681155152618885,0.017995143309235573,0.01746055670082569,0.9628302129332366,-1.016449048935091,0.8461538461538461
h0_chr21_38658585_38662680,h0,,,chr21,38658585,38662680,tfbs,0.024175824175824177,0.00032474022009409964,0.0005515522789210081,0.0005751648568548262,0.5646037239998919,-2.0592389967925073,0.988011988011988,9.99200638034381e-05,0.00010316625412087888,0.0001283473102375865,0.7785131111705722,-0.49306312490085447,0.7432567432567433
h0_chr3_108979737_108983832,h0,,,chr3,108979737,108983832,promoter,0.16776556776556775,0.024529632180929184,0.027853989973664284,0.0275206808000803,0.891316328949886,-3.658296846468403,1.0,0.02392943762242794,0.027178902179002762,0.026903683319687843,0.8894483828880271,-3.5938948210214474,1.0
h0_chr3_108979737_108983832,h0,,,chr3,108979737,108983832,tfbs,0.0231990231990232,0.001435244339518249,0.0004937253543175757,0.0004895487800240517,2.9317698216870953,8.018091249324193,0.000999000999000999,0.00033923957380466163,0.00017275167920161039,0.00016293938097078353,2.081998665905637,2.807584976598934,0.012987012987012988
h0_chr3_127665795_127669890,h0,,,chr3,127665795,127669890,promoter,0.10378510378510379,0.013368038460612297,0.010622737929224968,0.010675705038011074,1.2521925636775382,5.180163175253806,0.000999000999000999,0.011068432591855526,0.008847227320075035,0.008816360495984554,1.2554423786205982,4.698871271734841,0.000999000999000999
h0_chr3_127665795_127669890,h0,,,chr3,127665795,127669890,tfbs,0.018315018315018316,0.00015162235649768263,0.00030198332387953997,0.00029637120314873755,0.5115961162447658,-1.6542199086983675,0.964035964035964,0.0001010815758490935,7.581171666970477e-05,7.356211426667869e-05,1.374098295797355,0.6502125903879834,0.33266733266733267
h0_chr3_17001367_17005462,h0,,,chr3,17001367,17005462,promoter,0.17216117216117216,0.026903189718723297,0.029067374765872955,0.029019221663475037,0.9270817126217042,-2.622973000078935,0.997002997002997,0.026621615514159203,0.028479915112257004,0.02838168665766716,0.9379856748917886,-2.1507457067475966,0.986013986013986
h0_chr3_17001367_17005462,h0,,,chr3,17001367,17005462,tfbs,0.04151404151404151,0.0014846669510006905,0.0016886598896235228,0.0018562431214377284,0.7998235435080085,-1.7076488927626494,0.967032967032967,0.0007423334755003452,0.0008710792753845453,0.0009217221522703767,0.8053766242590968,-1.1322394578621715,0.8881118881118881
h0_chr7_120066194_120070289,h0,,,chr7,120066194,120070289,promoter,0.17582417582417584,0.028619172051548958,0.030987095087766647,0.029952390119433403,0.9554887585742468,-1.5344824409730882,0.9430569430569431,0.02853959985077381,0.02974974550306797,0.028688982129096985,0.9947930436273071,-0.17640246658594283,0.5714285714285714
h0_chr7_120066194_120070289,h0,,,chr7,120066194,120070289,tfbs,0.03540903540903541,0.0016179513186216354,0.0012187843676656485,0.0012363004498183727,1.3087039795701214,2.2240955226027235,0.025974025974025976,0.0006100471946410835,0.0004784955526702106,0.0004768977814819664,1.2791990617892024,1.2085476809250413,0.14985014985014986
h0_chr7_137924469_137928564,h0,,,chr7,137924469,137928564,promoter,0.14163614163614163,0.019973672926425934,0.020231636241078377,0.020022351294755936,0.9975687986084456,-0.07001318825278548,0.5344655344655345,0.017973773181438446,0.018593471497297287,0.018495924770832062,0.9717693710445316,-0.7857811779110816,0.8021978021978022
h0_chr7_137924469_137928564,h0,,,chr7,137924469,137928564,tfbs,0.024664224664224663,0.00043035796261392534,0.0005933952052146196,0.0007005974766798317,0.6142727842147168,-2.097279040940195,0.987012987012987,0.0002531517529860139,0.0002653063856996596,0.00035400738124735653,0.7151030356881979,-1.1067626779751905,0.9080919080919081
h0_chr7_4391321_4395416,h0,,,chr7,4391321,4395416,promoter,0.1514041514041514,0.026999149471521378,0.023099064826965332,0.022715412080287933,1.1885828606627304,5.621341621816419,0.000999000999000999,0.02627710811793804,0.021976809948682785,0.021654892712831497,1.2134490097181443,6.1688440694843365,0.000999000999000999
h0_chr7_4391321_4395416,h0,,,chr7,4391321,4395416,tfbs,0.07301587301587302,0.022125376388430595,0.006216756999492645,0.00625818083062768,3.5354325781301332,38.81590314291286,0.000999000999000999,0.02140333689749241,0.005344379227608442,0.005492044612765312,3.897152773985855,41.872288670326895,0.000999000999000999
h0_chrX_127567034_127571129,h0,,,chrX,127567034,127571129,promoter,0.22612942612942613,0.0535849891602993,0.05067029967904091,0.05122578516602516,1.04605500894965,2.099325028536882,0.01998001998001998,0.05035795643925667,0.04084630683064461,0.04108951613306999,1.2255670345732588,8.755635054742449,0.000999000999000999
h0_chrX_127567034_127571129,h0,,,chrX,127567034,127571129,tfbs,0.03296703296703297,0.00035253280657343566,0.0010546143166720867,0.0010362295433878899,0.34020725313510264,-4.161446650933754,1.0,0.00018982535402756184,0.00038317564758472145,0.0003855895483866334,0.4922990128280723,-1.9412481794683132,0.983016983016983
h0_chrX_130740848_130744943,h0,,,chrX,130740848,130744943,promoter,0.18705738705738706,0.04221560060977936,0.03516785427927971,0.03483523800969124,1.2118648535725487,8.11652844620502,0.000999000999000999,0.03834692761301994,0.031703557819128036,0.03148327022790909,1.2180096710228787,7.62034976641676,0.000999000999000999
h0_chrX_130740848_130744943,h0,,,chrX,130740848,130744943,tfbs,0.027594627594627594,0.00039209536043927073,0.0007253771764226258,0.0007286699838005006,0.5380973131268995,-2.4106007420686204,0.998001998001998,0.00028753658989444375,0.000342953106155619,0.00033772480674088,0.8513931584393702,-0.5240428346930472,0.7412587412587412
h0_chrX_83970161_83974256,h0,,,chrX,83970161,83974256,promoter,0.16874236874236875,0.03018389269709587,0.02844073437154293,0.0284659992903471,1.0603489583916106,2.08846966434108,0.023976023976023976,0.02648065984249115,0.02548092231154442,0.02542191557586193,1.0416469114402416,1.403269821196408,0.09090909090909091
h0_chrX_83970161_83974256,h0,,,chrX,83970161,83974256,tfbs,0.03882783882783883,0.0014204184990376234,0.001476735807955265,0.0013893215218558908,1.022382851408069,0.16338088040447504,0.45754245754245754,0.0007609385065734386,0.0007540940423496068,0.0007258845726028085,1.0482913334897546,0.2611080688637618,0.4305694305694306
h1_chr10_110104373_110108468,h1,,,chr10,110104373,110108468,promoter,0.1907203907203907,0.028473803773522377,0.036175381392240524,0.03600873053073883,0.7907472258489017,-8.059331556843231,1.0,0.026626169681549072,0.03305262699723244,0.032849837094545364,0.8105419093834801,-7.0758183196960225,1.0
h1_chr10_110104373_110108468,h1,,,chr10,110104373,110108468,tfbs,0.033455433455433455,0.0007339913863688707,0.0010602374095469713,0.0011107821483165026,0.6607878848983173,-2.3495509124668135,0.994005994005994,0.00022779042774345726,0.0004948112182319164,0.0005125031457282603,0.44446639916672126,-2.55573280741672,1.0
h1_chr10_19287595_19291690,h1,,,chr10,19287595,19291690,promoter,0.19242979242979244,0.024779081344604492,0.03796454146504402,0.03708464652299881,0.668176285008871,-12.61929076300484,1.0,0.023280451074242592,0.03563983365893364,0.03476887568831444,0.6695773335594795,-12.465027943263397,1.0
h1_chr10_19287595_19291690,h1,,,chr10,19287595,19291690,tfbs,0.01733821733821734,0.00012919229629915208,0.00027931632939726114,0.00027269910788163543,0.4737540115284417,-1.7242892760405726,0.977022977022977,5.167691415408626e-05,9.405286255059764e-05,7.971164450282231e-05,0.6482981812306804,-0.63453828554819,0.8181818181818182
h1_chr10_4663039_4667134,h1,,,chr10,4663039,4667134,promoter,0.189010989010989,0.02903284877538681,0.03674763813614845,0.0362677238881588,0.8005147735467862,-7.7210742223000235,1.0,0.02521754987537861,0.03251425176858902,0.031785640865564346,0.793362952222196,-7.411044240617658,1.0
h1_chr10_4663039_4667134,h1,,,chr10,4663039,4667134,tfbs,0.045177045177045176,0.0019076488679274917,0.0019444840727373958,0.001919277710840106,0.9939410316459497,-0.051916921802770945,0.5344655344655345,0.0010975514305755496,0.0008255107095465064,0.0008495831862092018,1.2918704705924913,1.6659711859616204,0.06893106893106893
h1_chr1_117801428_117805523,h1,,,chr1,117801428,117805523,promoter,0.1702075702075702,0.03682597726583481,0.028951382264494896,0.02894645743072033,1.272210160914271,9.838229586830916,0.000999000999000999,0.032013777643442154,0.02642321027815342,0.026584910228848457,1.2042086043496432,6.534072870070375,0.000999000999000999
h1_chr1_117801428_117805523,h1,,,chr1,117801428,117805523,tfbs,0.027594627594627594,0.0003799103433266282,0.0007522207451984286,0.0007393561536446214,0.5138394283375854,-2.5570906494952577,0.999000999000999,0.0002532735525164753,0.00033938579144887626,0.00032740674214437604,0.7735746394763907,-0.7942298534522279,0.8301698301698301
h1_chr1_188000709_188004804,h1,,,chr1,188000709,188004804,promoter,0.1956043956043956,0.04081844165921211,0.03855864331126213,0.03713071718811989,1.0993173509794776,3.777375642338029,0.000999000999000999,0.039031337946653366,0.03588004782795906,0.03483377397060394,1.1205027046334894,4.582779738172446,0.000999000999000999
h1_chr1_188000709_188004804,h1,,,chr1,188000709,188004804,tfbs,0.028815628815628817,0.0012173012364655733,0.0007718255510553718,0.0006761201657354832,1.8004214312131832,4.143519653309541,0.000999000999000999,0.0007252007490023971,0.0004612823249772191,0.0003674436593428254,1.9736379457449933,3.7387054161765154,0.001998001998001998
h1_chr1_236620149_236624244,h1,,,chr1,236620149,236624244,promoter,0.16092796092796094,0.029055440798401833,0.026099033653736115,0.0255447905510664,1.1374311619552064,4.392646472744731,0.000999000999000999,0.02831108868122101,0.02401636727154255,0.023754850029945374,1.1918024590991751,6.154252283385499,0.000999000999000999
h1_chr1_236620149_236624244,h1,,,chr1,236620149,236624244,tfbs,0.02735042735042735,0.0009496919810771942,0.000715354923158884,0.0006398357218131423,1.484274710992992,2.450501236692266,0.012987012987012988,0.0005133470403961837,0.0002392216701991856,0.0002571098739281297,1.9966057022752866,3.2904551300528415,0.000999000999000999
h1_chr14_101543080_101547175,h1,,,chr14,101543080,101547175,promoter,0.12112332112332112,0.014286447316408157,0.014642435126006603,0.014664127491414547,0.9742446200616087,-0.61734541403461,0.7412587412587412,0.013055299408733845,0.012086523696780205,0.011924541555345058,1.0948261069946068,2.1164861679117255,0.022977022977022976
h1_chr14_101543080_101547175,h1,,,chr14,101543080,101547175,tfbs,0.029304029304029304,0.0012824458535760641,0.0008158910204656422,0.000834538834169507,1.5367120151482137,3.212551646989312,0.002997002997002997,0.0001538935030112043,0.00019390556553844362,0.00020219042198732495,0.7611315189838799,-0.6998448567890574,0.8201798201798202
h1_chr14_26677340_26681435,h1,,,chr14,26677340,26681435,promoter,0.17606837606837608,0.04800313338637352,0.03118022345006466,0.030886191874742508,1.5541939770706585,19.26802694237535,0.000999000999000999,0.046149831265211105,0.029875077307224274,0.02967110462486744,1.5553796142302299,18.940476087731874,0.000999000999000999
h1_chr14_26677340_26681435,h1,,,chr14,26677340,26681435,tfbs,0.03467643467643468,0.0012529365485534072,0.0011467022122815251,0.0011114852968603373,1.1272632684324604,0.8598178722275049,0.21678321678321677,0.0006003654561936855,0.0003662242670543492,0.00035134429344907403,1.7087667777382192,2.646286607837631,0.012987012987012988
h1_chr14_33378322_33382417,h1,,,chr14,33378322,33382417,promoter,0.18803418803418803,0.037172362208366394,0.03531695529818535,0.034728147089481354,1.0703813858132776,2.683063668944059,0.004995004995004995,0.03686787933111191,0.03455473110079765,0.03396640717983246,1.085421815027943,3.2963021596911006,0.001998001998001998
h1_chr14_33378322_33382417,h1,,,chr14,33378322,33382417,tfbs,0.032722832722832725,0.0018269011052325368,0.001007330371066928,0.0009563319617882371,1.9103210791119327,5.546590201518351,0.000999000999000999,0.0010403187479823828,0.0002854525810107589,0.00026647382765077055,3.904018481491477,9.408305664474565,0.000999000999000999
h1_chr17_22742263_22746358,h1,,,chr17,22742263,22746358,promoter,0.11330891330891331,0.015094148926436901,0.013260588981211185,0.013089429587125778,1.1531555921491707,3.557649602129085,0.000999000999000999,0.01501842588186264,0.012686104513704777,0.012577768415212631,1.1940453493878984,4.203758202206638,0.000999000999000999
h1_chr17_22742263_22746358,h1,,,chr17,22742263,22746358,tfbs,0.011965811965811967,0.0004543389368336648,0.00013756321277469397,0.00011954161163885146,3.8006760207171486,6.249722024092445,0.000999000999000999,0.0003281336685176939,5.452046752907336e-05,4.7831792471697554e-05,6.860158308134765,8.151405983511367,0.000999000999000999
h1_chr17_35243344_35247439,h1,,,chr17,35243344,35247439,promoter,0.14407814407814407,0.023241205140948296,0.021187929436564445,0.020507987588644028,1.133275756116497,3.9450254253962935,0.000999000999000999,0.021407034248113632,0.018600525334477425,0.01784444786608219,1.1996467701756703,5.704686715462794,0.000999000999000999
h1_chr17_35243344_35247439,h1,,,chr17,35243344,35247439,tfbs,0.022222222222222223,0.00022613065084442496,0.00045401451643556356,0.0004843466740567237,0.4668776786478809,-2.326073002858553,0.998001998001998,7.537688361480832e-05,0.00010653134813765064,0.00010680904961191118,0.705716265510169,-0.6199455381219154,0.8041958041958042
h1_chr17_72349260_72353355,h1,,,chr17,72349260,72353355,promoter,0.12405372405372406,0.01421135850250721,0.015742190182209015,0.015640659257769585,0.9086163356859551,-2.2366501402141865,0.991008991008991,0.01393070351332426,0.014187871478497982,0.014286855235695839,0.9750713703963536,-0.6064177019767764,0.7292707292707292
h1_chr17_72349260_72353355,h1,,,chr17,72349260,72353355,tfbs,0.025885225885225887,0.0005357962800189853,0.0006381072453223169,0.0005714904982596636,0.9375418867866108,-0.28310425233231196,0.6553446553446554,0.00015308464935515076,0.0001579321688041091,0.00014328723773360252,1.0683760241073488,0.1684186064371107,0.4975024975024975
h1_chr21_12003041_12007136,h1,,,chr21,12003041,12007136,promoter,0.07277167277167278,0.0067886291071772575,0.005264243111014366,0.005190730560570955,1.3078369273766621,4.44188307109901,0.000999000999000999,0.0067886291071772575,0.005092279054224491,0.004988768603652716,1.3607825189981162,5.3296167852749825,0.000999000999000999
h1_chr21_12003041_12007136,h1,,,chr21,12003041,12007136,tfbs,0.008791208791208791,0.0002745401579886675,9.259596845367923e-05,6.396786193363369e-05,4.291845149889509,5.39236893768463,0.000999000999000999,0.0002745401579886675,9.259596845367923e-05,6.399281846825033e-05,4.290171374853243,5.402916211910017,0.000999000999000999
h1_chr21_19112010_19116105,h1,,,chr21,19112010,19116105,promoter,0.21636141636141637,0.03431113064289093,0.04852118343114853,0.04617293179035187,0.7431005420812473,-11.636289218136021,1.0,0.03431113064289093,0.04758768156170845,0.04535733163356781,0.7564627240438927,-10.63881021672257,1.0
h1_chr21_19112010_19116105,h1,,,chr21,19112010,19116105,tfbs,0.021001221001221003,0.0005030180909670889,0.00041353655979037285,0.00041231600334867835,1.2199819722779657,0.8515506028788367,0.23076923076923078,0.0004500688228290528,0.00029995961813256145,0.0002959070261567831,1.520980521059303,1.7554075637541489,0.06693306693306693
h1_chr21_38658585_38662680,h1,,,chr21,38658585,38662680,promoter,0.16043956043956045,0.01913771592080593,0.025817139074206352,0.02535766176879406,0.7547113805405122,-7.778743803031791,1.0,0.012314467690885067,0.018561046570539474,0.017033247277140617,0.7229665307220448,-6.8597138531533455,1.0
h1_chr21_38658585_38662680,h1,,,chr21,38658585,38662680,tfbs,0.024175824175824177,0.000570869364310056,0.0005387971759773791,0.0005653509288094938,1.0097610797459602,0.044532590638108584,0.5154845154845155,0.00010873701830860227,0.00011934004578506574,0.00012292720202822238,0.8845643316898871,-0.2601715601590471,0.6643356643356644
h1_chr3_108979737_108983832,h1,,,chr3,108979737,108983832,promoter,0.16776556776556775,0.02920486591756344,0.02805424854159355,0.027693195268511772,1.0545863572041647,1.8740828773683653,0.026973026973026972,0.02831602282822132,0.027399301528930664,0.027145007625222206,1.0431392475245078,1.4679420910476486,0.06993006993006994
h1_chr3_108979737_108983832,h1,,,chr3,108979737,108983832,tfbs,0.0231990231990232,0.0008888437296263874,0.0004921619547531009,0.0004867053939960897,1.8262458986298569,3.7142543786551516,0.000999000999000999,0.00035553748602978885,0.00018487818306311965,0.00016082993533927947,2.2106424732420815,3.1216971138383944,0.005994005994005994
h1_chr3_127665795_127669890,h1,,,chr3,127665795,127669890,promoter,0.10378510378510379,0.008685819804668427,0.010940143838524818,0.010655753314495087,0.8151295875865531,-3.7585527031089643,1.0,0.007914889603853226,0.009246686473488808,0.008916636928915977,0.8876541309185573,-2.0273236950211504,0.981018981018981
h1_chr3_127665795_127669890,h1,,,chr3,127665795,127669890,tfbs,0.018315018315018316,5.139538552612066e-05,0.0003150498087052256,0.00027352620963938534,0.18789930805490235,-2.746790230456689,0.999000999000999,0.0,7.966186240082607e-05,5.992702062940225e-05,0.0,-1.5161485151649698,1.0
h1_chr3_17001367_17005462,h1,,,chr3,17001367,17005462,promoter,0.17216117216117216,0.025050358846783638,0.029642513021826744,0.02952161617577076,0.8485429353743577,-5.262427044910754,1.0,0.024766283109784126,0.029026838019490242,0.028860855847597122,0.8581271200190725,-4.835858050996746,1.0
h1_chr3_17001367_17005462,h1,,,chr3,17001367,17005462,tfbs,0.04151404151404151,0.0030731884762644768,0.0017491461476311088,0.0018418470863252878,1.6685361662654998,5.582908937839047,0.000999000999000999,0.0020143587607890368,0.000883482804056257,0.000900960760191083,2.2357896700870916,7.285945752971695,0.000999000999000999
h1_chr7_120066194_120070289,h1,,,chr7,120066194,120070289,promoter,0.17582417582417584,0.03548895940184593,0.031462643295526505,0.030275261029601097,1.1722098569900763,6.044859996749823,0.000999000999000999,0.03403887152671814,0.03023819625377655,0.029097815975546837,1.1698084679387504,5.715628669618521,0.000999000999000999
h1_chr7_120066194_120070289,h1,,,chr7,120066194,120070289,tfbs,0.03540903540903541,0.0009667243575677276,0.0012710019946098328,0.0012056069681420922,0.8018569758745704,-1.4084766229552026,0.929070929070929,0.0004833621787838638,0.0005380642833188176,0.000442886957898736,1.0913895073297286,0.36946370342387097,0.3916083916083916
h1_chr7_137924469_137928564,h1,,,chr7,137924469,137928564,promoter,0.14163614163614163,0.01247907429933548,0.02089320309460163,0.02047118730843067,0.6095921116503198,-11.264379237572495,1.0,0.011667427606880665,0.019223755225539207,0.01896299421787262,0.6152734886078337,-10.604501229565585,1.0
h1_chr7_137924469_137928564,h1,,,chr7,137924469,137928564,tfbs,0.024664224664224663,0.00025363973691128194,0.0006094928830862045,0.0007947547710500658,0.31914213811659375,-4.037776329002645,1.0,0.00020291178952902555,0.0002894013305194676,0.0004201542178634554,0.48294597769566894,-2.1822965107971433,0.996003996003996
h1_chr7_4391321_4395416,h1,,,chr7,4391321,4395416,promoter,0.1514041514041514,0.027628550305962563,0.023511206731200218,0.022390451282262802,1.2339434322991631,6.938250856373043,0.000999000999000999,0.026993410661816597,0.022369269281625748,0.021260302513837814,1.26966258566863,7.710441868679404,0.000999000999000999
h1_chr7_4391321_4395416,h1,,,chr7,4391321,4395416,tfbs,0.07301587301587302,0.07912774384021759,0.005926694720983505,0.00912406388670206,8.672423255994836,148.59605393030694,0.000999000999000999,0.07904835045337677,0.005035110283643007,0.00849977508187294,9.300052023959948,151.57069667678564,0.000999000999000999
h1_chrX_127567034_127571129,h1,,,chrX,127567034,127571129,promoter,0.22612942612942613,0.052654482424259186,0.05083262547850609,0.05124509707093239,1.0275028331271567,1.2831773417680599,0.1008991008991009,0.038652535527944565,0.04108968749642372,0.041364334523677826,0.9344411308205389,-2.74170829004451,0.999000999000999
h1_chrX_127567034_127571129,h1,,,chrX,127567034,127571129,tfbs,0.03296703296703297,0.0008447243017144501,0.0010305570904165506,0.0011081502307206392,0.762283197978598,-1.6144787931282971,0.9600399600399601,0.0002559770655352622,0.00038524300907738507,0.00036786464625038207,0.6958457904134525,-1.1247935682078143,0.903096903096903
h1_chrX_130740848_130744943,h1,,,chrX,130740848,130744943,promoter,0.18705738705738706,0.02726902812719345,0.03564002737402916,0.03494144603610039,0.7804207100936796,-8.300243432247337,1.0,0.02551383711397648,0.03214870020747185,0.03169068321585655,0.8050895255300313,-6.938373615176448,1.0
h1_chrX_130740848_130744943,h1,,,chrX,130740848,130744943,tfbs,0.027594627594627594,0.0006105006323195994,0.0007661841227672994,0.0007253256044350564,0.8416918258319417,-0.8469205302811168,0.8291708291708292,0.000381562887923792,0.0003729169548023492,0.0003285256680101156,1.1614401097939273,0.5836013604432417,0.31368631368631367
h1_chrX_83970161_83974256,h1,,,chrX,83970161,83974256,promoter,0.16874236874236875,0.02563316933810711,0.028951864689588547,0.028346557170152664,0.9042780463335208,-3.2745639636066586,0.998001998001998,0.023743873462080956,0.025846760720014572,0.025320976972579956,0.9377155347439065,-1.9288683644860944,0.98001998001998
h1_chrX_83970161_83974256,h1,,,chrX,83970161,83974256,tfbs,0.03882783882783883,0.00224673212505877,0.0015379992546513677,0.001329554826952517,1.68983789123501,4.933786163687433,0.000999000999000999,0.001404207549057901,0.000864741625264287,0.0006891340017318726,2.0376407861591024,5.715450151128383,0.000999000999000999
h2_chr10_110104373_110108468,h2,,,chr10,110104373,110108468,promoter,0.1907203907203907,0.02179878018796444,0.037506263703107834,0.035925790667533875,0.6067724546328215,-15.46357702900511,1.0,0.020528456196188927,0.03412570431828499,0.032887473702430725,0.6242028920169584,-13.847342666751276,1.0
h2_chr10_110104373_110108468,h2,,,chr10,110104373,110108468,tfbs,0.033455433455433455,0.0010162601247429848,0.0010381002211943269,0.0011619665892794728,0.8746035678815519,-0.9025210702109617,0.8411588411588412,0.0005081300623714924,0.0004557885113172233,0.0005865853163413703,0.8662509070987041,-0.6382798823361021,0.7752247752247752
h2_chr10_19287595_19291690,h2,,,chr10,19287595,19291690,promoter,0.19242979242979244,0.04792562499642372,0.03807113692164421,0.0366523452103138,1.3075732186146078,12.232233058420924,0.000999000999000999,0.04747818782925606,0.0356733575463295,0.03446643054485321,1.3775197221966422,14.413222441372614,0.000999000999000999
h2_chr10_19287595_19291690,h2,,,chr10,19287595,19291690,tfbs,0.01733821733821734,0.00034800765570253134,0.000279898289591074,0.0002739068877417594,1.2705326929589096,0.886376796205693,0.21678321678321677,0.0002237192093161866,9.47080334299244e-05,8.496359077980742e-05,2.6331185777679735,2.9164530607619525,0.00999000999000999
h2_chr10_4663039_4667134,h2,,,chr10,4663039,4667134,promoter,0.189010989010989,0.04031730070710182,0.0362352691590786,0.036242056638002396,1.112445165841561,4.653075444422786,0.000999000999000999,0.03611180931329727,0.032027505338191986,0.031722262501716614,1.1383743297421842,5.149830037902671,0.000999000999000999
h2_chr10_4663039_4667134,h2,,,chr10,4663039,4667134,tfbs,0.045177045177045176,0.0027197180315852165,0.0019347805064171553,0.0019066230161115527,1.4264581978727624,3.7532760874200095,0.000999000999000999,0.001284311292693019,0.0007924970122985542,0.000873784942086786,1.4698253893295619,2.8699641111502436,0.002997002997002997
h2_chr1_117801428_117805523,h2,,,chr1,117801428,117805523,promoter,0.1702075702075702,0.035162754356861115,0.02909896709024906,0.029133658856153488,1.2069460458254178,7.011313849269481,0.000999000999000999,0.034163955599069595,0.026517724618315697,0.02680876851081848,1.2743575142320687,9.048989130570224,0.000999000999000999
h2_chr1_117801428_117805523,h2,,,chr1,117801428,117805523,tfbs,0.027594627594627594,0.0007426947122439742,0.0007432051934301853,0.0007057648035697639,1.0523260843944306,0.2780151776460287,0.4275724275724276,0.00043537275632843375,0.0003336996305733919,0.00032171487691812217,1.3532876082669874,1.2302099355568017,0.13986013986013987
h2_chr1_188000709_188004804,h2,,,chr1,188000709,188004804,promoter,0.1956043956043956,0.054465826600790024,0.03816547244787216,0.037634216248989105,1.4472422181039317,17.82969829249413,0.000999000999000999,0.053271401673555374,0.03545571118593216,0.034804560244083405,1.5305868340230282,19.704513584253775,0.000999000999000999
h2_chr1_188000709_188004804,h2,,,chr1,188000709,188004804,tfbs,0.028815628815628817,0.00013271400530356914,0.0007856691954657435,0.0007199999527074397,0.18432501947329338,-4.232509690110482,1.0,0.00013271400530356914,0.00045839548693038523,0.00042861312977038324,0.3096358839372623,-2.861087021352801,1.0
h2_chr1_236620149_236624244,h2,,,chr1,236620149,236624244,promoter,0.16092796092796094,0.034507472068071365,0.02587945945560932,0.02551928348839283,1.3522116357133114,11.366637291155872,0.000999000999000999,0.03389695659279823,0.02376442402601242,0.023757226765155792,1.426806122106565,12.315610182495242,0.000999000999000999
h2_chr1_236620149_236624244,h2,,,chr1,236620149,236624244,tfbs,0.02735042735042735,0.000902503146789968,0.0006925362395122647,0.0006146577070467174,1.4683020101159696,2.250700819865656,0.01998001998001998,0.0006105168140493333,0.0002635831478983164,0.0002506038872525096,2.4361825378796853,4.455157609600707,0.000999000999000999
h2_chr14_101543080_101547175,h2,,,chr14,101543080,101547175,promoter,0.12112332112332112,0.02118622325360775,0.014731251634657383,0.014836831018328667,1.4279480050312203,10.580431245648542,0.000999000999000999,0.01591525599360466,0.012173310853540897,0.012129011563956738,1.3121643020688794,7.023538023172308,0.000999000999000999
h2_chr14_101543080_101547175,h2,,,chr14,101543080,101547175,tfbs,0.029304029304029304,0.000742029573302716,0.0008185307960957289,0.0008954249788075686,0.8286898298178724,-0.9994862833482038,0.8671328671328671,0.0003838083939626813,0.00019190312013961375,0.00021777288930024952,1.762425043796494,2.267456754637085,0.01998001998001998
h2_chr14_26677340_26681435,h2,,,chr14,26677340,26681435,promoter,0.17606837606837608,0.026823371648788452,0.03137582913041115,0.030716413632035255,0.8732585766722907,-4.601362659834723,1.0,0.0256918016821146,0.029982468113303185,0.029329929500818253,0.8759585215299561,-4.412083276390377,1.0
h2_chr14_26677340_26681435,h2,,,chr14,26677340,26681435,tfbs,0.03467643467643468,0.0020574014633893967,0.0011161291040480137,0.0011233410332351923,1.831502101783049,5.6233701369999105,0.000999000999000999,0.0005915029323659837,0.0003394678351469338,0.00033723379601724446,1.7539847410066138,2.699691138166017,0.007992007992007992
h2_chr14_33378322_33382417,h2,,,chr14,33378322,33382417,promoter,0.18803418803418803,0.028721889480948448,0.03578801825642586,0.034867607057094574,0.823741343474397,-6.682531260690408,1.0,0.02701740153133869,0.034982830286026,0.034076932817697525,0.792835484222555,-7.599067975297386,1.0
h2_chr14_33378322_33382417,h2,,,chr14,33378322,33382417,tfbs,0.032722832722832725,0.0012211254797875881,0.0010168524459004402,0.0009733896004036069,1.254508450964814,1.6237366865843919,0.06493506493506493,0.0006105627398937941,0.00027628266252577305,0.00027088631759397686,2.2539445525223893,4.05910983117116,0.001998001998001998
h2_chr17_22742263_22746358,h2,,,chr17,22742263,22746358,promoter,0.11330891330891331,0.016408652067184448,0.013226157985627651,0.01277062389999628,1.2848747403162681,6.510507712711547,0.000999000999000999,0.014871169812977314,0.012667623348534107,0.012232637032866478,1.2156961555404335,4.758814820196134,0.000999000999000999
h2_chr17_22742263_22746358,h2,,,chr17,22742263,22746358,tfbs,0.011965811965811967,0.0002120665885740891,0.00012432492803782225,0.00012875092215836048,1.6471073373226204,1.3955043595732377,0.12087912087912088,5.301664714352228e-05,5.4872623877599835e-05,4.6893226681277156e-05,1.1305821948202595,0.1718129794874946,0.5094905094905094
h2_chr17_35243344_35247439,h2,,,chr17,35243344,35247439,promoter,0.14407814407814407,0.028876762837171555,0.02107485942542553,0.02060226909816265,1.401630213622772,11.44932346530801,0.000999000999000999,0.026729321107268333,0.018469618633389473,0.01785503514111042,1.4970186782620925,13.565743717107587,0.000999000999000999
h2_chr17_35243344_35247439,h2,,,chr17,35243344,35247439,tfbs,0.022222222222222223,0.00025264007854275405,0.0004534916952252388,0.0004968420253135264,0.508491765331905,-2.1232709326647075,0.994005994005994,0.00022737607650924474,0.0001096464620786719,0.00011272800475126132,2.0170327418724283,2.1171065965806357,0.04195804195804196
h2_chr17_72349260_72353355,h2,,,chr17,72349260,72353355,promoter,0.12405372405372406,0.025504091754555702,0.0159402284771204,0.01530672237277031,1.6662020211411077,16.847116214871726,0.000999000999000999,0.02011379599571228,0.014352094382047653,0.013801057823002338,1.457409732911085,11.109298509752954,0.000999000999000999
h2_chr17_72349260_72353355,h2,,,chr17,72349260,72353355,tfbs,0.025885225885225887,0.00037432622048072517,0.0006548180244863033,0.0006121481419540942,0.6114961311257177,-1.9121633282293165,0.981018981018981,0.00019964064995292574,0.00016570091247558594,0.0001502545492257923,1.328682898332212,0.8407540084639317,0.24575424575424576
h2_chr21_12003041_12007136,h2,,,chr21,12003041,12007136,promoter,0.07277167277167278,0.01745748706161976,0.005686840508133173,0.005093642510473728,3.4273090476457773,35.44489367911851,0.000999000999000999,0.01713094301521778,0.005479109939187765,0.0049149226397275925,3.485495962184108,34.76463462904586,0.000999000999000999
h2_chr21_12003041_12007136,h2,,,chr21,12003041,12007136,tfbs,0.008791208791208791,0.00105498475022614,8.691019320394844e-05,6.061138992663473e-05,17.405717828004196,25.15587338094272,0.000999000999000999,0.00105498475022614,8.691019320394844e-05,6.269625009736046e-05,16.826919450331772,25.510435255289362,0.000999000999000999
h2_chr21_19112010_19116105,h2,,,chr21,19112010,19116105,promoter,0.21636141636141637,0.0518711693584919,0.04691952466964722,0.0471559539437294,1.0999919420650275,4.271440492796476,0.000999000999000999,0.0517146959900856,0.04609856382012367,0.046236563473939896,1.1184805293592661,4.937554470511477,0.000999000999000999
h2_chr21_19112010_19116105,h2,,,chr21,19112010,19116105,tfbs,0.021001221001221003,0.0005998174310661852,0.0004402112099342048,0.00038372669951058924,1.5631370760262482,2.1327489412477414,0.027972027972027972,0.0005998174310661852,0.0003171189746353775,0.00025440086028538644,2.3577649477808804,4.2489967258329475,0.000999000999000999
h2_chr21_38658585_38662680,h2,,,chr21,38658585,38662680,promoter,0.16043956043956045,0.0391586609184742,0.025948375463485718,0.02520880103111267,1.5533726046766216,17.579568167334276,0.000999000999000999,0.0358608141541481,0.01864825375378132,0.018162034451961517,1.9744932347199187,26.187869714317408,0.000999000999000999
h2_chr21_38658585_38662680,h2,,,chr21,38658585,38662680,tfbs,0.024175824175824177,0.0003635419416241348,0.0005312862922437489,0.0006440144497901201,0.5644934546773145,-2.2001927602025866,0.994005994005994,0.00020773825235664845,0.00012178556789876893,0.00015016880934126675,1.3833648496509818,0.9050928865135248,0.22777222777222778
h2_chr3_108979737_108983832,h2,,,chr3,108979737,108983832,promoter,0.16776556776556775,0.019917713478207588,0.028130821883678436,0.027432521805167198,0.7260620667566874,-8.693378985717649,1.0,0.019590746611356735,0.027511214837431908,0.026767363771796227,0.7318892804826291,-8.267132511988827,1.0
h2_chr3_108979737_108983832,h2,,,chr3,108979737,108983832,tfbs,0.0231990231990232,0.000381460995413363,0.00049263407709077,0.00048549086204729974,0.785722297232854,-0.8741884515399199,0.8421578421578422,5.4494426876772195e-05,0.0001828304521040991,0.00016509086708538234,0.33008747145648315,-1.7578975672037416,0.984015984015984
h2_chr3_127665795_127669890,h2,,,chr3,127665795,127669890,promoter,0.10378510378510379,0.008325671777129173,0.011337128467857838,0.010610328055918217,0.7846761884506757,-4.3941368811153225,1.0,0.006972111761569977,0.009594113565981388,0.008861297741532326,0.7868048185416615,-4.009034665473607,1.0
h2_chr3_127665795_127669890,h2,,,chr3,127665795,127669890,tfbs,0.018315018315018316,0.0003830830391962081,0.000287310074781999,0.0002830472949426621,1.353424131023088,1.2063955916676903,0.14785214785214784,0.00012769435124937445,7.176367216743529e-05,6.269792356761172e-05,2.0366599718676865,1.6239619180587446,0.0989010989010989
h2_chr3_17001367_17005462,h2,,,chr3,17001367,17005462,promoter,0.17216117216117216,0.030310047790408134,0.029257943853735924,0.02925308234989643,1.0361317630692495,1.2035574102329232,0.12087912087912088,0.02966679446399212,0.028657404705882072,0.028631698340177536,1.0361521035712395,1.1931025173026144,0.11788211788211789
h2_chr3_17001367_17005462,h2,,,chr3,17001367,17005462,tfbs,0.04151404151404151,0.0020326771773397923,0.0017334362491965294,0.0018754663178697228,1.0838249442136823,0.704302809877615,0.26873126873126874,0.0012607744429260492,0.0008696771110408008,0.0009149363031610847,1.3779914935827788,2.225303259140378,0.01898101898101898
h2_chr7_120066194_120070289,h2,,,chr7,120066194,120070289,promoter,0.17582417582417584,0.04833098128437996,0.03162025660276413,0.030178649351000786,1.6014958364191074,21.943983836072988,0.000999000999000999,0.04762504994869232,0.03037656471133232,0.028937727212905884,1.6457771406267219,22.929126174137817,0.000999000999000999
h2_chr7_120066194_120070289,h2,,,chr7,120066194,120070289,tfbs,0.03540903540903541,0.0026220250874757767,0.0012507522478699684,0.001166422967799008,2.2479196310952534,8.16931119791369,0.000999000999000999,0.001260588993318379,0.0005143185844644904,0.0004450131091289222,2.8327008069175346,7.815684877808516,0.000999000999000999
h2_chr7_137924469_137928564,h2,,,chr7,137924469,137928564,promoter,0.14163614163614163,0.030941715463995934,0.021224260330200195,0.02014634571969509,1.5358475375386453,15.576388309148866,0.000999000999000999,0.027731027454137802,0.01944001391530037,0.018664250150322914,1.4857831003544506,13.400572874614962,0.000999000999000999
h2_chr7_137924469_137928564,h2,,,chr7,137924469,137928564,tfbs,0.024664224664224663,0.0008544574375264347,0.0006056232377886772,0.0007201263797469437,1.1865381710175589,0.9459240255107118,0.1958041958041958,0.0006473162211477757,0.0002993161615449935,0.00036596666905097663,1.76878463502262,2.922484204550075,0.001998001998001998
h2_chr7_4391321_4395416,h2,,,chr7,4391321,4395416,promoter,0.1514041514041514,0.02900523506104946,0.02366361767053604,0.02245377004146576,1.2917757244099766,8.724098560887766,0.000999000999000999,0.028403140604496002,0.02245810627937317,0.021314319223165512,1.3325849306801218,9.543876983262464,0.000999000999000999
h2_chr7_4391321_4395416,h2,,,chr7,4391321,4395416,tfbs,0.07301587301587302,0.062198951840400696,0.005609225481748581,0.009149057790637016,6.79839971106686,110.99087390478455,0.000999000999000999,0.062198951840400696,0.0047814673744142056,0.008433298207819462,7.375400502584983,121.59144169451669,0.000999000999000999
h2_chrX_127567034_127571129,h2,,,chrX,127567034,127571129,promoter,0.22612942612942613,0.05425724387168884,0.050872962921857834,0.051735009998083115,1.048752940681739,2.2101057923583336,0.011988011988011988,0.052040062844753265,0.04114700108766556,0.041776955127716064,1.245664330625866,10.660139626250595,0.000999000999000999
h2_chrX_127567034_127571129,h2,,,chrX,127567034,127571129,tfbs,0.03296703296703297,0.0016055455198511481,0.0010456350864842534,0.0011508703464642167,1.3950707173782138,2.747380429531651,0.005994005994005994,0.0006880909204483032,0.0003934829728677869,0.0003723846166394651,1.8477963097882164,3.209772781845628,0.003996003996003996
h2_chrX_130740848_130744943,h2,,,chrX,130740848,130744943,promoter,0.18705738705738706,0.04072500392794609,0.03563094139099121,0.03503924235701561,1.1622683936198772,6.297627754355959,0.000999000999000999,0.0383116714656353,0.03213489428162575,0.03165564686059952,1.210263421068178,7.771640401133474,0.000999000999000999
h2_chrX_130740848_130744943,h2,,,chrX,130740848,130744943,tfbs,0.027594627594627594,0.000477638968732208,0.0007730172364972532,0.000739209121093154,0.6461486406253593,-1.999816205675195,0.989010989010989,0.00022625003475695848,0.00036627191002480686,0.00033864605939015746,0.6681017790798905,-1.2264675642050655,0.9050949050949051
h2_chrX_83970161_83974256,h2,,,chrX,83970161,83974256,promoter,0.16874236874236875,0.028408806771039963,0.02935950830578804,0.028561437502503395,0.9946560556887217,-0.17619649684130856,0.5664335664335665,0.027360327541828156,0.026463676244020462,0.025546032935380936,1.0710206007733767,2.3958158658769917,0.005994005994005994
h2_chrX_83970161_83974256,h2,,,chrX,83970161,83974256,tfbs,0.03882783882783883,0.0036447150632739067,0.001561752986162901,0.0013735084794461727,2.6535803148033943,12.352521926309933,0.000999000999000999,0.0025463078636676073,0.000846032751724124,0.0007081731455400586,3.595600708250201,13.72514239835988,0.000999000999000999
h3_chr10_110104373_110108468,h3,,,chr10,110104373,110108468,promoter,0.1907203907203907,0.022442825138568878,0.03620022535324097,0.03573726862668991,0.6279949755815347,-14.845293495044437,1.0,0.02106056734919548,0.032895587384700775,0.03275983780622482,0.642877644076543,-13.465155302010428,1.0
h3_chr10_110104373_110108468,h3,,,chr10,110104373,110108468,tfbs,0.033455433455433455,0.0008796179899945855,0.0011342179495841265,0.0011577783152461052,0.7597464716789137,-1.6185476871699298,0.968031968031968,0.0006282985559664667,0.0005089278565719724,0.0005899975076317787,1.0649173053093504,0.32280123737522703,0.41058941058941056
h3_chr10_19287595_19291690,h3,,,chr10,19287595,19291690,promoter,0.19242979242979244,0.02986818365752697,0.03762403130531311,0.03746013715863228,0.7973324692070481,-8.067142914840955,1.0,0.029131637886166573,0.03516754135489464,0.03512836620211601,0.8292909985780034,-6.525587607192885,1.0
h3_chr10_19287595_19291690,h3,,,chr10,19287595,19291690,tfbs,0.01733821733821734,0.00033017550595104694,0.0002651546965353191,0.00023767557286191732,1.3891856953380288,1.2054688606739388,0.16483516483516483,0.00022858304146211594,9.092469554161653e-05,5.823788160341792e-05,3.9249889448022204,4.434870070311414,0.000999000999000999
h3_chr10_4663039_4667134,h3,,,chr10,4663039,4667134,promoter,0.189010989010989,0.04602521285414696,0.035534970462322235,0.03665672615170479,1.2555734700275865,10.330994670354302,0.000999000999000999,0.040503229945898056,0.031323421746492386,0.031955014914274216,1.267507777873243,9.578922266674528,0.000999000999000999
h3_chr10_4663039_4667134,h3,,,chr10,4663039,4667134,tfbs,0.045177045177045176,0.0024223795626312494,0.002016303362324834,0.0018754167249426246,1.2916486935485543,2.4462297395465282,0.01098901098901099,0.0017191082006320357,0.0009027913329191506,0.0008865128038451076,1.9391803402902685,5.467357074083234,0.000999000999000999
h3_chr1_117801428_117805523,h3,,,chr1,117801428,117805523,promoter,0.1702075702075702,0.029861964285373688,0.028889590874314308,0.029478443786501884,1.0130102016798939,0.4583801563429945,0.33266733266733267,0.028258636593818665,0.02632325328886509,0.02721414528787136,1.0383804560054586,1.3098377190888653,0.0979020979020979
h3_chr1_117801428_117805523,h3,,,chr1,117801428,117805523,tfbs,0.027594627594627594,0.0012776511721313,0.0007004569633863866,0.0006890046643093228,1.8543432843260248,4.760929464202592,0.000999000999000999,0.0009269233560189605,0.0003121492627542466,0.00032970914617180824,2.811336496974062,6.7521252860463665,0.000999000999000999
h3_chr1_188000709_188004804,h3,,,chr1,188000709,188004804,promoter,0.1956043956043956,0.04130569472908974,0.037879578769207,0.03654194995760918,1.1303637265391362,4.931247785275629,0.000999000999000999,0.038624174892902374,0.03519006446003914,0.03430216386914253,1.125998203502486,4.819090903249712,0.000999000999000999
h3_chr1_188000709_188004804,h3,,,chr1,188000709,188004804,tfbs,0.028815628815628817,0.0007735148537904024,0.000725042016711086,0.000548396201338619,1.4105036685197225,1.9256036604059592,0.04595404595404595,0.0004383250779937953,0.00048422079998999834,0.00031489788671024144,1.39195941444068,1.3983196790633832,0.0999000999000999
h3_chr1_236620149_236624244,h3,,,chr1,236620149,236624244,promoter,0.16092796092796094,0.037992171943187714,0.025848664343357086,0.025487810373306274,1.490601640028577,15.53984365776931,0.000999000999000999,0.03709673136472702,0.02370266802608967,0.023810653015971184,1.5579888270953381,18.042937895980806,0.000999000999000999
h3_chr1_236620149_236624244,h3,,,chr1,236620149,236624244,tfbs,0.02735042735042735,0.0012024458264932036,0.0006807935424149036,0.0006050604861229658,1.9873150768745322,4.959393314050029,0.000999000999000999,0.0011256940197199583,0.0002361414663027972,0.00024368715821765363,4.619422820444745,11.211530973606838,0.000999000999000999
h3_chr14_101543080_101547175,h3,,,chr14,101543080,101547175,promoter,0.12112332112332112,0.02217741869390011,0.014891766011714935,0.015216567553579807,1.4574521235364089,11.480237556361269,0.000999000999000999,0.020901387557387352,0.012401212938129902,0.01262760255485773,1.6552142393289664,14.400557289769202,0.000999000999000999
h3_chr14_101543080_101547175,h3,,,chr14,101543080,101547175,tfbs,0.029304029304029304,0.0015057165874168277,0.0008725484367460012,0.0010110759176313877,1.4892220862546282,3.1653174210662223,0.004995004995004995,0.0012505104532465339,0.00022151859593577683,0.0002915986115112901,4.28846504709134,11.124300910881743,0.000999000999000999
h3_chr14_26677340_26681435,h3,,,chr14,26677340,26681435,promoter,0.17606837606837608,0.042300134897232056,0.031211579218506813,0.03162152320146561,1.3377007371761116,12.307355929549525,0.000999000999000999,0.040981486439704895,0.029784856364130974,0.030513107776641846,1.3430780876104897,12.099168233959057,0.000999000999000999
h3_chr14_26677340_26681435,h3,,,chr14,26677340,26681435,tfbs,0.03467643467643468,0.0013445030199363828,0.001093183527700603,0.0011003464460372925,1.221890637061062,1.4662485952135014,0.07792207792207792,0.0011118005495518446,0.00034853629767894745,0.0003625504323281348,3.066609360833925,8.085863171843497,0.000999000999000999
h3_chr14_33378322_33382417,h3,,,chr14,33378322,33382417,promoter,0.18803418803418803,0.03145572543144226,0.035528697073459625,0.034889593720436096,0.9015790118822021,-3.8639213254390494,1.0,0.03115873970091343,0.03471669927239418,0.034014228731393814,0.916050160859744,-3.2985013269465973,1.0
h3_chr14_33378322_33382417,h3,,,chr14,33378322,33382417,tfbs,0.032722832722832725,0.0023263872135430574,0.0010042941430583596,0.0009043211466632783,2.57252329233575,9.560163346316163,0.000999000999000999,0.0011631936067715287,0.0002838652872014791,0.0002627580252010375,4.426862341812637,11.058554570834797,0.000999000999000999
h3_chr17_22742263_22746358,h3,,,chr17,22742263,22746358,promoter,0.11330891330891331,0.013315741904079914,0.012639167718589306,0.013108530081808567,1.0158074033456204,0.3770909438353689,0.36163836163836166,0.013193579390645027,0.012102141045033932,0.01252251397818327,1.0535887133870154,1.203978319480939,0.12287712287712288
h3_chr17_22742263_22746358,h3,,,chr17,22742263,22746358,tfbs,0.011965811965811967,0.0008062742999754846,0.00012509430234786123,0.00011991496285190806,6.723717214266355,12.568736522493783,0.000999000999000999,0.0005375161999836564,4.739901487482712e-05,4.500476279645227e-05,11.943540340713202,15.164382832791862,0.000999000999000999
h3_chr17_35243344_35247439,h3,,,chr17,35243344,35247439,promoter,0.14407814407814407,0.014517461881041527,0.02122742123901844,0.020768366754055023,0.69901798504242,-8.885717011495528,1.0,0.01128848921507597,0.018428046256303787,0.018143443390727043,0.62218008852969,-10.220533021598404,1.0
h3_chr17_35243344_35247439,h3,,,chr17,35243344,35247439,tfbs,0.022222222222222223,0.00033581317984499037,0.00047736900160089135,0.0005596972769126296,0.5999907337362511,-1.9395472888887937,0.987012987012987,0.0001291589142056182,0.00011288433597655967,0.00011350485874572769,1.1379152895556528,0.2895326470557956,0.44655344655344653
h3_chr17_72349260_72353355,h3,,,chr17,72349260,72353355,promoter,0.12405372405372406,0.01859264075756073,0.015751246362924576,0.01573082059621811,1.1819244039964856,4.4660630791935825,0.000999000999000999,0.018411878496408463,0.014134210534393787,0.014700633473694324,1.2524547686570875,6.252446481216145,0.000999000999000999
h3_chr17_72349260_72353355,h3,,,chr17,72349260,72353355,tfbs,0.025885225885225887,0.0003098773304373026,0.0006161364144645631,0.0005313362926244736,0.5832037727118162,-1.9645643623233053,0.991008991008991,0.0001291155640501529,0.00016345949552487582,0.00012741122918669134,1.0133766456405837,0.030956272919822697,0.5614385614385614
h3_chr21_12003041_12007136,h3,,,chr21,12003041,12007136,promoter,0.07277167277167278,0.007260941434651613,0.005376819521188736,0.00515182688832283,1.4093915793462155,5.754706211389055,0.000999000999000999,0.007160444278270006,0.005185624584555626,0.004971006419509649,1.4404415673589752,6.431173625631097,0.000999000999000999
h3_chr21_12003041_12007136,h3,,,chr21,12003041,12007136,tfbs,0.008791208791208791,0.00010049746197182685,9.496929123997688e-05,5.607758430414833e-05,1.792114678598817,1.163718067083488,0.18981018981018982,0.00010049746197182685,9.496929123997688e-05,5.73840516153723e-05,1.751313459799432,1.0946727585459335,0.21578421578421578
h3_chr21_19112010_19116105,h3,,,chr21,19112010,19116105,promoter,0.21636141636141637,0.06579852849245071,0.04588866978883743,0.04727640002965927,1.3917838171089894,17.813140560508007,0.000999000999000999,0.06288708746433258,0.04504356533288956,0.04623531922698021,1.3601525525454874,15.650835212125225,0.000999000999000999
h3_chr21_19112010_19116105,h3,,,chr21,19112010,19116105,tfbs,0.021001221001221003,0.0002911439223680645,0.00044465254177339375,0.00037644911208190024,0.7733951629157336,-0.8411025893901286,0.8291708291708292,0.0002382086677243933,0.00032396113965660334,0.0002352178271394223,1.0127151951930846,0.03838070471783565,0.5324675324675324
h3_chr21_38658585_38662680,h3,,,chr21,38658585,38662680,promoter,0.16043956043956045,0.02802421525120735,0.02639441192150116,0.02500469610095024,1.1207580823244783,3.862412059762729,0.001998001998001998,0.022283686324954033,0.01964075118303299,0.018306361511349678,1.2172646274432235,6.024722463908934,0.000999000999000999
h3_chr21_38658585_38662680,h3,,,chr21,38658585,38662680,tfbs,0.024175824175824177,0.000782799266744405,0.0005808310233987868,0.0006641530198976398,1.1786429381365324,0.9110815536365173,0.2097902097902098,0.0006001461297273636,0.00014351170102600008,0.00018239223572891206,3.290414898029735,6.1269987483628885,0.000999000999000999
h3_chr3_108979737_108983832,h3,,,chr3,108979737,108983832,promoter,0.16776556776556775,0.03200438991189003,0.02793973684310913,0.027114979922771454,1.1803213575316867,6.128341035762398,0.000999000999000999,0.030828718096017838,0.027275612577795982,0.02641879953444004,1.1669235029331648,5.519383563225618,0.000999000999000999
h3_chr3_108979737_108983832,h3,,,chr3,108979737,108983832,tfbs,0.0231990231990232,0.0006270247395150363,0.0004935213946737349,0.0004362263425718993,1.4373839411398899,1.8054846717030137,0.053946053946053944,0.00023513428459409624,0.00016981942462734878,9.238165512215346e-05,2.5452486674241257,2.933776624855627,0.008991008991008992
h3_chr3_127665795_127669890,h3,,,chr3,127665795,127669890,promoter,0.10378510378510379,0.018299469724297523,0.01105969212949276,0.010430335998535156,1.7544468104256195,15.253771986210634,0.000999000999000999,0.017108839005231857,0.009518339298665524,0.008963790722191334,1.9086611385154408,17.759374713448935,0.000999000999000999
h3_chr3_127665795_127669890,h3,,,chr3,127665795,127669890,tfbs,0.018315018315018316,0.000517665350344032,0.000364437437383458,0.00029794228612445295,1.7374685449241636,2.575752222911493,0.01098901098901099,0.000129416337586008,9.059168951353058e-05,5.1145329052815214e-05,2.530364746551269,2.1472078376235633,0.04795204795204795
h3_chr3_17001367_17005462,h3,,,chr3,17001367,17005462,promoter,0.17216117216117216,0.03370990231633186,0.029119735583662987,0.029637275263667107,1.1374157042586661,4.712303915827354,0.000999000999000999,0.032595738768577576,0.028538299724459648,0.028914934024214745,1.1272977050986992,4.310087940845037,0.000999000999000999
h3_chr3_17001367_17005462,h3,,,chr3,17001367,17005462,tfbs,0.04151404151404151,0.002435611793771386,0.0018427687464281917,0.0019376068376004696,1.2570206434591475,2.316174278466188,0.013986013986013986,0.0016323780873790383,0.0009283802355639637,0.0009373995708301663,1.7413898386292146,4.472799250390188,0.000999000999000999
h3_chr7_120066194_120070289,h3,,,chr7,120066194,120070289,promoter,0.17582417582417584,0.03801052272319794,0.030781401321291924,0.030001530423760414,1.2669527916180774,9.50360235474025,0.000999000999000999,0.03655725345015526,0.02953810803592205,0.028585467487573624,1.2788754798586746,9.756964008924406,0.000999000999000999
h3_chr7_120066194_120070289,h3,,,chr7,120066194,120070289,tfbs,0.03540903540903541,0.0016787772765383124,0.0012119726743549109,0.00115161610301584,1.4577577303251912,3.045950361579138,0.003996003996003996,0.001177649712190032,0.00048508975305594504,0.0004420947516337037,2.6637948264216678,6.976629229146401,0.000999000999000999
h3_chr7_137924469_137928564,h3,,,chr7,137924469,137928564,promoter,0.14163614163614163,0.018612386658787727,0.020155899226665497,0.020562464371323586,0.9051632295954061,-2.6609116177878285,0.997002997002997,0.017292359843850136,0.018506931141018867,0.019042400643229485,0.9080976799003767,-2.5656968516112646,0.998001998001998
h3_chr7_137924469_137928564,h3,,,chr7,137924469,137928564,tfbs,0.024664224664224663,0.0007128147990442812,0.0006679296493530273,0.0008646971546113491,0.8243519655903879,-0.9992004310320068,0.8731268731268731,0.0005544115556403995,0.00031944463262334466,0.0004654152726288885,1.1912190859333371,0.8252605835314191,0.23376623376623376
h3_chr7_4391321_4395416,h3,,,chr7,4391321,4395416,promoter,0.1514041514041514,0.02516261115670204,0.023325210437178612,0.022373449057340622,1.124663930546118,3.5890815385219206,0.000999000999000999,0.024151960387825966,0.022171245887875557,0.021185338497161865,1.1400318381064116,4.19292040101378,0.000999000999000999
h3_chr7_4391321_4395416,h3,,,chr7,4391321,4395416,tfbs,0.07301587301587302,0.09290212392807007,0.006412754766643047,0.010500608012080193,8.847309014982073,161.53428991698422,0.000999000999000999,0.09277255088090897,0.005630401894450188,0.00988776609301567,9.382559215922376,165.58489170610204,0.000999000999000999
h3_chrX_127567034_127571129,h3,,,chrX,127567034,127571129,promoter,0.22612942612942613,0.049143727868795395,0.052644032984972,0.05220293253660202,0.9413978387964763,-2.663707348639722,0.996003996003996,0.04404811933636665,0.04184721037745476,0.0419485978782177,1.0500498601703958,2.0743889440162633,0.015984015984015984
h3_chrX_127567034_127571129,h3,,,chrX,127567034,127571129,tfbs,0.03296703296703297,0.0012607690878212452,0.0010682304855436087,0.0012584838550537825,1.0018158618072737,0.012475295078780488,0.5184815184815185,0.0009718428482301533,0.00041079724906012416,0.00039041813579387963,2.489235922030107,5.935309244314395,0.000999000999000999
h3_chrX_130740848_130744943,h3,,,chrX,130740848,130744943,promoter,0.18705738705738706,0.034842006862163544,0.036107830703258514,0.03460634499788284,1.0068097877512092,0.2699396385567553,0.4035964035964036,0.03243402764201164,0.032503705471754074,0.03127291053533554,1.0371285271118,1.2989978725385558,0.1018981018981019
h3_chrX_130740848_130744943,h3,,,chrX,130740848,130744943,tfbs,0.027594627594627594,0.0011057053925469518,0.0007039689226076007,0.0006729814922437072,1.6429952462147979,3.4630246742848825,0.002997002997002997,0.0005159958964213729,0.0003437530540395528,0.0003379772824700922,1.5267176913496654,1.9907325258887174,0.03996003996003996
h3_chrX_83970161_83974256,h3,,,chrX,83970161,83974256,promoter,0.16874236874236875,0.021187210455536842,0.029418019577860832,0.028900055214762688,0.7331200683905275,-8.991090990022691,1.0,0.017686262726783752,0.026331458240747452,0.025775626301765442,0.6861622883465056,-10.293057592124038,1.0
h3_chrX_83970161_83974256,h3,,,chrX,83970161,83974256,tfbs,0.03882783882783883,0.0020487019792199135,0.0015186438104137778,0.0013053084257990122,1.5695156322658772,3.9474795664277034,0.000999000999000999,0.0018153056735172868,0.0007943316595628858,0.0006587743991985917,2.7555801739193746,8.617783469746488,0.000999000999000999
h4_chr10_110104373_110108468,h4,,,chr10,110104373,110108468,promoter,0.1907203907203907,0.04894004389643669,0.03708718717098236,0.0355212464928627,1.3777682015260988,14.81414167105297,0.000999000999000999,0.04392307251691818,0.03377965837717056,0.03259778395295143,1.3474251065751157,12.984575096750168,0.000999000999000999
h4_chr10_110104373_110108468,h4,,,chr10,110104373,110108468,tfbs,0.033455433455433455,0.0023609267082065344,0.0010914434678852558,0.001148492330685258,2.055674770416505,7.186101177595278,0.000999000999000999,0.0013526142574846745,0.0004894034354947507,0.000550366472452879,2.457661077093467,6.83691237468281,0.000999000999000999
h4_chr10_19287595_19291690,h4,,,chr10,19287595,19291690,promoter,0.19242979242979244,0.03830733895301819,0.0390254445374012,0.03714670240879059,1.0312446723118265,1.2524267216154708,0.11288711288711288,0.035153768956661224,0.03652920946478844,0.0349288135766983,1.0064403956770234,0.24000648843427896,0.41058941058941056
h4_chr10_19287595_19291690,h4,,,chr10,19287595,19291690,tfbs,0.01733821733821734,0.00031780177960172296,0.00027086742920801044,0.00024693197337910533,1.2870013358448884,0.891396932819925,0.23476523476523475,0.00019557033374439925,9.314123599324375e-05,7.480564818251878e-05,2.6143792413538876,2.795649183821933,0.015984015984015984
h4_chr10_4663039_4667134,h4,,,chr10,4663039,4667134,promoter,0.189010989010989,0.020986124873161316,0.03786099702119827,0.036762986332178116,0.5708492961789794,-16.62109793980604,1.0,0.0186323095113039,0.033411819487810135,0.032226983457803726,0.578158658122627,-15.875444952097977,1.0
h4_chr10_4663039_4667134,h4,,,chr10,4663039,4667134,tfbs,0.045177045177045176,0.0020812684670090675,0.001935814623720944,0.0019109513377770782,1.0891268793009201,0.7796771469825583,0.22877122877122877,0.0010654112556949258,0.0008265554206445813,0.0008737363968975842,1.2193737830745408,1.2936106605697495,0.12287712287712288
h4_chr1_117801428_117805523,h4,,,chr1,117801428,117805523,promoter,0.1702075702075702,0.037739139050245285,0.029902080073952675,0.02906312234699726,1.2985232143904322,10.552479374914292,0.000999000999000999,0.035547029227018356,0.027326354756951332,0.026691412553191185,1.3317777452272157,10.683024920285463,0.000999000999000999
h4_chr1_117801428_117805523,h4,,,chr1,117801428,117805523,tfbs,0.027594627594627594,0.00047329612425528467,0.0007186622824519873,0.0007196592050604522,0.6576670192324258,-1.7888654000441881,0.972027972027972,0.0003487445064820349,0.0003203465021215379,0.00032251395168714225,1.0813315351403399,0.29615355263094123,0.4085914085914086
h4_chr1_188000709_188004804,h4,,,chr1,188000709,188004804,promoter,0.1956043956043956,0.035828836262226105,0.03884594514966011,0.037409208714962006,0.9577544538624838,-1.6875658384949552,0.958041958041958,0.03553047031164169,0.03617580607533455,0.034907929599285126,1.0178337907605186,0.6841263808165661,0.23976023976023977
h4_chr1_188000709_188004804,h4,,,chr1,188000709,188004804,tfbs,0.028815628815628817,0.0003729580494109541,0.0007300056167878211,0.0006822894793003798,0.5466272905063487,-2.3386945461910758,0.999000999000999,0.0001491832226747647,0.0004343732143752277,0.000384022481739521,0.38847523196820105,-2.422354333860217,0.998001998001998
h4_chr1_236620149_236624244,h4,,,chr1,236620149,236624244,promoter,0.16092796092796094,0.03920435905456543,0.027350177988409996,0.025319412350654602,1.5483913493573578,18.081026174489622,0.000999000999000999,0.038224879652261734,0.02522643841803074,0.023484015837311745,1.627697746291309,19.086709861201125,0.000999000999000999
h4_chr1_236620149_236624244,h4,,,chr1,236620149,236624244,tfbs,0.02735042735042735,0.0007032172288745642,0.0006929277442395687,0.0006101413746364415,1.1525480128168375,0.7666202100949315,0.23576423576423577,0.0006529873935505748,0.0002644628402777016,0.00024881333229131997,2.6244067692724466,5.164927490146526,0.000999000999000999
h4_chr14_101543080_101547175,h4,,,chr14,101543080,101547175,promoter,0.12112332112332112,0.027584154158830643,0.014934344217181206,0.015077097341418266,1.829540098746611,21.052990496301636,0.000999000999000999,0.02497953549027443,0.012508334591984749,0.012374693527817726,2.0185983138993797,22.99837125939797,0.000999000999000999
h4_chr14_101543080_101547175,h4,,,chr14,101543080,101547175,tfbs,0.029304029304029304,0.00253020110540092,0.0008374445023946464,0.0009466673363931477,2.6727457556961025,10.046105158594612,0.000999000999000999,0.0011906828731298447,0.00020291161490604281,0.00024461091379635036,4.867660459831902,11.97489002898792,0.000999000999000999
h4_chr14_26677340_26681435,h4,,,chr14,26677340,26681435,promoter,0.17606837606837608,0.052063364535570145,0.031295452266931534,0.03039698302745819,1.7127806561769727,25.139318776719243,0.000999000999000999,0.050650790333747864,0.02996687963604927,0.029094615951180458,1.7408990865780032,25.128405007737015,0.000999000999000999
h4_chr14_26677340_26681435,h4,,,chr14,26677340,26681435,tfbs,0.03467643467643468,0.0011351023567840457,0.0011832781601697206,0.0011219603475183249,1.011713434699176,0.07962483806995342,0.5124875124875125,0.0003531429683789611,0.00038240241701714694,0.00035669960197992623,0.9900290508281383,-0.03726133956505264,0.5534465534465535
h4_chr14_33378322_33382417,h4,,,chr14,33378322,33382417,promoter,0.18803418803418803,0.042373087257146835,0.037022676318883896,0.034929223358631134,1.2131127801522188,7.774691858078929,0.000999000999000999,0.04198165237903595,0.03618671000003815,0.034115009009838104,1.2305918596395287,8.765768103667403,0.000999000999000999
h4_chr14_33378322_33382417,h4,,,chr14,33378322,33382417,tfbs,0.032722832722832725,0.0010764525504782796,0.0010042826179414988,0.0009472048841416836,1.1364516468406038,0.8588151568948246,0.22477522477522477,0.0005382262752391398,0.0002735171583481133,0.0002741529024206102,1.963233912487943,3.3705644172690734,0.002997002997002997
h4_chr17_22742263_22746358,h4,,,chr17,22742263,22746358,promoter,0.11330891330891331,0.010142088867723942,0.01287792157381773,0.013268629088997841,0.7643659943839728,-5.420669195943174,1.0,0.00949735939502716,0.012282045558094978,0.012734469957649708,0.7457993482737783,-5.809165115136362,1.0
h4_chr17_22742263_22746358,h4,,,chr17,22742263,22746358,tfbs,0.011965811965811967,0.0006943239131942391,0.00012795346265193075,0.00011818383791251108,5.8749480932260125,10.722472053512096,0.000999000999000999,0.0005951347993686795,6.02571562922094e-05,4.495746907196008e-05,13.237729161668144,16.320894237014056,0.000999000999000999
h4_chr17_35243344_35247439,h4,,,chr17,35243344,35247439,promoter,0.14407814407814407,0.028088638558983803,0.02194766327738762,0.020719261839985847,1.3556775707508983,10.296325664170515,0.000999000999000999,0.026309939101338387,0.01938265934586525,0.01800709217786789,1.4610876004552995,12.782221827138969,0.000999000999000999
h4_chr17_35243344_35247439,h4,,,chr17,35243344,35247439,tfbs,0.022222222222222223,0.00027174584101885557,0.0004483753291424364,0.0005376615445129573,0.5054217542469353,-2.3253045064065976,0.998001998001998,9.88166721072048e-05,0.00011709636601153761,0.00012379258987493813,0.7982438383996543,-0.46520869389802066,0.7602397602397603
h4_chr17_72349260_72353355,h4,,,chr17,72349260,72353355,promoter,0.12405372405372406,0.02380952425301075,0.01633615605533123,0.015334749594330788,1.5526516495458824,14.512236304751987,0.000999000999000999,0.02269228920340538,0.014735784381628036,0.013890113681554794,1.6337007546266038,15.287251601484323,0.000999000999000999
h4_chr17_72349260_72353355,h4,,,chr17,72349260,72353355,tfbs,0.025885225885225887,0.0007448234828189015,0.0006462562596425414,0.0006106311338953674,1.2197600834197364,1.100840233310666,0.15784215784215785,0.0005213764379732311,0.00017577773542143404,0.00014941158588044345,3.4895315172574866,6.327844555412949,0.000999000999000999
h4_chr21_12003041_12007136,h4,,,chr21,12003041,12007136,promoter,0.07277167277167278,0.008727449923753738,0.005326447077095509,0.005134885199368,1.6996387620949949,10.563458883797026,0.000999000999000999,0.008703071624040604,0.0051426333375275135,0.00495082838460803,1.757902102019569,10.733704244150088,0.000999000999000999
h4_chr21_12003041_12007136,h4,,,chr21,12003041,12007136,tfbs,0.008791208791208791,0.00024378352100029588,8.33742888062261e-05,6.309118180070072e-05,3.863987233118976,4.712084706907406,0.001998001998001998,0.00024378352100029588,8.33742888062261e-05,6.24085878371261e-05,3.9062495955928687,4.629788611580535,0.000999000999000999
h4_chr21_19112010_19116105,h4,,,chr21,19112010,19116105,promoter,0.21636141636141637,0.06639078259468079,0.048284731805324554,0.04655907675623894,1.4259471454357049,19.738466934344906,0.000999000999000999,0.06562912464141846,0.04740730673074722,0.04566052928566933,1.4373272861297366,18.871028208474403,0.000999000999000999
h4_chr21_19112010_19116105,h4,,,chr21,19112010,19116105,tfbs,0.021001221001221003,0.0005585457547567785,0.0004252562066540122,0.0003782623971346766,1.4766092505830386,1.8688914997869606,0.04395604395604396,0.0005585457547567785,0.0003044072655029595,0.00024471920914947987,2.282394409078065,4.0384474651556035,0.000999000999000999
h4_chr21_38658585_38662680,h4,,,chr21,38658585,38662680,promoter,0.16043956043956045,0.04320770874619484,0.02660907432436943,0.025102145969867706,1.7212754956512808,23.32604845515113,0.000999000999000999,0.0391930527985096,0.020114442333579063,0.0177968330681324,2.2022487174243364,31.011514403676863,0.000999000999000999
h4_chr21_38658585_38662680,h4,,,chr21,38658585,38662680,tfbs,0.024175824175824177,0.0008782054646871984,0.0005254118586890399,0.0006044061155989766,1.4530055901517178,2.1808190687338804,0.023976023976023976,0.0005520148552022874,0.0001500459766248241,0.00014543083671014756,3.795720822967459,7.029035654312291,0.000999000999000999
h4_chr3_108979737_108983832,h4,,,chr3,108979737,108983832,promoter,0.16776556776556775,0.02875571697950363,0.028465112671256065,0.02719828486442566,1.0572621443904,1.9260997381570675,0.028971028971028972,0.02770211175084114,0.02782086469233036,0.02654695138335228,1.0435138615657866,1.437074672544294,0.07392607392607392
h4_chr3_108979737_108983832,h4,,,chr3,108979737,108983832,tfbs,0.0231990231990232,0.00028267462039366364,0.0005103613948449492,0.0004610166070051491,0.613154962529379,-1.6732658505749323,0.967032967032967,0.00017988384934142232,0.00020044406119268388,0.00012437683471944183,1.4462809714299956,0.9769455942609764,0.2077922077922078
h4_chr3_127665795_127669890,h4,,,chr3,127665795,127669890,promoter,0.10378510378510379,0.01695382222533226,0.011639895848929882,0.010531152598559856,1.6098733796384936,12.945257497595216,0.000999000999000999,0.01600220426917076,0.009929221123456955,0.008864794857800007,1.8051409565434726,15.95988440970569,0.000999000999000999
h4_chr3_127665795_127669890,h4,,,chr3,127665795,127669890,tfbs,0.018315018315018316,0.00017529800243210047,0.00033331973827444017,0.00028508459217846394,0.6148981994872712,-1.3651722498150691,0.942057942057942,5.008514563087374e-05,8.364296809304506e-05,6.265650881687179e-05,0.7993606183398954,-0.3143646578722666,0.7182817182817183
h4_chr3_17001367_17005462,h4,,,chr3,17001367,17005462,promoter,0.17216117216117216,0.028872765600681305,0.02938099391758442,0.02867674082517624,1.0068356713442475,0.23435280226085653,0.40559440559440557,0.028299300000071526,0.02880852296948433,0.028123244643211365,1.0062601367336417,0.22210287082218086,0.4245754245754246
h4_chr3_17001367_17005462,h4,,,chr3,17001367,17005462,tfbs,0.04151404151404151,0.003166529582813382,0.0017099310643970966,0.0018210537964478135,1.7388446123832708,6.4186363197753,0.000999000999000999,0.0014710648683831096,0.0008689282112754881,0.0009009150671772659,1.632856327946905,3.6590563484312866,0.001998001998001998
h4_chr7_120066194_120070289,h4,,,chr7,120066194,120070289,promoter,0.17582417582417584,0.02659190073609352,0.03202228620648384,0.030101830139756203,0.8833981393368161,-3.9438248793734996,1.0,0.024847352877259254,0.030762717127799988,0.028759177774190903,0.8639799465879653,-4.8006067776601755,1.0
h4_chr7_120066194_120070289,h4,,,chr7,120066194,120070289,tfbs,0.03540903540903541,0.001121495384722948,0.0013196304207667708,0.0012272896710783243,0.9137984382591414,-0.620272944298508,0.7472527472527473,0.0005981308640912175,0.0005846747662872076,0.0004720000142697245,1.2672263686615388,1.1773819067125804,0.16883116883116883
h4_chr7_137924469_137928564,h4,,,chr7,137924469,137928564,promoter,0.14163614163614163,0.041534584015607834,0.021424220874905586,0.02028200589120388,2.0478538581640486,29.52098462221115,0.000999000999000999,0.03901355341076851,0.0197128988802433,0.018742278218269348,2.081580102291908,30.628256547922884,0.000999000999000999
h4_chr7_137924469_137928564,h4,,,chr7,137924469,137928564,tfbs,0.024664224664224663,0.0003494496049825102,0.0005798425409011543,0.0007609015447087586,0.4592573210194559,-2.939648788287883,0.999000999000999,0.00029952824115753174,0.00028006170759908855,0.000395552022382617,0.7572410813458019,-0.9061029160205124,0.8481518481518482
h4_chr7_4391321_4395416,h4,,,chr7,4391321,4395416,promoter,0.1514041514041514,0.03702300786972046,0.023926548659801483,0.022529559209942818,1.6433081324281456,19.30348764434557,0.000999000999000999,0.03636639192700386,0.02271104045212269,0.021367400884628296,1.70195673883602,20.945720429044695,0.000999000999000999
h4_chr7_4391321_4395416,h4,,,chr7,4391321,4395416,tfbs,0.07301587301587302,0.06417153030633926,0.006039912346750498,0.00910220481455326,7.050108365364093,119.07213867528877,0.000999000999000999,0.06409576535224915,0.005440618842840195,0.008519811555743217,7.523143549934751,120.54767534276928,0.000999000999000999
h4_chrX_127567034_127571129,h4,,,chrX,127567034,127571129,promoter,0.22612942612942613,0.04360288009047508,0.0517946220934391,0.052621450275182724,0.8286141841863873,-7.9265139472559785,1.0,0.04035612940788269,0.04162989556789398,0.042405180633068085,0.9516792242222518,-2.158540069270859,0.988011988011988
h4_chrX_127567034_127571129,h4,,,chrX,127567034,127571129,tfbs,0.03296703296703297,0.0009131493279710412,0.0010828542290255427,0.0011420707451179624,0.7995558347628664,-1.3085429822535155,0.9240759240759241,0.0001521915546618402,0.0004446576349437237,0.00037997160688973963,0.40053401860103516,-2.270139296684229,0.996003996003996
h4_chrX_130740848_130744943,h4,,,chrX,130740848,130744943,promoter,0.18705738705738706,0.040934666991233826,0.03683847934007645,0.03493456915020943,1.1717524499937457,6.491714916940716,0.000999000999000999,0.039730705320835114,0.03313470631837845,0.031607240438461304,1.2570127847190595,9.487425937302664,0.000999000999000999
h4_chrX_130740848_130744943,h4,,,chrX,130740848,130744943,tfbs,0.027594627594627594,0.0007371188257820904,0.0007680774433538318,0.0007119339425116777,1.0353753090933708,0.19296940104616725,0.44155844155844154,0.00034398879506625235,0.0003833016089629382,0.000318951322697103,1.0784993526831257,0.29380960935402806,0.4255744255744256
h4_chrX_83970161_83974256,h4,,,chrX,83970161,83974256,promoter,0.16874236874236875,0.023961661383509636,0.029903966933488846,0.028544407337903976,0.8394520544727185,-5.691129400857208,1.0,0.023347260430455208,0.026758715510368347,0.025579601526260376,0.912729637578075,-2.952819656490019,0.997002997002997
h4_chrX_83970161_83974256,h4,,,chrX,83970161,83974256,tfbs,0.03882783882783883,0.002433030167594552,0.001505778287537396,0.0014061193214729428,1.7303155787987439,5.637324802135015,0.000999000999000999,0.0019660850521177053,0.000810274388641119,0.0007172523764893413,2.7411342458576327,9.595121129852087,0.000999000999000999
h5_chr10_110104373_110108468,h5,,,chr10,110104373,110108468,promoter,0.1907203907203907,0.034167345613241196,0.03652256354689598,0.035583723336458206,0.9601959100843777,-1.5137778372232997,0.936063936063936,0.03215450420975685,0.03320726379752159,0.03261440247297287,0.9858989210795098,-0.5339231429663275,0.7122877122877123
h5_chr10_110104373_110108468,h5,,,chr10,110104373,110108468,tfbs,0.033455433455433455,0.001222992199473083,0.0010469232220202684,0.0011731297709047794,1.0425037619920319,0.2816392731981993,0.4115884115884116,0.0008408071589656174,0.0004858804168179631,0.0006096870638430119,1.3790798736417287,1.8897116564358782,0.03996003996003996
h5_chr10_19287595_19291690,h5,,,chr10,19287595,19291690,promoter,0.19242979242979244,0.03304869309067726,0.038754697889089584,0.03745771944522858,0.8822932517021417,-4.770973302791813,1.0,0.03176402300596237,0.03615889325737953,0.035101212561130524,0.9049266588908782,-3.706483272316599,1.0
h5_chr10_19287595_19291690,h5,,,chr10,19287595,19291690,tfbs,0.01733821733821734,0.0003022746241185814,0.0002826291020028293,0.0002451698819641024,1.2329190751204924,0.7479892183946036,0.2677322677322677,0.0001763268664944917,9.924765618052334e-05,6.146250962046906e-05,2.8688523716865766,2.9630385883125343,0.013986013986013986
h5_chr10_4663039_4667134,h5,,,chr10,4663039,4667134,promoter,0.189010989010989,0.04062449187040329,0.03581850975751877,0.036288175731897354,1.1194966693984099,4.619830171468784,0.000999000999000999,0.036761924624443054,0.03157885745167732,0.03157976269721985,1.1640975575690258,5.652114545057699,0.000999000999000999
h5_chr10_4663039_4667134,h5,,,chr10,4663039,4667134,tfbs,0.045177045177045176,0.0027010967023670673,0.001967482967302203,0.001871346845291555,1.4433971495787772,3.799655578602426,0.000999000999000999,0.0018097347347065806,0.0008716457523405552,0.0009109718957915902,1.9865977677983242,5.855328824584858,0.000999000999000999
h5_chr1_117801428_117805523,h5,,,chr1,117801428,117805523,promoter,0.1702075702075702,0.029203517362475395,0.029148558154702187,0.029621489346027374,0.9858895689318865,-0.5021773688611602,0.7052947052947053,0.027817673981189728,0.026612214744091034,0.027381183579564095,1.015941253976742,0.5448822717262858,0.2947052947052947
h5_chr1_117801428_117805523,h5,,,chr1,117801428,117805523,tfbs,0.027594627594627594,0.000655126350466162,0.0007508748676627874,0.0006750069442205131,0.970547571510825,-0.14606002686244485,0.5744255744255744,0.0005543376901187003,0.0003227753913961351,0.00031733312061987817,1.746863639811242,2.6583818043805896,0.005994005994005994
h5_chr1_188000709_188004804,h5,,,chr1,188000709,188004804,promoter,0.1956043956043956,0.03816833719611168,0.03816201165318489,0.037114739418029785,1.028387583871061,1.081499945299644,0.13686313686313686,0.03699752688407898,0.035511307418346405,0.03474348783493042,1.0648765909703053,2.4472527153763797,0.017982017982017984
h5_chr1_188000709_188004804,h5,,,chr1,188000709,188004804,tfbs,0.028815628815628817,0.0013008975656703115,0.0007589421002194285,0.0006506048957817256,1.9995200990721647,4.905504450191663,0.000999000999000999,0.000572394928894937,0.0004592158948071301,0.0003572785353753716,1.6020971657128948,2.2564423423080324,0.02197802197802198
h5_chr1_236620149_236624244,h5,,,chr1,236620149,236624244,promoter,0.16092796092796094,0.04627478867769241,0.02617884799838066,0.025223128497600555,1.8346173307603169,25.9678428342271,0.000999000999000999,0.04326297342777252,0.024055790156126022,0.02356078289449215,1.8362281772006053,26.49597782636124,0.000999000999000999
h5_chr1_236620149_236624244,h5,,,chr1,236620149,236624244,tfbs,0.02735042735042735,0.001123050577007234,0.000669740722514689,0.0006016998086124659,1.8664632445155926,4.320554795337456,0.000999000999000999,0.001020955154672265,0.00025166323757730424,0.00025000638561323285,4.083716310557413,9.584796523513683,0.000999000999000999
h5_chr14_101543080_101547175,h5,,,chr14,101543080,101547175,promoter,0.12112332112332112,0.024360505864024162,0.014910973608493805,0.015116163529455662,1.6115534749643843,15.383376259576071,0.000999000999000999,0.022201336920261383,0.01247746217995882,0.01251924131065607,1.7733771855139617,17.232042869303676,0.000999000999000999
h5_chr14_101543080_101547175,h5,,,chr14,101543080,101547175,tfbs,0.029304029304029304,0.0016257271636277437,0.0008811953593976796,0.0009555211290717125,1.7014036782285866,4.42890696904443,0.000999000999000999,0.0012700993102043867,0.00021769513841718435,0.00026374883600510657,4.81556366064795,12.485423040679612,0.000999000999000999
h5_chr14_26677340_26681435,h5,,,chr14,26677340,26681435,promoter,0.17606837606837608,0.05267171561717987,0.03140459209680557,0.0316600576043129,1.663664554103801,22.573058310088204,0.000999000999000999,0.05231766402721405,0.030093513429164886,0.030617516487836838,1.7087494358988211,24.34667410117051,0.000999000999000999
h5_chr14_26677340_26681435,h5,,,chr14,26677340,26681435,tfbs,0.03467643467643468,0.0009532109834253788,0.0011626487830653787,0.0011354648740962148,0.8394896268227559,-1.0230316222377112,0.8721278721278721,0.0005174573743715882,0.0003949029778596014,0.00038354485877789557,1.3491443374326109,1.3033634088688189,0.12987012987012986
h5_chr14_33378322_33382417,h5,,,chr14,33378322,33382417,promoter,0.18803418803418803,0.03112012706696987,0.035919565707445145,0.03468090295791626,0.897327474568144,-3.8937059661089015,1.0,0.02990797534584999,0.03513191267848015,0.033882495015859604,0.8826969599449735,-4.565214932073754,1.0
h5_chr14_33378322_33382417,h5,,,chr14,33378322,33382417,tfbs,0.032722832722832725,0.0016079556662589312,0.0010130138834938407,0.0009048091014847159,1.7771214542608056,4.592873592870076,0.000999000999000999,0.0009152978309430182,0.00027162127662450075,0.0002654858399182558,3.447633332251702,8.043084744040915,0.000999000999000999
h5_chr17_22742263_22746358,h5,,,chr17,22742263,22746358,promoter,0.11330891330891331,0.014410153962671757,0.013078050687909126,0.013337032869458199,1.0804617566528614,1.9281298873686705,0.03196803196803197,0.014410153962671757,0.012551424093544483,0.012752538546919823,1.1299831723427571,3.063213651115289,0.000999000999000999
h5_chr17_22742263_22746358,h5,,,chr17,22742263,22746358,tfbs,0.011965811965811967,0.0005226481007412076,0.00012244806566741318,0.00011523146531544626,4.535637026835143,7.746991818987277,0.000999000999000999,0.00037332007195800543,5.549983325181529e-05,4.815828651771881e-05,7.751938429550443,9.629617726553771,0.000999000999000999
h5_chr17_35243344_35247439,h5,,,chr17,35243344,35247439,promoter,0.14407814407814407,0.019612355157732964,0.021176671609282494,0.02066124603152275,0.9492339004051595,-1.496093427629736,0.9300699300699301,0.0177457295358181,0.018676167353987694,0.01812920719385147,0.9788475219057882,-0.5436292416779646,0.7112887112887113
h5_chr17_35243344_35247439,h5,,,chr17,35243344,35247439,tfbs,0.022222222222222223,0.00020456172933336347,0.0004467101825866848,0.000541986373718828,0.37742965368255943,-2.937556894024442,1.0,0.00010228086466668174,0.00010662744898581877,0.00010726704203989357,0.9535162219597942,-0.09365695351920313,0.6063936063936064
h5_chr17_72349260_72353355,h5,,,chr17,72349260,72353355,promoter,0.12405372405372406,0.01672685332596302,0.016380969434976578,0.01570049673318863,1.065370963111302,1.6738482194966269,0.052947052947052944,0.015698665753006935,0.01480481494218111,0.01449195109307766,1.0832679224611574,2.0272218723111894,0.029970029970029972
h5_chr17_72349260_72353355,h5,,,chr17,72349260,72353355,tfbs,0.025885225885225887,0.0003009328793268651,0.0006470131920650601,0.0005659293383359909,0.5317499181288282,-2.2592930212834537,0.996003996003996,0.00017554419173393399,0.00016727046750020236,0.00012759554374497384,1.375786227180437,0.8382857507391752,0.24675324675324675
h5_chr21_12003041_12007136,h5,,,chr21,12003041,12007136,promoter,0.07277167277167278,0.013553882017731667,0.00532801728695631,0.005162498448044062,2.6254500905209732,22.92435946924868,0.000999000999000999,0.013208245858550072,0.005152975674718618,0.004963954910635948,2.6608311510343516,24.16415731253376,0.000999000999000999
h5_chr21_12003041_12007136,h5,,,chr21,12003041,12007136,tfbs,0.008791208791208791,0.0001975064806174487,8.196569251595065e-05,6.532526458613575e-05,3.023431774348547,3.1566926022575745,0.011988011988011988,0.0001975064806174487,8.196569251595065e-05,6.411554204532877e-05,3.080477436778347,3.340158148689429,0.003996003996003996
h5_chr21_19112010_19116105,h5,,,chr21,19112010,19116105,promoter,0.21636141636141637,0.056275781244039536,0.04720279574394226,0.04747061803936958,1.185486592935601,8.084534492822652,0.000999000999000999,0.05504366010427475,0.04628514498472214,0.046547140926122665,1.1825357907940541,8.048826359423119,0.000999000999000999
h5_chr21_19112010_19116105,h5,,,chr21,19112010,19116105,tfbs,0.021001221001221003,0.0003482080646790564,0.0004486474208533764,0.0003733593912329525,0.9326350772352656,-0.23958063899961937,0.6183816183816184,0.00032142281997948885,0.00031847271020524204,0.00022100498608779162,1.4543690876359117,1.3414974751645048,0.12287712287712288
h5_chr21_38658585_38662680,h5,,,chr21,38658585,38662680,promoter,0.16043956043956045,0.0395723320543766,0.02599739097058773,0.025043321773409843,1.5801550773665007,18.551477672956068,0.000999000999000999,0.031282998621463776,0.019870340824127197,0.01821945607662201,1.7170105677086613,19.586826527601303,0.000999000999000999
h5_chr21_38658585_38662680,h5,,,chr21,38658585,38662680,tfbs,0.024175824175824177,0.0013463569339364767,0.0005509566399268806,0.0006705913692712784,2.0077158693520656,5.018598474565428,0.000999000999000999,0.0010031679412350059,0.00013701316493097693,0.00016887541278265417,5.940284169881508,12.764965766547245,0.000999000999000999
h5_chr3_108979737_108983832,h5,,,chr3,108979737,108983832,promoter,0.16776556776556775,0.03601950407028198,0.02762695401906967,0.027058590203523636,1.3311670637441944,11.026195098783745,0.000999000999000999,0.03560006245970726,0.026997793465852737,0.026483459398150444,1.3442376210939233,10.749002408576853,0.000999000999000999
h5_chr3_108979737_108983832,h5,,,chr3,108979737,108983832,tfbs,0.0231990231990232,0.0007340218871831894,0.0004999202792532742,0.000443558965343982,1.6548462426274082,2.678673539623124,0.007992007992007992,0.0002883657580241561,0.00017878638755064458,0.00011225292109884322,2.568893131700675,3.2486057902919625,0.001998001998001998
h5_chr3_127665795_127669890,h5,,,chr3,127665795,127669890,promoter,0.10378510378510379,0.014409073628485203,0.011144912801682949,0.010574120096862316,1.362673536567912,7.4981216001303785,0.000999000999000999,0.012939811684191227,0.009612767025828362,0.00902080163359642,1.4344414398825853,8.269549558313257,0.000999000999000999
h5_chr3_127665795_127669890,h5,,,chr3,127665795,127669890,tfbs,0.018315018315018316,0.0002577651757746935,0.00032864822424016893,0.00027622116613201797,0.9331840111466926,-0.21193692822414262,0.6213786213786214,0.00010310606739949435,8.583518501836807e-05,5.12437145516742e-05,2.012072471747186,1.4408762573845109,0.13986013986013987
h5_chr3_17001367_17005462,h5,,,chr3,17001367,17005462,promoter,0.17216117216117216,0.03027418628334999,0.028937047347426414,0.029566721990704536,1.023927721607687,0.7927983401658164,0.21478521478521478,0.02911081165075302,0.02836117334663868,0.02887319214642048,1.008229762165802,0.2913791077826728,0.3926073926073926
h5_chr3_17001367_17005462,h5,,,chr3,17001367,17005462,tfbs,0.04151404151404151,0.004362655803561211,0.0017009194707497954,0.0018724517431110144,2.329916282014728,11.42823331703389,0.000999000999000999,0.002802675822749734,0.0008767680847086012,0.0009179820190183818,3.0530835731910044,12.570993234783115,0.000999000999000999
h5_chr7_120066194_120070289,h5,,,chr7,120066194,120070289,promoter,0.17582417582417584,0.04652318358421326,0.03099820204079151,0.030112816020846367,1.5449629005804835,18.816724199150496,0.000999000999000999,0.04589555040001869,0.02976149506866932,0.028728367760777473,1.5975690224447554,20.601017261396308,0.000999000999000999
h5_chr7_120066194_120070289,h5,,,chr7,120066194,120070289,tfbs,0.03540903540903541,0.002118256175890565,0.001255796873010695,0.0011491670738905668,1.8432969617891113,5.900694399526493,0.000999000999000999,0.0014906247379258275,0.000531399215105921,0.00041436750325374305,3.5973495175682855,10.11299188053188,0.000999000999000999
h5_chr7_137924469_137928564,h5,,,chr7,137924469,137928564,promoter,0.14163614163614163,0.023867664858698845,0.02103198505938053,0.020501483231782913,1.1641921020473986,4.760266555882955,0.000999000999000999,0.022659840062260628,0.019424784928560257,0.018966102972626686,1.1947546681026155,5.36212606056714,0.000999000999000999
h5_chr7_137924469_137928564,h5,,,chr7,137924469,137928564,tfbs,0.024664224664224663,0.0003675987827591598,0.0006041772430762649,0.0008719181059859693,0.42159783153427843,-3.349903436649996,1.0,0.0002625705674290657,0.00027701305225491524,0.00047737956629134715,0.5500247307795691,-2.0113284672328495,0.983016983016983
h5_chr7_4391321_4395416,h5,,,chr7,4391321,4395416,promoter,0.1514041514041514,0.03367352485656738,0.023129619657993317,0.02202572673559189,1.5288269604359317,15.903365908953093,0.000999000999000999,0.03183968365192413,0.02194931171834469,0.020919151604175568,1.5220351309834559,15.391226655253684,0.000999000999000999
h5_chr7_4391321_4395416,h5,,,chr7,4391321,4395416,tfbs,0.07301587301587302,0.09554563462734222,0.006047980859875679,0.01079570036381483,8.850341469979412,163.08294421729207,0.000999000999000999,0.095519058406353,0.00528148515149951,0.010225004516541958,9.341713077174957,171.35136707768962,0.000999000999000999
h5_chrX_127567034_127571129,h5,,,chrX,127567034,127571129,promoter,0.22612942612942613,0.057009220123291016,0.0512060709297657,0.0515843890607357,1.1051642010564104,4.769697608648702,0.000999000999000999,0.05540558695793152,0.04086831957101822,0.04184717312455177,1.3239983210580362,13.964183069745626,0.000999000999000999
h5_chrX_127567034_127571129,h5,,,chrX,127567034,127571129,tfbs,0.03296703296703297,0.0019243619171902537,0.0010594598716124892,0.0012844848679378629,1.498158495459477,3.4982057501437764,0.001998001998001998,0.0011492717312648892,0.0004257617692928761,0.00038420420605689287,2.991304397887579,7.421090716713081,0.000999000999000999
h5_chrX_130740848_130744943,h5,,,chrX,130740848,130744943,promoter,0.18705738705738706,0.03937592729926109,0.03525165095925331,0.03515864163637161,1.1199501876809341,4.628508965177205,0.000999000999000999,0.030757801607251167,0.031757812947034836,0.03180611878633499,0.9670403928839562,-1.1675367896620144,0.8751248751248751
h5_chrX_130740848_130744943,h5,,,chrX,130740848,130744943,tfbs,0.027594627594627594,0.0016840019961819053,0.0007701895665377378,0.0007107479032129049,2.3693379728163073,7.155159135036989,0.000999000999000999,0.0006686478736810386,0.00036280634230934083,0.0003315007488708943,2.017032769785534,3.739629576334581,0.000999000999000999
h5_chrX_83970161_83974256,h5,,,chrX,83970161,83974256,promoter,0.16874236874236875,0.012796113267540932,0.029973218217492104,0.028768090531229973,0.4448023150389411,-18.780636477364457,1.0,0.010867931880056858,0.02688785083591938,0.025719311088323593,0.422559214075949,-18.676648051366634,1.0
h5_chrX_83970161_83974256,h5,,,chrX,83970161,83974256,tfbs,0.03882783882783883,0.0017278509913012385,0.0015335438074544072,0.0013891420094296336,1.243826030436352,1.8462490791917685,0.04295704295704296,0.001377272536046803,0.00083087821258232,0.0007136274944059551,1.929960023742199,4.931000032436991,0.000999000999000999
h6_chr10_110104373_110108468,h6,,,chr10,110104373,110108468,promoter,0.1907203907203907,0.020713208243250847,0.03672724962234497,0.035756196826696396,0.5792900275061102,-15.812782592835095,1.0,0.019698582589626312,0.033326245844364166,0.03276297077536583,0.6012453121142938,-14.621768319174505,1.0
h6_chr10_110104373_110108468,h6,,,chr10,110104373,110108468,tfbs,0.033455433455433455,0.0013115890324115753,0.0010821929899975657,0.0011563264997676015,1.134272225599931,0.9190479992826479,0.1888111888111888,0.001014625420793891,0.0004630192124750465,0.0005626222118735313,1.8033867120446407,3.865162292354267,0.000999000999000999
h6_chr10_19287595_19291690,h6,,,chr10,19287595,19291690,promoter,0.19242979242979244,0.02997077815234661,0.03722691535949707,0.03716416656970978,0.8064428969806078,-7.748255785447974,1.0,0.02917155809700489,0.034775059670209885,0.034874726086854935,0.8364670169553046,-6.069164418648588,1.0
h6_chr10_19287595_19291690,h6,,,chr10,19287595,19291690,tfbs,0.01733821733821734,0.0003496590943541378,0.0002842225949279964,0.00025625014677643776,1.3645225134610108,1.1730886842328654,0.16583416583416583,0.0002247808442916721,9.640590724302456e-05,7.197981904027984e-05,3.122831472608801,3.491683879170468,0.007992007992007992
h6_chr10_4663039_4667134,h6,,,chr10,4663039,4667134,promoter,0.189010989010989,0.037014879286289215,0.0352451354265213,0.03659757226705551,1.0114025874773491,0.45066869733105674,0.3276723276723277,0.03313910961151123,0.031091319397091866,0.03193749114871025,1.0376240718848546,1.3437742983095715,0.0989010989010989
h6_chr10_4663039_4667134,h6,,,chr10,4663039,4667134,tfbs,0.045177045177045176,0.003303506411612034,0.001978453481569886,0.0018798253731802106,1.7573474955406623,6.356361772774069,0.000999000999000999,0.0023410674184560776,0.000837058003526181,0.000888461247086525,2.6349685212866545,9.863340888924899,0.000999000999000999
h6_chr1_117801428_117805523,h6,,,chr1,117801428,117805523,promoter,0.1702075702075702,0.03504845127463341,0.029101209715008736,0.029309310019016266,1.1958129090003657,7.0430497546661295,0.000999000999000999,0.03305622562766075,0.026559505611658096,0.026939544826745987,1.2270521213425265,7.454462482551843,0.000999000999000999
h6_chr1_117801428_117805523,h6,,,chr1,117801428,117805523,tfbs,0.027594627594627594,0.0007132667815312743,0.0007199117681011558,0.0006815387168899179,1.0465535762753757,0.2507246608465345,0.43356643356643354,0.00036893109790980816,0.0003012954839505255,0.0003092134720645845,1.1931275032956863,0.6632586507583185,0.2827172827172827
h6_chr1_188000709_188004804,h6,,,chr1,188000709,188004804,promoter,0.1956043956043956,0.032447852194309235,0.037988513708114624,0.03708552569150925,0.87494653478077,-4.732779166383025,1.0,0.031097980216145515,0.035311177372932434,0.03473573178052902,0.8952735014374267,-3.8612574052731143,1.0
h6_chr1_188000709_188004804,h6,,,chr1,188000709,188004804,tfbs,0.028815628815628817,0.0014262791955843568,0.0008050852920860052,0.0006221124203875661,2.292638997137861,6.38092670329664,0.000999000999000999,0.0007640781113877892,0.0005239039892330766,0.0003428418713156134,2.2286604271985033,4.583132197823137,0.000999000999000999
h6_chr1_236620149_236624244,h6,,,chr1,236620149,236624244,promoter,0.16092796092796094,0.036339711397886276,0.02607562579214573,0.025182507932186127,1.443053705998836,14.539982557721887,0.000999000999000999,0.03391031548380852,0.023950908333063126,0.02336871065199375,1.4510991209057307,13.992023537063218,0.000999000999000999
h6_chr1_236620149_236624244,h6,,,chr1,236620149,236624244,tfbs,0.02735042735042735,0.0011640854645520449,0.0006906093331053853,0.0006088419468142092,1.911966595999455,4.5238202168860795,0.000999000999000999,0.001088166842237115,0.0002690061228349805,0.0002367901470279321,4.595490377852391,10.990952862231172,0.000999000999000999
h6_chr14_101543080_101547175,h6,,,chr14,101543080,101547175,promoter,0.12112332112332112,0.02698582038283348,0.014728561043739319,0.015213396400213242,1.7738195780171238,19.41721521651222,0.000999000999000999,0.02566448226571083,0.012314584106206894,0.012604513205587864,2.0361343470474678,23.4879708825596,0.000999000999000999
h6_chr14_101543080_101547175,h6,,,chr14,101543080,101547175,tfbs,0.029304029304029304,0.0019820095039904118,0.0008446377469226718,0.0009949178202077746,1.992133886572156,6.188975149456629,0.000999000999000999,0.0014483914710581303,0.00022640559473074973,0.00026863848324865103,5.391600836718182,14.601143190586845,0.000999000999000999
h6_chr14_26677340_26681435,h6,,,chr14,26677340,26681435,promoter,0.17606837606837608,0.03854161128401756,0.031724993139505386,0.03130565211176872,1.231139065444627,8.286392421833156,0.000999000999000999,0.03807317838072777,0.03041570819914341,0.030133893713355064,1.263466936695741,9.427281664736919,0.000999000999000999
h6_chr14_26677340_26681435,h6,,,chr14,26677340,26681435,tfbs,0.03467643467643468,0.0011190340155735612,0.0011213895631954074,0.0010971736628562212,1.0199242412185068,0.13417803014198523,0.4725274725274725,0.0008327694959007204,0.0003809965855907649,0.0003575443697627634,2.329136091426294,5.026769439444441,0.000999000999000999
h6_chr14_33378322_33382417,h6,,,chr14,33378322,33382417,promoter,0.18803418803418803,0.024447694420814514,0.03582964465022087,0.03493456542491913,0.6998138984541585,-11.80311075061224,1.0,0.023951798677444458,0.0350220687687397,0.0341041125357151,0.7023140875564857,-11.423791675713522,1.0
h6_chr14_33378322_33382417,h6,,,chr14,33378322,33382417,tfbs,0.032722832722832725,0.0016364583279937506,0.0010337071726098657,0.000937740202061832,1.7451084259751584,4.4878756759894225,0.000999000999000999,0.0008678187732584774,0.0002695225994102657,0.00026780887856148183,3.2404406378157073,7.410535188586669,0.000999000999000999
h6_chr17_22742263_22746358,h6,,,chr17,22742263,22746358,promoter,0.11330891330891331,0.017793945968151093,0.012966934591531754,0.013066721148788929,1.361775901202292,8.104830847437904,0.000999000999000999,0.017719702795147896,0.012442278675734997,0.01248135231435299,1.4196941444214375,9.385062976805088,0.000999000999000999
h6_chr17_22742263_22746358,h6,,,chr17,22742263,22746358,tfbs,0.011965811965811967,0.00037122282083146274,0.00012448217603377998,0.0001240626588696614,2.9922204167932964,4.643945677917657,0.000999000999000999,0.0002722300705499947,5.395052721723914e-05,4.840745896217413e-05,5.623721558339116,6.466495905354649,0.000999000999000999
h6_chr17_35243344_35247439,h6,,,chr17,35243344,35247439,promoter,0.14407814407814407,0.016986273229122162,0.021393775939941406,0.02072969637811184,0.8194173672055178,-5.235960288732246,1.0,0.015916673466563225,0.01875005103647709,0.018102936446666718,0.8792315828680906,-3.234348980664197,1.0
h6_chr17_35243344_35247439,h6,,,chr17,35243344,35247439,tfbs,0.022222222222222223,0.0002801334485411644,0.0004522932576946914,0.0005528051988221705,0.5067489400208758,-2.340522601956608,0.997002997002997,7.64000287745148e-05,0.00010441454651299864,0.000119158583402168,0.6411626136630015,-0.8044681610228303,0.8661338661338661
h6_chr17_72349260_72353355,h6,,,chr17,72349260,72353355,promoter,0.12405372405372406,0.01756180264055729,0.016315268352627754,0.015501085668802261,1.132940170500603,3.5153650800207488,0.000999000999000999,0.016963105648756027,0.014726473949849606,0.014109611511230469,1.2022376119466036,4.945187353635883,0.000999000999000999
h6_chr17_72349260_72353355,h6,,,chr17,72349260,72353355,tfbs,0.025885225885225887,0.0007483722874894738,0.0006426025065593421,0.0005846034619025886,1.2801365990100375,1.39492269867232,0.1018981018981019,0.0003991318808402866,0.00017112784553319216,0.00014448574802372605,2.7624308023428377,4.424591279047827,0.000999000999000999
h6_chr21_12003041_12007136,h6,,,chr21,12003041,12007136,promoter,0.07277167277167278,0.009059883654117584,0.005410823971033096,0.00517024751752615,1.7523113977437854,10.816207743371569,0.000999000999000999,0.009035331197082996,0.005219316575676203,0.004965479020029306,1.8196293168568598,12.515421172183071,0.000999000999000999
h6_chr21_12003041_12007136,h6,,,chr21,12003041,12007136,tfbs,0.008791208791208791,0.000147315178764984,9.035226685227826e-05,6.282992399064824e-05,2.344665875879633,2.201738323495108,0.03696303696303696,0.000147315178764984,9.035226685227826e-05,6.275626947171986e-05,2.347417716270871,2.147112170223898,0.057942057942057944
h6_chr21_19112010_19116105,h6,,,chr21,19112010,19116105,promoter,0.21636141636141637,0.05800773203372955,0.04580831900238991,0.04704037681221962,1.23314769065925,10.254657756330893,0.000999000999000999,0.05664960294961929,0.044984832406044006,0.046136438846588135,1.2278711657392825,9.879307498633912,0.000999000999000999
h6_chr21_19112010_19116105,h6,,,chr21,19112010,19116105,tfbs,0.021001221001221003,0.00031341411522589624,0.0004466097743716091,0.00038098098593764007,0.8226502812326615,-0.6860734692430106,0.7852147852147852,0.0002872962795663625,0.00032281267340295017,0.0002457427908666432,1.1690934189897317,0.5315240943862379,0.3386613386613387
h6_chr21_38658585_38662680,h6,,,chr21,38658585,38662680,promoter,0.16043956043956045,0.031776223331689835,0.02613510563969612,0.025116629898548126,1.2651467756638268,8.631771340899645,0.000999000999000999,0.027160681784152985,0.019536660984158516,0.018230851739645004,1.4898196843479934,13.323052604035631,0.000999000999000999
h6_chr21_38658585_38662680,h6,,,chr21,38658585,38662680,tfbs,0.024175824175824177,0.0011665652273222804,0.0005576686235144734,0.0006420672871172428,1.816889367717099,4.131703344099179,0.000999000999000999,0.0007608034065924585,0.00014176296826917678,0.00015903326857369393,4.783926114427511,9.391781546805234,0.000999000999000999
h6_chr3_108979737_108983832,h6,,,chr3,108979737,108983832,promoter,0.16776556776556775,0.030703458935022354,0.02773164212703705,0.027191918343305588,1.1291391268310893,4.247215061919507,0.000999000999000999,0.030185258015990257,0.027120675891637802,0.026548335328698158,1.1369924947181402,4.52870773307511,0.000999000999000999
h6_chr3_108979737_108983832,h6,,,chr3,108979737,108983832,tfbs,0.0231990231990232,0.0005700220353901386,0.0005000707460567355,0.0004430884728208184,1.2864745312854282,1.1979179691719195,0.14085914085914086,0.00015546055510640144,0.00017748624668456614,0.0001134084741352126,1.370801928972713,0.8012620347648765,0.26373626373626374
h6_chr3_127665795_127669890,h6,,,chr3,127665795,127669890,promoter,0.10378510378510379,0.016978923231363297,0.011193384416401386,0.010531030595302582,1.6122755581905563,12.967620385491111,0.000999000999000999,0.01618979685008526,0.009734516963362694,0.008956088684499264,1.807686080432156,15.169322643511734,0.000999000999000999
h6_chr3_127665795_127669890,h6,,,chr3,127665795,127669890,tfbs,0.018315018315018316,0.000432746164733544,0.0003304150886833668,0.000291492702672258,1.4845866149181284,1.6487159852022821,0.07392607392607392,5.091131242807023e-05,8.451295434497297e-05,5.8802568673854694e-05,0.8658008242879168,-0.20806313070394244,0.6753246753246753
h6_chr3_17001367_17005462,h6,,,chr3,17001367,17005462,promoter,0.17216117216117216,0.02456684783101082,0.029485616832971573,0.029462916776537895,0.8338226665519435,-5.791164314665348,1.0,0.023946210741996765,0.028887737542390823,0.02872730791568756,0.8335696060444318,-5.675642448712449,1.0
h6_chr3_17001367_17005462,h6,,,chr3,17001367,17005462,tfbs,0.04151404151404151,0.0030773209873586893,0.0018285473342984915,0.0018946471391245723,1.6242185279843588,5.451355911353343,0.000999000999000999,0.002094646915793419,0.0009482793393544853,0.000926299428101629,2.2613064979282322,7.655691296338622,0.000999000999000999
h6_chr7_120066194_120070289,h6,,,chr7,120066194,120070289,promoter,0.17582417582417584,0.03745870292186737,0.03146280720829964,0.03000762313604355,1.2483062304549535,8.802669945991674,0.000999000999000999,0.036035578697919846,0.030224189162254333,0.028694840148091316,1.2558208553155787,8.997978266651902,0.000999000999000999
h6_chr7_120066194_120070289,h6,,,chr7,120066194,120070289,tfbs,0.03540903540903541,0.0016264294972643256,0.0013217190280556679,0.001180101651698351,1.3782113557112976,2.6751604978586623,0.003996003996003996,0.0012198220938444138,0.0005560317658819258,0.0004488945414777845,2.7173912381039322,7.387802785772392,0.000999000999000999
h6_chr7_137924469_137928564,h6,,,chr7,137924469,137928564,promoter,0.14163614163614163,0.02386290393769741,0.020523954182863235,0.020569412037730217,1.1601159962144754,4.7649326685765665,0.000999000999000999,0.02257440984249115,0.01890585944056511,0.019047338515520096,1.1851739718962382,5.214851493499016,0.000999000999000999
h6_chr7_137924469_137928564,h6,,,chr7,137924469,137928564,tfbs,0.024664224664224663,0.0004896276514045894,0.0006143553764559329,0.0008115964592434466,0.6032895361088813,-2.1769734346704634,0.994005994005994,0.00041231801151297987,0.00028939644107595086,0.00044355110730975866,0.9295839976903342,-0.3042859677518023,0.6573426573426573
h6_chr7_4391321_4395416,h6,,,chr7,4391321,4395416,promoter,0.1514041514041514,0.024546969681978226,0.023317625746130943,0.022327419370412827,1.0994091737492349,2.982789713221337,0.003996003996003996,0.023794161155819893,0.022105878219008446,0.0210917629301548,1.1281257633424984,3.6623140833306778,0.000999000999000999
h6_chr7_4391321_4395416,h6,,,chr7,4391321,4395416,tfbs,0.07301587301587302,0.11249126493930817,0.006370620336383581,0.010315535590052605,10.905033864435003,205.22961860145801,0.000999000999000999,0.11249126493930817,0.005518067628145218,0.00969960168004036,11.597513861913564,204.95013771876265,0.000999000999000999
h6_chrX_127567034_127571129,h6,,,chrX,127567034,127571129,promoter,0.22612942612942613,0.04557107761502266,0.05223704129457474,0.05228734761476517,0.871550761204687,-5.878524947980356,1.0,0.04394914582371712,0.04137876257300377,0.04204779863357544,1.045218709467074,1.8780587761537695,0.023976023976023976
h6_chrX_127567034_127571129,h6,,,chrX,127567034,127571129,tfbs,0.03296703296703297,0.0019358551362529397,0.001053467858582735,0.0012142519699409604,1.5942779457438847,4.106283671159729,0.000999000999000999,0.0012818500399589539,0.0004052201984450221,0.00037921834154985845,3.38024272433674,9.15577137545851,0.000999000999000999
h6_chrX_130740848_130744943,h6,,,chrX,130740848,130744943,promoter,0.18705738705738706,0.020174333825707436,0.03597676753997803,0.03503113612532616,0.575897217650391,-16.89653015235003,1.0,0.01906314119696617,0.03234338387846947,0.031642984598875046,0.6024444735103747,-14.745173297353265,1.0
h6_chrX_130740848_130744943,h6,,,chrX,130740848,130744943,tfbs,0.027594627594627594,0.0008889547316357493,0.0007627783925272524,0.0007062004879117012,1.2587852130553874,1.4086488025262136,0.1068931068931069,0.0004691705689765513,0.0003617579641286284,0.0003332345513626933,1.4079289409155682,1.4939632634920776,0.1068931068931069
h6_chrX_83970161_83974256,h6,,,chrX,83970161,83974256,promoter,0.16874236874236875,0.01261704321950674,0.030416136607527733,0.02872895635664463,0.43917513267371383,-20.322403113432845,1.0,0.010779127478599548,0.027237994596362114,0.025629909709095955,0.4205682969992703,-18.874719876661395,1.0
h6_chrX_83970161_83974256,h6,,,chrX,83970161,83974256,tfbs,0.03882783882783883,0.0015398752875626087,0.0015754109481349587,0.0014250056119635701,1.0806099812061478,0.602642645806446,0.2967032967032967,0.0012666715774685144,0.0008553863153792918,0.0007304721511900425,1.7340449946037328,4.044836040604958,0.000999000999000999
