label,model_variant,epi_label,sample_index,chrom,window_start_1based,window_end_1based,group,group_position_fraction,top_group_pair_fraction,all_group_pair_fraction,group_background_mean,group_pair_enrichment,group_pair_z,group_pair_empirical_p,top_group_same_motif_fraction,all_group_same_motif_fraction,group_same_motif_background_mean,group_same_motif_enrichment,group_same_motif_z,group_same_motif_empirical_p
h0_chr10_110101002_110109193,h0,,,chr10,110101002,110109193,promoter,0.1900866805029911,0.034604135900735855,0.036662667989730835,0.03592021018266678,0.9633611753595476,-2.7966864993234326,1.0,0.03347534313797951,0.034205179661512375,0.033576227724552155,0.9969953567327375,-0.23274311755113092,0.5974025974025974
h0_chr10_110101002_110109193,h0,,,chr10,110101002,110109193,tfbs,0.03491637162739592,0.0014443675754591823,0.0011917855590581894,0.0012199869379401207,1.1839205245081685,2.548551046819708,0.00999000999000999,0.0006857711705379188,0.00043543442734517157,0.00046169996494427323,1.4853177877557144,4.216535767549182,0.000999000999000999
h0_chr10_19287004_19295195,h0,,,chr10,19287004,19295195,promoter,0.18532535709925527,0.04271986335515976,0.03503700718283653,0.034236542880535126,1.2477855461115424,19.29826443534778,0.000999000999000999,0.03833475336432457,0.03113262727856636,0.03046788088977337,1.2582021540326993,18.17169551241198,0.000999000999000999
h0_chr10_19287004_19295195,h0,,,chr10,19287004,19295195,tfbs,0.023928702234159445,0.00046223087701946497,0.0005662921466864645,0.0005434557679109275,0.8505400150527516,-1.4393618746125905,0.938061938061938,0.00013988565478939563,0.00023147974570747465,0.00021544823539443314,0.649277328882732,-2.04061244848728,0.986013986013986
h0_chr10_4662897_4671088,h0,,,chr10,4662897,4671088,promoter,0.2107190819191796,0.0486246682703495,0.045451417565345764,0.04456508904695511,1.091093259549355,8.019114417449495,0.000999000999000999,0.0447322241961956,0.041190292686223984,0.04041020944714546,1.1069535349650468,8.786745739706275,0.000999000999000999
h0_chr10_4662897_4671088,h0,,,chr10,4662897,4671088,tfbs,0.037968502014406054,0.001995650352910161,0.0014128981856629252,0.0014488237211480737,1.377427994710614,5.8605127522114575,0.000999000999000999,0.0010750562651082873,0.0005746617680415511,0.0006661765510216355,1.6137707991366579,6.516338039732083,0.000999000999000999
h0_chr1_117799490_117807681,h0,,,chr1,117799490,117807681,promoter,0.1655475521914296,0.026638206094503403,0.027843371033668518,0.02722271718084812,0.9785285545722109,-1.4579936352133849,0.9310689310689311,0.025644980370998383,0.026057597249746323,0.025541231036186218,1.0040620334495691,0.2662048307574113,0.37462537462537465
h0_chr1_117799490_117807681,h0,,,chr1,117799490,117807681,tfbs,0.028323769991454036,0.000838998646941036,0.0007866237428970635,0.000729287217836827,1.150436517219689,1.5924256143701434,0.06793206793206794,0.0003701464447658509,0.0003227063571102917,0.00026140359113924205,1.4159960203786364,2.823669887563349,0.005994005994005994
h0_chr1_187997616_188005807,h0,,,chr1,187997616,188005807,promoter,0.21279453058234649,0.05637657269835472,0.04559779539704323,0.0452301912009716,1.2464367538898151,22.102330520334558,0.000999000999000999,0.048396527767181396,0.04076839238405228,0.04026884213089943,1.2018355931333164,16.641913344940228,0.000999000999000999
h0_chr1_187997616_188005807,h0,,,chr1,187997616,188005807,tfbs,0.03149798559394457,0.0009391949279233813,0.0009489006479270756,0.0009409861522726715,0.9980964392037397,-0.02454675293752595,0.5204795204795205,0.0006779618561267853,0.0005930006736889482,0.0005541000282391906,1.2235369456327239,2.0751573226152353,0.017982017982017984
h0_chr1_236616256_236624447,h0,,,chr1,236616256,236624447,promoter,0.16457087046758637,0.027257520705461502,0.02769831009209156,0.02719738334417343,1.0022111451137432,0.15534091525039173,0.4435564435564436,0.025736792013049126,0.025240689516067505,0.02474607527256012,1.0400353078044489,2.690098550690737,0.002997002997002997
h0_chr1_236616256_236624447,h0,,,chr1,236616256,236624447,tfbs,0.03125381516298376,0.0011922504054382443,0.0009611613932065666,0.0009115240536630154,1.3079747052720254,3.793026713086823,0.000999000999000999,0.0005717935273423791,0.00033498613629490137,0.0003071443934459239,1.8616440330467874,6.037518560633505,0.000999000999000999
h0_chr14_101539194_101547385,h0,,,chr14,101539194,101547385,promoter,0.0963252350140398,0.010254142805933952,0.009293725714087486,0.009747492149472237,1.0519775393190902,2.1930061050214866,0.012987012987012988,0.009236602112650871,0.007919378578662872,0.008260532282292843,1.1181606459489684,4.184658752739134,0.000999000999000999
h0_chr14_101539194_101547385,h0,,,chr14,101539194,101547385,tfbs,0.028323769991454036,0.0009388022008351982,0.0007754513062536716,0.0007987511344254017,1.1753375492988127,1.9837439631425122,0.028971028971028972,0.00027255548047833145,0.00018037130939774215,0.000167706428328529,1.6251939964066737,3.297705311867714,0.001998001998001998
h0_chr14_26676319_26684510,h0,,,chr14,26676319,26684510,promoter,0.17885484067879379,0.030976304784417152,0.031790874898433685,0.03170950338244438,0.976877638568343,-1.6064189134255875,0.9340659340659341,0.03009985201060772,0.029765764251351357,0.029695190489292145,1.0136271737829563,0.9128508508106307,0.1848151848151848
h0_chr14_26676319_26684510,h0,,,chr14,26676319,26684510,tfbs,0.03296300817970944,0.0009202741784974933,0.0010637023951858282,0.0009797351667657495,0.9393091211938981,-0.7850016737916881,0.8031968031968032,0.00033179952879436314,0.0004243290750309825,0.00036559300497174263,0.9075653097356404,-0.7171904966321908,0.7822177822177823
h0_chr14_33377044_33385235,h0,,,chr14,33377044,33385235,promoter,0.18471493102185324,0.02987765707075596,0.03463149443268776,0.03398018330335617,0.8792670952956568,-9.264306856160255,1.0,0.02767525427043438,0.03268388286232948,0.031998731195926666,0.8648859887906227,-10.21924143458087,1.0
h0_chr14_33377044_33385235,h0,,,chr14,33377044,33385235,tfbs,0.02795751434501282,0.0010709488997235894,0.0007857235032133758,0.0007501300424337387,1.4276843202399665,4.726208182503011,0.000999000999000999,0.0006353086209855974,0.00030543142929673195,0.00028088508406654,2.261809747202869,8.64742153401746,0.000999000999000999
h0_chr17_22741144_22749335,h0,,,chr17,22741144,22749335,promoter,0.11537052862898303,0.02564646303653717,0.01350308395922184,0.012985926121473312,1.9749429341145415,46.31500757148353,0.000999000999000999,0.023737972602248192,0.010877061635255814,0.010708467103540897,2.216747959602819,52.48903856004602,0.000999000999000999
h0_chr17_22741144_22749335,h0,,,chr17,22741144,22749335,tfbs,0.01696984495177634,0.001066330587491393,0.00028693999047391117,0.0002834864135365933,3.7614874525679793,18.66271140504211,0.000999000999000999,0.0009754501515999436,0.0001348060613963753,0.0001332792016910389,7.3188474962596395,29.90985511832164,0.000999000999000999
h0_chr17_35241610_35249801,h0,,,chr17,35241610,35249801,promoter,0.14540349163716274,0.0165397971868515,0.021493980661034584,0.02095179446041584,0.7894215084106562,-12.810469366856616,1.0,0.013452286832034588,0.01878317818045616,0.01820814050734043,0.738806185431809,-14.585545474425517,1.0
h0_chr17_35241610_35249801,h0,,,chr17,35241610,35249801,tfbs,0.021731168355512146,0.0003532062692102045,0.0004628228780347854,0.00047291882219724357,0.746864477859353,-2.236999468322063,0.9920079920079921,7.916692266007885e-05,0.00010608387674437836,9.669326391303912e-05,0.8187428933134108,-0.7265937057153148,0.7912087912087912
h0_chr17_72345701_72353892,h0,,,chr17,72345701,72353892,promoter,0.12123061897204249,0.013381656259298325,0.014967848546802998,0.014644507318735123,0.9137662311233101,-4.448978261016676,1.0,0.011278650723397732,0.013159624300897121,0.012813977897167206,0.8801834070504453,-5.60001197422103,1.0
h0_chr17_72345701_72353892,h0,,,chr17,72345701,72353892,tfbs,0.02539372481992431,0.00033938983688130975,0.0006229027640074492,0.0006002109148539603,0.5654509581250918,-4.269227704801768,1.0,0.00012121065083192661,0.00016860435425769538,0.00015960412565618753,0.7594455991258865,-1.237012823371022,0.9110889110889111
h0_chr21_12001989_12010180,h0,,,chr21,12001989,12010180,promoter,0.07325112928824319,0.021122772246599197,0.005646585486829281,0.005228627007454634,4.039831530626249,89.59456065919393,0.000999000999000999,0.020255208015441895,0.005287690553814173,0.004882451146841049,4.148573617279721,90.73333083683958,0.000999000999000999
h0_chr21_12001989_12010180,h0,,,chr21,12001989,12010180,tfbs,0.008790135514589183,0.00112060341052711,9.169684199150652e-05,6.609752745134756e-05,16.953787134502925,54.24249053293282,0.000999000999000999,0.00112060341052711,9.169684199150652e-05,6.597703759325668e-05,16.984748806630925,53.94787464979153,0.000999000999000999
h0_chr21_19110333_19118524,h0,,,chr21,19110333,19118524,promoter,0.1989989012330607,0.04430663213133812,0.03994736820459366,0.039899881929159164,1.1104451940485183,8.98135962609873,0.000999000999000999,0.04202381148934364,0.0378866121172905,0.038047630339860916,1.104505355891167,8.883362987773493,0.000999000999000999
h0_chr21_19110333_19118524,h0,,,chr21,19110333,19118524,tfbs,0.031986326455866194,0.0011320802150294185,0.0010071140713989735,0.0009372939239256084,1.2078177251891264,2.6034107302879907,0.00999000999000999,0.0005971411592327058,0.0004922052030451596,0.0004391413531266153,1.359792592934274,2.9556790272253877,0.002997002997002997
h0_chr21_38655195_38663386,h0,,,chr21,38655195,38663386,promoter,0.16591380783787082,0.022632984444499016,0.027754565700888634,0.027951324358582497,0.8097285178385304,-13.39828284265061,1.0,0.018817415460944176,0.022952400147914886,0.02292066067457199,0.8209805000001625,-10.896136762304023,1.0
h0_chr21_38655195_38663386,h0,,,chr21,38655195,38663386,tfbs,0.02405078744963985,0.0005693070706911385,0.0005620998563244939,0.0005723171052522957,0.9947406175116322,-0.050177545567764964,0.5274725274725275,0.00024225833476521075,0.0001628581521799788,0.00015431854990310967,1.5698588077539277,2.898694755957983,0.004995004995004995
h0_chr3_108977486_108985677,h0,,,chr3,108977486,108985677,promoter,0.16615797826883164,0.02766258455812931,0.02790185809135437,0.027749523520469666,0.9968670106253816,-0.21357510294281354,0.5904095904095904,0.026861121878027916,0.02632194571197033,0.02625303901731968,1.0231623798032323,1.5320336124594875,0.06693306693306693
h0_chr3_108977486_108985677,h0,,,chr3,108977486,108985677,tfbs,0.022341594432914173,0.000406802719226107,0.000487859477289021,0.0004660259000957012,0.8729186921640356,-1.1017740849109112,0.8851148851148851,0.0002125088794855401,0.00017838594794739038,0.00015837982937227935,1.3417673218098236,1.742561845399472,0.04795204795204795
h0_chr3_127663158_127671349,h0,,,chr3,127663158,127671349,promoter,0.12794530582346478,0.01982990838587284,0.01670822501182556,0.01654939539730549,1.1982255490192393,10.607059078603843,0.000999000999000999,0.018250053748488426,0.015139082446694374,0.015099355950951576,1.2086643832870427,10.397174844436847,0.000999000999000999
h0_chr3_127663158_127671349,h0,,,chr3,127663158,127671349,tfbs,0.021242827493590525,0.00049029994988814,0.00043049579835496843,0.0004272146907169372,1.147666408815051,1.2288768568691304,0.12687312687312688,0.00018764565174933523,0.00012560162576846778,0.0001130292730522342,1.6601509209266396,2.8404376378039338,0.005994005994005994
h0_chr3_17001016_17009207,h0,,,chr3,17001016,17009207,promoter,0.17580271029178365,0.03605587035417557,0.03094390779733658,0.03084048070013523,1.1691085720987957,12.48251860141567,0.000999000999000999,0.03329174965620041,0.029152488335967064,0.02904428169131279,1.1462411090083198,10.351195475265438,0.000999000999000999
h0_chr3_17001016_17009207,h0,,,chr3,17001016,17009207,tfbs,0.03601513856671957,0.0015349428867921233,0.0012671538861468434,0.0013552017044276,1.1326305757860902,1.9930358341508752,0.029970029970029972,0.0007705290918238461,0.0005472592893056571,0.0005726132076233625,1.345636254221127,3.4740296939423403,0.000999000999000999
h0_chr7_120063108_120071299,h0,,,chr7,120063108,120071299,promoter,0.1858136979611769,0.03709016367793083,0.03498520329594612,0.03443622589111328,1.0770681954291175,5.969726302299404,0.000999000999000999,0.03611525148153305,0.03254083916544914,0.03251589089632034,1.110695431864056,8.227808606803396,0.000999000999000999
h0_chr7_120063108_120071299,h0,,,chr7,120063108,120071299,tfbs,0.03369551947259187,0.001080476911738515,0.001150895725004375,0.0011202868772670627,0.9644644900012896,-0.47685761894183076,0.6873126873126874,0.0006520119495689869,0.00047267822083085775,0.0004836438165511936,1.3481242336941397,3.108451667242049,0.000999000999000999
h0_chr7_137920923_137929114,h0,,,chr7,137920923,137929114,promoter,0.16127456964961542,0.024127604439854622,0.026804247871041298,0.02593270130455494,0.9303930260291371,-4.658284267097075,1.0,0.022153640165925026,0.0206635519862175,0.02047211490571499,1.082137349656074,4.939552330807449,0.000999000999000999
h0_chr7_137920923_137929114,h0,,,chr7,137920923,137929114,tfbs,0.02844585520693444,0.0010633746860548854,0.0008177001727744937,0.000815712206531316,1.3036150219900642,3.5748047290782354,0.000999000999000999,0.00037890361272729933,0.0003465753106866032,0.0003374625521246344,1.1228019534071432,0.9242930855749276,0.20279720279720279
h0_chr7_4391208_4399399,h0,,,chr7,4391208,4399399,promoter,0.16933219387132217,0.03198215365409851,0.029160039499402046,0.029451120644807816,1.0859401256684238,6.218021786119766,0.000999000999000999,0.030022554099559784,0.02694500796496868,0.027069171890616417,1.1091050077511666,7.671747954495438,0.000999000999000999
h0_chr7_4391208_4399399,h0,,,chr7,4391208,4399399,tfbs,0.052374557441093886,0.025906160473823547,0.002902003237977624,0.003742614760994911,6.92194151100308,152.64538545216416,0.000999000999000999,0.025419341400265694,0.001942104659974575,0.0028097587637603283,9.046805629052201,177.4565290413819,0.000999000999000999
h0_chrX_127563685_127571876,h0,,,chrX,127563685,127571876,promoter,0.20534733243804176,0.04268608242273331,0.042416807264089584,0.04253964498639107,1.003442375609601,0.3009135501020817,0.3776223776223776,0.04022061452269554,0.03578798100352287,0.03589295223355293,1.1205713662387762,9.516769493773701,0.000999000999000999
h0_chrX_127563685_127571876,h0,,,chrX,127563685,127571876,tfbs,0.032230496886827005,0.000882698514033109,0.001042437506839633,0.0010559569345787168,0.8359228346611212,-2.17316127857045,0.9920079920079921,0.0006270203157328069,0.0005119047709740698,0.0005060541443526745,1.2390380016250393,2.2548323438229727,0.01898101898101898
h0_chrX_130737416_130745607,h0,,,chrX,130737416,130745607,promoter,0.18263948235868635,0.03578704223036766,0.0339328870177269,0.03310594707727432,1.0809853029377245,6.315192098342944,0.000999000999000999,0.03359266743063927,0.03168458491563797,0.030928293243050575,1.0861468224790374,6.324856499781611,0.000999000999000999
h0_chrX_130737416_130745607,h0,,,chrX,130737416,130745607,tfbs,0.032718837748748626,0.0009974428685382009,0.0010675680823624134,0.0010411853436380625,0.9579878113275984,-0.5694429368339953,0.7172827172827173,0.0006347363814711571,0.0005097244284115732,0.0004925675457343459,1.2886281018065417,2.549600098646031,0.005994005994005994
h0_chrX_83967957_83976148,h0,,,chrX,83967957,83976148,promoter,0.17775607373947014,0.032150473445653915,0.03208780661225319,0.03128211945295334,1.0277587966508004,2.014415876152014,0.025974025974025976,0.03011084720492363,0.027994105592370033,0.027190230786800385,1.107414182727021,7.391446080177079,0.000999000999000999
h0_chrX_83967957_83976148,h0,,,chrX,83967957,83976148,tfbs,0.03284092296422903,0.0010601100511848927,0.0010974932229146361,0.0009720218367874622,1.0906236990400981,1.1514506797236195,0.14385614385614387,0.0006447453051805496,0.0005442519905045629,0.0005271537229418755,1.2230688642061245,2.0250695591773478,0.030969030969030968
h1_chr10_110101002_110109193,h1,,,chr10,110101002,110109193,promoter,0.1900866805029911,0.03760185465216637,0.036727312952280045,0.03592448681592941,1.0466914905376794,3.6171692325922,0.000999000999000999,0.03550238162279129,0.03413643687963486,0.03354834020137787,1.0582455468641387,4.3178377534344925,0.000999000999000999
h1_chr10_110101002_110109193,h1,,,chr10,110101002,110109193,tfbs,0.03491637162739592,0.0014483316335827112,0.0011771059362217784,0.0012278445065021515,1.1795725158299377,2.5188074042673447,0.008991008991008992,0.0007789346855133772,0.0004459407937247306,0.00046282107359729707,1.6830147327974356,5.871982650438531,0.000999000999000999
h1_chr10_19287004_19295195,h1,,,chr10,19287004,19295195,promoter,0.18532535709925527,0.042569175362586975,0.03514503315091133,0.03421666845679283,1.2441063751236123,18.695941236143348,0.000999000999000999,0.039301201701164246,0.0312931053340435,0.030455172061920166,1.2904606685937845,20.19976273123188,0.000999000999000999
h1_chr10_19287004_19295195,h1,,,chr10,19287004,19295195,tfbs,0.023928702234159445,0.0005619693547487259,0.0005781557993032038,0.0005298394244164228,1.0606408825988962,0.5768158108441901,0.2897102897102897,0.0003298515803180635,0.00023529384634457529,0.00020663368923123926,1.5963107542881538,3.403646406974295,0.002997002997002997
h1_chr10_4662897_4671088,h1,,,chr10,4662897,4671088,promoter,0.2107190819191796,0.06524375081062317,0.04587079957127571,0.04433910548686981,1.4714719680112598,41.60629297676221,0.000999000999000999,0.059969350695610046,0.04165276512503624,0.040249619632959366,1.4899358364744075,42.56217503510808,0.000999000999000999
h1_chr10_4662897_4671088,h1,,,chr10,4662897,4671088,tfbs,0.037968502014406054,0.001667866832576692,0.0014146066969260573,0.0014239151496440172,1.1713245926161144,2.4831679713091717,0.005994005994005994,0.0011139627313241363,0.0005979074630886316,0.0006455568363890052,1.7255842840348685,7.496875700897358,0.000999000999000999
h1_chr1_117799490_117807681,h1,,,chr1,117799490,117807681,promoter,0.1655475521914296,0.024306364357471466,0.028085652738809586,0.027346579357981682,0.8888264977965932,-7.388974532400338,1.0,0.022571509703993797,0.02625865489244461,0.025675104930996895,0.8791204462320928,-8.005454344264793,1.0
h1_chr1_117799490_117807681,h1,,,chr1,117799490,117807681,tfbs,0.028323769991454036,0.0007233672076836228,0.0007963186944834888,0.0007411938859149814,0.9759486976753026,-0.2659531683703215,0.6173826173826173,0.0004045952227897942,0.0003374086518306285,0.00027026349562220275,1.4970398494192931,3.2485478679878868,0.001998001998001998
h1_chr1_187997616_188005807,h1,,,chr1,187997616,188005807,promoter,0.21279453058234649,0.0490887425839901,0.046015504747629166,0.045194923877716064,1.086156107194904,7.410555943772414,0.000999000999000999,0.04483041167259216,0.04114239662885666,0.04008781909942627,1.1183050781935346,10.166010785236056,0.000999000999000999
h1_chr1_187997616_188005807,h1,,,chr1,187997616,188005807,tfbs,0.03149798559394457,0.001210458343848586,0.0009935047710314393,0.0009287132997997105,1.3033713893293417,3.7549047148932804,0.000999000999000999,0.0008131797076202929,0.0006075246492400765,0.0005487286834977567,1.481934026916268,4.612822170357862,0.000999000999000999
h1_chr1_236616256_236624447,h1,,,chr1,236616256,236624447,promoter,0.16457087046758637,0.028111593797802925,0.02791517972946167,0.02698623575270176,1.0417011863163799,2.885288627673081,0.002997002997002997,0.02680337056517601,0.025357268750667572,0.024585384875535965,1.0902156179725737,5.739131299180429,0.000999000999000999
h1_chr1_236616256_236624447,h1,,,chr1,236616256,236624447,tfbs,0.03125381516298376,0.001143935020081699,0.000960114470217377,0.0009246888803318143,1.2371026021976284,2.9425014742798585,0.004995004995004995,0.0005597979761660099,0.00033764340332709253,0.00031417448190040886,1.781805997673172,5.745394742944398,0.000999000999000999
h1_chr14_101539194_101547385,h1,,,chr14,101539194,101547385,promoter,0.0963252350140398,0.008485262282192707,0.00935938861221075,0.009635749273002148,0.8806022284086487,-4.887716602580743,1.0,0.007431456819176674,0.008027328178286552,0.008162353187799454,0.9104551895995783,-3.3189377589346902,1.0
h1_chr14_101539194_101547385,h1,,,chr14,101539194,101547385,tfbs,0.028323769991454036,0.0009624345693737268,0.0007795734563842416,0.0008121303399093449,1.185074023316454,2.1300744651705164,0.02097902097902098,0.00028629382723011076,0.0001885278761619702,0.00017285445937886834,1.6562709938689064,3.524399836020678,0.001998001998001998
h1_chr14_26676319_26684510,h1,,,chr14,26676319,26684510,promoter,0.17885484067879379,0.04146536812186241,0.032329805195331573,0.031769104301929474,1.3052104877676405,22.497796079442974,0.000999000999000999,0.03939487412571907,0.030282970517873764,0.02987922728061676,1.3184703123589576,23.695756341151494,0.000999000999000999
h1_chr14_26676319_26684510,h1,,,chr14,26676319,26684510,tfbs,0.03296300817970944,0.0013803303008899093,0.0010836210567504168,0.0009962287731468678,1.3855555451683546,4.916485470617835,0.000999000999000999,0.0007086517289280891,0.000420939177274704,0.00037325610173866153,1.8985670311272171,7.289484237679026,0.000999000999000999
h1_chr14_33377044_33385235,h1,,,chr14,33377044,33385235,promoter,0.18471493102185324,0.03186003863811493,0.03512807562947273,0.033854518085718155,0.9410867570894588,-4.593272741896565,1.0,0.028948230668902397,0.03317723050713539,0.031932391226291656,0.9065475386343056,-6.875841986562549,1.0
h1_chr14_33377044_33385235,h1,,,chr14,33377044,33385235,tfbs,0.02795751434501282,0.0006733557092957199,0.0007548235007561743,0.0007457869360223413,0.9028794643240418,-1.0741752644954559,0.8631368631368631,0.00037610859726555645,0.0003084081399720162,0.0002793759049382061,1.3462456518887922,2.4156973704377043,0.013986013986013986
h1_chr17_22741144_22749335,h1,,,chr17,22741144,22749335,promoter,0.11537052862898303,0.016627689823508263,0.013609346002340317,0.013013291172683239,1.2777466978078662,13.076268286432141,0.000999000999000999,0.015054303221404552,0.010939612984657288,0.01080236490815878,1.3936118016189567,16.844529872638276,0.000999000999000999
h1_chr17_22741144_22749335,h1,,,chr17,22741144,22749335,tfbs,0.01696984495177634,0.001230546971783042,0.0002981471479870379,0.0002828605065587908,4.350366853095062,22.732384017296635,0.000999000999000999,0.001230546971783042,0.00014962456771172583,0.00013448469690047204,9.15008919337292,38.1353892734002,0.000999000999000999
h1_chr17_35241610_35249801,h1,,,chr17,35241610,35249801,promoter,0.14540349163716274,0.019513096660375595,0.0215462539345026,0.020944766700267792,0.9316454529964332,-3.9470348098183274,1.0,0.017315564677119255,0.01888108067214489,0.018169093877077103,0.9530230177832536,-2.608219575734226,0.994005994005994
h1_chr17_35241610_35249801,h1,,,chr17,35241610,35249801,tfbs,0.021731168355512146,0.00038779969327151775,0.0004593896446749568,0.00048248437815345824,0.8037559573549028,-1.7553132383712908,0.967032967032967,8.002216054592282e-05,0.00011338546028127894,9.574343857821077e-05,0.8357978544979291,-0.6730595480563357,0.7962037962037962
h1_chr17_72345701_72353892,h1,,,chr17,72345701,72353892,promoter,0.12123061897204249,0.01377068366855383,0.014988282695412636,0.01467176154255867,0.9385842067163465,-3.027548710151873,0.998001998001998,0.012461799196898937,0.013202107511460781,0.012924048118293285,0.9642334261553809,-1.6682236507034052,0.951048951048951
h1_chr17_72345701_72353892,h1,,,chr17,72345701,72353892,tfbs,0.02539372481992431,0.0005722565110772848,0.0006439117132686079,0.000591000949498266,0.9682835730858057,-0.3235164495137834,0.6363636363636364,0.0001826350635383278,0.00018056557746604085,0.00015438141417689621,1.1830119869808775,0.8672401736913795,0.22377622377622378
h1_chr21_12001989_12010180,h1,,,chr21,12001989,12010180,promoter,0.07325112928824319,0.017161207273602486,0.005665269214659929,0.005243267863988876,3.272998389318775,66.0512402956857,0.000999000999000999,0.017161207273602486,0.005269656423479319,0.004892759490758181,3.5074700291354786,70.18956364368087,0.000999000999000999
h1_chr21_12001989_12010180,h1,,,chr21,12001989,12010180,tfbs,0.008790135514589183,0.001244445564225316,9.014653187477961e-05,6.50086221867241e-05,19.14277710194962,58.590748965832695,0.000999000999000999,0.001244445564225316,9.014653187477961e-05,6.536071305163205e-05,19.03965709863446,59.820067137474936,0.000999000999000999
h1_chr21_19110333_19118524,h1,,,chr21,19110333,19118524,promoter,0.1989989012330607,0.04919567331671715,0.04017604514956474,0.03982327878475189,1.2353496451817496,19.876470160176194,0.000999000999000999,0.046780817210674286,0.03805147111415863,0.03796698525547981,1.2321446355533947,17.760318563415055,0.000999000999000999
h1_chr21_19110333_19118524,h1,,,chr21,19110333,19118524,tfbs,0.031986326455866194,0.0012791872723028064,0.0010394493583589792,0.0009626165847294033,1.3288647760649095,4.046591686215657,0.000999000999000999,0.0006489535444416106,0.000508180761244148,0.00043551024282351136,1.490099383735037,4.011442188001893,0.001998001998001998
h1_chr21_38655195_38663386,h1,,,chr21,38655195,38663386,promoter,0.16591380783787082,0.036218151450157166,0.027853235602378845,0.027408981695771217,1.3213971920651495,21.341592803047664,0.000999000999000999,0.03208592161536217,0.023366233333945274,0.022743936628103256,1.410746175563803,25.624171973434176,0.000999000999000999
h1_chr21_38655195_38663386,h1,,,chr21,38655195,38663386,tfbs,0.02405078744963985,0.0008985769236460328,0.0005897581577301025,0.0005671487306244671,1.5843761523659623,5.695378781939739,0.000999000999000999,0.00037899165181443095,0.00016938430781010538,0.00015077143325470388,2.513683418888683,7.289438460808199,0.000999000999000999
h1_chr3_108977486_108985677,h1,,,chr3,108977486,108985677,promoter,0.16615797826883164,0.029565302655100822,0.027912840247154236,0.02773885801434517,1.0658442622191262,4.565839638423906,0.000999000999000999,0.028211446478962898,0.026321081444621086,0.026234565302729607,1.0753540664166295,4.892498475171001,0.000999000999000999
h1_chr3_108977486_108985677,h1,,,chr3,108977486,108985677,tfbs,0.022341594432914173,0.0003842025762423873,0.0005047086742706597,0.00046079911408014596,0.8337745549041217,-1.4610927688291637,0.9410589410589411,0.0001890520507004112,0.00018783260020427406,0.00016224935825448483,1.1651944435052057,0.8238807585796916,0.23076923076923078
h1_chr3_127663158_127671349,h1,,,chr3,127663158,127671349,promoter,0.12794530582346478,0.01823962852358818,0.016959186643362045,0.016895417124032974,1.0795607110311072,4.330150353692877,0.000999000999000999,0.01679155044257641,0.015433961525559425,0.015565859153866768,1.0787422831334794,3.8861043711997167,0.001998001998001998
h1_chr3_127663158_127671349,h1,,,chr3,127663158,127671349,tfbs,0.021242827493590525,0.0005052870255894959,0.0004433576832525432,0.0004415653820615262,1.1443085126611918,1.198666222758592,0.13286713286713286,0.00018486111366655678,0.00012250104919075966,0.00011660422023851424,1.5853724100930728,2.6067450386076527,0.008991008991008992
h1_chr3_17001016_17009207,h1,,,chr3,17001016,17009207,promoter,0.17580271029178365,0.03379964083433151,0.03138682246208191,0.03078806772828102,1.0978162427284823,7.30924961017449,0.000999000999000999,0.030867505818605423,0.029635297134518623,0.02896895259618759,1.065537516971452,4.428302997521435,0.000999000999000999
h1_chr3_17001016_17009207,h1,,,chr3,17001016,17009207,tfbs,0.03601513856671957,0.0016570263542234898,0.0013239003019407392,0.0013824282214045525,1.1986346405312418,3.071672088280719,0.001998001998001998,0.0009178324253298342,0.0005802689702250063,0.0005811173468828201,1.5794269956888953,5.583228562318073,0.000999000999000999
h1_chr7_120063108_120071299,h1,,,chr7,120063108,120071299,promoter,0.1858136979611769,0.03664973005652428,0.03509318456053734,0.0344463475048542,1.063965636744493,4.9121930700434575,0.000999000999000999,0.03553018346428871,0.03269950672984123,0.03252122551202774,1.0925228955823982,6.703233575516455,0.000999000999000999
h1_chr7_120063108_120071299,h1,,,chr7,120063108,120071299,tfbs,0.03369551947259187,0.0011503020068630576,0.0011279127793386579,0.0011239249724894762,1.0234686789769931,0.30912803929094235,0.4025974025974026,0.0006212861044332385,0.00047703771269880235,0.00047533310134895146,1.3070541535400877,2.7382888544253055,0.006993006993006993
h1_chr7_137920923_137929114,h1,,,chr7,137920923,137929114,promoter,0.16127456964961542,0.0263836570084095,0.026549067348241806,0.025913706049323082,1.0181352276741864,1.2293752881694744,0.10989010989010989,0.025134000927209854,0.020821647718548775,0.02053677663207054,1.223853254943632,13.928529172465465,0.000999000999000999
h1_chr7_137920923_137929114,h1,,,chr7,137920923,137929114,tfbs,0.02844585520693444,0.000802474794909358,0.0008335961028933525,0.0008224325138144195,0.9757333050799535,-0.28547815129977333,0.6223776223776224,0.00044105484266765416,0.00035462138475850224,0.0003458544088061899,1.2752615882216864,2.1304166738580164,0.022977022977022976
h1_chr7_4391208_4399399,h1,,,chr7,4391208,4399399,promoter,0.16933219387132217,0.030360165983438492,0.029295556247234344,0.029645949602127075,1.0240915332750944,1.7086759754761225,0.052947052947052944,0.02775520831346512,0.027021680027246475,0.027352431789040565,1.0147254374869124,1.0066147554827292,0.15984015984015984
h1_chr7_4391208_4399399,h1,,,chr7,4391208,4399399,tfbs,0.052374557441093886,0.030068660154938698,0.002809008350595832,0.003993834834545851,7.528769065473355,167.59461193840414,0.000999000999000999,0.029615892097353935,0.001874574227258563,0.003129627788439393,9.463071681160548,195.06911509837522,0.000999000999000999
h1_chrX_127563685_127571876,h1,,,chrX,127563685,127571876,promoter,0.20534733243804176,0.04236385226249695,0.04240185767412186,0.04287853091955185,0.9879968215790663,-1.091071142008909,0.8581418581418582,0.0388350710272789,0.03594592213630676,0.036236848682165146,1.071701111978662,5.591430229567822,0.000999000999000999
h1_chrX_127563685_127571876,h1,,,chrX,127563685,127571876,tfbs,0.032230496886827005,0.0009360816329717636,0.0010755688417702913,0.0010834467830136418,0.8639848746128745,-1.79670699571575,0.9690309690309691,0.0006281600217334926,0.0005420029046945274,0.0005236083525232971,1.1996753273822989,1.9414967828337815,0.03196803196803197
h1_chrX_130737416_130745607,h1,,,chrX,130737416,130745607,promoter,0.18263948235868635,0.032981161028146744,0.03393792361021042,0.033145882189273834,0.9950304185543628,-0.3763315582990577,0.6473526473526473,0.03178030252456665,0.03175497055053711,0.03098939172923565,1.0255219851438662,1.8941013202990835,0.026973026973026972
h1_chrX_130737416_130745607,h1,,,chrX,130737416,130745607,tfbs,0.032718837748748626,0.0009521961328573525,0.0011063048150390387,0.0010475612943992019,0.9089645999220091,-1.2146309277127638,0.9000999000999002,0.0007035334128886461,0.0005429936572909355,0.0005011826870031655,1.4037464404356061,3.7111557031875773,0.000999000999000999
h1_chrX_83967957_83976148,h1,,,chrX,83967957,83976148,promoter,0.17775607373947014,0.03182746469974518,0.03208460658788681,0.030881965532898903,1.030616547571722,2.2618434490749877,0.01098901098901099,0.029191991314291954,0.027831517159938812,0.027085943147540092,1.077754285877364,5.201408859807868,0.000999000999000999
h1_chrX_83967957_83976148,h1,,,chrX,83967957,83976148,tfbs,0.03284092296422903,0.0022441267501562834,0.0011612006928771734,0.0010296811815351248,2.179438442111347,15.0773158077015,0.000999000999000999,0.0016387628857046366,0.0005770537536591291,0.0005474996287375689,2.9931762501525627,19.05275289596748,0.000999000999000999
h2_chr10_110101002_110109193,h2,,,chr10,110101002,110109193,promoter,0.1900866805029911,0.03637246415019035,0.03666461631655693,0.035944294184446335,1.0119120426609822,0.9525784314055584,0.17582417582417584,0.03548518568277359,0.03403335437178612,0.033548515290021896,1.0577274545835924,4.4259039488181084,0.000999000999000999
h2_chr10_110101002_110109193,h2,,,chr10,110101002,110109193,tfbs,0.03491637162739592,0.0013728851918131113,0.0011779817286878824,0.0012167119421064854,1.128356798599547,1.7725135265477079,0.04295704295704296,0.0008273281855508685,0.00042211663094349205,0.00045127756311558187,1.8333022803949417,7.054149024414295,0.000999000999000999
h2_chr10_19287004_19295195,h2,,,chr10,19287004,19295195,promoter,0.18532535709925527,0.034661050885915756,0.03490264713764191,0.03426146134734154,1.0116629449784174,0.8928375783536996,0.1928071928071928,0.031366895884275436,0.030974211171269417,0.030420178547501564,1.031121360293647,2.3021224294120017,0.013986013986013986
h2_chr10_19287004_19295195,h2,,,chr10,19287004,19295195,tfbs,0.023928702234159445,0.0007963897078298032,0.0005726769450120628,0.0005513912183232605,1.4443278771315307,4.3475348979413715,0.000999000999000999,0.00029562952113337815,0.00023541778500657529,0.0002159241703338921,1.3691358437373384,2.2055594307143913,0.02197802197802198
h2_chr10_4662897_4671088,h2,,,chr10,4662897,4671088,promoter,0.2107190819191796,0.05224841833114624,0.04489521309733391,0.04447992891073227,1.1746515700599414,16.073446054833795,0.000999000999000999,0.049555957317352295,0.040737539529800415,0.04036545380949974,1.2276824026611,19.522881774289825,0.000999000999000999
h2_chr10_4662897_4671088,h2,,,chr10,4662897,4671088,tfbs,0.037968502014406054,0.0015026249457150698,0.0014411716256290674,0.001445911591872573,1.039223251380846,0.6010782916214744,0.2897102897102897,0.0009322408004663885,0.0005929545732215047,0.0006710846209898591,1.389155363285364,4.024362096065932,0.000999000999000999
h2_chr1_117799490_117807681,h2,,,chr1,117799490,117807681,promoter,0.1655475521914296,0.029902413487434387,0.027874255552887917,0.027181537821888924,1.1001001372098373,6.904081578848449,0.000999000999000999,0.0288742333650589,0.026030099019408226,0.02549860067665577,1.132385017170513,8.459750745351165,0.000999000999000999
h2_chr1_117799490_117807681,h2,,,chr1,117799490,117807681,tfbs,0.028323769991454036,0.0015392290661111474,0.0007875630399212241,0.0007386109209619462,2.083951133712589,12.08397760058476,0.000999000999000999,0.0006753139314241707,0.00034647906431928277,0.00027360557578504086,2.4682023730201075,9.985323428861838,0.000999000999000999
h2_chr1_187997616_188005807,h2,,,chr1,187997616,188005807,promoter,0.21279453058234649,0.07105071097612381,0.04550627991557121,0.04528222605586052,1.5690640051236677,49.877626649910816,0.000999000999000999,0.059876054525375366,0.04062940552830696,0.04033001884818077,1.4846522822311126,38.911557461924886,0.000999000999000999
h2_chr1_187997616_188005807,h2,,,chr1,187997616,188005807,tfbs,0.03149798559394457,0.0011156267719343305,0.0009690612205304205,0.0009308066219091415,1.198559126756223,2.48633773823275,0.008991008991008992,0.0005455537466332316,0.0005947751924395561,0.0005521983839571476,0.9879669381205005,-0.11809772593545717,0.5484515484515484
h2_chr1_236616256_236624447,h2,,,chr1,236616256,236624447,promoter,0.16457087046758637,0.02664327248930931,0.027932388707995415,0.026941176503896713,0.9889424274198154,-0.7434390129163935,0.7732267732267732,0.025045521557331085,0.025433378294110298,0.024593176320195198,1.0183931197518572,1.2067471472019862,0.11488511488511488
h2_chr1_236616256_236624447,h2,,,chr1,236616256,236624447,tfbs,0.03125381516298376,0.001199821475893259,0.0009722193353809416,0.0009211855940520763,1.3024752923192489,3.7994315252194832,0.001998001998001998,0.0004823403141926974,0.00033552871900610626,0.000320237799314782,1.5061941945166022,3.699467883505418,0.001998001998001998
h2_chr14_101539194_101547385,h2,,,chr14,101539194,101547385,promoter,0.0963252350140398,0.013092017732560635,0.009372211061418056,0.009377306327223778,1.3961384299190986,15.557377349904352,0.000999000999000999,0.01151350513100624,0.0080531882122159,0.007933792658150196,1.4511981377757195,16.429848207086803,0.000999000999000999
h2_chr14_101539194_101547385,h2,,,chr14,101539194,101547385,tfbs,0.028323769991454036,0.0009579525212757289,0.0007764838519506156,0.0008124703308567405,1.1790615421803516,1.9737302802629242,0.03296703296703297,0.0004398146702442318,0.000192915991647169,0.00017221455345861614,2.5538763212013964,8.186958739519264,0.000999000999000999
h2_chr14_26676319_26684510,h2,,,chr14,26676319,26684510,promoter,0.17885484067879379,0.04075430706143379,0.03206648305058479,0.031708743423223495,1.2852703280441358,20.519232918690207,0.000999000999000999,0.03896338865160942,0.02998383529484272,0.029707061126828194,1.3115867801686354,22.43443297056532,0.000999000999000999
h2_chr14_26676319_26684510,h2,,,chr14,26676319,26684510,tfbs,0.03296300817970944,0.0022776485420763493,0.001084849238395691,0.0009759442764334381,2.333789538066614,17.145843228582656,0.000999000999000999,0.0014289903920143843,0.00042476668022572994,0.0003600494237616658,3.968872876075764,22.349575201142045,0.000999000999000999
h2_chr14_33377044_33385235,h2,,,chr14,33377044,33385235,promoter,0.18471493102185324,0.033202216029167175,0.035054050385951996,0.03391681984066963,0.9789306953051778,-1.633104798695304,0.9470529470529471,0.031331077218055725,0.03303143382072449,0.03195299580693245,0.9805364544647236,-1.4674794302523968,0.938061938061938
h2_chr14_33377044_33385235,h2,,,chr14,33377044,33385235,tfbs,0.02795751434501282,0.0012314829509705305,0.0007662084535695612,0.0007519578211940825,1.637702163952466,7.301231978577137,0.000999000999000999,0.0004005308437626809,0.0002953761431854218,0.0002797199704218656,1.4318993497625923,2.9295386989106498,0.004995004995004995
h2_chr17_22741144_22749335,h2,,,chr17,22741144,22749335,promoter,0.11537052862898303,0.02500224858522415,0.013427790254354477,0.013019528239965439,1.9203651717944676,41.92167613745994,0.000999000999000999,0.02244206704199314,0.010791697539389133,0.01066602487117052,2.104070383583334,47.46261411353959,0.000999000999000999
h2_chr17_22741144_22749335,h2,,,chr17,22741144,22749335,tfbs,0.01696984495177634,0.0009952933760359883,0.0002929525217041373,0.0002855892525985837,3.485051930280251,17.42164927793946,0.000999000999000999,0.0008394040050916374,0.00014299873146228492,0.0001313727261731401,6.389484556979973,25.491998637263304,0.000999000999000999
h2_chr17_35241610_35249801,h2,,,chr17,35241610,35249801,promoter,0.14540349163716274,0.025531554594635963,0.021470321342349052,0.020888671278953552,1.2222680061206364,13.523129058922171,0.000999000999000999,0.023046128451824188,0.01885547675192356,0.01812862604856491,1.2712562104864287,15.122195042231214,0.000999000999000999
h2_chr17_35241610_35249801,h2,,,chr17,35241610,35249801,tfbs,0.021731168355512146,0.00033259959309361875,0.00045584392501041293,0.0004735795082524419,0.7023099338080445,-2.6487767911537254,0.995004995004995,9.070897795027122e-05,0.00010667400783859193,9.53532726271078e-05,0.9512938093378427,-0.1882476563490161,0.5874125874125874
h2_chr17_72345701_72353892,h2,,,chr17,72345701,72353892,promoter,0.12123061897204249,0.015537316910922527,0.015199455432593822,0.014654310420155525,1.0602557517515472,3.0572858583406566,0.002997002997002997,0.01369879487901926,0.01340605691075325,0.01287210825830698,1.0642230941601023,3.124671194191017,0.000999000999000999
h2_chr17_72345701_72353892,h2,,,chr17,72345701,72353892,tfbs,0.02539372481992431,0.00036650284891948104,0.0006389759364537895,0.0005973575171083212,0.6135401973237773,-3.8347121901318877,1.0,0.00013818959996569902,0.00017928576562553644,0.00015495259140152484,0.8918185795783932,-0.565515616255437,0.7212787212787213
h2_chr21_12001989_12010180,h2,,,chr21,12001989,12010180,promoter,0.07325112928824319,0.017619147896766663,0.005451512057334185,0.0052368431352078915,3.364459740699722,68.76892650614006,0.000999000999000999,0.015099604614078999,0.00509318383410573,0.0049051931127905846,3.0782895325172572,60.99554414622953,0.000999000999000999
h2_chr21_12001989_12010180,h2,,,chr21,12001989,12010180,tfbs,0.008790135514589183,0.0004768296203110367,7.888286199886352e-05,7.05531274434179e-05,6.758447677510027,19.88419897262283,0.000999000999000999,0.0004768296203110367,7.888286199886352e-05,6.967010267544538e-05,6.844106754547545,19.999765190407082,0.000999000999000999
h2_chr21_19110333_19118524,h2,,,chr21,19110333,19118524,promoter,0.1989989012330607,0.0486636608839035,0.03984757885336876,0.03976774588227272,1.2236967372494783,18.03220935443245,0.000999000999000999,0.04631195589900017,0.03778468444943428,0.03792942687869072,1.221003313525385,17.55147020065134,0.000999000999000999
h2_chr21_19110333_19118524,h2,,,chr21,19110333,19118524,tfbs,0.031986326455866194,0.0014073204947635531,0.001041231444105506,0.0009633541340008378,1.4608547834002747,5.740404447500059,0.000999000999000999,0.0006110733957029879,0.0004953395109623671,0.0004298808635212481,1.4214947618220364,3.608244120028622,0.001998001998001998
h2_chr21_38655195_38663386,h2,,,chr21,38655195,38663386,promoter,0.16591380783787082,0.026601383462548256,0.027938062325119972,0.027906248345971107,0.9532411212268439,-3.244104782228759,1.0,0.021849630400538445,0.023206425830721855,0.02306501381099224,0.9473061919488392,-3.3948065955745195,1.0
h2_chr21_38655195_38663386,h2,,,chr21,38655195,38663386,tfbs,0.02405078744963985,0.0006142950151115656,0.0005556957912631333,0.0005737395258620381,1.0706862390012144,0.6895835278001035,0.25274725274725274,0.00032521499088034034,0.0001665822637733072,0.00015341115067712963,2.1198914775418802,5.71715764831217,0.000999000999000999
h2_chr3_108977486_108985677,h2,,,chr3,108977486,108985677,promoter,0.16615797826883164,0.03357581049203873,0.027762213721871376,0.02755848690867424,1.2183473861720067,14.643838690156455,0.000999000999000999,0.02983575128018856,0.026182131841778755,0.026037734001874924,1.145865891326801,9.72159279645395,0.000999000999000999
h2_chr3_108977486_108985677,h2,,,chr3,108977486,108985677,tfbs,0.022341594432914173,0.0005446688737720251,0.000517374137416482,0.00046164923696778715,1.1798327174751313,1.5661971080868713,0.06993006993006994,0.00021786756406072527,0.00019317559781484306,0.0001612704072613269,1.3509457051701173,1.8267823750753707,0.04595404595404595
h2_chr3_127663158_127671349,h2,,,chr3,127663158,127671349,promoter,0.12794530582346478,0.01689867489039898,0.016737768426537514,0.0165431946516037,1.0214880043595944,1.1186761050035587,0.14185814185814186,0.01500563696026802,0.015224906615912914,0.015151347033679485,0.99038302844707,-0.5033218441475273,0.7052947052947053
h2_chr3_127663158_127671349,h2,,,chr3,127663158,127671349,tfbs,0.021242827493590525,0.0007777127902954817,0.0004363632760941982,0.00041678172419779,1.8659954243252912,7.071904604679781,0.000999000999000999,0.0003496693097986281,0.0001241929130628705,0.0001105557894334197,3.1628312871775055,8.924249810743163,0.000999000999000999
h2_chr3_17001016_17009207,h2,,,chr3,17001016,17009207,promoter,0.17580271029178365,0.03092745877802372,0.0309799425303936,0.030962960794568062,0.9988534036915949,-0.08118486347939674,0.5224775224775224,0.03015594370663166,0.029160315170884132,0.029083048924803734,1.0368907257489395,2.573274742800853,0.002997002997002997
h2_chr3_17001016_17009207,h2,,,chr3,17001016,17009207,tfbs,0.03601513856671957,0.0023084727581590414,0.0012767092557623982,0.0013700968120247126,1.6848975473109875,10.636192547225175,0.000999000999000999,0.0010266628814861178,0.0005459547974169254,0.0005730297416448593,1.7916397821500896,7.740980109522686,0.000999000999000999
h2_chr7_120063108_120071299,h2,,,chr7,120063108,120071299,promoter,0.1858136979611769,0.032569680362939835,0.035108644515275955,0.03449021279811859,0.9443165965249272,-4.26236824259143,1.0,0.03224336728453636,0.032706741243600845,0.032466575503349304,0.9931249842229306,-0.4951611971221498,0.6913086913086913
h2_chr7_120063108_120071299,h2,,,chr7,120063108,120071299,tfbs,0.03369551947259187,0.0008927417220547795,0.0011216511484235525,0.001096834777854383,0.8139254335107351,-2.573041017359976,0.996003996003996,0.0004617629456333816,0.0004584990965668112,0.00047129375161603093,0.979777355524089,-0.18023237095035652,0.5874125874125874
h2_chr7_137920923_137929114,h2,,,chr7,137920923,137929114,promoter,0.16127456964961542,0.02890285663306713,0.02628249116241932,0.02584277279675007,1.1184115907524401,7.971815606546062,0.000999000999000999,0.02671646699309349,0.020776866003870964,0.020414939150214195,1.3086723794037456,18.585667791867223,0.000999000999000999
h2_chr7_137920923_137929114,h2,,,chr7,137920923,137929114,tfbs,0.02844585520693444,0.001287540653720498,0.0008370216237381101,0.0008020405657589436,1.6053310875892448,7.274480142160978,0.000999000999000999,0.0007530897855758667,0.0003679810033645481,0.000336187775246799,2.240086764080031,9.619679297440404,0.000999000999000999
h2_chr7_4391208_4399399,h2,,,chr7,4391208,4399399,promoter,0.16933219387132217,0.032205112278461456,0.02947133406996727,0.02970573864877224,1.0841377371302132,6.135677352932561,0.000999000999000999,0.030257372185587883,0.02715028077363968,0.02737804502248764,1.1051692025758317,7.33840506233343,0.000999000999000999
h2_chr7_4391208_4399399,h2,,,chr7,4391208,4399399,tfbs,0.052374557441093886,0.045686181634664536,0.0028338951524347067,0.0034431295935064554,13.268795261388375,290.60668305574444,0.000999000999000999,0.04547793045639992,0.0019581487867981195,0.002591292606666684,17.550287582111604,338.41663746194007,0.000999000999000999
h2_chrX_127563685_127571876,h2,,,chrX,127563685,127571876,promoter,0.20534733243804176,0.03875391557812691,0.042216550558805466,0.042617905884981155,0.9093341114112332,-7.689966992945297,1.0,0.03700944408774376,0.03578701615333557,0.036012422293424606,1.027685496582139,2.2006617002637716,0.015984015984015984
h2_chrX_127563685_127571876,h2,,,chrX,127563685,127571876,tfbs,0.032230496886827005,0.0010660657426342368,0.0010303293820470572,0.0010547508718445897,1.010727529212523,0.1471488713915927,0.45354645354645357,0.0005451472825370729,0.000506926910020411,0.0005077623063698411,1.073626922869697,0.6744953773885592,0.2787212787212787
h2_chrX_130737416_130745607,h2,,,chrX,130737416,130745607,promoter,0.18263948235868635,0.03211253508925438,0.03402417525649071,0.03316308557987213,0.9683216904504396,-2.4247330748457143,0.989010989010989,0.02860630303621292,0.0318555124104023,0.031061740592122078,0.9209497758624671,-5.935825992777091,1.0
h2_chrX_130737416_130745607,h2,,,chrX,130737416,130745607,tfbs,0.032718837748748626,0.0016813158290460706,0.0010548039572313428,0.0010495120659470558,1.6019976173679236,7.943549259100492,0.000999000999000999,0.0010590495076030493,0.0005170208751223981,0.0004959043581038713,2.1355922574514308,10.507544644935964,0.000999000999000999
h2_chrX_83967957_83976148,h2,,,chrX,83967957,83976148,promoter,0.17775607373947014,0.034073635935783386,0.0320541150867939,0.031351130455732346,1.0868391487157123,6.271748389280729,0.000999000999000999,0.032885950058698654,0.02779710665345192,0.02715958096086979,1.210841585003802,14.038070551890081,0.000999000999000999
h2_chrX_83967957_83976148,h2,,,chrX,83967957,83976148,tfbs,0.03284092296422903,0.0019876800943166018,0.0010780827142298222,0.0009690463775768876,2.0511712755036764,12.909784550376026,0.000999000999000999,0.0009353788336738944,0.0005243645864538848,0.0005121445865370333,1.82639601835615,7.566494050912423,0.000999000999000999
h3_chr10_110101002_110109193,h3,,,chr10,110101002,110109193,promoter,0.1900866805029911,0.04641975089907646,0.03544532507658005,0.03467845171689987,1.3385762224342528,26.793365216600108,0.000999000999000999,0.04523095861077309,0.03308697044849396,0.0320701003074646,1.4103778340925608,28.602156947029638,0.000999000999000999
h3_chr10_110101002_110109193,h3,,,chr10,110101002,110109193,tfbs,0.03491637162739592,0.0009396421955898404,0.001247231150045991,0.0015398245304822922,0.6102267998650033,-6.065323206475056,1.0,0.0004769396036863327,0.0004404211649671197,0.000689391337800771,0.6918270908477309,-3.2598717560115418,1.0
h3_chr10_19287004_19295195,h3,,,chr10,19287004,19295195,promoter,0.18532535709925527,0.04127797484397888,0.03308630734682083,0.034395087510347366,1.2001125111706978,15.061705977089852,0.000999000999000999,0.03707261383533478,0.02954084612429142,0.030339695513248444,1.2219177947631765,15.678468916124055,0.000999000999000999
h3_chr10_19287004_19295195,h3,,,chr10,19287004,19295195,tfbs,0.023928702234159445,0.0006119472091086209,0.0005321110947988927,0.000595716352108866,1.0272459484153773,0.2595906785530755,0.4035964035964036,0.00032020494109019637,0.00020365095406305045,0.0002254598366562277,1.4202305201632532,2.562009711960357,0.011988011988011988
h3_chr10_4662897_4671088,h3,,,chr10,4662897,4671088,promoter,0.2107190819191796,0.06308254599571228,0.043687447905540466,0.04254293441772461,1.4827972461022876,43.425037757321256,0.000999000999000999,0.05828961357474327,0.03982185572385788,0.03856320306658745,1.511534544319206,41.59936504277412,0.000999000999000999
h3_chr10_4662897_4671088,h3,,,chr10,4662897,4671088,tfbs,0.037968502014406054,0.0013185801217332482,0.0013693663058802485,0.0013677094830200076,0.9640790958191808,-0.5362278661574519,0.7142857142857143,0.0010325389448553324,0.0005349654238671064,0.0006776455556973815,1.5237153644322532,5.639597751152607,0.000999000999000999
h3_chr1_117799490_117807681,h3,,,chr1,117799490,117807681,promoter,0.1655475521914296,0.02928357943892479,0.02668459713459015,0.026923099532723427,1.087674894316397,5.731408152961033,0.000999000999000999,0.02814537286758423,0.025041909888386726,0.025698669254779816,1.0952074050429417,6.223328156115726,0.000999000999000999
h3_chr1_117799490_117807681,h3,,,chr1,117799490,117807681,tfbs,0.028323769991454036,0.0007564023835584521,0.0007821184699423611,0.0006235348992049694,1.2130874863987466,2.0507407967662807,0.029970029970029972,0.00043943378841504455,0.00030335274641402066,0.00016006914665922523,2.745274761478956,8.90246093248237,0.000999000999000999
h3_chr1_187997616_188005807,h3,,,chr1,187997616,188005807,promoter,0.21279453058234649,0.047986533492803574,0.04428170248866081,0.04386508837342262,1.0939572966158229,7.982992678806421,0.000999000999000999,0.04379195347428322,0.039545927196741104,0.03826713189482689,1.1443751152984423,11.490567400240343,0.000999000999000999
h3_chr1_187997616_188005807,h3,,,chr1,187997616,188005807,tfbs,0.03149798559394457,0.0009337001829408109,0.0009237983613274992,0.000912076560780406,1.0237081217632684,0.28366414763873943,0.3996003996003996,0.00060124637093395,0.0005786825786344707,0.0005130753270350397,1.1718481463695267,1.5257744134229372,0.07592407592407592
h3_chr1_236616256_236624447,h3,,,chr1,236616256,236624447,promoter,0.16457087046758637,0.03744073957204819,0.02604527212679386,0.026440216228365898,1.4160526997461005,27.088950348703623,0.000999000999000999,0.03489389270544052,0.023776181042194366,0.024053482338786125,1.4506794573014605,28.617729987186035,0.000999000999000999
h3_chr1_236616256_236624447,h3,,,chr1,236616256,236624447,tfbs,0.03125381516298376,0.0008324867230840027,0.0009254715405404568,0.0007354526314884424,1.1319379215479566,1.4159270162253998,0.0899100899100899,0.000536177889443934,0.0003008946659974754,0.0003030392690561712,1.7693346842931712,5.303037381959514,0.000999000999000999
h3_chr14_101539194_101547385,h3,,,chr14,101539194,101547385,promoter,0.0963252350140398,0.0113847516477108,0.009004541672766209,0.010558275505900383,1.0782775692250641,3.1805433988011655,0.000999000999000999,0.009588983841240406,0.007608283311128616,0.00892044510692358,1.074944548876596,2.958752246919906,0.002997002997002997
h3_chr14_101539194_101547385,h3,,,chr14,101539194,101547385,tfbs,0.028323769991454036,0.0009152175625786185,0.0008022002293728292,0.0008923648856580257,1.025609117176032,0.3033974137234035,0.38961038961038963,0.00042987492633983493,0.0001825577492127195,0.00016298500122502446,2.637512182770304,8.39667306432641,0.000999000999000999
h3_chr14_26676319_26684510,h3,,,chr14,26676319,26684510,promoter,0.17885484067879379,0.04301978275179863,0.031103279441595078,0.031030936166644096,1.3863514307390323,27.727292871349135,0.000999000999000999,0.041214462369680405,0.02907893806695938,0.02973012626171112,1.386286153206142,27.8881702130667,0.000999000999000999
h3_chr14_26676319_26684510,h3,,,chr14,26676319,26684510,tfbs,0.03296300817970944,0.0009306491701863706,0.0009995056316256523,0.001091000740416348,0.8530234084270337,-2.020062814882168,0.9790209790209791,0.00044083379907533526,0.00036120470031164587,0.0004261113645043224,1.034550673362441,0.28804275837103144,0.3876123876123876
h3_chr14_33377044_33385235,h3,,,chr14,33377044,33385235,promoter,0.18471493102185324,0.03826103359460831,0.033371299505233765,0.032620400190353394,1.172917357584196,12.944476866930769,0.000999000999000999,0.03646545857191086,0.031500108540058136,0.030804455280303955,1.183772225156875,13.147716521467228,0.000999000999000999
h3_chr14_33377044_33385235,h3,,,chr14,33377044,33385235,tfbs,0.02795751434501282,0.000947848311625421,0.0007382514304481447,0.0005837877979502082,1.623617888132468,6.362643131697215,0.000999000999000999,0.0006207738770172,0.0002589887590147555,0.00025932997232303023,2.3937606264961264,9.316556713925106,0.000999000999000999
h3_chr17_22741144_22749335,h3,,,chr17,22741144,22749335,promoter,0.11537052862898303,0.013429902493953705,0.013244054280221462,0.013902710750699043,0.9659916497420069,-1.6834877953215701,0.9500499500499501,0.013011670671403408,0.010592654347419739,0.01156155951321125,1.1254252210988607,5.670668896294425,0.000999000999000999
h3_chr17_22741144_22749335,h3,,,chr17,22741144,22749335,tfbs,0.01696984495177634,7.302468293346465e-05,0.0002570475044194609,0.00013220122491475195,0.5523752369204866,-2.109705346205401,0.991008991008991,7.302468293346465e-05,0.00011000199447153136,0.00010984240361722186,0.6648132281221796,-1.4437675332919002,0.951048951048951
h3_chr17_35241610_35249801,h3,,,chr17,35241610,35249801,promoter,0.14540349163716274,0.017968440428376198,0.020856674760580063,0.022151557728648186,0.8111592262939575,-11.896882352478627,1.0,0.015536516904830933,0.017978398129343987,0.019259994849562645,0.8066729522092129,-11.194552599319074,1.0
h3_chr17_35241610_35249801,h3,,,chr17,35241610,35249801,tfbs,0.021731168355512146,0.00061840342823416,0.00042878169915638864,0.0005202440661378205,1.1886794458321328,1.7192176372819226,0.052947052947052944,8.338023326359689e-05,9.282974497182295e-05,6.994211435085163e-05,1.1921320085540372,0.6135004947327467,0.3146853146853147
h3_chr17_72345701_72353892,h3,,,chr17,72345701,72353892,promoter,0.12123061897204249,0.017425257712602615,0.013989095576107502,0.014990190044045448,1.1624440825234532,8.050086087748408,0.000999000999000999,0.01625106856226921,0.012227882631123066,0.013636146672070026,1.1917639897167687,9.119783288496377,0.000999000999000999
h3_chr17_72345701_72353892,h3,,,chr17,72345701,72353892,tfbs,0.02539372481992431,0.0004932987503707409,0.0006112030823715031,0.0004778953152708709,1.0322318185754538,0.2727206735184177,0.42957042957042957,9.032231173478067e-05,0.00017112575005739927,7.290399662451819e-05,1.2389212651807426,0.795254229518206,0.24475524475524477
h3_chr21_12001989_12010180,h3,,,chr21,12001989,12010180,promoter,0.07325112928824319,0.0046144830994307995,0.005124495830386877,0.004047625698149204,1.1400468925624208,3.7681828369647365,0.000999000999000999,0.004364340100437403,0.004789831582456827,0.0037855745758861303,1.152887101534856,3.954158071023295,0.000999000999000999
h3_chr21_12001989_12010180,h3,,,chr21,12001989,12010180,tfbs,0.008790135514589183,0.0,6.964490603422746e-05,0.0,nan,nan,1.0,0.0,6.964490603422746e-05,0.0,nan,nan,1.0
h3_chr21_19110333_19118524,h3,,,chr21,19110333,19118524,promoter,0.1989989012330607,0.05044655129313469,0.038602832704782486,0.038840193301439285,1.2988233838492589,24.207069344668735,0.000999000999000999,0.04832489788532257,0.03657207265496254,0.03716618940234184,1.300238164375216,22.965011403432957,0.000999000999000999
h3_chr21_19110333_19118524,h3,,,chr21,19110333,19118524,tfbs,0.031986326455866194,0.0013690382475033402,0.0010457723401486874,0.0009386943420395255,1.458449450679329,5.51035737470569,0.000999000999000999,0.0006522642797790468,0.00047285540495067835,0.00031758102704770863,2.053851534654368,7.659866317698542,0.000999000999000999
h3_chr21_38655195_38663386,h3,,,chr21,38655195,38663386,promoter,0.16591380783787082,0.039018988609313965,0.02751775272190571,0.026945827528834343,1.448053082339383,31.876415938659186,0.000999000999000999,0.035885393619537354,0.02245279960334301,0.023094063624739647,1.5538795684746847,37.187207255717645,0.000999000999000999
h3_chr21_38655195_38663386,h3,,,chr21,38655195,38663386,tfbs,0.02405078744963985,0.0005703549832105637,0.0005808898713439703,0.000688626489136368,0.828250135898587,-1.8800267816673033,0.975024975024975,0.0002616922720335424,0.00015419717237818986,0.00013463060895446688,1.9437799031425964,4.360783784922675,0.000999000999000999
h3_chr3_108977486_108985677,h3,,,chr3,108977486,108985677,promoter,0.16615797826883164,0.03077387623488903,0.02696230262517929,0.027664268389344215,1.112405208111073,7.473854491483489,0.000999000999000999,0.030106863006949425,0.025519724935293198,0.02621130459010601,1.148621309689174,9.970804135507214,0.000999000999000999
h3_chr3_108977486_108985677,h3,,,chr3,108977486,108985677,tfbs,0.022341594432914173,0.0004844620998483151,0.00045932779903523624,0.0003901605086866766,1.2416994776818087,1.9464552956369507,0.03196803196803197,0.00023169926134869456,0.00015671348955947906,0.00015318831719923764,1.5125126092177454,2.5262155633500445,0.01098901098901099
h3_chr3_127663158_127671349,h3,,,chr3,127663158,127671349,promoter,0.12794530582346478,0.022184347733855247,0.015994038432836533,0.01672842726111412,1.3261466477140758,17.01457026420125,0.000999000999000999,0.021591218188405037,0.014394913800060749,0.015551923774182796,1.388331019487625,19.971707371815572,0.000999000999000999
h3_chr3_127663158_127671349,h3,,,chr3,127663158,127671349,tfbs,0.021242827493590525,0.0005522225401364267,0.0004621616390068084,0.0003597491013351828,1.5350213192663793,4.110974493116505,0.000999000999000999,0.0002454322238918394,0.00013321491132955998,0.0001319266448263079,1.8603688755593746,3.868743930709699,0.000999000999000999
h3_chr3_17001016_17009207,h3,,,chr3,17001016,17009207,promoter,0.17580271029178365,0.035226009786129,0.03060196153819561,0.030347183346748352,1.160767026831945,11.679036344621696,0.000999000999000999,0.03400087356567383,0.028797034174203873,0.028439925983548164,1.1955331242895126,14.241148338910236,0.000999000999000999
h3_chr3_17001016_17009207,h3,,,chr3,17001016,17009207,tfbs,0.03601513856671957,0.0029349399264901876,0.0012974360724911094,0.0013224261347204447,2.2193601967119485,18.56965697002055,0.000999000999000999,0.0015347851440310478,0.0005187994102016091,0.0005139376153238118,2.9863257684768616,18.649998172275346,0.000999000999000999
h3_chr7_120063108_120071299,h3,,,chr7,120063108,120071299,promoter,0.1858136979611769,0.04563329368829727,0.03424711897969246,0.033749666064977646,1.3521109690519688,26.391394271081804,0.000999000999000999,0.04384075477719307,0.03189237043261528,0.03212879225611687,1.3645316769990448,25.701130103854492,0.000999000999000999
h3_chr7_120063108_120071299,h3,,,chr7,120063108,120071299,tfbs,0.03369551947259187,0.0012297644279897213,0.0010837881127372384,0.0009668519487604499,1.2719263063660757,3.482074758419029,0.000999000999000999,0.0005419300869107246,0.000437016919022426,0.00041503505781292915,1.3057453261092742,2.5335822415995093,0.011988011988011988
h3_chr7_137920923_137929114,h3,,,chr7,137920923,137929114,promoter,0.16127456964961542,0.042380936443805695,0.025378642603754997,0.025414643809199333,1.6675793987899636,44.40544388085948,0.000999000999000999,0.03856533393263817,0.019784478470683098,0.02096266858279705,1.839714909402646,49.683875024171506,0.000999000999000999
h3_chr7_137920923_137929114,h3,,,chr7,137920923,137929114,tfbs,0.02844585520693444,0.0010475562885403633,0.0008166093030013144,0.0007896909955888987,1.3265394874601122,3.680610254108458,0.001998001998001998,0.0005064344732090831,0.00032640784047544,0.0003333102213218808,1.519408769405888,3.858318689385447,0.001998001998001998
h3_chr7_4391208_4399399,h3,,,chr7,4391208,4399399,promoter,0.16933219387132217,0.0359426774084568,0.028541704639792442,0.03047049418091774,1.1795895791859534,12.691775065817104,0.000999000999000999,0.03382238745689392,0.026404978707432747,0.028139427304267883,1.2019572072728042,14.42202443349809,0.000999000999000999
h3_chr7_4391208_4399399,h3,,,chr7,4391208,4399399,tfbs,0.052374557441093886,0.007172172889113426,0.0029418934136629105,0.008380677551031113,0.8557986923421247,-5.559640111415317,1.0,0.00676993140950799,0.002053755335509777,0.007822161540389061,0.8654808999471603,-4.826124840625233,1.0
h3_chrX_127563685_127571876,h3,,,chrX,127563685,127571876,promoter,0.20534733243804176,0.047541938722133636,0.04123493283987045,0.041653260588645935,1.1413737616279882,11.780397514263687,0.000999000999000999,0.04261302947998047,0.035028211772441864,0.035979460924863815,1.184370982349335,14.20899662504063,0.000999000999000999
h3_chrX_127563685_127571876,h3,,,chrX,127563685,127571876,tfbs,0.032230496886827005,0.001157653983682394,0.0010168873704969883,0.0011539821280166507,1.0031818999415998,0.04388117676847779,0.4985014985014985,0.0007812388939782977,0.00046810341882519424,0.00045034161303192377,1.734769498023087,6.080918774359582,0.000999000999000999
h3_chrX_130737416_130745607,h3,,,chrX,130737416,130745607,promoter,0.18263948235868635,0.03550851717591286,0.032451845705509186,0.03235195204615593,1.0975695415613103,6.964132507019594,0.000999000999000999,0.033901166170835495,0.03046790137887001,0.030421331524848938,1.1143879794723692,8.023361828791314,0.000999000999000999
h3_chrX_130737416_130745607,h3,,,chrX,130737416,130745607,tfbs,0.032718837748748626,0.0015119377057999372,0.0010028700344264507,0.0011405148543417454,1.3256624409969309,4.40430640111395,0.001998001998001998,0.0009761539404280484,0.0004638567625079304,0.0006588525720871985,1.481596918314611,4.9048734184831995,0.000999000999000999
h3_chrX_83967957_83976148,h3,,,chrX,83967957,83976148,promoter,0.17775607373947014,0.03289278969168663,0.030410857871174812,0.03220396488904953,1.0213894408657527,1.6065462382378646,0.04695304695304695,0.03068772703409195,0.026874521747231483,0.027332430705428123,1.1227587975919564,8.740110762402585,0.000999000999000999
h3_chrX_83967957_83976148,h3,,,chrX,83967957,83976148,tfbs,0.03284092296422903,0.0006410888745449483,0.0010024914517998695,0.0008672312251292169,0.739236383525543,-3.034221423182597,0.998001998001998,0.0005917743546888232,0.0005008230800740421,0.0006341426633298397,0.9331880488555313,-0.7135621019452683,0.7702297702297702
h4_chr10_110101002_110109193,h4,,,chr10,110101002,110109193,promoter,0.1900866805029911,0.03301255404949188,0.035883110016584396,0.0359700582921505,0.9177787197719385,-6.185305583485315,1.0,0.030832961201667786,0.033347900956869125,0.033507753163576126,0.9201739385851775,-6.020331859559231,1.0
h4_chr10_110101002_110109193,h4,,,chr10,110101002,110109193,tfbs,0.03491637162739592,0.0015741507522761822,0.0011648054933175445,0.0013173858169466257,1.1949048881706303,2.8954965411499,0.005994005994005994,0.0007647696183994412,0.00040558198816142976,0.0005663501797243953,1.3503476219811628,3.369628899281488,0.000999000999000999
h4_chr10_19287004_19295195,h4,,,chr10,19287004,19295195,promoter,0.18532535709925527,0.037151288241147995,0.033975712954998016,0.03380526602268219,1.0989793192640678,7.242286249984016,0.000999000999000999,0.0334177166223526,0.03018355183303356,0.030099552124738693,1.1102396634960798,7.963817107914009,0.000999000999000999
h4_chr10_19287004_19295195,h4,,,chr10,19287004,19295195,tfbs,0.023928702234159445,0.0006869267672300339,0.0005602279561571777,0.0004916932666674256,1.397063604075468,3.5972632435537615,0.000999000999000999,0.0003116612206213176,0.0002189900988014415,0.00018035643734037876,1.72802936904954,4.058211560771894,0.000999000999000999
h4_chr10_4662897_4671088,h4,,,chr10,4662897,4671088,promoter,0.2107190819191796,0.05460141971707344,0.04371493682265282,0.04463913291692734,1.2231738420790061,19.191935633805866,0.000999000999000999,0.04959883913397789,0.039620790630578995,0.040495291352272034,1.224805094066698,19.601686521178458,0.000999000999000999
h4_chr10_4662897_4671088,h4,,,chr10,4662897,4671088,tfbs,0.037968502014406054,0.0016823966288939118,0.0014083688147366047,0.0014037751825526357,1.1984801055070862,3.063131149109332,0.001998001998001998,0.001089734141714871,0.0005738624604418874,0.0006828618934378028,1.5958338753224444,6.256095375308021,0.000999000999000999
h4_chr1_117799490_117807681,h4,,,chr1,117799490,117807681,promoter,0.1655475521914296,0.02892364002764225,0.02712305262684822,0.026777710765600204,1.0801386377209958,5.469305979176104,0.000999000999000999,0.027845388278365135,0.025353707373142242,0.02521512098610401,1.1043130942623935,6.929129820684292,0.000999000999000999
h4_chr1_117799490_117807681,h4,,,chr1,117799490,117807681,tfbs,0.028323769991454036,0.0006683901883661747,0.0007980966474860907,0.0006847026525065303,0.976175842052547,-0.2502269597615466,0.6113886113886113,0.00032788951648399234,0.0003184945962857455,0.00021137524163350463,1.551220066976942,3.177677044976247,0.001998001998001998
h4_chr1_187997616_188005807,h4,,,chr1,187997616,188005807,promoter,0.21279453058234649,0.04726078361272812,0.044846177101135254,0.04439517855644226,1.0645476637207945,5.817833911366011,0.000999000999000999,0.04233025386929512,0.0400393083691597,0.03920901566743851,1.0796051150156436,6.588678499243694,0.000999000999000999
h4_chr1_187997616_188005807,h4,,,chr1,187997616,188005807,tfbs,0.03149798559394457,0.0008290271507576108,0.0009539431775920093,0.0009051730157807469,0.9158770050635486,-1.0646819151522797,0.8701298701298701,0.0007043614168651402,0.0005646116915158927,0.0005154429818503559,1.3665166500795065,3.295493539298676,0.003996003996003996
h4_chr1_236616256_236624447,h4,,,chr1,236616256,236624447,promoter,0.16457087046758637,0.031593579798936844,0.026987595483660698,0.027040228247642517,1.1683917572586062,11.683543280990424,0.000999000999000999,0.029439754784107208,0.024700477719306946,0.024562427774071693,1.1985686046549544,13.05406951953386,0.000999000999000999
h4_chr1_236616256_236624447,h4,,,chr1,236616256,236624447,tfbs,0.03125381516298376,0.0011270004324615002,0.0009607031824998558,0.0008620989392511547,1.3072750483145785,3.7053971921740425,0.000999000999000999,0.0006887224735692143,0.00031812649103812873,0.0003121227491647005,2.206575699504012,8.843071047437085,0.000999000999000999
h4_chr14_101539194_101547385,h4,,,chr14,101539194,101547385,promoter,0.0963252350140398,0.008558515459299088,0.009261658415198326,0.010427837260067463,0.8207373442691911,-7.448849198438221,1.0,0.007540849037468433,0.007851715199649334,0.00880812294781208,0.8561244072258964,-5.475089763686262,1.0
h4_chr14_101539194_101547385,h4,,,chr14,101539194,101547385,tfbs,0.028323769991454036,0.0009607787360437214,0.0007975099724717438,0.0008767612162046134,1.0958271400311352,1.17525787465767,0.13986013986013987,0.0004298220737837255,0.00016718822007533163,0.00019773711392190307,2.173704598285404,6.563841731178415,0.000999000999000999
h4_chr14_26676319_26684510,h4,,,chr14,26676319,26684510,promoter,0.17885484067879379,0.038667358458042145,0.03134385123848915,0.03184794634580612,1.2141240768930783,15.471720274397239,0.000999000999000999,0.03675075247883797,0.02930554375052452,0.03013688698410988,1.2194608055641363,15.450395372550908,0.000999000999000999
h4_chr14_26676319_26684510,h4,,,chr14,26676319,26684510,tfbs,0.03296300817970944,0.0005819396465085447,0.0010446453234180808,0.0009529324597679079,0.6106829928432488,-5.064988961375991,1.0,0.0002719935146160424,0.00037250478635542095,0.0003694747283589095,0.7361627027216503,-2.0993090763823585,0.989010989010989
h4_chr14_33377044_33385235,h4,,,chr14,33377044,33385235,promoter,0.18471493102185324,0.03567279502749443,0.033842794597148895,0.03347448632121086,1.0656711707295303,5.042665636591765,0.000999000999000999,0.03395190089941025,0.03186861798167229,0.03153200447559357,1.076744135492234,5.6101977971202555,0.000999000999000999
h4_chr14_33377044_33385235,h4,,,chr14,33377044,33385235,tfbs,0.02795751434501282,0.0007455129525624216,0.0007563211838714778,0.0006868038326501846,1.0854816428232423,0.8946056705634342,0.20279720279720279,0.00039139430737122893,0.0002804364776238799,0.0002896814839914441,1.3511195191985035,2.424281690585385,0.014985014985014986
h4_chr17_22741144_22749335,h4,,,chr17,22741144,22749335,promoter,0.11537052862898303,0.011054017581045628,0.013145087286829948,0.013209451921284199,0.836826360920732,-7.881145851856274,1.0,0.010178085416555405,0.01055158767849207,0.011043796315789223,0.9216111132006194,-3.3836161886132605,1.0
h4_chr17_22741144_22749335,h4,,,chr17,22741144,22749335,tfbs,0.01696984495177634,0.0004996514762751758,0.00026931826141662896,0.00024010412744246423,2.0809782888672186,6.855803783481629,0.000999000999000999,0.0003022582968696952,0.00011942283890675753,0.00014069814642425627,2.148274903055767,5.626229299676959,0.000999000999000999
h4_chr17_35241610_35249801,h4,,,chr17,35241610,35249801,promoter,0.14540349163716274,0.022525424137711525,0.020954616367816925,0.021438349038362503,1.0507070342685332,3.0374427708736884,0.000999000999000999,0.020636726170778275,0.018153084442019463,0.018645694479346275,1.1067823831199988,5.910546764641085,0.000999000999000999
h4_chr17_35241610_35249801,h4,,,chr17,35241610,35249801,tfbs,0.021731168355512146,0.0003347861929796636,0.0004480456991586834,0.0004849788674619049,0.6903108886614757,-2.8337040482674825,0.999000999000999,6.316720100585371e-05,9.506679634796456e-05,8.138461998896673e-05,0.7761564901871786,-0.8159616451753431,0.8331668331668332
h4_chr17_72345701_72353892,h4,,,chr17,72345701,72353892,promoter,0.12123061897204249,0.013367857784032822,0.014617277309298515,0.014893577434122562,0.8975585512051539,-5.064504866427092,1.0,0.012469125911593437,0.012758348137140274,0.013417772017419338,0.9292992827278372,-3.4142326662280587,0.999000999000999
h4_chr17_72345701_72353892,h4,,,chr17,72345701,72353892,tfbs,0.02539372481992431,0.00040851469384506345,0.0006355856894515455,0.0005372031591832638,0.7604473035232114,-2.2925360660006615,0.993006993006993,0.00013826652138959616,0.000175912631675601,0.00013506124378181994,1.0237320308774447,0.11236698778140052,0.4905094905094905
h4_chr21_12001989_12010180,h4,,,chr21,12001989,12010180,promoter,0.07325112928824319,0.006760093849152327,0.005231313407421112,0.004592974204570055,1.471833619798249,13.338272049886816,0.000999000999000999,0.006284726317971945,0.004888494033366442,0.0042396411299705505,1.4823722398446493,13.454018958924882,0.000999000999000999
h4_chr21_12001989_12010180,h4,,,chr21,12001989,12010180,tfbs,0.008790135514589183,1.2347203664830886e-05,6.7106906499248e-05,3.197925707354443e-06,3.861003911515315,2.013624043378517,0.0969030969030969,1.2347203664830886e-05,6.7106906499248e-05,2.969502475025365e-06,4.158004166918708,2.1933125068202717,0.08391608391608392
h4_chr21_19110333_19118524,h4,,,chr21,19110333,19118524,promoter,0.1989989012330607,0.05239114537835121,0.038740113377571106,0.03967968001961708,1.3203520127291792,26.608563731653796,0.000999000999000999,0.050824716687202454,0.036726657301187515,0.03785666450858116,1.3425566501159065,27.78146621517566,0.000999000999000999
h4_chr21_19110333_19118524,h4,,,chr21,19110333,19118524,tfbs,0.031986326455866194,0.0011170953512191772,0.0010010187979787588,0.0010708201443776488,1.043214733197257,0.5648259101689278,0.3126873126873127,0.0005991125362925231,0.00047292522503994405,0.0004076274635735899,1.4697550823495091,3.923396187907625,0.000999000999000999
h4_chr21_38655195_38663386,h4,,,chr21,38655195,38663386,promoter,0.16591380783787082,0.026617618277668953,0.027182629331946373,0.028091412037611008,0.9475357893021247,-3.6910782097947403,0.999000999000999,0.024156684055924416,0.022200318053364754,0.024020275101065636,1.005678908933592,0.3621867101756595,0.36363636363636365
h4_chr21_38655195_38663386,h4,,,chr21,38655195,38663386,tfbs,0.02405078744963985,0.0006311722681857646,0.0005621899617835879,0.0006100503378547728,1.0346232581482808,0.3486687391989717,0.3856143856143856,0.00032514933263882995,0.00014434089825954288,0.0001673116348683834,1.9433755034108082,4.844086110345684,0.000999000999000999
h4_chr3_108977486_108985677,h4,,,chr3,108977486,108985677,promoter,0.16615797826883164,0.03242335841059685,0.027589336037635803,0.02768082730472088,1.1713290955385263,12.145606742836776,0.000999000999000999,0.030932484194636345,0.0259880218654871,0.026073653250932693,1.1863502170924147,12.218096785225592,0.000999000999000999
h4_chr3_108977486_108985677,h4,,,chr3,108977486,108985677,tfbs,0.022341594432914173,0.00039464287692680955,0.0004864763468503952,0.00040753453504294157,0.9683667100390065,-0.2611163751632792,0.6253746253746254,0.00019418935698922724,0.00017871710588224232,0.00011353813169989735,1.7103448337736105,3.1326706784690113,0.003996003996003996
h4_chr3_127663158_127671349,h4,,,chr3,127663158,127671349,promoter,0.12794530582346478,0.023027902469038963,0.016517823562026024,0.017123397439718246,1.344820883245111,17.717501745967855,0.000999000999000999,0.02214048244059086,0.014946185983717442,0.015907295048236847,1.3918445828440766,20.29799372078743,0.000999000999000999
h4_chr3_127663158_127671349,h4,,,chr3,127663158,127671349,tfbs,0.021242827493590525,0.0007330859662033617,0.00043818086851388216,0.00047842864296399057,1.5322785894709448,4.633492163569659,0.000999000999000999,0.00034082066849805415,0.00011356433969922364,0.00013961430522613227,2.44115864736088,6.738956735425152,0.000999000999000999
h4_chr3_17001016_17009207,h4,,,chr3,17001016,17009207,promoter,0.17580271029178365,0.03721435368061066,0.030691685155034065,0.030805794522166252,1.208030964883348,15.7173593064663,0.000999000999000999,0.035416681319475174,0.028937825933098793,0.028873970732092857,1.2265954567900916,15.572097602104561,0.000999000999000999
h4_chr3_17001016_17009207,h4,,,chr3,17001016,17009207,tfbs,0.03601513856671957,0.0015292714815586805,0.0012952651595696807,0.0015254326863214374,1.0025165287669955,0.04080448249150499,0.4965034965034965,0.000830175937153399,0.0005427991854958236,0.0006186309037730098,1.3419567824532899,3.4976156279973067,0.000999000999000999
h4_chr7_120063108_120071299,h4,,,chr7,120063108,120071299,promoter,0.1858136979611769,0.04976056143641472,0.03407617285847664,0.03368091210722923,1.4774113384457355,36.987844927187524,0.000999000999000999,0.04651776701211929,0.031816400587558746,0.031975772231817245,1.4547816601543135,33.86329414800927,0.000999000999000999
h4_chr7_120063108_120071299,h4,,,chr7,120063108,120071299,tfbs,0.03369551947259187,0.001238043769262731,0.001113547827117145,0.0010597403161227703,1.168252024035768,2.2042093784117753,0.017982017982017984,0.0005781727377325296,0.0004357033467385918,0.0004712107765953988,1.2269938771561093,1.9686684115065154,0.029970029970029972
h4_chr7_137920923_137929114,h4,,,chr7,137920923,137929114,promoter,0.16127456964961542,0.035363055765628815,0.02608635649085045,0.02495824359357357,1.4168887980055755,26.769823098552234,0.000999000999000999,0.030298367142677307,0.019934311509132385,0.020249515771865845,1.4962514404800276,28.268188119295004,0.000999000999000999
h4_chr7_137920923_137929114,h4,,,chr7,137920923,137929114,tfbs,0.02844585520693444,0.0007949635037221014,0.000811630510725081,0.0008607596391811967,0.9235603849621896,-0.8896825204742191,0.8191808191808192,0.00035260478034615517,0.0003340122348163277,0.0003670808218885213,0.9605644297408641,-0.30740202542715284,0.6403596403596403
h4_chr7_4391208_4399399,h4,,,chr7,4391208,4399399,promoter,0.16933219387132217,0.03833146020770073,0.028936516493558884,0.03069303184747696,1.2488652277227434,18.230551307774405,0.000999000999000999,0.03572555258870125,0.026707865297794342,0.02827342599630356,1.2635735263696721,17.68964023558265,0.000999000999000999
h4_chr7_4391208_4399399,h4,,,chr7,4391208,4399399,tfbs,0.052374557441093886,0.012348094023764133,0.0028542601503431797,0.006668216548860073,1.851783596601258,28.86900665073016,0.000999000999000999,0.011931653134524822,0.0018555594142526388,0.005997602362185717,1.989403834064209,31.534966484541222,0.000999000999000999
h4_chrX_127563685_127571876,h4,,,chrX,127563685,127571876,promoter,0.20534733243804176,0.052377838641405106,0.041412804275751114,0.0424053817987442,1.2351696039429654,20.079502524390094,0.000999000999000999,0.045434728264808655,0.03488059341907501,0.03575717285275459,1.2706465483696243,21.922559665313322,0.000999000999000999
h4_chrX_127563685_127571876,h4,,,chrX,127563685,127571876,tfbs,0.032230496886827005,0.0012565552024170756,0.0010123575339093804,0.001139746862463653,1.1024862132113546,1.3920177994972647,0.0959040959040959,0.0008911284385249019,0.0004746047197841108,0.000511642312631011,1.7417019986921425,6.6530100731738075,0.000999000999000999
h4_chrX_130737416_130745607,h4,,,chrX,130737416,130745607,promoter,0.18263948235868635,0.034400589764118195,0.03295333683490753,0.0329752117395401,1.0432257428955019,3.1603125233915033,0.001998001998001998,0.03228382393717766,0.03084082156419754,0.03092830628156662,1.0438277364195314,3.2858240696366887,0.000999000999000999
h4_chrX_130737416_130745607,h4,,,chrX,130737416,130745607,tfbs,0.032718837748748626,0.0010900702327489853,0.0010380999883636832,0.000984719954431057,1.106985014210255,1.3848139067175071,0.08891108891108891,0.0008745912346057594,0.0004790597013197839,0.0005143737071193755,1.700303150220672,6.379781775492735,0.000999000999000999
h4_chrX_83967957_83976148,h4,,,chrX,83967957,83976148,promoter,0.17775607373947014,0.036008238792419434,0.030879678204655647,0.030600670725107193,1.1767140372800864,12.906355984918532,0.000999000999000999,0.033025193959474564,0.027038361877202988,0.026650046929717064,1.239217103315817,15.619963380346169,0.000999000999000999
h4_chrX_83967957_83976148,h4,,,chrX,83967957,83976148,tfbs,0.03284092296422903,0.0010649148607626557,0.0010226359590888023,0.0009264760301448405,1.149425161702427,1.8356301114572762,0.03496503496503497,0.0007634028443135321,0.00048633103142492473,0.0005581629229709506,1.3677061175080294,3.4833296544357473,0.000999000999000999
h5_chr10_110101002_110109193,h5,,,chr10,110101002,110109193,promoter,0.1900866805029911,0.04409799724817276,0.0359475202858448,0.03496084734797478,1.261353788403738,21.096204041600267,0.000999000999000999,0.041839007288217545,0.03344826027750969,0.03247156739234924,1.2884812975820625,21.407488206229495,0.000999000999000999
h5_chr10_110101002_110109193,h5,,,chr10,110101002,110109193,tfbs,0.03491637162739592,0.0015908367931842804,0.0012027325574308634,0.0014158956473693252,1.1235551123700314,2.0050605752964468,0.02197802197802198,0.0007954183965921402,0.000421570468461141,0.0006297995569184422,1.2629707148160876,2.6961176345732545,0.005994005994005994
h5_chr10_19287004_19295195,h5,,,chr10,19287004,19295195,promoter,0.18532535709925527,0.040040671825408936,0.03406869247555733,0.0342230349779129,1.169991844710753,14.031978530756566,0.000999000999000999,0.035941872745752335,0.03027152828872204,0.03031207248568535,1.1857279888310381,13.497141254314704,0.000999000999000999
h5_chr10_19287004_19295195,h5,,,chr10,19287004,19295195,tfbs,0.023928702234159445,0.00035998711246065795,0.0005742734065279365,0.0005881937104277313,0.6120213563638368,-3.96092779069484,1.0,0.0001642046554479748,0.00022824415646027774,0.00023106751905288547,0.7106349525931965,-1.8752174126418737,0.984015984015984
h5_chr10_4662897_4671088,h5,,,chr10,4662897,4671088,promoter,0.2107190819191796,0.05422281473875046,0.044180504977703094,0.04398759454488754,1.2326842442684218,20.984359803054144,0.000999000999000999,0.04917971044778824,0.04012306034564972,0.03998338431119919,1.2300036951602717,20.000506368597854,0.000999000999000999
h5_chr10_4662897_4671088,h5,,,chr10,4662897,4671088,tfbs,0.037968502014406054,0.0012513441033661366,0.0014188630739226937,0.0014105791924521327,0.8871136835577562,-1.8141402462593534,0.971028971028971,0.0008237491128966212,0.0005799580831080675,0.0006996208685450256,1.1774221581036317,2.024466535238952,0.02197802197802198
h5_chr1_117799490_117807681,h5,,,chr1,117799490,117807681,promoter,0.1655475521914296,0.02851167693734169,0.027440983802080154,0.0269481111317873,1.0580213506582303,4.021253084687562,0.000999000999000999,0.027370955795049667,0.02571006678044796,0.025622131302952766,1.0682544504756075,4.761344028561178,0.000999000999000999
h5_chr1_117799490_117807681,h5,,,chr1,117799490,117807681,tfbs,0.028323769991454036,0.0007287936750799417,0.0007926106918603182,0.0006400202983058989,1.1387040020590307,1.4772624081290768,0.07292707292707293,0.00032954150810837746,0.00032751355320215225,0.0001783389743650332,1.847837856428709,4.748766084208597,0.000999000999000999
h5_chr1_187997616_188005807,h5,,,chr1,187997616,188005807,promoter,0.21279453058234649,0.04972699284553528,0.04484399035573006,0.04386212304234505,1.1337114894673068,11.966050128635604,0.000999000999000999,0.045261893421411514,0.040057774633169174,0.038503460586071014,1.1755279326187482,14.519480795565912,0.000999000999000999
h5_chr1_187997616_188005807,h5,,,chr1,187997616,188005807,tfbs,0.03149798559394457,0.000932066235691309,0.0009539814200252295,0.0009031154913827777,1.0320565249791078,0.39726490497196154,0.34065934065934067,0.0004975218325853348,0.0005794549360871315,0.0005265671061351895,0.9448403190943003,-0.5501907635752796,0.7422577422577422
h5_chr1_236616256_236624447,h5,,,chr1,236616256,236624447,promoter,0.16457087046758637,0.0314609594643116,0.026997994631528854,0.027150673791766167,1.1587542801185504,11.099946996169814,0.000999000999000999,0.028770800679922104,0.024609634652733803,0.024784067645668983,1.1608587053283725,10.733028049409986,0.000999000999000999
h5_chr1_236616256_236624447,h5,,,chr1,236616256,236624447,tfbs,0.03125381516298376,0.0010103880194947124,0.0009678226197138429,0.0007665308658033609,1.3181308993158123,3.707997356699233,0.000999000999000999,0.0005430835881270468,0.00032130247564055026,0.00030769474687986076,1.7650076695625014,5.610157508456873,0.000999000999000999
h5_chr14_101539194_101547385,h5,,,chr14,101539194,101547385,promoter,0.0963252350140398,0.011453456245362759,0.009252403862774372,0.010449397377669811,1.0960877294071143,4.172893645291581,0.000999000999000999,0.01043397281318903,0.00785772129893303,0.00874283816665411,1.193430853265138,7.556098824562371,0.000999000999000999
h5_chr14_101539194_101547385,h5,,,chr14,101539194,101547385,tfbs,0.028323769991454036,0.0011642249301075935,0.0007924302481114864,0.00086619594367221,1.344066476658733,4.331342110617124,0.000999000999000999,0.00039646579534746706,0.00017356438911519945,0.000184929245733656,2.1438782912599783,6.492504837830647,0.000999000999000999
h5_chr14_26676319_26684510,h5,,,chr14,26676319,26684510,promoter,0.17885484067879379,0.03747927397489548,0.031737349927425385,0.03176291286945343,1.1799696749771178,13.879777225574793,0.000999000999000999,0.03543667122721672,0.029725641012191772,0.0303172804415226,1.1688604885114495,12.278315485428914,0.000999000999000999
h5_chr14_26676319_26684510,h5,,,chr14,26676319,26684510,tfbs,0.03296300817970944,0.0015319535741582513,0.001031072111800313,0.0009609887492842972,1.5941430899156561,7.611869279965437,0.000999000999000999,0.000661955215036869,0.0003751702606678009,0.00037759816041216254,1.7530679024344826,6.481916910259873,0.000999000999000999
h5_chr14_33377044_33385235,h5,,,chr14,33377044,33385235,promoter,0.18471493102185324,0.037885863333940506,0.03392783924937248,0.03270011767745018,1.1585849233829022,12.940782010758852,0.000999000999000999,0.03531765192747116,0.03197334706783295,0.030856817960739136,1.1445655858749855,10.599071488318367,0.000999000999000999
h5_chr14_33377044_33385235,h5,,,chr14,33377044,33385235,tfbs,0.02795751434501282,0.0006436305702663958,0.00078535673674196,0.0006304677226580679,1.020877908789419,0.21515100808626364,0.4385614385614386,0.00037860622978769243,0.0002764460805337876,0.00028993035084567964,1.3058523493085827,2.1383386605293158,0.023976023976023976
h5_chr17_22741144_22749335,h5,,,chr17,22741144,22749335,promoter,0.11537052862898303,0.016514763236045837,0.01336233876645565,0.013273604214191437,1.2441807793537436,11.44744682143616,0.000999000999000999,0.014585290104150772,0.01074276678264141,0.011094175279140472,1.314679977300735,14.013288546744668,0.000999000999000999
h5_chr17_22741144_22749335,h5,,,chr17,22741144,22749335,tfbs,0.01696984495177634,0.0007172052864916623,0.00029145146254450083,0.0001909987477120012,3.755026119716268,15.392694835099194,0.000999000999000999,0.0006029602373018861,0.00014026736607775092,0.0001288240309804678,4.680495034294545,16.94002764510414,0.000999000999000999
h5_chr17_35241610_35249801,h5,,,chr17,35241610,35249801,promoter,0.14540349163716274,0.024947382509708405,0.02110508270561695,0.02141108736395836,1.1651618661695224,10.3610595405756,0.000999000999000999,0.02287421002984047,0.018288593739271164,0.018541639670729637,1.2336670562070275,13.150012949848223,0.000999000999000999
h5_chr17_35241610_35249801,h5,,,chr17,35241610,35249801,tfbs,0.021731168355512146,0.00035918180947192013,0.0004555307677946985,0.0005137055995874107,0.6991977696182438,-2.7477027424256226,0.998001998001998,1.2602870810951572e-05,0.00010409971582703292,7.951781299198046e-05,0.15849116489436899,-3.1103687389111316,1.0
h5_chr17_72345701_72353892,h5,,,chr17,72345701,72353892,promoter,0.12123061897204249,0.01694861799478531,0.01469031535089016,0.014903917908668518,1.1371921194579002,7.217229216607709,0.000999000999000999,0.015850679948925972,0.012854357250034809,0.013537345454096794,1.1708853853714056,8.39600687351142,0.000999000999000999
h5_chr17_72345701_72353892,h5,,,chr17,72345701,72353892,tfbs,0.02539372481992431,0.0004984887782484293,0.0006388876936398447,0.0004913269076496363,1.0145765894097951,0.1387326872192554,0.44555444555444557,5.6789856898831204e-05,0.0001783837506081909,9.363386197946966e-05,0.606509821321725,-1.515469830523489,0.9660339660339661
h5_chr21_12001989_12010180,h5,,,chr21,12001989,12010180,promoter,0.07325112928824319,0.009953359141945839,0.005518970545381308,0.004671414382755756,2.1306949729589526,31.3517588547362,0.000999000999000999,0.009615745395421982,0.005146596115082502,0.004331299103796482,2.220060347943545,32.04095093613257,0.000999000999000999
h5_chr21_12001989_12010180,h5,,,chr21,12001989,12010180,tfbs,0.008790135514589183,0.0005689419922418892,8.934237848734483e-05,2.5489851395832375e-05,22.32033382253896,44.82072951794676,0.000999000999000999,0.0005689419922418892,8.934237848734483e-05,2.487089477654081e-05,22.875815178894864,42.7818138037337,0.000999000999000999
h5_chr21_19110333_19118524,h5,,,chr21,19110333,19118524,promoter,0.1989989012330607,0.05206696316599846,0.03916148096323013,0.03890987113118172,1.3381427810557016,27.56021558303511,0.000999000999000999,0.04994424059987068,0.037163835018873215,0.03720332682132721,1.342467055157003,28.887963264614726,0.000999000999000999
h5_chr21_19110333_19118524,h5,,,chr21,19110333,19118524,tfbs,0.031986326455866194,0.0013370000524446368,0.0010347507195547223,0.0009707760764285922,1.3772486620842095,5.061917002906306,0.000999000999000999,0.0006399857811629772,0.0004949441645294428,0.0003377477405592799,1.8948632494275706,6.58189699770612,0.000999000999000999
h5_chr21_38655195_38663386,h5,,,chr21,38655195,38663386,promoter,0.16591380783787082,0.03271521255373955,0.02724825032055378,0.027846593409776688,1.174837154129364,12.587666975129489,0.000999000999000999,0.029599476605653763,0.022135375067591667,0.023919016122817993,1.2374872132561,15.932847623409096,0.000999000999000999
h5_chr21_38655195_38663386,h5,,,chr21,38655195,38663386,tfbs,0.02405078744963985,0.0009171314886771142,0.0005570623325183988,0.0006235678447410464,1.470780599756516,4.820608415563412,0.000999000999000999,0.0004334388650022447,0.00014102445857133716,0.00013815391866955906,3.1373620754034315,10.197502025402635,0.000999000999000999
h5_chr3_108977486_108985677,h5,,,chr3,108977486,108985677,promoter,0.16615797826883164,0.03171168640255928,0.02767183817923069,0.027526702731847763,1.152033598483613,10.668506640711161,0.000999000999000999,0.030456339940428734,0.026142777875065804,0.02600986137986183,1.1709535662504373,11.64217917620561,0.000999000999000999
h5_chr3_108977486_108985677,h5,,,chr3,108977486,108985677,tfbs,0.022341594432914173,0.0005425114650279284,0.0004924231907352805,0.00037085707299411297,1.4628586173319127,3.7717288681384114,0.000999000999000999,0.0003154136356897652,0.00017700993339531124,0.00011617944983299822,2.714883192708827,7.757092917847025,0.000999000999000999
h5_chr3_127663158_127671349,h5,,,chr3,127663158,127671349,promoter,0.12794530582346478,0.01770157553255558,0.016250811517238617,0.017161037772893906,1.0314979645645592,1.738478659316522,0.04795204795204795,0.016614967957139015,0.014672581106424332,0.01602187007665634,1.0370180183489823,2.0065475953109932,0.023976023976023976
h5_chr3_127663158_127671349,h5,,,chr3,127663158,127671349,tfbs,0.021242827493590525,0.0005180332227610052,0.00042889316682703793,0.00040508934762328863,1.2788122566055433,2.318708767300817,0.016983016983016984,0.0003221913939341903,0.00012186403182568029,0.00013573732576332986,2.3736388802587705,6.9503788411217435,0.000999000999000999
h5_chr3_17001016_17009207,h5,,,chr3,17001016,17009207,promoter,0.17580271029178365,0.03949546441435814,0.03070109151303768,0.03032669425010681,1.3023333202305436,22.611559238571218,0.000999000999000999,0.03671347349882126,0.028948307037353516,0.028506334871053696,1.2879057818162858,20.77235726124268,0.000999000999000999
h5_chr3_17001016_17009207,h5,,,chr3,17001016,17009207,tfbs,0.03601513856671957,0.0012525254860520363,0.0012958941515535116,0.0015314233023673296,0.8178832620058981,-2.962450842763928,1.0,0.00066088029416278,0.0005438739899545908,0.000612226955126971,1.0794694494065828,0.8390126350695719,0.22077922077922077
h5_chr7_120063108_120071299,h5,,,chr7,120063108,120071299,promoter,0.1858136979611769,0.038469064980745316,0.03457095846533775,0.03446531668305397,1.1161674600152425,9.227699516974965,0.000999000999000999,0.03745921328663826,0.03225076198577881,0.03276225924491882,1.143364778558362,11.231452554999533,0.000999000999000999
h5_chr7_120063108_120071299,h5,,,chr7,120063108,120071299,tfbs,0.03369551947259187,0.0012560038594529033,0.0011128548067063093,0.0009755932842381299,1.2874256923916347,3.7445547804087815,0.000999000999000999,0.0005427956348285079,0.0004469849227461964,0.00042459878022782505,1.2783730432227396,2.3909260842404008,0.01098901098901099
h5_chr7_137920923_137929114,h5,,,chr7,137920923,137929114,promoter,0.16127456964961542,0.035086505115032196,0.026026731356978416,0.02596486359834671,1.3513071224940423,24.138236879521003,0.000999000999000999,0.032403528690338135,0.020150404423475266,0.021259594708681107,1.5241837454740628,33.31276256238704,0.000999000999000999
h5_chr7_137920923_137929114,h5,,,chr7,137920923,137929114,tfbs,0.02844585520693444,0.0007935558096505702,0.000798717956058681,0.000824561167974025,0.9623977461858456,-0.4666505909152731,0.6943056943056943,0.000377883727196604,0.0003289468586444855,0.00035005886456929147,1.0794862391545146,0.6425531550250092,0.2707292707292707
h5_chr7_4391208_4399399,h5,,,chr7,4391208,4399399,promoter,0.16933219387132217,0.03569304198026657,0.028561336919665337,0.030652713030576706,1.1644333715146857,12.601441583559021,0.000999000999000999,0.033225346356630325,0.026338061317801476,0.028291188180446625,1.1744061841698799,12.424658893552978,0.000999000999000999
h5_chr7_4391208_4399399,h5,,,chr7,4391208,4399399,tfbs,0.052374557441093886,0.01655888929963112,0.0026645513717085123,0.006920843850821257,2.3926113139608214,48.803145110934956,0.000999000999000999,0.016179243102669716,0.0017044877167791128,0.006326799280941486,2.557255633414388,51.96046105844027,0.000999000999000999
h5_chrX_127563685_127571876,h5,,,chrX,127563685,127571876,promoter,0.20534733243804176,0.045724667608737946,0.04196135327219963,0.04216589778661728,1.0843992422533015,7.6395996092682275,0.000999000999000999,0.04255775362253189,0.03553635627031326,0.03597165644168854,1.1830912955459718,14.892875694597318,0.000999000999000999
h5_chrX_127563685_127571876,h5,,,chrX,127563685,127571876,tfbs,0.032230496886827005,0.0011670893291011453,0.0010124675463885069,0.0011528002796694636,1.0123950780405593,0.17396405140494428,0.45254745254745254,0.0008011910831555724,0.0004909985000267625,0.00047532079042866826,1.6855797164542663,6.115096428888388,0.000999000999000999
h5_chrX_130737416_130745607,h5,,,chrX,130737416,130745607,promoter,0.18263948235868635,0.037814438343048096,0.03338315337896347,0.0325315035879612,1.1623944230183672,12.860259155960957,0.000999000999000999,0.03574439883232117,0.031259000301361084,0.030562222003936768,1.1695615203540133,12.539959985258394,0.000999000999000999
h5_chrX_130737416_130745607,h5,,,chrX,130737416,130745607,tfbs,0.032718837748748626,0.001560396165587008,0.0010418785968795419,0.0010326802730560303,1.5110157580228565,7.084592385525843,0.000999000999000999,0.0010255828965455294,0.0004995782510377467,0.0005712685524486005,1.7952728049699627,7.858531924690329,0.000999000999000999
h5_chrX_83967957_83976148,h5,,,chrX,83967957,83976148,promoter,0.17775607373947014,0.038632072508335114,0.03154158219695091,0.0311348345130682,1.2407990314552693,18.161786979637824,0.000999000999000999,0.0343121737241745,0.0275005791336298,0.02676212601363659,1.2821168881235667,20.248321178013008,0.000999000999000999
h5_chrX_83967957_83976148,h5,,,chrX,83967957,83976148,tfbs,0.03284092296422903,0.0010198005475103855,0.0010621752589941025,0.0008413544856011868,1.2120937903857383,2.6336280509805405,0.004995004995004995,0.0008804489625617862,0.0005135737010277808,0.0005692704580724239,1.5466268275066073,5.422363725989382,0.000999000999000999
h6_chr10_110101002_110109193,h6,,,chr10,110101002,110109193,promoter,0.1900866805029911,0.04460231587290764,0.03522380068898201,0.03544030711054802,1.258519451701725,20.45707191746995,0.000999000999000999,0.04167942702770233,0.03287464752793312,0.03299497812986374,1.2632051721221873,19.433536993520274,0.000999000999000999
h6_chr10_110101002_110109193,h6,,,chr10,110101002,110109193,tfbs,0.03491637162739592,0.001850939472205937,0.0011991121573373675,0.001319267088547349,1.4030058721801473,5.78760599622072,0.000999000999000999,0.0010719469282776117,0.00042717953328974545,0.0005632847896777093,1.9030283578062528,8.253116050441408,0.000999000999000999
h6_chr10_19287004_19295195,h6,,,chr10,19287004,19295195,promoter,0.18532535709925527,0.04635468125343323,0.03393281251192093,0.03337482362985611,1.3889116469207565,28.59811298480855,0.000999000999000999,0.04140561446547508,0.03017360158264637,0.02972937747836113,1.3927508066932326,27.5995315145872,0.000999000999000999
h6_chr10_19287004_19295195,h6,,,chr10,19287004,19295195,tfbs,0.023928702234159445,0.0004499150672927499,0.0005603795289061964,0.000498573062941432,0.9024054862458584,-0.8895825522470643,0.8291708291708292,0.00027532115927897394,0.00021031859796494246,0.00018320944218430668,1.5027673028009325,2.760965551007768,0.00999000999000999
h6_chr10_4662897_4671088,h6,,,chr10,4662897,4671088,promoter,0.2107190819191796,0.0602586530148983,0.043531790375709534,0.0444217287003994,1.3565130123888338,30.96675080735682,0.000999000999000999,0.053558796644210815,0.03958767652511597,0.040373075753450394,1.3265968877695313,26.1780475961224,0.000999000999000999
h6_chr10_4662897_4671088,h6,,,chr10,4662897,4671088,tfbs,0.037968502014406054,0.0018484658794477582,0.0014191841473802924,0.0013988149585202336,1.3214513243432837,4.700798974275186,0.000999000999000999,0.0013613250339403749,0.0005657518049702048,0.0006740761455148458,2.0195419211884764,10.346568787626282,0.000999000999000999
h6_chr1_117799490_117807681,h6,,,chr1,117799490,117807681,promoter,0.1655475521914296,0.028055701404809952,0.02711859904229641,0.02674075774848461,1.0491737619664072,3.410244594824603,0.000999000999000999,0.02598976343870163,0.02539440244436264,0.02519100531935692,1.0317080683846682,2.0242419709783457,0.02097902097902098
h6_chr1_117799490_117807681,h6,,,chr1,117799490,117807681,tfbs,0.028323769991454036,0.0008078346727415919,0.0007749911746941507,0.0006792697822675109,1.189269262125736,2.0157858020871062,0.017982017982017984,0.0004899980849586427,0.0003024743346031755,0.00020693147962447256,2.3679243286128493,7.785166783931303,0.000999000999000999
h6_chr1_187997616_188005807,h6,,,chr1,187997616,188005807,promoter,0.21279453058234649,0.05092141404747963,0.0447014681994915,0.044310394674539566,1.1491979347396495,12.659409329467252,0.000999000999000999,0.04528065770864487,0.03983467444777489,0.03909571096301079,1.158200134830283,13.039281395373237,0.000999000999000999
h6_chr1_187997616_188005807,h6,,,chr1,187997616,188005807,tfbs,0.03149798559394457,0.0011362184304744005,0.000964175327681005,0.0008986546890810132,1.264354867648135,3.153869722977701,0.000999000999000999,0.0008605678449384868,0.000566161354072392,0.000523796712514013,1.6429424323954003,5.721092154439854,0.000999000999000999
h6_chr1_236616256_236624447,h6,,,chr1,236616256,236624447,promoter,0.16457087046758637,0.03571924939751625,0.026462137699127197,0.027027886360883713,1.3215702079172262,21.512381112369905,0.000999000999000999,0.03187469765543938,0.02406124211847782,0.024635905399918556,1.29383098116397,18.495696671863374,0.000999000999000999
h6_chr1_236616256_236624447,h6,,,chr1,236616256,236624447,tfbs,0.03125381516298376,0.0014028308214619756,0.0009659038041718304,0.0008405338739976287,1.6689759507133597,7.805250666079534,0.000999000999000999,0.0009330148459412158,0.00031583604868501425,0.00030151597457006574,3.0944126501808396,14.315873230299674,0.000999000999000999
h6_chr14_101539194_101547385,h6,,,chr14,101539194,101547385,promoter,0.0963252350140398,0.010265077464282513,0.009345773607492447,0.010305788367986679,0.9960497050540424,-0.15889796863289105,0.5634365634365635,0.009101131930947304,0.007920825853943825,0.008711032569408417,1.0447822182308037,1.7114523122563572,0.04795204795204795
h6_chr14_101539194_101547385,h6,,,chr14,101539194,101547385,tfbs,0.028323769991454036,0.0010653058998286724,0.0007841848419047892,0.00086083950009197,1.2375197696142635,2.7878939876689057,0.004995004995004995,0.0005655327695421875,0.00016525421233382076,0.00019670018809847534,2.875100298628393,11.223380568672793,0.000999000999000999
h6_chr14_26676319_26684510,h6,,,chr14,26676319,26684510,promoter,0.17885484067879379,0.04243354871869087,0.031102299690246582,0.03178360313177109,1.3350767231382283,24.327285107211303,0.000999000999000999,0.03974156826734543,0.02915908768773079,0.03006797656416893,1.3217240668833106,22.3480005260535,0.000999000999000999
h6_chr14_26676319_26684510,h6,,,chr14,26676319,26684510,tfbs,0.03296300817970944,0.000983735080808401,0.0010593781480565667,0.0009418066474609077,1.0445191520579427,0.552744905147263,0.3086913086913087,0.0005849236040376127,0.0003777416131924838,0.00035612538340501487,1.642465354322665,4.859175220295375,0.000999000999000999
h6_chr14_33377044_33385235,h6,,,chr14,33377044,33385235,promoter,0.18471493102185324,0.040774211287498474,0.03324172645807266,0.033284105360507965,1.225035519082259,17.179636211680386,0.000999000999000999,0.03796786069869995,0.03132098913192749,0.03134813532233238,1.2111680745378077,15.248284843058707,0.000999000999000999
h6_chr14_33377044_33385235,h6,,,chr14,33377044,33385235,tfbs,0.02795751434501282,0.0006506522768177092,0.0007604080601595342,0.0006968682864680886,0.9336804234777073,-0.6886342093962401,0.7742257742257742,0.00030889554182067513,0.0002705133520066738,0.00029186683241277933,1.058344105999042,0.3980429226359862,0.3646353646353646
h6_chr17_22741144_22749335,h6,,,chr17,22741144,22749335,promoter,0.11537052862898303,0.01591143012046814,0.013372750021517277,0.012968667782843113,1.2269132332557822,10.58596949902016,0.000999000999000999,0.014943382702767849,0.01064060814678669,0.010823466815054417,1.3806466040975909,16.178957891622108,0.000999000999000999
h6_chr17_22741144_22749335,h6,,,chr17,22741144,22749335,tfbs,0.01696984495177634,0.0005590133951045573,0.00026866709231399,0.00024692033184692264,2.2639423449791716,7.938350917772044,0.000999000999000999,0.0005044754943810403,0.00012311919999774545,0.000132377099362202,3.810897026839407,12.711623854272526,0.000999000999000999
h6_chr17_35241610_35249801,h6,,,chr17,35241610,35249801,promoter,0.14540349163716274,0.022529181092977524,0.020919542759656906,0.021543418988585472,1.045756994510219,2.715299185711544,0.006993006993006993,0.020428048446774483,0.018122781068086624,0.01877857930958271,1.0878378023171353,4.871722759276227,0.000999000999000999
h6_chr17_35241610_35249801,h6,,,chr17,35241610,35249801,tfbs,0.021731168355512146,0.00047722889576107264,0.0004547596909105778,0.00047651302884332836,1.001502302926495,0.013452986537578815,0.5174825174825175,0.00013919176126364619,0.00010008557728724554,7.630360050825402e-05,1.8241833981161786,2.9353578477328304,0.008991008991008992
h6_chr17_72345701_72353892,h6,,,chr17,72345701,72353892,promoter,0.12123061897204249,0.016790837049484253,0.01464063674211502,0.014710926450788975,1.1413854257006177,7.263656482632826,0.000999000999000999,0.01553053967654705,0.012797716073691845,0.013262975960969925,1.1709694507665607,7.8561507663419965,0.000999000999000999
h6_chr17_72345701_72353892,h6,,,chr17,72345701,72353892,tfbs,0.02539372481992431,0.000525123905390501,0.0006305418792180717,0.0005357445334084332,0.9801759470127241,-0.18080964292991572,0.5974025974025974,0.00018379336688667536,0.00016377285646740347,0.00013375563139561564,1.3740981592248676,1.7183185567354833,0.054945054945054944
h6_chr21_12001989_12010180,h6,,,chr21,12001989,12010180,promoter,0.07325112928824319,0.006289713084697723,0.005179723724722862,0.004772186279296875,1.317994042266187,8.762907610522381,0.000999000999000999,0.005755377002060413,0.004841932561248541,0.004418262280523777,1.3026336230492237,8.070958092353033,0.000999000999000999
h6_chr21_12001989_12010180,h6,,,chr21,12001989,12010180,tfbs,0.008790135514589183,3.862669109366834e-05,6.321918044704944e-05,9.59873250394594e-06,4.024144966826538,3.835649781809007,0.002997002997002997,3.862669109366834e-05,6.321918044704944e-05,9.59873250394594e-06,4.024144966826538,3.9886742996982805,0.000999000999000999
h6_chr21_19110333_19118524,h6,,,chr21,19110333,19118524,promoter,0.1989989012330607,0.05522580444812775,0.038603682070970535,0.039555273950099945,1.396167917274359,31.37024610860268,0.000999000999000999,0.05285562574863434,0.036672428250312805,0.03775370121002197,1.400011761882659,30.628571806338915,0.000999000999000999
h6_chr21_19110333_19118524,h6,,,chr21,19110333,19118524,tfbs,0.031986326455866194,0.00132944795768708,0.001020987518131733,0.001062752678990364,1.2509476418822878,3.2112383073012762,0.000999000999000999,0.0007520109647884965,0.0004826291115023196,0.00038752733962610364,1.9405365451481593,7.502103825463956,0.000999000999000999
h6_chr21_38655195_38663386,h6,,,chr21,38655195,38663386,promoter,0.16591380783787082,0.0352199524641037,0.02705869823694229,0.027662422508001328,1.2732056440073665,18.394754102262535,0.000999000999000999,0.03220897167921066,0.02211269550025463,0.02367694489657879,1.3603516762783323,21.935850489309537,0.000999000999000999
h6_chr21_38655195_38663386,h6,,,chr21,38655195,38663386,tfbs,0.02405078744963985,0.0006231878069229424,0.0005596216069534421,0.0006145221996121109,1.0141013739069171,0.14225070068794382,0.4755244755244755,0.0003279935917817056,0.00014523528807330877,0.00016860183677636087,1.9453737755939593,5.0172931955423286,0.000999000999000999
h6_chr3_108977486_108985677,h6,,,chr3,108977486,108985677,promoter,0.16615797826883164,0.03297780081629753,0.027229763567447662,0.02762085199356079,1.1939458212217928,12.627737912331234,0.000999000999000999,0.03105117194354534,0.025725075975060463,0.02607850357890129,1.190680740158234,12.545673971459292,0.000999000999000999
h6_chr3_108977486_108985677,h6,,,chr3,108977486,108985677,tfbs,0.022341594432914173,0.0004833124694414437,0.000491785875055939,0.0004026390379294753,1.2003616736390543,1.5561189542734082,0.07392607392607392,0.00023172516375780106,0.00017174106324091554,0.00011035414354410022,2.0998320164135746,4.77004939304574,0.000999000999000999
h6_chr3_127663158_127671349,h6,,,chr3,127663158,127671349,promoter,0.12794530582346478,0.014356552623212337,0.016528043895959854,0.017360137775540352,0.8269837952231042,-8.904948870646631,1.0,0.013278002850711346,0.014916731044650078,0.01615940034389496,0.8216890830189619,-9.467968309046283,1.0
h6_chr3_127663158_127671349,h6,,,chr3,127663158,127671349,tfbs,0.021242827493590525,0.0004800862807314843,0.0004295125254429877,0.00048549872008152306,0.9888517948118793,-0.09576712475583651,0.5634365634365635,0.0002499079273547977,0.00011285308573860675,0.000149227911606431,1.6746728186741433,3.4292441675136605,0.000999000999000999
h6_chr3_17001016_17009207,h6,,,chr3,17001016,17009207,promoter,0.17580271029178365,0.0354124940931797,0.030272239819169044,0.030850913375616074,1.147858854680426,10.408592524806243,0.000999000999000999,0.032945092767477036,0.02853497304022312,0.02897127903997898,1.1371639036721293,9.53846123753143,0.000999000999000999
h6_chr3_17001016_17009207,h6,,,chr3,17001016,17009207,tfbs,0.03601513856671957,0.0013729885686188936,0.0012655413011088967,0.0015285807894542813,0.8982113199977244,-1.60309169148395,0.949050949050949,0.0009153257124125957,0.0005403755349107087,0.0006042675231583416,1.514769001035233,4.94881394147919,0.000999000999000999
h6_chr7_120063108_120071299,h6,,,chr7,120063108,120071299,promoter,0.1858136979611769,0.03993966802954674,0.034132085740566254,0.03414842113852501,1.16959047293956,12.532595935557682,0.000999000999000999,0.0376606285572052,0.03178468346595764,0.03242558240890503,1.1614480221907277,12.566231074136333,0.000999000999000999
h6_chr7_120063108_120071299,h6,,,chr7,120063108,120071299,tfbs,0.03369551947259187,0.001269086147658527,0.0011275570141151547,0.0010450293775647879,1.2144023650472433,2.8638760560812937,0.002997002997002997,0.0007109540165401995,0.00044245150638744235,0.00046316994121298194,1.5349744300726926,4.586898082315216,0.000999000999000999
h6_chr7_137920923_137929114,h6,,,chr7,137920923,137929114,promoter,0.16127456964961542,0.03376823663711548,0.02537875808775425,0.025032073259353638,1.348998793957166,23.33042010369394,0.000999000999000999,0.03080148436129093,0.01979532092809677,0.020389601588249207,1.510646700377031,30.056404281851865,0.000999000999000999
h6_chr7_137920923_137929114,h6,,,chr7,137920923,137929114,tfbs,0.02844585520693444,0.0007713556988164783,0.0008147373446263373,0.0008635096019133925,0.8932798165848802,-1.2673508904451791,0.9040959040959041,0.0004285309405531734,0.0003279255179222673,0.00036376999923959374,1.1780271640018491,1.3843229401905928,0.0939060939060939
h6_chr7_4391208_4399399,h6,,,chr7,4391208,4399399,promoter,0.16933219387132217,0.03835929557681084,0.028465811163187027,0.03071153536438942,1.2490191428621682,17.445927260436466,0.000999000999000999,0.03574751317501068,0.026244862005114555,0.02827349491417408,1.2643471662602888,18.10103438787064,0.000999000999000999
h6_chr7_4391208_4399399,h6,,,chr7,4391208,4399399,tfbs,0.052374557441093886,0.020415758714079857,0.0028558187186717987,0.006193996407091618,3.296055950356298,72.48354299753316,0.000999000999000999,0.020183157175779343,0.0017819292843341827,0.005512387491762638,3.661418433653253,75.95002475498889,0.000999000999000999
h6_chrX_127563685_127571876,h6,,,chrX,127563685,127571876,promoter,0.20534733243804176,0.053701188415288925,0.041235558688640594,0.042311422526836395,1.2691889142046329,23.139814131445235,0.000999000999000999,0.049673765897750854,0.03476496785879135,0.03555156663060188,1.397231419191326,30.402201832471164,0.000999000999000999
h6_chrX_127563685_127571876,h6,,,chrX,127563685,127571876,tfbs,0.032230496886827005,0.0016030205879360437,0.0010076534235849977,0.0011249296367168427,1.4249963158713916,5.791589297334717,0.000999000999000999,0.0012122015468776226,0.00046540709445253015,0.0005046798614785075,2.401921771410421,12.828703481687928,0.000999000999000999
h6_chrX_130737416_130745607,h6,,,chrX,130737416,130745607,promoter,0.18263948235868635,0.03802308812737465,0.03278196230530739,0.03286934643983841,1.1567947722042258,11.581070534042738,0.000999000999000999,0.03521094471216202,0.030675552785396576,0.030850378796458244,1.1413456199184298,10.026646236997149,0.000999000999000999
h6_chrX_130737416_130745607,h6,,,chrX,130737416,130745607,tfbs,0.032718837748748626,0.0014454949414357543,0.0010411477414891124,0.0009622594225220382,1.5021883990984237,6.232979671772616,0.000999000999000999,0.0009724238771013916,0.00047845751396380365,0.0005127761978656054,1.89639043533814,8.14582292113134,0.000999000999000999
h6_chrX_83967957_83976148,h6,,,chrX,83967957,83976148,promoter,0.17775607373947014,0.04374600946903229,0.031084585934877396,0.030180031433701515,1.4495017861439958,31.773841076621615,0.000999000999000999,0.038173314183950424,0.027097979560494423,0.026369238272309303,1.4476456919135485,30.130031209065077,0.000999000999000999
h6_chrX_83967957_83976148,h6,,,chrX,83967957,83976148,tfbs,0.03284092296422903,0.0014737715246155858,0.0010344005422666669,0.0009106197394430637,1.6184269468142063,7.371041941774867,0.000999000999000999,0.0012303360272198915,0.0004954227479174733,0.0005360317300073802,2.2952671611491207,11.948447772902444,0.000999000999000999
