label,model_variant,epi_label,sample_index,chrom,window_start_1based,window_end_1based,group,group_position_fraction,top_group_pair_fraction,all_group_pair_fraction,group_background_mean,group_pair_enrichment,group_pair_z,group_pair_empirical_p,top_group_same_motif_fraction,all_group_same_motif_fraction,group_same_motif_background_mean,group_same_motif_enrichment,group_same_motif_z,group_same_motif_empirical_p
m0_chr10_110104373_110108468,m0,,,chr10,110104373,110108468,promoter,0.190673828125,0.05135626718401909,0.036383602768182755,0.035110656172037125,1.4626974481018191,17.262810454294364,0.000999000999000999,0.04546502232551575,0.03320104628801346,0.032306037843227386,1.4073227594837043,15.058148981666623,0.000999000999000999
m0_chr10_110104373_110108468,m0,,,chr10,110104373,110108468,tfbs,0.033447265625,0.0013831612886860967,0.0010588883887976408,0.0012256345944479108,1.1285266383241606,0.8697283352307741,0.2057942057942058,0.0008196511189453304,0.00047078783973120153,0.0006005225004628301,1.3648965997337572,1.8298900473142332,0.04595404595404595
m0_chr10_19287595_19291690,m0,,,chr10,19287595,19291690,promoter,0.1923828125,0.033774543553590775,0.036985673010349274,0.037342339754104614,0.9044570794436716,-3.7648809308097633,1.0,0.03336171433329582,0.034695498645305634,0.03508416563272476,0.9509051656676046,-1.9029190944438328,0.975024975024975
m0_chr10_19287595_19291690,m0,,,chr10,19287595,19291690,tfbs,0.017333984375,0.0003612250729929656,0.0002706614905036986,0.00023157105897553265,1.5598886777606,1.6503932387223976,0.07992007992007992,5.160357977729291e-05,9.262866660719737e-05,7.366411591647193e-05,0.7005253390376183,-0.4971288622877021,0.7712287712287712
m0_chr10_4663039_4667134,m0,,,chr10,4663039,4667134,promoter,0.18896484375,0.03364696353673935,0.03556866943836212,0.03702377527952194,0.9087934248388136,-3.452047908296361,1.0,0.03050214797258377,0.031410347670316696,0.03230077773332596,0.9443162088668078,-2.0510088168844725,0.986013986013986
m0_chr10_4663039_4667134,m0,,,chr10,4663039,4667134,tfbs,0.045166015625,0.0013806504430249333,0.002010894473642111,0.0019343426683917642,0.7137569085279097,-2.6021851427608502,0.994005994005994,0.0008437308133579791,0.0008173972601071,0.0009033033275045455,0.9340503767309917,-0.3830439694877907,0.6693306693306693
m0_chr1_117801428_117805523,m0,,,chr1,117801428,117805523,promoter,0.170166015625,0.037263065576553345,0.0286082960665226,0.029325852170586586,1.2706558486279103,9.426331124274949,0.000999000999000999,0.03498745709657669,0.02609398402273655,0.026874687522649765,1.301874005682468,9.572554710194895,0.000999000999000999
m0_chr1_117801428_117805523,m0,,,chr1,117801428,117805523,tfbs,0.027587890625,0.0006981976330280304,0.0007310463115572929,0.0006822684081271291,1.0233474461240673,0.1262713674868601,0.46353646353646355,0.0006206200923770666,0.0003369484911672771,0.0003117064479738474,1.9910402765525643,3.462232736018744,0.001998001998001998
m0_chr1_188000709_188004804,m0,,,chr1,188000709,188004804,promoter,0.195556640625,0.03589607775211334,0.03826260194182396,0.037060365080833435,0.9685840296990968,-1.1781689240728141,0.8851148851148851,0.03449098765850067,0.03576020523905754,0.03479986637830734,0.9911241406375281,-0.334904088231216,0.6273726273726273
m0_chr1_188000709_188004804,m0,,,chr1,188000709,188004804,tfbs,0.02880859375,0.000503711577039212,0.0007558352663181722,0.0006056998972781003,0.8316190564053183,-0.8142898753559462,0.8171828171828172,0.0004506892873905599,0.00044379805331118405,0.0003306468715891242,1.3630532332711907,1.2931223090329962,0.13486513486513488
m0_chr1_236620149_236624244,m0,,,chr1,236620149,236624244,promoter,0.160888671875,0.03630431368947029,0.025567026808857918,0.024984385818243027,1.453080093846522,14.257997515342158,0.000999000999000999,0.03534621000289917,0.0236101932823658,0.023108448833227158,1.52957951691139,16.18494783811691,0.000999000999000999
m0_chr1_236620149_236624244,m0,,,chr1,236620149,236624244,tfbs,0.02734375,0.0010616810759529471,0.000770874263253063,0.000613548094406724,1.7303958493743665,3.528284973433142,0.000999000999000999,0.00020715728169307113,0.0002617916907183826,0.00024113108520396054,0.8591064960282798,-0.41815151347986096,0.7032967032967034
m0_chr14_101543080_101547175,m0,,,chr14,101543080,101547175,promoter,0.12109375,0.020391305908560753,0.01494937390089035,0.015494579449295998,1.316028355289581,8.051898082114791,0.000999000999000999,0.0167518462985754,0.01228792779147625,0.012791389599442482,1.309618956435002,7.0175606802813,0.000999000999000999
m0_chr14_101543080_101547175,m0,,,chr14,101543080,101547175,tfbs,0.029296875,0.0005162355955690145,0.000838880892843008,0.0010413245763629675,0.49574897902829657,-3.2568456203743477,1.0,0.0002581177977845073,0.00020752623095177114,0.0002807031269185245,0.9195401583803064,-0.2737403361831417,0.6623376623376623
m0_chr14_26677340_26681435,m0,,,chr14,26677340,26681435,promoter,0.176025390625,0.02690030261874199,0.03079012595117092,0.031145218759775162,0.8637056887037958,-4.720243067543257,1.0,0.024810438975691795,0.029400913044810295,0.02994116209447384,0.8286398135585723,-5.848781667934691,1.0
m0_chr14_26677340_26681435,m0,,,chr14,26677340,26681435,tfbs,0.03466796875,0.0005090694758109748,0.00110413518268615,0.001095008454285562,0.46490004147330266,-3.411877582448329,1.0,0.00026793128927238286,0.00035045103868469596,0.0003643865929916501,0.7352940377763089,-0.9856545784030032,0.8781218781218781
m0_chr14_33378322_33382417,m0,,,chr14,33378322,33382417,promoter,0.18798828125,0.03438843414187431,0.03554784134030342,0.0348750576376915,0.9860466611733636,-0.5158555271222317,0.7052947052947053,0.033085841685533524,0.03474830090999603,0.03396001085639,0.9742588665665285,-0.9796972981026775,0.8381618381618382
m0_chr14_33378322_33382417,m0,,,chr14,33378322,33382417,tfbs,0.03271484375,0.0009639182244427502,0.0009878958808258176,0.0008652337710373104,1.1140552492387452,0.6536768178777498,0.2907092907092907,0.00033867396996356547,0.0002696393057703972,0.0002619512961246073,1.2928890789013772,0.9188789045136389,0.2177822177822178
m0_chr17_22742263_22746358,m0,,,chr17,22742263,22746358,promoter,0.11328125,0.015144610777497292,0.012981895357370377,0.013526763767004013,1.1196034053939576,2.7293118214992518,0.006993006993006993,0.014286862686276436,0.012436415068805218,0.013014715164899826,1.0977468584796648,2.1456180813936423,0.015984015984015984
m0_chr17_22742263_22746358,m0,,,chr17,22742263,22746358,tfbs,0.011962890625,0.000643310893792659,0.00014313832798507065,0.00010689684859244153,6.018052938542347,10.043916480011466,0.000999000999000999,0.0005897016380913556,5.5486205383203924e-05,4.5701883209403604e-05,12.903224039792276,15.37687513413188,0.000999000999000999
m0_chr17_35243344_35247439,m0,,,chr17,35243344,35247439,promoter,0.14404296875,0.02159636653959751,0.02088884823024273,0.020685942843556404,1.044011708962287,1.2399173713969889,0.0979020979020979,0.01601557433605194,0.01818958669900894,0.018000518903136253,0.8897284807307153,-2.957652451711576,0.999000999000999
m0_chr17_35243344_35247439,m0,,,chr17,35243344,35247439,tfbs,0.022216796875,0.0003374432271812111,0.00045839959057047963,0.0005712134880013764,0.59074800275094,-1.9655525402953644,0.99000999000999,0.00012978585436940193,0.00011187441850779578,0.00012121998588554561,1.0706638300712565,0.15526879156427817,0.4955044955044955
m0_chr17_72349260_72353355,m0,,,chr17,72349260,72353355,promoter,0.1240234375,0.023486388847231865,0.01569395326077938,0.01534995250403881,1.5300626396760661,13.063237537007685,0.000999000999000999,0.01733151264488697,0.014024662785232067,0.014218021184206009,1.2189820524490118,5.231834494868263,0.000999000999000999
m0_chr17_72349260_72353355,m0,,,chr17,72349260,72353355,tfbs,0.02587890625,0.0004377945442683995,0.0006358341779559851,0.0005797430058009923,0.7551527830224152,-1.136945630224921,0.9090909090909091,0.00012876310211140662,0.0001707404007902369,0.00014575982640963048,0.8833922575452459,-0.2857061611617858,0.6703296703296703
m0_chr21_12003041_12007136,m0,,,chr21,12003041,12007136,promoter,0.07275390625,0.006052128970623016,0.005317540839314461,0.0051201279275119305,1.1820269056370982,2.488963613980684,0.003996003996003996,0.005971434060484171,0.005134093575179577,0.004956854972988367,1.2046820197533716,2.7768510988105013,0.003996003996003996
m0_chr21_12003041_12007136,m0,,,chr21,12003041,12007136,tfbs,0.0087890625,0.0001344917545793578,7.746733172098175e-05,2.7893591322936118e-05,4.8216005254500525,3.853514405169077,0.003996003996003996,0.0001344917545793578,7.746733172098175e-05,2.775909706542734e-05,4.8449614287656715,3.874260976035228,0.004995004995004995
m0_chr21_19112010_19116105,m0,,,chr21,19112010,19116105,promoter,0.21630859375,0.078412264585495,0.046920984983444214,0.0454271174967289,1.7261113825049825,31.438010399809603,0.000999000999000999,0.07333521544933319,0.04605378955602646,0.044636376202106476,1.642947337778562,27.9452474313833,0.000999000999000999
m0_chr21_19112010_19116105,m0,,,chr21,19112010,19116105,tfbs,0.02099609375,0.0005641170428134501,0.0004064188105985522,0.00040926688234321773,1.3783598604012444,1.54950752360416,0.08591408591408592,0.000512833648826927,0.0002989806525874883,0.0002971357898786664,1.72592352148605,2.5699123360228513,0.00999000999000999
m0_chr21_38658585_38662680,m0,,,chr21,38658585,38662680,promoter,0.160400390625,0.04501558467745781,0.025770114734768867,0.024883171543478966,1.809077456175592,26.10907358262166,0.000999000999000999,0.03221603482961655,0.01811232790350914,0.017111491411924362,1.8827134382434012,23.069128152863886,0.000999000999000999
m0_chr21_38658585_38662680,m0,,,chr21,38658585,38662680,tfbs,0.024169921875,0.0003832200600299984,0.0005487732705660164,0.0005937867099419236,0.645383356706451,-1.6997089239819387,0.967032967032967,7.664401346119121e-05,0.00012339733075350523,0.00015793777129147202,0.48527982150479837,-1.2694656518906047,0.938061938061938
m0_chr3_108979737_108983832,m0,,,chr3,108979737,108983832,promoter,0.167724609375,0.026533694937825203,0.027819715440273285,0.027209822088479996,0.975151357165946,-0.83105438839306,0.8051948051948052,0.025804603472352028,0.02718670293688774,0.02653520554304123,0.9724666888483628,-0.8678125173712563,0.8081918081918081
m0_chr3_108979737_108983832,m0,,,chr3,108979737,108983832,tfbs,0.023193359375,0.00026038955547846854,0.0005163564928807318,0.0004492240259423852,0.5796429853283595,-1.8246407519598575,0.98001998001998,0.00010415582073619589,0.00020102229609619826,0.00010483284131623805,0.9935419037436956,-0.013056867161541984,0.5764235764235764
m0_chr3_127665795_127669890,m0,,,chr3,127665795,127669890,promoter,0.103759765625,0.018559684976935387,0.010762586258351803,0.01050977036356926,1.765945813742049,15.377461804715052,0.000999000999000999,0.01781005971133709,0.00908729713410139,0.00890983734279871,1.9989208586093772,18.806511184152388,0.000999000999000999
m0_chr3_127665795_127669890,m0,,,chr3,127665795,127669890,tfbs,0.018310546875,0.00046528459643013775,0.0003210474387742579,0.0002832807949744165,1.6424854938442202,2.15619530459873,0.024975024975024976,0.00010339657455915585,6.875895633129403e-05,6.415758252842352e-05,1.6116033442087443,0.9491807566248588,0.23376623376623376
m0_chr3_17001367_17005462,m0,,,chr3,17001367,17005462,promoter,0.172119140625,0.017104854807257652,0.029656844213604927,0.028695501387119293,0.5960814058100271,-13.646930753230137,1.0,0.017104854807257652,0.029116787016391754,0.02813994325697422,0.6078496552411624,-13.246873804493688,1.0
m0_chr3_17001367_17005462,m0,,,chr3,17001367,17005462,tfbs,0.04150390625,0.0013973708264529705,0.0017285981448367238,0.0018609099788591266,0.7509072670509621,-2.1221583703796383,0.987012987012987,0.0008539488771930337,0.0008891412289813161,0.0009110081591643393,0.9373668815176742,-0.3769533306011772,0.6713286713286714
m0_chr7_120066194_120070289,m0,,,chr7,120066194,120070289,promoter,0.17578125,0.03313735872507095,0.0307230856269598,0.029759617522358894,1.1135008270914204,3.9316267714429234,0.000999000999000999,0.03293374925851822,0.029537051916122437,0.028431806713342667,1.158341768096744,5.21226119079505,0.000999000999000999
m0_chr7_120066194_120070289,m0,,,chr7,120066194,120070289,tfbs,0.035400390625,0.003206841181963682,0.0011575273238122463,0.0012165126390755177,2.6360935998171824,11.294877464332911,0.000999000999000999,0.0019851874094456434,0.00047339507727883756,0.00047995723434723914,4.13617561603291,13.347300613346523,0.000999000999000999
m0_chr7_137924469_137928564,m0,,,chr7,137924469,137928564,promoter,0.1416015625,0.019294118508696556,0.020083917304873466,0.020679030567407608,0.9330281922938001,-1.910017299857507,0.9760239760239761,0.018405228853225708,0.018450170755386353,0.019121751189231873,0.9625284144263072,-1.0701350265500373,0.8631368631368631
m0_chr7_137924469_137928564,m0,,,chr7,137924469,137928564,tfbs,0.024658203125,7.843137427698821e-05,0.0006381780840456486,0.0007359476876445115,0.10657194199225925,-4.719853495418885,1.0,0.0,0.00029725872445851564,0.0003861960722133517,0.0,-3.8771765406438794,1.0
m0_chr7_4391321_4395416,m0,,,chr7,4391321,4395416,promoter,0.1513671875,0.02537025883793831,0.023019125685095787,0.022785764187574387,1.1134258490998212,3.2877484844212606,0.001998001998001998,0.024129465222358704,0.021945983171463013,0.021641410887241364,1.1149672887817201,3.30462392785815,0.001998001998001998
m0_chr7_4391321_4395416,m0,,,chr7,4391321,4395416,tfbs,0.072998046875,0.027508646249771118,0.0057672555558383465,0.009669948369264603,2.84475626955836,35.31728251452431,0.000999000999000999,0.026716649532318115,0.004894220735877752,0.009127723053097725,2.9269785440358143,36.18268880527798,0.000999000999000999
m0_chrX_127567034_127571129,m0,,,chrX,127567034,127571129,promoter,0.22607421875,0.07900676876306534,0.05100858211517334,0.05236886069178581,1.5086593009547322,24.30361337163544,0.000999000999000999,0.05325738713145256,0.041569266468286514,0.042332589626312256,1.2580706165528293,10.84248310947427,0.000999000999000999
m0_chrX_127567034_127571129,m0,,,chrX,127567034,127571129,tfbs,0.032958984375,0.0018636148888617754,0.0010853559942916036,0.0011215549893677235,1.6616348788322792,4.351570304819183,0.000999000999000999,0.0009186834213323891,0.00041865603998303413,0.0003668696153908968,2.5041142214885768,5.419366880404756,0.000999000999000999
m0_chrX_130740848_130744943,m0,,,chrX,130740848,130744943,promoter,0.18701171875,0.02960679680109024,0.03519558906555176,0.03488126024603844,0.8487880481455015,-5.66669620461909,1.0,0.025151530280709267,0.031751278787851334,0.031598273664712906,0.7959779875188883,-7.2118567667013584,1.0
m0_chrX_130740848_130744943,m0,,,chrX,130740848,130744943,tfbs,0.027587890625,0.0008547893958166242,0.0007017100579105318,0.0006656995974481106,1.2840467368365092,1.4671775645724459,0.09290709290709291,0.0003626379184424877,0.0003424365713726729,0.0003140185435768217,1.1548296298424547,0.5367706856293303,0.33766233766233766
m0_chrX_83970161_83974256,m0,,,chrX,83970161,83974256,promoter,0.168701171875,0.023523962125182152,0.028843292966485023,0.029054202139377594,0.8096578254785312,-6.596039119081289,1.0,0.022391516715288162,0.025792676955461502,0.026036469265818596,0.8600058820066041,-4.461183170387798,1.0
m0_chrX_83970161_83974256,m0,,,chrX,83970161,83974256,tfbs,0.038818359375,0.0014155557146295905,0.0014891476603224874,0.0014181551523506641,0.9981670286803493,-0.013578852164648372,0.5274725274725275,0.0007978586363606155,0.000782664748840034,0.0007193081546574831,1.109202823844721,0.585632743326348,0.30569430569430567
m1_chr10_110104373_110108468,m1,,,chr10,110104373,110108468,promoter,0.190673828125,0.04935422167181969,0.036194808781147,0.03584994748234749,1.376688813731783,14.892662482757213,0.000999000999000999,0.037764571607112885,0.03293396905064583,0.03276641294360161,1.1525390854383186,5.583011225031906,0.000999000999000999
m1_chr10_110104373_110108468,m1,,,chr10,110104373,110108468,tfbs,0.033447265625,0.0008348475093953311,0.0010541247902438045,0.001082969130948186,0.7708876324705455,-1.4848423758086902,0.949050949050949,0.00036831508623436093,0.00045376719208434224,0.00048300845082849264,0.7625437724797548,-1.0751507023865818,0.8881118881118881
m1_chr10_19287595_19291690,m1,,,chr10,19287595,19291690,promoter,0.1923828125,0.024814505130052567,0.037090979516506195,0.03697201609611511,0.6711699212058925,-12.809215079104387,1.0,0.024273991584777832,0.03481494262814522,0.034748610109090805,0.6985600721459463,-11.543044387389672,1.0
m1_chr10_19287595_19291690,m1,,,chr10,19287595,19291690,tfbs,0.017333984375,4.91376340505667e-05,0.00027344858972355723,0.0002669402165338397,0.18407729898704708,-2.7626645602365727,1.0,2.456881702528335e-05,9.262364619644359e-05,8.916023216443136e-05,0.2755580198576981,-1.3646588186355881,0.9660339660339661
m1_chr10_4663039_4667134,m1,,,chr10,4663039,4667134,promoter,0.18896484375,0.042478401213884354,0.035539668053388596,0.035788748413324356,1.186920557357893,7.519269183262205,0.000999000999000999,0.03755229339003563,0.03143387287855148,0.03148233890533447,1.1928050677223554,6.9516891678840445,0.000999000999000999
m1_chr10_4663039_4667134,m1,,,chr10,4663039,4667134,tfbs,0.045166015625,0.0013862415216863155,0.001995467348024249,0.0019508132245391607,0.7105967420401235,-2.54285772712186,0.996003996003996,0.0005941035342402756,0.0007876910385675728,0.0008026090799830854,0.7402153165932238,-1.4528875959363254,0.9430569430569431
m1_chr1_117801428_117805523,m1,,,chr1,117801428,117805523,promoter,0.170166015625,0.03874337673187256,0.028690611943602562,0.028742782771587372,1.347934089742031,12.593578970662366,0.000999000999000999,0.037010446190834045,0.026178359985351562,0.026256920769810677,1.4095501340502734,13.215158305075725,0.000999000999000999
m1_chr1_117801428_117805523,m1,,,chr1,117801428,117805523,tfbs,0.027587890625,0.0002228053635917604,0.0007010933477431536,0.000720032665412873,0.30943785510620114,-3.68499371153017,1.0,0.00019804920884780586,0.00031341248541139066,0.0003106897056568414,0.6374501801696396,-1.2432669189736674,0.922077922077922
m1_chr1_188000709_188004804,m1,,,chr1,188000709,188004804,promoter,0.195556640625,0.03957890346646309,0.038446325808763504,0.03733991086483002,1.0599624516978146,2.3656275041958255,0.005994005994005994,0.03679522126913071,0.035895705223083496,0.0348895899951458,1.054618907079448,2.0180538434596333,0.01998001998001998
m1_chr1_188000709_188004804,m1,,,chr1,188000709,188004804,tfbs,0.02880859375,0.0005314302979968488,0.0007784214103594422,0.0006549751851707697,0.811374705529173,-0.9912596898070812,0.8681318681318682,0.00048081789282150567,0.0004820847825612873,0.0003728363080881536,1.2896219665060649,1.1235286164168123,0.15084915084915085
m1_chr1_236620149_236624244,m1,,,chr1,236620149,236624244,promoter,0.160888671875,0.026860784739255905,0.025777850300073624,0.02533254772424698,1.0603270161234584,1.929024588441537,0.026973026973026972,0.025843894109129906,0.02383212372660637,0.023399589583277702,1.1044592904996506,3.2509964650217067,0.003996003996003996
m1_chr1_236620149_236624244,m1,,,chr1,236620149,236624244,tfbs,0.02734375,0.000446439633378759,0.0007510086288675666,0.0006328778108581901,0.7054120490863496,-1.4666177333679347,0.949050949050949,7.44066055631265e-05,0.0002579422143753618,0.0002442520926706493,0.30463037081715705,-2.1943650974719864,0.999000999000999
m1_chr14_101543080_101547175,m1,,,chr14,101543080,101547175,promoter,0.12109375,0.01662110723555088,0.014530337415635586,0.014479327946901321,1.147919799627711,3.664884862687415,0.000999000999000999,0.011471248231828213,0.011847009882330894,0.011754808016121387,0.9758771233095189,-0.5112810394805158,0.6883116883116883
m1_chr14_101543080_101547175,m1,,,chr14,101543080,101547175,tfbs,0.029296875,0.00021966220811009407,0.0008193496614694595,0.000822854635771364,0.2669514134828655,-4.31523808205154,1.0,7.322073361137882e-05,0.00020892561587970704,0.00019169188453815877,0.381970962348191,-1.7105250247477766,0.989010989010989
m1_chr14_26677340_26681435,m1,,,chr14,26677340,26681435,promoter,0.176025390625,0.04086674377322197,0.030989136546850204,0.03034880757331848,1.3465683511450532,12.042181042602293,0.000999000999000999,0.03680066019296646,0.02954721264541149,0.02896971069276333,1.2703150743634908,9.295666731316503,0.000999000999000999
m1_chr14_26677340_26681435,m1,,,chr14,26677340,26681435,tfbs,0.03466796875,0.00015440836432389915,0.0011266717920079827,0.0011211333330720663,0.13772524620314167,-5.610731504125397,1.0,0.00010293890227330849,0.0003461337764747441,0.0003507643414195627,0.2934702594246298,-2.6422665600374593,0.999000999000999
m1_chr14_33378322_33382417,m1,,,chr14,33378322,33382417,promoter,0.18798828125,0.026024706661701202,0.03534803166985512,0.03505224734544754,0.7424547249487898,-10.38558344756281,1.0,0.02575128711760044,0.034559573978185654,0.034199297428131104,0.7529770800618367,-9.480921645451655,1.0
m1_chr14_33378322_33382417,m1,,,chr14,33378322,33382417,tfbs,0.03271484375,0.0007954065222293139,0.0009711530292406678,0.0009524992783553898,0.8350730969609589,-1.0575777795389925,0.8671328671328671,0.00034799036802724004,0.0002575158723630011,0.00027794489869847894,1.2520120702224078,0.8313124856762956,0.23376623376623376
m1_chr17_22742263_22746358,m1,,,chr17,22742263,22746358,promoter,0.11328125,0.012327811680734158,0.013041958212852478,0.013425271026790142,0.9182542129789407,-1.8920849122695045,0.97002997002997,0.011655854992568493,0.012470275163650513,0.012862714938819408,0.9061737780871877,-2.1578815191816876,0.983016983016983
m1_chr17_22742263_22746358,m1,,,chr17,22742263,22746358,tfbs,0.011962890625,0.0009304008563049138,0.0001323243195656687,0.00011371566506568342,8.181817832815769,15.044207464486682,0.000999000999000999,0.0006719561642967165,4.3935811845585704e-05,4.073088348377496e-05,16.49746106205598,19.164339261716833,0.000999000999000999
m1_chr17_35243344_35247439,m1,,,chr17,35243344,35247439,promoter,0.14404296875,0.02741016075015068,0.020709004253149033,0.02061908319592476,1.3293588512009176,9.76843033136103,0.000999000999000999,0.01985130086541176,0.017941972240805626,0.01792914606630802,1.1072083852736188,2.9009773800606102,0.003996003996003996
m1_chr17_35243344_35247439,m1,,,chr17,35243344,35247439,tfbs,0.022216796875,0.0001239157427335158,0.00045625685015693307,0.0005329863633960485,0.2324932704543459,-3.6067196247005424,1.0,4.956629345542751e-05,0.00012317199434619397,0.0001148203227785416,0.4316857177890707,-1.2142138961420772,0.945054945054945
m1_chr17_72349260_72353355,m1,,,chr17,72349260,72353355,promoter,0.1240234375,0.021650847047567368,0.015407276339828968,0.015226220712065697,1.4219449104931607,10.789418428013677,0.000999000999000999,0.018543889746069908,0.013708731159567833,0.013654222711920738,1.3581065826530188,8.35526889010101,0.000999000999000999
m1_chr17_72349260_72353355,m1,,,chr17,72349260,72353355,tfbs,0.02587890625,0.00024464234593324363,0.0006098912563174963,0.0006133672432042658,0.3988513384823388,-3.087589984096925,1.0,2.446423241053708e-05,0.0001472741860197857,0.00015728056314401329,0.15554517304300663,-2.286638012295942,1.0
m1_chr21_12003041_12007136,m1,,,chr21,12003041,12007136,promoter,0.07275390625,0.00959860347211361,0.005250782240182161,0.005204983986914158,1.8441177717828612,12.689467767077858,0.000999000999000999,0.00959860347211361,0.005078313872218132,0.005032799672335386,1.9072095249242333,12.660077898947643,0.000999000999000999
m1_chr21_12003041_12007136,m1,,,chr21,12003041,12007136,tfbs,0.0087890625,0.0005132943042553961,7.571145397378132e-05,4.878862091572955e-05,10.520779120647557,13.259433360735104,0.000999000999000999,0.0005132943042553961,7.571145397378132e-05,4.901960346614942e-05,10.47120474178973,13.062478243081978,0.000999000999000999
m1_chr21_19112010_19116105,m1,,,chr21,19112010,19116105,promoter,0.21630859375,0.070968858897686,0.046524882316589355,0.04521793872117996,1.569484609532729,24.656069251407533,0.000999000999000999,0.0672946497797966,0.04567217081785202,0.044437795877456665,1.5143561567583337,22.461783917870445,0.000999000999000999
m1_chr21_19112010_19116105,m1,,,chr21,19112010,19116105,tfbs,0.02099609375,0.000937045319005847,0.00043967002420686185,0.0004151358443778008,2.2572016646991204,5.161307248008602,0.000999000999000999,0.000937045319005847,0.0003415271930862218,0.00030234508449211717,3.099257659769487,7.345944782467661,0.000999000999000999
m1_chr21_38658585_38662680,m1,,,chr21,38658585,38662680,promoter,0.160400390625,0.02372102066874504,0.025490792468190193,0.02535923756659031,0.9353995997102237,-2.101155045967791,0.985014985014985,0.008559131063520908,0.01748213917016983,0.016769317910075188,0.5104042459817933,-12.760138773922444,1.0
m1_chr21_38658585_38662680,m1,,,chr21,38658585,38662680,tfbs,0.024169921875,0.00041572924237698317,0.000541915011126548,0.0005546317552216351,0.7495590334723163,-1.2171481653151381,0.903096903096903,0.00019563728710636497,0.00011175774852745235,0.00011229582014493644,1.7421600096411647,1.688134752909228,0.0939060939060939
m1_chr3_108979737_108983832,m1,,,chr3,108979737,108983832,promoter,0.167724609375,0.025150300934910774,0.027743250131607056,0.027408568188548088,0.9176072519329606,-2.847027845467646,0.996003996003996,0.022845691069960594,0.027108974754810333,0.026787275448441505,0.8528560925851743,-4.870502325747995,1.0
m1_chr3_108979737_108983832,m1,,,chr3,108979737,108983832,tfbs,0.023193359375,0.0002254509017802775,0.0005468488670885563,0.00048076151870191097,0.4689453981030145,-2.291341776192214,0.998001998001998,5.0100199587177485e-05,0.00019990169676020741,0.00015210419951472431,0.32938077809171584,-1.6429485858826633,0.987012987012987
m1_chr3_127665795_127669890,m1,,,chr3,127665795,127669890,promoter,0.103759765625,0.008267098106443882,0.010562898591160774,0.010676185600459576,0.7743494180251054,-4.7450517976375295,1.0,0.00723677733913064,0.008783894591033459,0.008880090899765491,0.814944060912907,-3.456244556752883,0.999000999000999
m1_chr3_127665795_127669890,m1,,,chr3,127665795,127669890,tfbs,0.018310546875,7.359434675890952e-05,0.0002828449651133269,0.0003115494328085333,0.23622044853516994,-2.6437292798676078,0.999000999000999,0.0,6.770616892026737e-05,7.462466601282358e-05,0.0,-1.7139084815219865,1.0
m1_chr3_17001367_17005462,m1,,,chr3,17001367,17005462,promoter,0.172119140625,0.01985081285238266,0.029292339459061623,0.028589682653546333,0.6943348442491479,-10.8581293507151,1.0,0.01936006359755993,0.028721842914819717,0.028048191219568253,0.6902428554484855,-10.619147960425805,1.0
m1_chr3_17001367_17005462,m1,,,chr3,17001367,17005462,tfbs,0.04150390625,0.0014477106742560863,0.0016705108573660254,0.0017552633071318269,0.8247826228542917,-1.4480080384691119,0.942057942057942,0.0008097364916466177,0.0008943907450884581,0.0008629582007415593,0.9383264345257893,-0.3643113952350035,0.6733266733266733
m1_chr7_120066194_120070289,m1,,,chr7,120066194,120070289,promoter,0.17578125,0.037692006677389145,0.030610963702201843,0.030371781438589096,1.2410206083433513,9.051723016100139,0.000999000999000999,0.035197142511606216,0.029420778155326843,0.02920658513903618,1.2051098183526883,7.259234545937901,0.000999000999000999
m1_chr7_120066194_120070289,m1,,,chr7,120066194,120070289,tfbs,0.035400390625,0.0011740534100681543,0.0012190478155389428,0.0011974856024608016,0.9804321719238255,-0.13739084123059686,0.5774225774225774,0.0002935133525170386,0.0004889399278908968,0.00047238529077731073,0.6213431244526304,-1.6548370989267107,0.9760239760239761
m1_chr7_137924469_137928564,m1,,,chr7,137924469,137928564,promoter,0.1416015625,0.014077463187277317,0.019804883748292923,0.020358212292194366,0.6914881810459762,-9.213536846266788,1.0,0.01295226626098156,0.018192587420344353,0.01876063458621502,0.6903959565684763,-8.35287820905707,1.0
m1_chr7_137924469_137928564,m1,,,chr7,137924469,137928564,tfbs,0.024658203125,5.000875171390362e-05,0.0005781060899607837,0.0006273597246035933,0.07971304142213209,-4.680777936129473,1.0,2.500437585695181e-05,0.00026629885542206466,0.00030505339964292943,0.08196720930243652,-3.3778485117934425,1.0
m1_chr7_4391321_4395416,m1,,,chr7,4391321,4395416,promoter,0.1513671875,0.021459773182868958,0.02328871749341488,0.022873423993587494,0.9381967994334889,-1.8280523954147727,0.9690309690309691,0.020418528467416763,0.0222284197807312,0.02173577807843685,0.9393971724284913,-1.7546862280222995,0.962037962037962
m1_chr7_4391321_4395416,m1,,,chr7,4391321,4395416,tfbs,0.072998046875,0.007949004881083965,0.005648658610880375,0.006354911718517542,1.2508442655342331,4.078131681231806,0.000999000999000999,0.007822023704648018,0.0047653731890022755,0.005591121502220631,1.3990079989392714,6.191578546389819,0.000999000999000999
m1_chrX_127567034_127571129,m1,,,chrX,127567034,127571129,promoter,0.22607421875,0.053234685212373734,0.0507647842168808,0.051358193159103394,1.0365373456082678,1.6939811701447576,0.04495504495504495,0.040654659271240234,0.040924906730651855,0.04149353876709938,0.9797828885945901,-0.8451269493053075,0.8051948051948052
m1_chrX_127567034_127571129,m1,,,chrX,127567034,127571129,tfbs,0.032958984375,0.00029893132159486413,0.0010397882433608174,0.0011489923344925046,0.26016824709879227,-5.175496202041555,1.0,9.964377386495471e-05,0.00042448469321243465,0.0003813118382822722,0.26131833282131617,-2.9652003290261564,1.0
m1_chrX_130740848_130744943,m1,,,chrX,130740848,130744943,promoter,0.18701171875,0.03304806724190712,0.035216450691223145,0.03489727899432182,0.9470098584845085,-1.9875635635635636,0.9790209790209791,0.029644610360264778,0.031869713217020035,0.031560905277729034,0.9392826377887047,-2.171214815205635,0.987012987012987
m1_chrX_130740848_130744943,m1,,,chrX,130740848,130744943,tfbs,0.027587890625,0.0018250425346195698,0.0007014089496806264,0.0007075985777191818,2.5792060528191985,8.349209990717926,0.000999000999000999,0.0010111721931025386,0.0003255484625697136,0.0003254248294979334,3.1072373754104095,7.432000965190834,0.000999000999000999
m1_chrX_83970161_83974256,m1,,,chrX,83970161,83974256,promoter,0.168701171875,0.03583370894193649,0.028491990640759468,0.028284000232815742,1.2669250688366707,9.380503224482242,0.000999000999000999,0.03191595524549484,0.025446657091379166,0.025285298004746437,1.2622336995792467,9.068727918555988,0.000999000999000999
m1_chrX_83970161_83974256,m1,,,chrX,83970161,83974256,tfbs,0.038818359375,0.00209612213075161,0.0014425660483539104,0.0013846883084625006,1.5137862564023923,3.8471597611251576,0.000999000999000999,0.001222737948410213,0.0007550951559096575,0.0007111592567525804,1.7193588310917762,3.799219459119947,0.001998001998001998
m2_chr10_110104373_110108468,m2,,,chr10,110104373,110108468,promoter,0.190673828125,0.052739374339580536,0.03588913753628731,0.03532209247350693,1.4930988128502667,19.021580834970557,0.000999000999000999,0.04600614309310913,0.03270147740840912,0.03247053548693657,1.4168581578095059,14.985868853458431,0.000999000999000999
m2_chr10_110104373_110108468,m2,,,chr10,110104373,110108468,tfbs,0.033447265625,0.0013824885245412588,0.0010360979940742254,0.001187404035590589,1.1642949519315378,1.1246623040130066,0.13486513486513488,0.0007680491544306278,0.0004470044805202633,0.0005608550854958594,1.3694253191117727,1.7737254515779761,0.053946053946053944
m2_chr10_19287595_19291690,m2,,,chr10,19287595,19291690,promoter,0.1923828125,0.026597680523991585,0.036727696657180786,0.03714822232723236,0.715987976213159,-11.312441306276463,1.0,0.025661692023277283,0.03442176803946495,0.034931257367134094,0.7346340772554525,-9.715388096548006,1.0
m2_chr10_19287595_19291690,m2,,,chr10,19287595,19291690,tfbs,0.017333984375,0.0002859965607058257,0.0002831387391779572,0.00025739692500792444,1.1111110231678982,0.36105351057977475,0.40559440559440557,2.599968865979463e-05,9.281958773499355e-05,8.291301492135972e-05,0.31357789467014896,-1.2498824356551925,0.965034965034965
m2_chr10_4663039_4667134,m2,,,chr10,4663039,4667134,promoter,0.18896484375,0.041042011231184006,0.03578893467783928,0.03642852604389191,1.1266448491968468,5.050395714543144,0.000999000999000999,0.03598518669605255,0.03156621381640434,0.03186037763953209,1.1294651652654122,4.586824380676556,0.000999000999000999
m2_chr10_4663039_4667134,m2,,,chr10,4663039,4667134,tfbs,0.045166015625,0.0024262545630335808,0.001994134159758687,0.0019233047496527433,1.2615029227539973,2.3352099722618864,0.01098901098901099,0.001302515622228384,0.0008328472031280398,0.0008551653590984643,1.5231155101997198,2.963296170124412,0.003996003996003996
m2_chr1_117801428_117805523,m2,,,chr1,117801428,117805523,promoter,0.170166015625,0.03794325143098831,0.02838558703660965,0.029331093654036522,1.2936187064326048,10.037940108762404,0.000999000999000999,0.03654656931757927,0.025808442384004593,0.02679150365293026,1.3641104206400925,11.601815355088446,0.000999000999000999
m2_chr1_117801428_117805523,m2,,,chr1,117801428,117805523,tfbs,0.027587890625,0.0005948839825578034,0.0007128274883143604,0.0006555880536325276,0.9074051597823193,-0.4740827751958529,0.6943056943056943,0.00046556140296161175,0.00033779125078581274,0.00029780413024127483,1.5633141238988975,1.900116958755886,0.05094905094905095
m2_chr1_188000709_188004804,m2,,,chr1,188000709,188004804,promoter,0.195556640625,0.035539280623197556,0.03829071670770645,0.03727327659726143,0.9534788424210799,-1.8118327304194706,0.967032967032967,0.03223809599876404,0.03582152724266052,0.03488721698522568,0.924066141831161,-2.831878988124683,0.997002997002997
m2_chr1_188000709_188004804,m2,,,chr1,188000709,188004804,tfbs,0.02880859375,0.00046422859304584563,0.0008196237031370401,0.0006512869731523097,0.7127865475320683,-1.4999829634297184,0.951048951048951,0.00038685716572217643,0.0004977576318196952,0.000362433580448851,1.0673877548627762,0.2586602489732965,0.43756243756243757
m2_chr1_236620149_236624244,m2,,,chr1,236620149,236624244,promoter,0.160888671875,0.037282731384038925,0.025416521355509758,0.02494243159890175,1.494751272994592,15.464585977420604,0.000999000999000999,0.03584284707903862,0.023478610441088676,0.023010697215795517,1.5576601935570458,16.216936465084117,0.000999000999000999
m2_chr1_236620149_236624244,m2,,,chr1,236620149,236624244,tfbs,0.02734375,0.0005142446025274694,0.000770330079831183,0.0006221588118933141,0.8265487729130653,-0.8677305065367564,0.8411588411588412,7.71366831031628e-05,0.0002830885932780802,0.00023495833738707006,0.32829940814608305,-2.0885578630329036,0.997002997002997
m2_chr14_101543080_101547175,m2,,,chr14,101543080,101547175,promoter,0.12109375,0.018364761024713516,0.014552023261785507,0.015406249091029167,1.192033240291243,4.742983322755909,0.000999000999000999,0.013941698707640171,0.011788535863161087,0.012742013670504093,1.0941519188535462,2.0951789022651552,0.016983016983016984
m2_chr14_101543080_101547175,m2,,,chr14,101543080,101547175,tfbs,0.029296875,0.0007501099025830626,0.0008010596502572298,0.0010163988918066025,0.7380073990928666,-1.6305161180984649,0.9600399600399601,0.0001551951572764665,0.0001965790579561144,0.0002578308922238648,0.6019261537586288,-1.246039409977468,0.9270729270729271
m2_chr14_26677340_26681435,m2,,,chr14,26677340,26681435,promoter,0.176025390625,0.027752282097935677,0.031327832490205765,0.030203068628907204,0.91885637313601,-2.655778344693908,0.993006993006993,0.027050375938415527,0.029892710968852043,0.028837725520133972,0.9380204385234698,-2.166236449572466,0.9820179820179821
m2_chr14_26677340_26681435,m2,,,chr14,26677340,26681435,tfbs,0.03466796875,0.00048593489918857813,0.0011862165993079543,0.0010979699436575174,0.4425757754077033,-3.631906930563283,1.0,0.0002159710566047579,0.00036525967880152166,0.00035532639594748616,0.607810337390967,-1.432687014674739,0.9560439560439561
m2_chr14_33378322_33382417,m2,,,chr14,33378322,33382417,promoter,0.18798828125,0.02600640244781971,0.035086385905742645,0.03492363542318344,0.7446648131756586,-9.460545084177708,1.0,0.0259014330804348,0.034302517771720886,0.034116413444280624,0.7592073862845331,-9.397642896557887,1.0
m2_chr14_33378322_33382417,m2,,,chr14,33378322,33382417,tfbs,0.03271484375,0.0011809164425358176,0.0009909213986247778,0.000889413699042052,1.3277470808103475,1.9851446499869685,0.030969030969030968,0.0005248517263680696,0.00028210817254148424,0.0002731328131631017,1.921598947742151,3.01916976458389,0.007992007992007992
m2_chr17_22742263_22746358,m2,,,chr17,22742263,22746358,promoter,0.11328125,0.015354880131781101,0.013312953524291515,0.013492134399712086,1.138061605145941,3.157549980083842,0.001998001998001998,0.014093203470110893,0.012720777653157711,0.01293227169662714,1.0897701348005653,1.966371461024899,0.028971028971028972
m2_chr17_22742263_22746358,m2,,,chr17,22742263,22746358,tfbs,0.011962890625,0.0002952861541416496,0.00015703668759670109,0.00011655750859063119,2.5333945252617083,3.1230222132039893,0.008991008991008992,0.00024159776512533426,6.92572066327557e-05,4.54472319688648e-05,5.316006160525886,5.632862286609461,0.001998001998001998
m2_chr17_35243344_35247439,m2,,,chr17,35243344,35247439,promoter,0.14404296875,0.028183769434690475,0.020584486424922943,0.020643755793571472,1.3652442761150558,10.434113220240576,0.000999000999000999,0.02376328781247139,0.01780138909816742,0.018052969127893448,1.3163091148123103,8.369228921262344,0.000999000999000999
m2_chr17_35243344_35247439,m2,,,chr17,35243344,35247439,tfbs,0.022216796875,0.00030662305653095245,0.00044485589023679495,0.000540653127245605,0.5671345287376122,-2.0424201850613515,0.989010989010989,0.0,9.888525528367609e-05,0.00011500919936224818,0.0,-2.1082489393230075,1.0
m2_chr17_72349260_72353355,m2,,,chr17,72349260,72353355,promoter,0.1240234375,0.015681233257055283,0.015665054321289062,0.015408765524625778,1.0176826451148249,0.4414905853049438,0.3336663336663337,0.01231362484395504,0.014010554179549217,0.013973161578178406,0.8812339838097178,-2.7748708292321913,0.999000999000999
m2_chr17_72349260_72353355,m2,,,chr17,72349260,72353355,tfbs,0.02587890625,0.0008483290439471602,0.0006449877982959151,0.0006066066562198102,1.3984829135138264,1.981420185297157,0.03396603396603397,0.0003341902338434011,0.00017069425666704774,0.00015336761134676635,2.179014401468327,2.89417394876004,0.01098901098901099
m2_chr21_12003041_12007136,m2,,,chr21,12003041,12007136,promoter,0.07275390625,0.006993771065026522,0.005380283575505018,0.0051853894256055355,1.3487455793563292,4.798124102458687,0.000999000999000999,0.006993771065026522,0.005190960131585598,0.004983389750123024,1.4034164325304614,5.44433197351487,0.000999000999000999
m2_chr21_12003041_12007136,m2,,,chr21,12003041,12007136,tfbs,0.0087890625,0.000737624301109463,8.359737694263458e-05,3.966779695474543e-05,18.595040756888356,21.2774727946809,0.000999000999000999,0.000737624301109463,8.359737694263458e-05,3.923068652511574e-05,18.802227706039023,21.423403341182247,0.000999000999000999
m2_chr21_19112010_19116105,m2,,,chr21,19112010,19116105,promoter,0.21630859375,0.07288043946027756,0.04694247618317604,0.045239586383104324,1.6109881916934654,25.585881839241136,0.000999000999000999,0.07081948965787888,0.04618765041232109,0.044474609196186066,1.5923577730718323,25.1416699764749,0.000999000999000999
m2_chr21_19112010_19116105,m2,,,chr21,19112010,19116105,tfbs,0.02099609375,0.0005925238947384059,0.0004206933663226664,0.0004150758613832295,1.4275074748115573,1.754572517648948,0.053946053946053944,0.0005410001031123102,0.0003068253572564572,0.0002964422747027129,1.8249762239709302,2.8419164380260673,0.00999000999000999
m2_chr21_38658585_38662680,m2,,,chr21,38658585,38662680,promoter,0.160400390625,0.037298571318387985,0.02555820718407631,0.025161558762192726,1.4823633015309092,15.308550654220264,0.000999000999000999,0.02250329777598381,0.017839530482888222,0.01669134385883808,1.3482016766474016,8.926761893343869,0.000999000999000999
m2_chr21_38658585_38662680,m2,,,chr21,38658585,38662680,tfbs,0.024169921875,0.00028452445985749364,0.000544738257303834,0.0005570729845203459,0.5107489822046862,-2.2861923597316562,0.997002997002997,7.759757863823324e-05,0.00012157026503700763,0.00013463178765960038,0.5763689243615261,-0.9560806304964923,0.8881118881118881
m2_chr3_108979737_108983832,m2,,,chr3,108979737,108983832,promoter,0.167724609375,0.025280972942709923,0.02788238786160946,0.027109691873192787,0.9325437212994966,-2.224080336929869,0.988011988011988,0.024249635636806488,0.027260147035121918,0.026529815047979355,0.9140521934642535,-2.8316513713056533,0.999000999000999
m2_chr3_108979737_108983832,m2,,,chr3,108979737,108983832,tfbs,0.023193359375,0.00015866720059420913,0.0005312719149515033,0.0004496099427342415,0.3528996703882842,-2.665712694713442,1.0,5.288906686473638e-05,0.00019807001808658242,0.00010609546006890014,0.4985045244197004,-0.9831777766678245,0.9080919080919081
m2_chr3_127665795_127669890,m2,,,chr3,127665795,127669890,promoter,0.103759765625,0.015901241451501846,0.01071140542626381,0.010534971952438354,1.5093767238574802,10.659721738040538,0.000999000999000999,0.013684861361980438,0.009014054201543331,0.008925235830247402,1.533277285021734,9.795936009587756,0.000999000999000999
m2_chr3_127665795_127669890,m2,,,chr3,127665795,127669890,tfbs,0.018310546875,0.00025771866785362363,0.00029612157959491014,0.0002825885312631726,0.9119926654546788,-0.28402305895429025,0.6503496503496503,7.731559890089557e-05,7.061559153953567e-05,6.38884594081901e-05,1.2101653352903388,0.336475133201642,0.45754245754245754
m2_chr3_17001367_17005462,m2,,,chr3,17001367,17005462,promoter,0.172119140625,0.024605998769402504,0.029483312740921974,0.02852366492152214,0.8626520763408767,-4.881133418097756,1.0,0.02452974021434784,0.028887230902910233,0.027960089966654778,0.8773126353885851,-4.001143863668397,1.0
m2_chr3_17001367_17005462,m2,,,chr3,17001367,17005462,tfbs,0.04150390625,0.001550584682263434,0.001648186007514596,0.00181896286085248,0.8524553830289492,-1.2992194105950146,0.913086913086913,0.0009405185701325536,0.0008388361893594265,0.0008954245713539422,1.0503604661087491,0.29641270944163184,0.4005994005994006
m2_chr7_120066194_120070289,m2,,,chr7,120066194,120070289,promoter,0.17578125,0.03170675039291382,0.030663568526506424,0.029848167672753334,1.0622679000110642,2.145614870217017,0.017982017982017984,0.03119119442999363,0.02949170581996441,0.028580235317349434,1.0913554099066227,3.0743859067141597,0.001998001998001998
m2_chr7_120066194_120070289,m2,,,chr7,120066194,120070289,tfbs,0.035400390625,0.0027324517723172903,0.0011950627667829394,0.001217977493070066,2.243433715207496,8.621878092663467,0.000999000999000999,0.0015982264885678887,0.0004990598536096513,0.0004742350720334798,3.370114491353052,10.127261512254869,0.000999000999000999
m2_chr7_137924469_137928564,m2,,,chr7,137924469,137928564,promoter,0.1416015625,0.015852568671107292,0.020011477172374725,0.020603949204087257,0.7693946686668485,-6.419945820465091,1.0,0.014932435937225819,0.01836891658604145,0.019098902121186256,0.7818478697087718,-5.9481616040073595,1.0
m2_chr7_137924469_137928564,m2,,,chr7,137924469,137928564,tfbs,0.024658203125,0.00023660549777559936,0.0006356772501021624,0.0006985908839851618,0.33868964396710466,-3.4817022896895646,1.0,5.2578998293029144e-05,0.00030732288723811507,0.0003691571473609656,0.1424298531639071,-3.255993706550127,1.0
m2_chr7_4391321_4395416,m2,,,chr7,4391321,4395416,promoter,0.1513671875,0.015723848715424538,0.0231633223593235,0.02295532263815403,0.6849761583960461,-9.451559339689059,1.0,0.015435096807777882,0.022060556337237358,0.021795878186821938,0.7081658594105255,-8.605377560107769,1.0
m2_chr7_4391321_4395416,m2,,,chr7,4391321,4395416,tfbs,0.072998046875,0.09211182594299316,0.006119415629655123,0.006938548758625984,13.275373445849178,199.73194098726916,0.000999000999000999,0.09163932502269745,0.005391763988882303,0.0062836334109306335,14.583811471765229,212.30679208175377,0.000999000999000999
m2_chrX_127567034_127571129,m2,,,chrX,127567034,127571129,promoter,0.22607421875,0.06496153026819229,0.05051889270544052,0.05250626802444458,1.2372147690624116,11.345930344462127,0.000999000999000999,0.04261986166238785,0.04081716388463974,0.04224499687552452,1.0088735901192718,0.38309877922408575,0.35264735264735264
m2_chrX_127567034_127571129,m2,,,chrX,127567034,127571129,tfbs,0.032958984375,0.0030060631688684225,0.0009861458092927933,0.0010349516524001956,2.9045445378022707,12.333887713101959,0.000999000999000999,0.0011209049262106419,0.0003800902923103422,0.0003447801573202014,3.251071450639325,8.566235885898173,0.000999000999000999
m2_chrX_130740848_130744943,m2,,,chrX,130740848,130744943,promoter,0.18701171875,0.0286068394780159,0.03516329824924469,0.03500412404537201,0.8172419752865688,-6.7751295513100365,1.0,0.026912180706858635,0.03183768317103386,0.031666405498981476,0.8498653472912877,-5.322157602719249,1.0
m2_chrX_130740848_130744943,m2,,,chrX,130740848,130744943,tfbs,0.027587890625,0.0010623229900375009,0.0007203645072877407,0.0007115287589840591,1.4930148312688243,2.522977969361591,0.012987012987012988,0.0005564548773691058,0.00032603577710688114,0.0003193545271642506,1.7424361643162478,2.6819965513356108,0.008991008991008992
m2_chrX_83970161_83974256,m2,,,chrX,83970161,83974256,promoter,0.168701171875,0.02665938436985016,0.02886381186544895,0.028852684423327446,0.9239828079322837,-2.5419628250681523,0.995004995004995,0.024916769936680794,0.025702960789203644,0.025784878060221672,0.9663326651569429,-1.0788734448406732,0.8761238761238761
m2_chrX_83970161_83974256,m2,,,chrX,83970161,83974256,tfbs,0.038818359375,0.001534540206193924,0.0015376416267827153,0.0013547649141401052,1.1326985148326827,0.9691452699185817,0.1878121878121878,0.0006502288742922246,0.0008075739606283605,0.000694990623742342,0.9355937362016669,-0.3470352666797839,0.6733266733266733
m3_chr10_110104373_110108468,m3,,,chr10,110104373,110108468,promoter,0.190673828125,0.052711647003889084,0.03590284660458565,0.035291075706481934,1.4936253981685093,18.215498507407457,0.000999000999000999,0.04585245996713638,0.03270863741636276,0.03248339891433716,1.4115659536754492,14.282325616825728,0.000999000999000999
m3_chr10_110104373_110108468,m3,,,chr10,110104373,110108468,tfbs,0.033447265625,0.0014679193263873458,0.0010344887850806117,0.0011862122919410467,1.2374845011809232,1.5554219649612333,0.08191808191808192,0.0009074410190805793,0.0004585272981785238,0.00056199956452474,1.6146649861694555,2.771593386020162,0.007992007992007992
m3_chr10_19287595_19291690,m3,,,chr10,19287595,19291690,promoter,0.1923828125,0.03311169892549515,0.037249643355607986,0.03727744147181511,0.8882503095211184,-4.3352892750722525,1.0,0.0318833626806736,0.03491579741239548,0.03501329943537712,0.9106072034005153,-3.389817618257389,1.0
m3_chr10_19287595_19291690,m3,,,chr10,19287595,19291690,tfbs,0.017333984375,0.000267029827227816,0.00028999478672631085,0.00024291702720802277,1.0992635234216996,0.29954597702344193,0.43356643356643354,2.67029827227816e-05,9.399462578585371e-05,7.42876945878379e-05,0.35945364667640806,-1.0591998611053863,0.932067932067932
m3_chr10_4663039_4667134,m3,,,chr10,4663039,4667134,promoter,0.18896484375,0.037747375667095184,0.03574344888329506,0.036708831787109375,1.0282913900940456,1.100497979855797,0.13486513486513488,0.032912738621234894,0.03142151981592178,0.032146554440259933,1.0238340996201882,0.867147474526817,0.1848151848151848
m3_chr10_4663039_4667134,m3,,,chr10,4663039,4667134,tfbs,0.045166015625,0.001646965043619275,0.0019962694495916367,0.0019223535200580955,0.8567441037429485,-1.1944030557245606,0.8931068931068931,0.0012219417840242386,0.0008253371925093234,0.000887475092895329,1.3768744540624054,2.191555232171474,0.01998001998001998
m3_chr1_117801428_117805523,m3,,,chr1,117801428,117805523,promoter,0.170166015625,0.04208700358867645,0.028403254225850105,0.02931176871061325,1.435839781767844,14.523617096714723,0.000999000999000999,0.04005871340632439,0.02583584375679493,0.02687707543373108,1.4904416778936513,16.088357271100254,0.000999000999000999
m3_chr1_117801428_117805523,m3,,,chr1,117801428,117805523,tfbs,0.027587890625,0.0006138244061730802,0.0007000332116149366,0.000660181452985853,0.9297813554090164,-0.3580425868137216,0.6673326673326674,0.0006138244061730802,0.0003429442294873297,0.0002910862094722688,2.1087375018072025,3.700683541198938,0.000999000999000999
m3_chr1_188000709_188004804,m3,,,chr1,188000709,188004804,promoter,0.195556640625,0.03634411469101906,0.038645632565021515,0.03721720725297928,0.9765406212232561,-0.93633197788527,0.8291708291708292,0.0334988608956337,0.03636621683835983,0.03490213304758072,0.9597940862229253,-1.4430078497415901,0.9230769230769231
m3_chr1_188000709_188004804,m3,,,chr1,188000709,188004804,tfbs,0.02880859375,0.0008857871289364994,0.0008243148913607001,0.0006437794072553515,1.3759171526049712,1.8214418667665226,0.04695304695304695,0.0008857871289364994,0.0005180487642064691,0.00034744327422231436,2.5494438794913075,5.507134583031297,0.000999000999000999
m3_chr1_236620149_236624244,m3,,,chr1,236620149,236624244,promoter,0.160888671875,0.03774942085146904,0.025470180436968803,0.02488432638347149,1.5169958900934013,15.687808545408913,0.000999000999000999,0.03620427846908569,0.02347562648355961,0.022922368720173836,1.5794300716061045,17.556473767521258,0.000999000999000999
m3_chr1_236620149_236624244,m3,,,chr1,236620149,236624244,tfbs,0.02734375,0.0005860883975401521,0.0007781607564538717,0.0006123025668784976,0.9571875560280848,-0.19856441187622903,0.6223776223776224,0.00010656152880983427,0.0002930423943325877,0.00024130857491400093,0.44159859983347605,-1.6814627637503747,0.9820179820179821
m3_chr14_101543080_101547175,m3,,,chr14,101543080,101547175,promoter,0.12109375,0.0210135318338871,0.01465545129030943,0.01526606548577547,1.3764864203855913,9.190579622193049,0.000999000999000999,0.016954099759459496,0.01191385556012392,0.012619527988135815,1.343481291487194,7.519036140101532,0.000999000999000999
m3_chr14_101543080_101547175,m3,,,chr14,101543080,101547175,tfbs,0.029296875,0.001008225022815168,0.0007986260461620986,0.0009861766593530774,1.0223574176624237,0.13709028593350475,0.4805194805194805,0.0005306447274051607,0.0002074835792882368,0.0002549217315390706,2.0815986310834838,3.3553430504524058,0.001998001998001998
m3_chr14_26677340_26681435,m3,,,chr14,26677340,26681435,promoter,0.176025390625,0.029393041506409645,0.031173689290881157,0.0303538516163826,0.9683463528083407,-1.0524625407610575,0.8671328671328671,0.028728792443871498,0.029791487380862236,0.029013922438025475,0.9901726491906421,-0.3117764327247838,0.6163836163836164
m3_chr14_26677340_26681435,m3,,,chr14,26677340,26681435,tfbs,0.03466796875,0.00044283302850089967,0.0011621667072176933,0.0011045639403164387,0.400912081535122,-3.8039683775871223,1.0,0.0003598018374759704,0.00037474962300620973,0.00035410033888183534,1.0161013644102659,0.057490209669848455,0.5164835164835165
m3_chr14_33378322_33382417,m3,,,chr14,33378322,33382417,promoter,0.18798828125,0.03613461181521416,0.035504840314388275,0.03485412895679474,1.036738340527939,1.3537511539193134,0.0939060939060939,0.03546742722392082,0.034696485847234726,0.03390875458717346,1.045966673082619,1.6994921856579845,0.04695304695304695
m3_chr14_33378322_33382417,m3,,,chr14,33378322,33382417,tfbs,0.03271484375,0.0010674921795725822,0.0010229181498289108,0.0008833231404423714,1.2084956577023198,1.240753294893118,0.13186813186813187,0.000426996877649799,0.00028128246776759624,0.00027698755729943514,1.5415742202029585,1.7312716738299416,0.059940059940059943
m3_chr17_22742263_22746358,m3,,,chr17,22742263,22746358,promoter,0.11328125,0.01338842511177063,0.013249615207314491,0.013495909050107002,0.9920358133759415,-0.18155718201732823,0.5744255744255744,0.01199323870241642,0.012668202631175518,0.012924982234835625,0.9279114264538055,-1.5693278546706018,0.9430569430569431
m3_chr17_22742263_22746358,m3,,,chr17,22742263,22746358,tfbs,0.011962890625,0.0008317458559758961,0.00014085916336625814,0.00011188322969246656,7.4340529698875875,13.02503969071293,0.000999000999000999,0.0007780848536640406,5.366063487599604e-05,3.925304190488532e-05,19.82228168582273,24.09018445747884,0.000999000999000999
m3_chr17_35243344_35247439,m3,,,chr17,35243344,35247439,promoter,0.14404296875,0.024841733276844025,0.020894991233944893,0.020742179825901985,1.1976433280085002,5.4353420054163735,0.000999000999000999,0.020354194566607475,0.018285555765032768,0.01799893192946911,1.1308556889024157,3.3267374271756496,0.002997002997002997
m3_chr17_35243344_35247439,m3,,,chr17,35243344,35247439,tfbs,0.022216796875,0.00037396157858893275,0.0004626414447557181,0.0005480407271534204,0.6823609269539646,-1.4832945314662147,0.951048951048951,8.013462502276525e-05,0.00011325633386150002,0.00012829553452320397,0.6246096196611725,-0.8253474461017295,0.8631368631368631
m3_chr17_72349260_72353355,m3,,,chr17,72349260,72353355,promoter,0.1240234375,0.018463464453816414,0.01536894403398037,0.015401920303702354,1.1987767817093637,4.908031370684203,0.000999000999000999,0.01455171313136816,0.013780780136585236,0.014052183367311954,1.0355481956788442,0.8298004500452134,0.2127872127872128
m3_chr17_72349260_72353355,m3,,,chr17,72349260,72353355,tfbs,0.02587890625,0.0006519584567286074,0.0006258775247260928,0.0006022531888447702,1.0825321788319309,0.3966427984096293,0.3756243756243756,0.00010431335977045819,0.00017863587709143758,0.0001537578646093607,0.6784261737471323,-0.7857019970443107,0.8401598401598401
m3_chr21_12003041_12007136,m3,,,chr21,12003041,12007136,promoter,0.07275390625,0.007440516725182533,0.00533189345151186,0.005182006396353245,1.4358370399578586,5.899041344694397,0.000999000999000999,0.007440516725182533,0.005149012431502342,0.004969283938407898,1.4973015865876222,6.7379890742748385,0.000999000999000999
m3_chr21_12003041_12007136,m3,,,chr21,12003041,12007136,tfbs,0.0087890625,0.0005450928001664579,8.367281407117844e-05,3.720258246175945e-05,14.65201510477825,16.434137399605508,0.000999000999000999,0.0005450928001664579,8.367281407117844e-05,3.7584148230962455e-05,14.503263365628206,16.398951946667726,0.000999000999000999
m3_chr21_19112010_19116105,m3,,,chr21,19112010,19116105,promoter,0.21630859375,0.07468371093273163,0.04698571562767029,0.045466989278793335,1.6425919577561632,27.487885580525454,0.000999000999000999,0.07082168012857437,0.046215977519750595,0.04464160278439522,1.586450210370372,24.53955581453462,0.000999000999000999
m3_chr21_19112010_19116105,m3,,,chr21,19112010,19116105,tfbs,0.02099609375,0.0004527899727690965,0.0004274842794984579,0.0004127846332266927,1.0969157675025023,0.39537287297922374,0.3776223776223776,0.0003995205624960363,0.0003129557881038636,0.00029828204424120486,1.3394053387034093,1.183119506573384,0.16683316683316685
m3_chr21_38658585_38662680,m3,,,chr21,38658585,38662680,promoter,0.160400390625,0.03433328866958618,0.02556869387626648,0.02513289265334606,1.3660699205276408,11.318869064080936,0.000999000999000999,0.021725915372371674,0.017949625849723816,0.016966616734862328,1.2805095860820697,7.24060385145964,0.000999000999000999
m3_chr21_38658585_38662680,m3,,,chr21,38658585,38662680,tfbs,0.024169921875,0.0002114444359904155,0.0005418216460384429,0.0005695520667359233,0.3712468944273942,-2.924393709521267,1.0,7.929166167741641e-05,0.00012131518451496959,0.00013952689187135547,0.5682894574224713,-0.9282992053690348,0.8841158841158842
m3_chr3_108979737_108983832,m3,,,chr3,108979737,108983832,promoter,0.167724609375,0.02438826858997345,0.028059201315045357,0.02720685303211212,0.8964016735485023,-3.323914905207538,1.0,0.022848809137940407,0.027432885020971298,0.026586292311549187,0.8594206695009818,-4.4834602179534,1.0
m3_chr3_108979737_108983832,m3,,,chr3,108979737,108983832,tfbs,0.023193359375,0.00021606439258903265,0.0005066709709353745,0.00046302599366754293,0.4666355572775228,-2.321734922775383,0.996003996003996,0.0001350402453681454,0.000191757149877958,0.00012096905993530527,1.1163205322118355,0.2505628964786782,0.47352647352647353
m3_chr3_127665795_127669890,m3,,,chr3,127665795,127669890,promoter,0.103759765625,0.016480594873428345,0.010636900551617146,0.010522061958909035,1.5662894723285883,11.219556238884353,0.000999000999000999,0.01488569937646389,0.00895561370998621,0.008945640176534653,1.6640172288072386,12.380670397873013,0.000999000999000999
m3_chr3_127665795_127669890,m3,,,chr3,127665795,127669890,tfbs,0.018310546875,0.0005582137382589281,0.00029452433227561414,0.0002841307723429054,1.964636683510097,3.2133695749717046,0.002997002997002997,0.00013290802598930895,6.804894655942917e-05,6.395534728653729e-05,2.0781378200300433,1.7350628455111663,0.0939060939060939
m3_chr3_17001367_17005462,m3,,,chr3,17001367,17005462,promoter,0.172119140625,0.023712772876024246,0.02962365187704563,0.02853432670235634,0.8310261925355353,-5.362688551700492,1.0,0.023605838418006897,0.029011454433202744,0.027903197333216667,0.8459904481951935,-5.048030642069174,1.0
m3_chr3_17001367_17005462,m3,,,chr3,17001367,17005462,tfbs,0.04150390625,0.002005025977268815,0.001670308643952012,0.0018182911444455385,1.1026979828800842,0.8823502716707441,0.2007992007992008,0.0010960808722302318,0.0008399663493037224,0.0008945356239564717,1.2253071234685309,1.2795167243831451,0.1108891108891109
m3_chr7_120066194_120070289,m3,,,chr7,120066194,120070289,promoter,0.17578125,0.03618500009179115,0.030723802745342255,0.029877493157982826,1.2111123212531991,7.128656011786654,0.000999000999000999,0.03543946519494057,0.02952161431312561,0.02862587757408619,1.2380219646793442,8.0149046296787,0.000999000999000999
m3_chr7_120066194_120070289,m3,,,chr7,120066194,120070289,tfbs,0.035400390625,0.003035386325791478,0.0012141690822318196,0.001218787394464016,2.4904969805060584,10.185376940379074,0.000999000999000999,0.0016508240951225162,0.0005035073845647275,0.00047967088175937533,3.441576626597577,10.163112317109269,0.000999000999000999
m3_chr7_137924469_137928564,m3,,,chr7,137924469,137928564,promoter,0.1416015625,0.01802956685423851,0.020025378093123436,0.02073165588080883,0.8696636177011009,-3.694556408048582,1.0,0.01704762503504753,0.018395351245999336,0.019126752391457558,0.8912974187223435,-2.9421841072582193,1.0
m3_chr7_137924469_137928564,m3,,,chr7,137924469,137928564,tfbs,0.024658203125,0.00013638100062962621,0.0006731769535690546,0.0007393486448563635,0.18446101386460448,-4.439818299663474,1.0,8.18285989225842e-05,0.00031667682924307883,0.00038549452438019216,0.21226916012399993,-3.105550013233859,1.0
m3_chr7_4391321_4395416,m3,,,chr7,4391321,4395416,promoter,0.1513671875,0.02057034708559513,0.023383883759379387,0.023055030032992363,0.8922281626247468,-3.221782804439463,0.996003996003996,0.020110825076699257,0.022283727303147316,0.021915771067142487,0.9176416843873078,-2.452717299955191,0.993006993006993
m3_chr7_4391321_4395416,m3,,,chr7,4391321,4395416,tfbs,0.072998046875,0.025976482778787613,0.006625271402299404,0.007715799380093813,3.3666612490994776,40.26300023993562,0.000999000999000999,0.025652114301919937,0.005818669684231281,0.007146235555410385,3.5895982021609725,42.71700559073558,0.000999000999000999
m3_chrX_127567034_127571129,m3,,,chrX,127567034,127571129,promoter,0.22607421875,0.07053820043802261,0.05015767738223076,0.05249568819999695,1.3436951272890774,15.72757275362213,0.000999000999000999,0.04702546447515488,0.0409228578209877,0.04239257797598839,1.109285321166139,4.497674378128542,0.000999000999000999
m3_chrX_127567034_127571129,m3,,,chrX,127567034,127571129,tfbs,0.032958984375,0.0023806975223124027,0.0009704813710413873,0.0010621120454743505,2.241474929558075,7.612071146074389,0.000999000999000999,0.0011502247070893645,0.00037743913708254695,0.0003517547156661749,3.269962436497824,8.078344740266074,0.000999000999000999
m3_chrX_130740848_130744943,m3,,,chrX,130740848,130744943,promoter,0.18701171875,0.02742060087621212,0.03577427938580513,0.03501996770501137,0.7829990337851803,-8.190195325264723,1.0,0.02505124732851982,0.032342687249183655,0.03172885626554489,0.7895414545945534,-7.286120490063364,1.0
m3_chrX_130740848_130744943,m3,,,chrX,130740848,130744943,tfbs,0.027587890625,0.0011713654967024922,0.0007100121001712978,0.0006864733877591789,1.706352376639279,3.6229858532821253,0.000999000999000999,0.0006921704625710845,0.00032132904743775725,0.00031211564783006907,2.2176730560716256,4.248767243983609,0.000999000999000999
m3_chrX_83970161_83974256,m3,,,chrX,83970161,83974256,promoter,0.168701171875,0.025924045592546463,0.029007406905293465,0.02891092374920845,0.8966868654017406,-3.4243660083089673,1.0,0.024133415892720222,0.02581450156867504,0.025861132889986038,0.9331925246811278,-2.107772375269872,0.986013986013986
m3_chrX_83970161_83974256,m3,,,chrX,83970161,83974256,tfbs,0.038818359375,0.0014966458547860384,0.001564782578498125,0.0013538232306018472,1.105495770020654,0.7215445693101967,0.25274725274725274,0.000775048800278455,0.0008306309464387596,0.0007016329909674823,1.1046356289628565,0.5479007654934863,0.3206793206793207
m4_chr10_110104373_110108468,m4,,,chr10,110104373,110108468,promoter,0.190673828125,0.05327858030796051,0.036058589816093445,0.035481758415699005,1.5015766604280596,18.745464381866455,0.000999000999000999,0.045091934502124786,0.03300497308373451,0.03259626403450966,1.3833467066773653,13.971520936521648,0.000999000999000999
m4_chr10_110104373_110108468,m4,,,chr10,110104373,110108468,tfbs,0.033447265625,0.0015170141123235226,0.0010796862188726664,0.0011650144588202238,1.3021418754405492,2.0057052060357474,0.03696303696303696,0.0007323516183532774,0.00045666960068047047,0.0005240237805992365,1.3975541673238798,1.7994873863377687,0.057942057942057944
m4_chr10_19287595_19291690,m4,,,chr10,19287595,19291690,promoter,0.1923828125,0.03715408593416214,0.03823748603463173,0.0369928814470768,1.004357716424874,0.16534602445808555,0.43456543456543456,0.03455144166946411,0.03582553192973137,0.034765709191560745,0.9938368142897356,-0.23097880718141814,0.5994005994005994
m4_chr10_19287595_19291690,m4,,,chr10,19287595,19291690,tfbs,0.017333984375,0.00042492165812291205,0.0003019587602466345,0.0002577946288511157,1.6482952341428236,2.0064258697949877,0.04195804195804196,7.967281271703541e-05,0.00010516768816160038,8.147871994879097e-05,0.9778358418874209,-0.03922447733054455,0.5994005994005994
m4_chr10_4663039_4667134,m4,,,chr10,4663039,4667134,promoter,0.18896484375,0.051852818578481674,0.03644036129117012,0.036067016422748566,1.4376797340457728,16.77856683263876,0.000999000999000999,0.04097077250480652,0.03217266499996185,0.03167447820305824,1.2934947891533284,10.068189332930713,0.000999000999000999
m4_chr10_4663039_4667134,m4,,,chr10,4663039,4667134,tfbs,0.045166015625,0.0019311064388602972,0.002008850686252117,0.0019469206454232335,0.9918773235056539,-0.07108844583151537,0.5284715284715285,0.0014352818252518773,0.0008491555927321315,0.0008319937041960657,1.725111401700754,4.103035389454224,0.000999000999000999
m4_chr1_117801428_117805523,m4,,,chr1,117801428,117805523,promoter,0.170166015625,0.05172053724527359,0.02867686003446579,0.028995664790272713,1.7837334518581025,26.862483482315024,0.000999000999000999,0.04788261651992798,0.02615351416170597,0.026532063260674477,1.8047076116729697,26.186962637643187,0.000999000999000999
m4_chr1_117801428_117805523,m4,,,chr1,117801428,117805523,tfbs,0.027587890625,0.0008876820793375373,0.0007461690693162382,0.000674220675136894,1.3166046549333452,1.5579966496970665,0.07492507492507493,0.0007832489209249616,0.00035272023524157703,0.0002844498958438635,2.7535567155028677,5.79525773033778,0.000999000999000999
m4_chr1_188000709_188004804,m4,,,chr1,188000709,188004804,promoter,0.195556640625,0.04107820242643356,0.03870677947998047,0.03733544796705246,1.1002466734210337,3.9264327319971013,0.000999000999000999,0.039418213069438934,0.036378033459186554,0.03489578887820244,1.12959799266958,4.656664039695967,0.000999000999000999
m4_chr1_188000709_188004804,m4,,,chr1,188000709,188004804,tfbs,0.02880859375,0.001159359235316515,0.0008257853914983571,0.0006750369211658835,1.717475295001848,3.573079668513163,0.001998001998001998,0.001106661045923829,0.0005198706057853997,0.0003675959014799446,3.010536955032418,7.8093061406745194,0.000999000999000999
m4_chr1_236620149_236624244,m4,,,chr1,236620149,236624244,promoter,0.160888671875,0.0410456620156765,0.02616669423878193,0.025036586448550224,1.6394272478009198,20.023839562808842,0.000999000999000999,0.03885620832443237,0.024157950654625893,0.023137645795941353,1.6793501234792116,20.684325622572178,0.000999000999000999
m4_chr1_236620149_236624244,m4,,,chr1,236620149,236624244,tfbs,0.02734375,0.0008441267418675125,0.0007523227832280099,0.0006334643112495542,1.3325561154383132,1.6620990725773628,0.06593406593406594,0.000580337131395936,0.00028067021048627794,0.00023688307555858046,2.4498885368972694,4.460159664079929,0.000999000999000999
m4_chr14_101543080_101547175,m4,,,chr14,101543080,101547175,promoter,0.12109375,0.018007634207606316,0.014847804792225361,0.014913112856447697,1.2075033818188199,4.841827745285491,0.000999000999000999,0.015189938247203827,0.01209725346416235,0.01218845322728157,1.2462564333597306,5.20314151361673,0.000999000999000999
m4_chr14_101543080_101547175,m4,,,chr14,101543080,101547175,tfbs,0.029296875,0.0006916160928085446,0.0008273684070445597,0.000911191338673234,0.759023997984432,-1.465035166348738,0.936063936063936,0.0003330003237351775,0.00019774874090217054,0.00021273597667459399,1.5653220905110128,1.6470161407323913,0.08691308691308691
m4_chr14_26677340_26681435,m4,,,chr14,26677340,26681435,promoter,0.176025390625,0.029743783175945282,0.031987033784389496,0.030223455280065536,0.9841291440811325,-0.5694609400098583,0.7412587412587412,0.028746934607625008,0.030674414709210396,0.02884155511856079,0.9967192992698618,-0.10821655853784941,0.5444555444555444
m4_chr14_26677340_26681435,m4,,,chr14,26677340,26681435,tfbs,0.03466796875,0.0008351968135684729,0.00111728988122195,0.0010984992841258645,0.7603071077402516,-1.507154775581138,0.949050949050949,0.00048495299415662885,0.0003583302313927561,0.0003485464840196073,1.391358158498446,1.4088353627327406,0.1088911088911089
m4_chr14_33378322_33382417,m4,,,chr14,33378322,33382417,promoter,0.18798828125,0.04725779965519905,0.03547019511461258,0.03486666828393936,1.3553861605115685,13.336274591491343,0.000999000999000999,0.0469200573861599,0.03461103513836861,0.03397927060723305,1.3808435716148713,13.690469347794883,0.000999000999000999
m4_chr14_33378322_33382417,m4,,,chr14,33378322,33382417,tfbs,0.03271484375,0.0011171442456543446,0.001028287224471569,0.000936114985961467,1.1933835718984305,1.1539998415599406,0.15184815184815184,0.0004936218610964715,0.0002917550737038255,0.00026941366377286613,1.8322079666776963,2.6386248332285676,0.011988011988011988
m4_chr17_22742263_22746358,m4,,,chr17,22742263,22746358,promoter,0.11328125,0.015284199267625809,0.013001861050724983,0.013479494489729404,1.1338851971987143,3.119511931070204,0.001998001998001998,0.013788414187729359,0.012423674575984478,0.012895866297185421,1.069211937373974,1.4948233432495235,0.06893106893106893
m4_chr17_22742263_22746358,m4,,,chr17,22742263,22746358,tfbs,0.011962890625,0.0003807451867032796,0.00015855264791753143,0.00011979875125689432,3.17820663995751,4.451022771274536,0.000999000999000999,0.00035354908322915435,6.282274989644065e-05,4.5281478378456086e-05,7.807807869571792,8.920013533298272,0.000999000999000999
m4_chr17_35243344_35247439,m4,,,chr17,35243344,35247439,promoter,0.14404296875,0.03308900445699692,0.02124566212296486,0.020689738914370537,1.5992954088953817,17.1040434923577,0.000999000999000999,0.029397904872894287,0.01839149370789528,0.017893508076667786,1.6429369102433102,17.2156337831019,0.000999000999000999
m4_chr17_35243344_35247439,m4,,,chr17,35243344,35247439,tfbs,0.022216796875,0.0006020942237228155,0.0004866457893513143,0.0004983769613318145,1.208110066151206,0.9087404125850048,0.2137862137862138,0.00023560209956485778,0.00012120333121856675,0.00011979057308053598,1.9667833077855046,2.0780666647910078,0.03996003996003996
m4_chr17_72349260_72353355,m4,,,chr17,72349260,72353355,promoter,0.1240234375,0.012846051715314388,0.01620836742222309,0.015317754819989204,0.8386380292855113,-4.0312244835767865,1.0,0.011620186269283295,0.014510020613670349,0.013804704882204533,0.8417555006382446,-3.850126963752546,1.0
m4_chr17_72349260_72353355,m4,,,chr17,72349260,72353355,tfbs,0.02587890625,0.000638471741694957,0.0006553324055857956,0.0006165083032101393,1.0356255355693587,0.1776450864640893,0.4595404595404595,0.00017877209756989032,0.00018183814245276153,0.00015412709035445005,1.1599005545278478,0.3878732246774741,0.4035964035964036
m4_chr21_12003041_12007136,m4,,,chr21,12003041,12007136,promoter,0.07275390625,0.0067207287065684795,0.005267756525427103,0.005195401143282652,1.293591875048568,4.040799153688876,0.000999000999000999,0.006665185559540987,0.005060856230556965,0.0050155241042375565,1.328911081079174,4.462229634175796,0.000999000999000999
m4_chr21_12003041_12007136,m4,,,chr21,12003041,12007136,tfbs,0.0087890625,0.0006665185792371631,8.442629041383043e-05,3.8546990253962576e-05,17.291066691481728,19.196823711706976,0.000999000999000999,0.0006665185792371631,8.442629041383043e-05,3.843590457108803e-05,17.3410405368351,19.695568002257883,0.000999000999000999
m4_chr21_19112010_19116105,m4,,,chr21,19112010,19116105,promoter,0.21630859375,0.06200569495558739,0.047243669629096985,0.045667510479688644,1.3577638523379858,15.001052417128298,0.000999000999000999,0.058446694165468216,0.046497080475091934,0.044881705194711685,1.3022387164638045,12.724426219429429,0.000999000999000999
m4_chr21_19112010_19116105,m4,,,chr21,19112010,19116105,tfbs,0.02099609375,0.0007118000648915768,0.000464245822513476,0.0004179057141300291,1.70325516216824,2.7802232587886957,0.006993006993006993,0.0005799852078780532,0.00036169521627016366,0.00030082781449891627,1.9279640376476643,3.1623634968575502,0.003996003996003996
m4_chr21_38658585_38662680,m4,,,chr21,38658585,38662680,promoter,0.160400390625,0.03443416953086853,0.02581903524696827,0.025171171873807907,1.3680002545570522,11.157067234724199,0.000999000999000999,0.024672696366906166,0.018301475793123245,0.017439907416701317,1.4147263387005353,11.331997600423009,0.000999000999000999
m4_chr21_38658585_38662680,m4,,,chr21,38658585,38662680,tfbs,0.024169921875,0.0004611718759406358,0.0005441789398901165,0.0005703927017748356,0.8085164387721864,-0.9120756793586985,0.8561438561438561,0.0002305859379703179,0.00011452352919150144,0.0001303066819673404,1.7695634213762814,1.7440216698767985,0.08091908091908091
m4_chr3_108979737_108983832,m4,,,chr3,108979737,108983832,promoter,0.167724609375,0.030839459970593452,0.02828015573322773,0.02737869881093502,1.126403419810302,3.945016594762664,0.000999000999000999,0.029087821021676064,0.02768407016992569,0.026711352169513702,1.0889684968803144,2.928753276673243,0.003996003996003996
m4_chr3_108979737_108983832,m4,,,chr3,108979737,108983832,tfbs,0.023193359375,0.00045117971603758633,0.0005339834606274962,0.000480931019410491,0.9381381067717928,-0.25826217154848236,0.6363636363636364,0.00018577987793833017,0.0002094000665238127,0.00013875102740712464,1.338944160703135,0.7668183236427096,0.28471528471528473
m4_chr3_127665795_127669890,m4,,,chr3,127665795,127669890,promoter,0.103759765625,0.014443698339164257,0.010745331645011902,0.010539766401052475,1.370400233701759,7.460347634706697,0.000999000999000999,0.013074259273707867,0.009014171548187733,0.008854142390191555,1.4766262724881491,8.670765427279528,0.000999000999000999
m4_chr3_127665795_127669890,m4,,,chr3,127665795,127669890,tfbs,0.018310546875,0.0003100614994764328,0.00029171325149945915,0.0002871169417630881,1.0799136323076233,0.2617266638215554,0.43156843156843155,0.00010335382830817252,6.872960511827841e-05,6.63273167447187e-05,1.5582392501412632,0.9137383002629145,0.27172827172827174
m4_chr3_17001367_17005462,m4,,,chr3,17001367,17005462,promoter,0.172119140625,0.019326182082295418,0.03010282665491104,0.028677325695753098,0.6739185615609019,-11.055570454464908,1.0,0.018962517380714417,0.02954096533358097,0.028165962547063828,0.6732422990703427,-11.24486693399726,1.0
m4_chr3_17001367_17005462,m4,,,chr3,17001367,17005462,tfbs,0.04150390625,0.0028833416290581226,0.0017372759757563472,0.0018193884752690792,1.5847861346003578,5.092445250903959,0.000999000999000999,0.0020780840422958136,0.0008974713855423033,0.0008960178820416331,2.3192439391508217,8.086717890896015,0.000999000999000999
m4_chr7_120066194_120070289,m4,,,chr7,120066194,120070289,promoter,0.17578125,0.04094628989696503,0.0314638689160347,0.03002789430320263,1.363608432996179,12.268743316674497,0.000999000999000999,0.0400252640247345,0.030251270160079002,0.02879324182868004,1.3900923092608002,13.580045979334706,0.000999000999000999
m4_chr7_120066194_120070289,m4,,,chr7,120066194,120070289,tfbs,0.035400390625,0.004657772369682789,0.0012954905396327376,0.0012084945337846875,3.8541939905146854,19.40382513907234,0.000999000999000999,0.002868345472961664,0.0005570898647420108,0.0004691455396823585,6.113977924427711,22.227544144870212,0.000999000999000999
m4_chr7_137924469_137928564,m4,,,chr7,137924469,137928564,promoter,0.1416015625,0.020567677915096283,0.020610785111784935,0.02031649276614189,1.012363607825707,0.3375532495732994,0.3726273726273726,0.01781998574733734,0.01893390156328678,0.018728939816355705,0.9514679379649356,-1.3054084245705202,0.913086913086913
m4_chr7_137924469_137928564,m4,,,chr7,137924469,137928564,tfbs,0.024658203125,0.00037347275065258145,0.0006741147371940315,0.0006816678796894848,0.5478808108469285,-2.36529452311508,0.999000999000999,0.00024008963373489678,0.0003254530893173069,0.00034012694959528744,0.7058824183751868,-1.0136798245995606,0.8871128871128872
m4_chr7_4391321_4395416,m4,,,chr7,4391321,4395416,promoter,0.1513671875,0.023466236889362335,0.023528458550572395,0.02298201248049736,1.0210697130756452,0.6181026566510043,0.27372627372627373,0.022687608376145363,0.02241421677172184,0.02181178703904152,1.040153580059084,1.1008457342060989,0.14885114885114886
m4_chr7_4391321_4395416,m4,,,chr7,4391321,4395416,tfbs,0.072998046875,0.02982950769364834,0.006236523389816284,0.00716689508408308,4.162124231439711,50.170772183764065,0.000999000999000999,0.029507316648960114,0.0054117171093821526,0.006509383674710989,4.533043084185725,55.08137053535518,0.000999000999000999
m4_chrX_127567034_127571129,m4,,,chrX,127567034,127571129,promoter,0.22607421875,0.0730239674448967,0.05097610130906105,0.05205560475587845,1.4028070135262498,18.32119738005978,0.000999000999000999,0.05914967507123947,0.04126342758536339,0.041726138442754745,1.4175688735824084,17.121793303938833,0.000999000999000999
m4_chrX_127567034_127571129,m4,,,chrX,127567034,127571129,tfbs,0.032958984375,0.003126970725134015,0.0010991563322022557,0.0010355528211221099,3.019614896848695,12.68155528702026,0.000999000999000999,0.0014977927785366774,0.00042804822442121804,0.00036330672446638346,4.122667370763921,11.226445589790497,0.000999000999000999
m4_chrX_130740848_130744943,m4,,,chrX,130740848,130744943,promoter,0.18701171875,0.039094921201467514,0.035896845161914825,0.03484576195478439,1.121941923732269,4.618359929287216,0.000999000999000999,0.03399328514933586,0.03235159441828728,0.03157481923699379,1.0765947666775093,2.7506891133985785,0.005994005994005994
m4_chrX_130740848_130744943,m4,,,chrX,130740848,130744943,tfbs,0.027587890625,0.0011366340331733227,0.0007483300869353116,0.0007000872283242643,1.623560589576789,3.2360109496338203,0.002997002997002997,0.0006344003486447036,0.0003520931350067258,0.0003128386742901057,2.0278833813763164,3.4441205850167886,0.003996003996003996
m4_chrX_83970161_83974256,m4,,,chrX,83970161,83974256,promoter,0.168701171875,0.028119783848524094,0.029385210946202278,0.028962645679712296,0.970898313624069,-1.004187554508112,0.8411588411588412,0.02587646059691906,0.026249513030052185,0.025883320719003677,0.9997349597387796,-0.008118055102566421,0.5054945054945055
m4_chrX_83970161_83974256,m4,,,chrX,83970161,83974256,tfbs,0.038818359375,0.00159119360614568,0.0015152879059314728,0.0013886946253478527,1.1458196619340293,1.0510827479622635,0.15984015984015984,0.0009651502477936447,0.0008232481777667999,0.0007070117280818522,1.3651120758804545,1.9038096167201615,0.04595404595404595
m5_chr10_110104373_110108468,m5,,,chr10,110104373,110108468,promoter,0.190673828125,0.048372816294431686,0.03576335310935974,0.03533702343702316,1.3688990070326839,13.76252050291135,0.000999000999000999,0.04292651638388634,0.03263155743479729,0.032473448663949966,1.3218958302861354,11.388002814559206,0.000999000999000999
m5_chr10_110104373_110108468,m5,,,chr10,110104373,110108468,tfbs,0.033447265625,0.0016097442712634802,0.0010970551520586014,0.0011866766726598144,1.3565146331354125,2.3666494117888397,0.014985014985014986,0.0009390175109729171,0.0004979541408829391,0.0005641080206260085,1.6646058496577654,3.0227698118458495,0.001998001998001998
m5_chr10_19287595_19291690,m5,,,chr10,19287595,19291690,promoter,0.1923828125,0.033320844173431396,0.03731389343738556,0.037208814173936844,0.8955094354168158,-3.9218233055645126,1.0,0.031929127871990204,0.03499562293291092,0.03497615456581116,0.9128827416379446,-3.32064724669461,1.0
m5_chr10_19287595_19291690,m5,,,chr10,19287595,19291690,tfbs,0.017333984375,0.00024087357451207936,0.00029466787236742675,0.00024445989402011037,0.9853296201309161,-0.04532580508708366,0.5754245754245755,8.029118907870725e-05,9.661680815042928e-05,7.836420991225168e-05,1.024590041405551,0.04130267439191145,0.5514485514485514
m5_chr10_4663039_4667134,m5,,,chr10,4663039,4667134,promoter,0.18896484375,0.039537202566862106,0.03535787761211395,0.036588773131370544,1.0805828997027407,3.1400330780160135,0.001998001998001998,0.0349254310131073,0.03116144798696041,0.03204323351383209,1.0899471489989,3.1841810384492435,0.001998001998001998
m5_chr10_4663039_4667134,m5,,,chr10,4663039,4667134,tfbs,0.045166015625,0.0016451360424980521,0.0020434665493667126,0.0019303648732602596,0.8522409754170077,-1.309012837701924,0.913086913086913,0.0011327166575938463,0.0008479158859699965,0.0008710590773262084,1.3003901653499998,1.7342375443289302,0.052947052947052944
m5_chr1_117801428_117805523,m5,,,chr1,117801428,117805523,promoter,0.170166015625,0.03607887402176857,0.028387222439050674,0.029170535504817963,1.2368259066005007,7.995626415292887,0.000999000999000999,0.03414463624358177,0.02582353912293911,0.0267946757376194,1.2743067532496062,9.074097069875041,0.000999000999000999
m5_chr1_117801428_117805523,m5,,,chr1,117801428,117805523,tfbs,0.027587890625,0.001074575586244464,0.0007382375770248473,0.0006688695284537971,1.606554851928333,3.0966761492505084,0.002997002997002997,0.0008596604457125068,0.0003492390096653253,0.0002895175130106509,2.969286509727932,6.484646147085731,0.000999000999000999
m5_chr1_188000709_188004804,m5,,,chr1,188000709,188004804,promoter,0.195556640625,0.03744036331772804,0.038658980280160904,0.037180542945861816,1.0069880736342272,0.2580700365798875,0.4065934065934066,0.03512224182486534,0.03635435551404953,0.03484433889389038,1.007975554704058,0.28876997908409746,0.4035964035964036
m5_chr1_188000709_188004804,m5,,,chr1,188000709,188004804,tfbs,0.02880859375,0.001293835463002324,0.0007889643311500549,0.000638265220914036,2.0271125867542494,5.1426584508228,0.000999000999000999,0.0012668805429711938,0.0004927320405840874,0.00035354052670300007,3.5834096723951148,9.409846882198444,0.000999000999000999
m5_chr1_236620149_236624244,m5,,,chr1,236620149,236624244,promoter,0.160888671875,0.028296835720539093,0.025292372331023216,0.02491714432835579,1.1356371881001308,4.142849120926346,0.000999000999000999,0.02677089534699917,0.023286961019039154,0.022961504757404327,1.1659033512760717,4.907883267895972,0.000999000999000999
m5_chr1_236620149_236624244,m5,,,chr1,236620149,236624244,tfbs,0.02734375,0.0010440648766234517,0.0007683256990276277,0.0006189163541421294,1.6869240401162355,3.3479459212929754,0.002997002997002997,0.00021416715753730386,0.00027788226725533605,0.00023365636297967285,0.9165903072621888,-0.24299057620652262,0.6343656343656343
m5_chr14_101543080_101547175,m5,,,chr14,101543080,101547175,promoter,0.12109375,0.024814292788505554,0.014456057921051979,0.015187385492026806,1.6338752184523635,14.85329670354343,0.000999000999000999,0.020474454388022423,0.011747011914849281,0.012513591907918453,1.636177249400824,13.980822986818934,0.000999000999000999
m5_chr14_101543080_101547175,m5,,,chr14,101543080,101547175,tfbs,0.029296875,0.0012513644760474563,0.0008005998097360134,0.0009801113046705723,1.2767575173189698,1.719027330507693,0.053946053946053944,0.0006389946211129427,0.00019169665756635368,0.0002480896655470133,2.575659972389509,4.734927336709307,0.000999000999000999
m5_chr14_26677340_26681435,m5,,,chr14,26677340,26681435,promoter,0.176025390625,0.028350654989480972,0.030905621126294136,0.030164390802383423,0.9398716246323416,-2.001544207897146,0.975024975024975,0.02775208093225956,0.029549051076173782,0.02889152057468891,0.9605614512575159,-1.310058805141155,0.9080919080919081
m5_chr14_26677340_26681435,m5,,,chr14,26677340,26681435,tfbs,0.03466796875,0.0004897426115348935,0.0011432620231062174,0.001103362999856472,0.44386354409074835,-3.5186195902722197,1.0,0.00035370298428460956,0.0003632210136856884,0.0003541655314620584,0.9986939802539807,-0.004660772493788215,0.5334665334665335
m5_chr14_33378322_33382417,m5,,,chr14,33378322,33382417,promoter,0.18798828125,0.03528592735528946,0.03528774157166481,0.03485666215419769,1.0123151551113183,0.44193793697336226,0.3226773226773227,0.0342685803771019,0.03448162227869034,0.03403809666633606,1.0067713454434657,0.24810556717443444,0.3966033966033966
m5_chr14_33378322_33382417,m5,,,chr14,33378322,33382417,tfbs,0.03271484375,0.0009638037881813943,0.001015480374917388,0.0009027361520566046,1.0676472698979276,0.4016611486788175,0.3646353646353646,0.0003748126036953181,0.00027896929532289505,0.00027321159723214805,1.3718766241714095,1.1984693783405105,0.14285714285714285
m5_chr17_22742263_22746358,m5,,,chr17,22742263,22746358,promoter,0.11328125,0.01971041038632393,0.0132726039737463,0.013386200182139874,1.472442524251351,10.460323900126141,0.000999000999000999,0.017849920317530632,0.012709332630038261,0.01276377122849226,1.3984832537334015,8.5720630369963,0.000999000999000999
m5_chr17_22742263_22746358,m5,,,chr17,22742263,22746358,tfbs,0.011962890625,0.0008358724298886955,0.0001693319354671985,0.00011750748672056943,7.113354673956938,12.6014650968802,0.000999000999000999,0.0007549815345555544,6.660030339844525e-05,4.556852582027204e-05,16.568048251841542,20.085139844725923,0.000999000999000999
m5_chr17_35243344_35247439,m5,,,chr17,35243344,35247439,promoter,0.14404296875,0.03005734086036682,0.02084471844136715,0.0207003615796566,1.4520200888619186,12.686880332281511,0.000999000999000999,0.02429657243192196,0.01826116442680359,0.017963729798793793,1.3525349525995094,9.154440863637737,0.000999000999000999
m5_chr17_35243344_35247439,m5,,,chr17,35243344,35247439,tfbs,0.022216796875,0.0001333511172560975,0.0004512617306318134,0.0005448459996841848,0.24475010798169264,-3.5429241875062605,1.0,0.0,0.00010801477765198797,0.00012409653572831303,0.0,-2.179781617952895,1.0
m5_chr17_72349260_72353355,m5,,,chr17,72349260,72353355,promoter,0.1240234375,0.01668030209839344,0.015526377595961094,0.01540684700012207,1.0826551401634144,2.0836806008615576,0.02197802197802198,0.012563013471662998,0.013905329629778862,0.014028477482497692,0.8955364890692489,-2.4201677570319404,0.997002997002997
m5_chr17_72349260_72353355,m5,,,chr17,72349260,72353355,tfbs,0.02587890625,0.0006598221370950341,0.0006265659467317164,0.0006062182364985347,1.088423437912576,0.4238976983415705,0.34765234765234765,0.00015835730300750583,0.0001707616465864703,0.00015503179747611284,1.0214504739384538,0.05359947115182209,0.5454545454545454
m5_chr21_12003041_12007136,m5,,,chr21,12003041,12007136,promoter,0.07275390625,0.011543734930455685,0.005392394959926605,0.005217438563704491,2.212529153818994,17.013457521123012,0.000999000999000999,0.011543734930455685,0.005222666077315807,0.005016506649553776,2.301150130336718,17.648701425886998,0.000999000999000999
m5_chr21_12003041_12007136,m5,,,chr21,12003041,12007136,tfbs,0.0087890625,0.0015355086652562022,8.308226097142324e-05,4.3487802031449974e-05,35.308950867319915,44.41990109477228,0.000999000999000999,0.0015355086652562022,8.308226097142324e-05,4.3378120608394966e-05,35.39822942349963,45.83999489019736,0.000999000999000999
m5_chr21_19112010_19116105,m5,,,chr21,19112010,19116105,promoter,0.21630859375,0.07486674189567566,0.04639778286218643,0.0454743392765522,1.6463513948025403,27.562491430348054,0.000999000999000999,0.07237750291824341,0.045702964067459106,0.044682759791612625,1.61980824944097,26.07178089782234,0.000999000999000999
m5_chr21_19112010_19116105,m5,,,chr21,19112010,19116105,tfbs,0.02099609375,0.0006223111995495856,0.00042533260420896113,0.00040877729770727456,1.522372213525475,2.1169258050724924,0.026973026973026972,0.0005681971670128405,0.0003273870679549873,0.0003003057499881834,1.8920622300278909,2.9916342636134465,0.003996003996003996
m5_chr21_38658585_38662680,m5,,,chr21,38658585,38662680,promoter,0.160400390625,0.03271476551890373,0.025647424161434174,0.02509547770023346,1.3036119857801867,9.440293115740879,0.000999000999000999,0.021916493773460388,0.01791203022003174,0.017036980018019676,1.286407200705744,7.340748975348377,0.000999000999000999
m5_chr21_38658585_38662680,m5,,,chr21,38658585,38662680,tfbs,0.024169921875,0.00034661119570955634,0.0005479193641804159,0.0005707619711756706,0.6072780129264699,-1.8283279469345954,0.975024975024975,0.00013331200170796365,0.00011518304381752387,0.00014256384747568518,0.9351038434249646,-0.15245422766726918,0.6163836163836164
m5_chr3_108979737_108983832,m5,,,chr3,108979737,108983832,promoter,0.167724609375,0.023597555235028267,0.02774692513048649,0.027265284210443497,0.8654798920449042,-4.499423389822327,1.0,0.022337229922413826,0.0271384846419096,0.02658918686211109,0.8400869886789883,-5.331558289745503,1.0
m5_chr3_108979737_108983832,m5,,,chr3,108979737,108983832,tfbs,0.023193359375,0.00013407701044343412,0.0005293351714499295,0.00046897458378225565,0.28589398035627006,-3.029929558110428,1.0,5.363080708775669e-05,0.00020004258840344846,0.0001289820793317631,0.4158004535638587,-1.2686648528066033,0.9530469530469531
m5_chr3_127665795_127669890,m5,,,chr3,127665795,127669890,promoter,0.103759765625,0.016656450927257538,0.010561754927039146,0.010554807260632515,1.5780914341641301,11.91531404407528,0.000999000999000999,0.015297284349799156,0.008855873718857765,0.00893462635576725,1.7121347598296426,13.492277030916377,0.000999000999000999
m5_chr3_127665795_127669890,m5,,,chr3,127665795,127669890,tfbs,0.018310546875,0.0005596567643806338,0.0002955511154141277,0.0002835327759385109,1.9738697317378409,3.2367572308748063,0.004995004995004995,0.00013325161125976592,7.595317583763972e-05,6.625269452342764e-05,2.0112632734151936,1.5317303129869433,0.12087912087912088
m5_chr3_17001367_17005462,m5,,,chr3,17001367,17005462,promoter,0.172119140625,0.025774851441383362,0.02967994473874569,0.0284564271569252,0.9057655516360477,-3.029435337187131,0.999000999000999,0.025560731068253517,0.02906755544245243,0.027902252972126007,0.9160812603121461,-2.926211986815001,1.0
m5_chr3_17001367_17005462,m5,,,chr3,17001367,17005462,tfbs,0.04150390625,0.0028371072839945555,0.0016655991785228252,0.0017892243340611458,1.5856632564095223,4.962259864175562,0.000999000999000999,0.0016862052725628018,0.0008436394855380058,0.0008800921496003866,1.91594172647539,5.2449310976188235,0.000999000999000999
m5_chr7_120066194_120070289,m5,,,chr7,120066194,120070289,promoter,0.17578125,0.03733713924884796,0.03069986216723919,0.029933776706457138,1.247324706634623,8.505748171838732,0.000999000999000999,0.037067946046590805,0.02954636886715889,0.028582291677594185,1.2968850246409238,9.737668592013922,0.000999000999000999
m5_chr7_120066194_120070289,m5,,,chr7,120066194,120070289,tfbs,0.035400390625,0.0031226444989442825,0.0012269823346287012,0.001216781442053616,2.5663150266937476,10.605762325006221,0.000999000999000999,0.002072789939120412,0.0005251957918517292,0.00047916441690176725,4.325842792173258,14.564326685680479,0.000999000999000999
m5_chr7_137924469_137928564,m5,,,chr7,137924469,137928564,promoter,0.1416015625,0.02119085192680359,0.019726090133190155,0.02053430862724781,1.0319729926862298,0.880365004842296,0.18681318681318682,0.020470255985856056,0.018121283501386642,0.018956631422042847,1.0798467053620697,2.104378292102967,0.01998001998001998
m5_chr7_137924469_137928564,m5,,,chr7,137924469,137928564,tfbs,0.024658203125,0.00032026474946178496,0.0006103769410401583,0.0006924924673512578,0.4624812031339177,-2.7111374012257055,1.0,0.0001868211111286655,0.00028930851840414107,0.00035458646016195416,0.5268704029007104,-1.7352856842035866,0.9820179820179821
m5_chr7_4391321_4395416,m5,,,chr7,4391321,4395416,promoter,0.1513671875,0.019708678126335144,0.02320396900177002,0.023116638883948326,0.852575420902578,-4.358865777923897,1.0,0.019277887418866158,0.022101685404777527,0.021865297108888626,0.8816659258213033,-3.498824918805345,1.0
m5_chr7_4391321_4395416,m5,,,chr7,4391321,4395416,tfbs,0.072998046875,0.019950997084379196,0.006143335718661547,0.007563124410808086,2.6379305695233857,28.50019166671298,0.000999000999000999,0.01952020637691021,0.005317295901477337,0.006989418528974056,2.792822649837152,28.290764056032923,0.000999000999000999
m5_chrX_127567034_127571129,m5,,,chrX,127567034,127571129,promoter,0.22607421875,0.06333036720752716,0.0505632646381855,0.052335407584905624,1.2100864430029328,9.661695737041754,0.000999000999000999,0.04446600377559662,0.04127848893404007,0.0422024168074131,1.053636429840338,2.1747434864723214,0.017982017982017984
m5_chrX_127567034_127571129,m5,,,chrX,127567034,127571129,tfbs,0.032958984375,0.0016708438051864505,0.0009831034112721682,0.0010829763486981392,1.5428257571783492,3.455520187894064,0.001998001998001998,0.0007815237040631473,0.000389414606615901,0.00036082143196836114,2.165956993739983,4.189656835228348,0.000999000999000999
m5_chrX_130740848_130744943,m5,,,chrX,130740848,130744943,promoter,0.18701171875,0.028489340096712112,0.03571102395653725,0.034885991364717484,0.816641264365079,-6.935412672446343,1.0,0.02577734738588333,0.032307904213666916,0.03169802948832512,0.8132160832072395,-6.777795369193167,1.0
m5_chrX_130740848_130744943,m5,,,chrX,130740848,130744943,tfbs,0.027587890625,0.0011277589946985245,0.0007110198494046926,0.0006815960514359176,1.65458557502303,3.385347184289912,0.000999000999000999,0.0005638794973492622,0.00033671408891677856,0.000313570664729923,1.7982533469287667,2.7579987307597706,0.008991008991008992
m5_chrX_83970161_83974256,m5,,,chrX,83970161,83974256,promoter,0.168701171875,0.029418092221021652,0.02889169007539749,0.02881251834332943,1.0210177350857088,0.6917459549336654,0.25374625374625376,0.027966011315584183,0.02584039606153965,0.02578643523156643,1.0845241331128093,2.7085657029593193,0.003996003996003996
m5_chrX_83970161_83974256,m5,,,chrX,83970161,83974256,tfbs,0.038818359375,0.0015058621065691113,0.0014889407902956009,0.0013920889468863606,1.081728369395665,0.5853527060547791,0.2987012987012987,0.0007529310532845557,0.0007774115656502545,0.0007075131870806217,1.0641936673877974,0.3201512390492989,0.4115884115884116
m6_chr10_110104373_110108468,m6,,,chr10,110104373,110108468,promoter,0.190673828125,0.052559636533260345,0.03595348447561264,0.035318467766046524,1.4881629883102871,18.979997445847122,0.000999000999000999,0.04559099301695824,0.032725971192121506,0.03252699226140976,1.4016356830830528,14.293292493503188,0.000999000999000999
m6_chr10_110104373_110108468,m6,,,chr10,110104373,110108468,tfbs,0.033447265625,0.0015545430360361934,0.001054932945407927,0.0012005091411992908,1.294903122922686,1.9868821318393688,0.03296703296703297,0.0008844813564792275,0.0004746661870740354,0.0005533637595362961,1.59837239290914,2.749634864982064,0.005994005994005994
m6_chr10_19287595_19291690,m6,,,chr10,19287595,19291690,promoter,0.1923828125,0.03483562543988228,0.03753091022372246,0.0373021624982357,0.933876834661527,-2.535288645654167,0.989010989010989,0.033546410501003265,0.0351826436817646,0.03500961512327194,0.9582056353057123,-1.5285909247381162,0.9330669330669331
m6_chr10_19287595_19291690,m6,,,chr10,19287595,19291690,tfbs,0.017333984375,0.00024172753910534084,0.00029302979237399995,0.0002387462300248444,1.0124873556335787,0.03701097625812191,0.5384615384615384,2.6858615456148982e-05,9.561741899233311e-05,7.549957081209868e-05,0.35574527334723516,-1.097016040988843,0.9500499500499501
m6_chr10_4663039_4667134,m6,,,chr10,4663039,4667134,promoter,0.18896484375,0.037948302924633026,0.03560645133256912,0.03678362816572189,1.031662857009752,1.2681168398761782,0.1038961038961039,0.03269725292921066,0.03135151043534279,0.03214213252067566,1.017270802059506,0.6119482972803713,0.2957042957042957
m6_chr10_4663039_4667134,m6,,,chr10,4663039,4667134,tfbs,0.045166015625,0.0018135065911337733,0.002027052454650402,0.0019265123410150409,0.9413417980900517,-0.5039770708064234,0.7122877122877123,0.0013262958964332938,0.0008417856879532337,0.0008767357212491333,1.5127658931743393,2.97272050026048,0.004995004995004995
m6_chr1_117801428_117805523,m6,,,chr1,117801428,117805523,promoter,0.170166015625,0.03904309496283531,0.02857213094830513,0.029279135167598724,1.3334784220690272,10.774348088345214,0.000999000999000999,0.03715303912758827,0.025981979444622993,0.02684844471514225,1.3838060089430184,11.981811200751105,0.000999000999000999
m6_chr1_117801428_117805523,m6,,,chr1,117801428,117805523,tfbs,0.027587890625,0.0005400151130743325,0.0007190215983428061,0.0006709417793899775,0.8048613600502208,-1.0180103362330726,0.8661338661338661,0.0005130143836140633,0.00033723542583175004,0.00029141915729269385,1.7604003401149255,2.455804841357887,0.013986013986013986
m6_chr1_188000709_188004804,m6,,,chr1,188000709,188004804,promoter,0.195556640625,0.036847714334726334,0.038531601428985596,0.037147361785173416,0.9919335469318126,-0.2975852483755924,0.6123876123876124,0.03354017063975334,0.036344245076179504,0.03490011766552925,0.9610331678875935,-1.381112387307371,0.916083916083916
m6_chr1_188000709_188004804,m6,,,chr1,188000709,188004804,tfbs,0.02880859375,0.0010113987373188138,0.0008331747958436608,0.0006374819204211235,1.5865528180794195,2.813872680956416,0.003996003996003996,0.0010113987373188138,0.0005210075760260224,0.0003482764877844602,2.904010959088182,6.577681439238878,0.000999000999000999
m6_chr1_236620149_236624244,m6,,,chr1,236620149,236624244,promoter,0.160888671875,0.035693008452653885,0.025641504675149918,0.02478930912911892,1.4398549094991464,13.26235087617944,0.000999000999000999,0.034095216542482376,0.023650478571653366,0.02291981130838394,1.4875871395158708,14.838911875990993,0.000999000999000999
m6_chr1_236620149_236624244,m6,,,chr1,236620149,236624244,tfbs,0.02734375,0.0006499485461972654,0.0008151508518494666,0.0006213237065821886,1.046070734645774,0.224661272209194,0.45854145854145856,0.00016248713654931635,0.0003019578871317208,0.00023928940936457366,0.6790402340863994,-0.9630950649564886,0.8721278721278721
m6_chr14_101543080_101547175,m6,,,chr14,101543080,101547175,promoter,0.12109375,0.02161901257932186,0.014581789262592793,0.015357330441474915,1.4077324611663156,10.14311639690457,0.000999000999000999,0.01823936402797699,0.011852866970002651,0.012617966160178185,1.4455074452125034,9.607335785731326,0.000999000999000999
m6_chr14_101543080_101547175,m6,,,chr14,101543080,101547175,tfbs,0.029296875,0.0012070167576894164,0.0008234510314650834,0.0009936161804944277,1.2147716405833888,1.3160202902647562,0.1108891108891109,0.0007242100546136498,0.00021082491730339825,0.0002541440771892667,2.849604297779148,5.616129014872115,0.000999000999000999
m6_chr14_26677340_26681435,m6,,,chr14,26677340,26681435,promoter,0.176025390625,0.027706487104296684,0.031128404662013054,0.030413471162319183,0.9109939130730884,-3.063544916965919,0.998001998001998,0.027044180780649185,0.029742803424596786,0.029061127454042435,0.9305964066059422,-2.199740786335621,0.986013986013986
m6_chr14_26677340_26681435,m6,,,chr14,26677340,26681435,tfbs,0.03466796875,0.0005243259365670383,0.0011496536899358034,0.001090128906071186,0.4809760879167069,-3.251497271386073,0.999000999000999,0.00038634546217508614,0.00036675221053883433,0.0003592736611608416,1.0753514769960408,0.2814759740928809,0.4305694305694306
m6_chr14_33378322_33382417,m6,,,chr14,33378322,33382417,promoter,0.18798828125,0.03695366904139519,0.03548735752701759,0.03487113118171692,1.0597209723087546,2.1833633986960015,0.01998001998001998,0.036444514989852905,0.034689322113990784,0.034035615622997284,1.0707758423863492,2.591385453953893,0.006993006993006993
m6_chr14_33378322_33382417,m6,,,chr14,33378322,33382417,tfbs,0.03271484375,0.0009915052214637399,0.0009931218810379505,0.00088758475612849,1.1170823007241981,0.6774885444179456,0.2707292707292707,0.00034836670965887606,0.00027012056671082973,0.0002727443352341652,1.277264693177899,0.8925591956622495,0.21578421578421578
m6_chr17_22742263_22746358,m6,,,chr17,22742263,22746358,promoter,0.11328125,0.012438819743692875,0.013291249983012676,0.013507449068129063,0.9208859260511574,-1.8311735475893456,0.975024975024975,0.01154647022485733,0.012719330377876759,0.012935264967381954,0.8926349985078265,-2.412183719069752,0.995004995004995
m6_chr17_22742263_22746358,m6,,,chr17,22742263,22746358,tfbs,0.011962890625,0.0005408182623796165,0.00013114942703396082,0.00011200345761608332,4.828585419509021,7.7714415843936795,0.000999000999000999,0.0004326546040829271,4.948524656356312e-05,4.7024146624607965e-05,9.200690180234272,10.442985345123649,0.000999000999000999
m6_chr17_35243344_35247439,m6,,,chr17,35243344,35247439,promoter,0.14404296875,0.027415815740823746,0.020825229585170746,0.020753635093569756,1.321012710169419,9.222548919912725,0.000999000999000999,0.02264784835278988,0.018259190022945404,0.018069975078105927,1.2533414271406842,6.659895382232864,0.000999000999000999
m6_chr17_35243344_35247439,m6,,,chr17,35243344,35247439,tfbs,0.022216796875,0.00016254435467999429,0.00046081424807198346,0.0005499146645888686,0.2955810512918708,-3.0143869087623125,1.0,2.709072759898845e-05,0.00012028308992739767,0.00012480697478167713,0.21706100677768878,-1.5780532173322876,0.9920079920079921
m6_chr17_72349260_72353355,m6,,,chr17,72349260,72353355,promoter,0.1240234375,0.017205506563186646,0.015443596057593822,0.01535864733159542,1.1202488208575447,2.8833535333230764,0.000999000999000999,0.013097524642944336,0.013864158652722836,0.014081600122153759,0.9301162175695336,-1.6242709951896226,0.9560439560439561
m6_chr17_72349260_72353355,m6,,,chr17,72349260,72353355,tfbs,0.02587890625,0.000720230455044657,0.0006511411629617214,0.0006052603712305427,1.1899514478048034,0.9002265070053778,0.2077922077922078,0.00016005121869966388,0.00017685645434539765,0.0001494078169343993,1.0712372483826451,0.17494274935029624,0.5024975024975025
m6_chr21_12003041_12007136,m6,,,chr21,12003041,12007136,promoter,0.07275390625,0.005538210738450289,0.005384885706007481,0.005111632868647575,1.0834523685022739,1.150079842767303,0.13986013986013987,0.005538210738450289,0.005191317293792963,0.004901778418570757,1.1298370235317778,1.7688070212447917,0.04195804195804196
m6_chr21_12003041_12007136,m6,,,chr21,12003041,12007136,tfbs,0.0087890625,0.00043436948908492923,8.280262409243733e-05,2.3483100449084304e-05,18.497109869572906,16.955655854064094,0.000999000999000999,0.00043436948908492923,8.280262409243733e-05,2.5274872314184904e-05,17.18582328272139,15.55706733053922,0.000999000999000999
m6_chr21_19112010_19116105,m6,,,chr21,19112010,19116105,promoter,0.21630859375,0.07411498576402664,0.0465291403234005,0.04535392299294472,1.6341471888893935,26.5138405415418,0.000999000999000999,0.07063958048820496,0.04579956829547882,0.04455873370170593,1.5853139131173406,24.834574159880006,0.000999000999000999
m6_chr21_19112010_19116105,m6,,,chr21,19112010,19116105,tfbs,0.02099609375,0.000538822147063911,0.0004340259183663875,0.00041128293378278613,1.3101009130334667,1.2069134420649936,0.14885114885114886,0.00045799880172125995,0.00032114144414663315,0.00030295277247205377,1.5117828365921575,1.7405080670995279,0.06493506493506493
m6_chr21_38658585_38662680,m6,,,chr21,38658585,38662680,promoter,0.160400390625,0.0316753014922142,0.025745129212737083,0.025142325088381767,1.2598397873254497,7.776407215625194,0.000999000999000999,0.020481571555137634,0.018112240359187126,0.016977157443761826,1.2064193680823458,5.2414587087417805,0.000999000999000999
m6_chr21_38658585_38662680,m6,,,chr21,38658585,38662680,tfbs,0.024169921875,0.0003489651717245579,0.0005717620369978249,0.0005750140990130603,0.606881070087695,-1.7988106561540103,0.974025974025974,0.00010737390402937308,0.0001232106878887862,0.00014640433073509485,0.7334066109263958,-0.6320615869629177,0.7992007992007992
m6_chr3_108979737_108983832,m6,,,chr3,108979737,108983832,promoter,0.167724609375,0.023439401760697365,0.028145067393779755,0.02716202102601528,0.8629476333240277,-4.475180265744939,1.0,0.022195788100361824,0.027555428445339203,0.026592986658215523,0.8346481869686778,-5.079505928319558,1.0
m6_chr3_108979737_108983832,m6,,,chr3,108979737,108983832,tfbs,0.023193359375,0.00010814025881700218,0.000536650069989264,0.0004593257326632738,0.23543261595639473,-3.12292984411608,1.0,5.407012940850109e-05,0.00020222381863277406,0.00011330395500408486,0.4772130805720925,-1.1057031204638745,0.9310689310689311
m6_chr3_127665795_127669890,m6,,,chr3,127665795,127669890,promoter,0.103759765625,0.01573982462286949,0.01060513872653246,0.010511237196624279,1.497428354858588,9.9525584449241,0.000999000999000999,0.014376954175531864,0.008868969976902008,0.008896983228623867,1.6159358521973528,11.478871121163884,0.000999000999000999
m6_chr3_127665795_127669890,m6,,,chr3,127665795,127669890,tfbs,0.018310546875,0.00042756740003824234,0.0002931471390184015,0.0002855882921721786,1.4971461077279238,1.6411106136976563,0.07492507492507493,8.016888750717044e-05,7.028049003565684e-05,6.66470659780316e-05,1.202886973803107,0.32882365821130227,0.46853146853146854
m6_chr3_17001367_17005462,m6,,,chr3,17001367,17005462,promoter,0.172119140625,0.02451232448220253,0.029657509177923203,0.0285602118819952,0.8582682993908557,-4.683316681163797,1.0,0.02443115785717964,0.0290428064763546,0.027947701513767242,0.8741741371877997,-4.245420785947766,1.0
m6_chr3_17001367_17005462,m6,,,chr3,17001367,17005462,tfbs,0.04150390625,0.0025161656085401773,0.0016988194547593594,0.0018106652423739433,1.3896360020923912,3.219057459787524,0.001998001998001998,0.001379832741804421,0.0008582028094679117,0.000900516752153635,1.532267710183598,3.1690660512173374,0.003996003996003996
m6_chr7_120066194_120070289,m6,,,chr7,120066194,120070289,promoter,0.17578125,0.03630005195736885,0.03078332729637623,0.029838860034942627,1.2165361516780426,7.13230783702661,0.000999000999000999,0.03597473353147507,0.02957530878484249,0.028589121997356415,1.2583364237209378,8.272658251039022,0.000999000999000999
m6_chr7_120066194_120070289,m6,,,chr7,120066194,120070289,tfbs,0.035400390625,0.003253178671002388,0.0012047654017806053,0.0012308943551033735,2.6429389797056775,11.234186122800843,0.000999000999000999,0.0018976875580847263,0.0005229506059549749,0.00048738037003204226,3.893647907813696,11.980939150996956,0.000999000999000999
m6_chr7_137924469_137928564,m6,,,chr7,137924469,137928564,promoter,0.1416015625,0.01805063895881176,0.020115161314606667,0.020660141482949257,0.8736938696043728,-3.4400392937650155,1.0,0.01707051508128643,0.018512090668082237,0.019115818664431572,0.8930046565596065,-2.798869429709427,0.999000999000999
m6_chr7_137924469_137928564,m6,,,chr7,137924469,137928564,tfbs,0.024658203125,0.00021780560200568289,0.0006185761885717511,0.0007434794097207487,0.292954450598021,-3.8493680739482152,1.0,0.00013612851034849882,0.00028750725323334336,0.00038712224340997636,0.3516421819356266,-2.4787060720988174,1.0
m6_chr7_4391321_4395416,m6,,,chr7,4391321,4395416,promoter,0.1513671875,0.019820215180516243,0.023297177627682686,0.023054100573062897,0.8597262390567854,-4.044383169582257,1.0,0.01938037760555744,0.022204989567399025,0.021904170513153076,0.884780256523289,-3.372062015831844,1.0
m6_chr7_4391321_4395416,m6,,,chr7,4391321,4395416,tfbs,0.072998046875,0.026390301063656807,0.006529763340950012,0.007828050293028355,3.3712482771297414,43.084267746417886,0.000999000999000999,0.026060422882437706,0.005694333929568529,0.007280781865119934,3.579343999754403,41.94897590414316,0.000999000999000999
m6_chrX_127567034_127571129,m6,,,chrX,127567034,127571129,promoter,0.22607421875,0.06745924055576324,0.050599001348018646,0.05258538946509361,1.2828514011585472,12.878693307445326,0.000999000999000999,0.044738125056028366,0.04105082526803017,0.042351920157670975,1.056342307254874,2.350713126752655,0.01098901098901099
m6_chrX_127567034_127571129,m6,,,chrX,127567034,127571129,tfbs,0.032958984375,0.002301901113241911,0.0009724744595587254,0.0010626117000356317,2.166267426911188,7.263136609446537,0.000999000999000999,0.000947841617744416,0.00038509012665599585,0.0003571737906895578,2.6537266799854438,5.916234692579889,0.000999000999000999
m6_chrX_130740848_130744943,m6,,,chrX,130740848,130744943,promoter,0.18701171875,0.02789722941815853,0.0359211228787899,0.03498261049389839,0.7974599100608664,-7.400221631087104,1.0,0.0251755490899086,0.03243904560804367,0.031752653419971466,0.7928644185079013,-7.117091083804195,1.0
m6_chrX_130740848_130744943,m6,,,chrX,130740848,130744943,tfbs,0.027587890625,0.0011975396191701293,0.0007272242219187319,0.0006891295779496431,1.7377568130701209,3.8103729975531935,0.000999000999000999,0.0006804201984778047,0.0003407502663321793,0.00031312936334870756,2.172968357873465,3.9749718846711652,0.000999000999000999
m6_chrX_83970161_83974256,m6,,,chrX,83970161,83974256,promoter,0.168701171875,0.02416442707180977,0.029179956763982773,0.028943687677383423,0.8348772741454032,-5.58735474809393,1.0,0.02280687540769577,0.02602335624396801,0.025881348177790642,0.8812089405476511,-3.6846087773552467,1.0
m6_chrX_83970161_83974256,m6,,,chrX,83970161,83974256,tfbs,0.038818359375,0.0014661562163382769,0.001525898464024067,0.0013841057661920786,1.059280477077943,0.4278483110412203,0.35364635364635366,0.0008688333327881992,0.0008167086634784937,0.0006981075275689363,1.2445551701953308,1.1897864574412234,0.12487512487512488
