label,model_variant,epi_label,sample_index,chrom,window_start_1based,window_end_1based,group,group_position_fraction,top_group_pair_fraction,all_group_pair_fraction,group_background_mean,group_pair_enrichment,group_pair_z,group_pair_empirical_p,top_group_same_motif_fraction,all_group_same_motif_fraction,group_same_motif_background_mean,group_same_motif_enrichment,group_same_motif_z,group_same_motif_empirical_p
h0_chr10_110104373_110108468,h0,,,chr10,110104373,110108468,promoter,0.1907203907203907,0.031808435916900635,0.036189183592796326,0.03594651818275452,0.8848822507700025,-4.454034425367274,1.0,0.03058306872844696,0.03301801159977913,0.032782167196273804,0.932917843574515,-2.4283096288526207,0.997002997002997
h0_chr10_110104373_110108468,h0,,,chr10,110104373,110108468,tfbs,0.033455433455433455,0.002399673219770193,0.001053568092174828,0.0011005820706486702,2.1803673562988846,7.653978891060033,0.000999000999000999,0.000995609094388783,0.0004582395777106285,0.0004992086323909461,1.9943747559419,4.461578885896836,0.000999000999000999
h0_chr10_19287004_19295195,h0,,,chr10,19287004,19295195,promoter,0.18532535709925527,0.03505507856607437,0.03398192301392555,0.03426355496048927,1.0231010356776415,1.6867134466626303,0.052947052947052944,0.030524881556630135,0.030203450471162796,0.03045581839978695,1.0022676506648618,0.15114605465110717,0.4385614385614386
h0_chr10_19287004_19295195,h0,,,chr10,19287004,19295195,tfbs,0.023928702234159445,0.0007415497093461454,0.0005573768867179751,0.0005485580186359584,1.3518163697434942,3.1049667619847194,0.000999000999000999,0.00024268899869639426,0.00022900450858287513,0.00022093462757766247,1.0984651946924198,0.5715536457238635,0.3126873126873127
h0_chr10_19287595_19291690,h0,,,chr10,19287595,19291690,promoter,0.19242979242979244,0.04044165462255478,0.037533074617385864,0.03697153925895691,1.0938590990029495,3.636318876715599,0.000999000999000999,0.03690008074045181,0.03517243266105652,0.03477555140852928,1.0610926138011274,2.253700571317357,0.013986013986013986
h0_chr10_19287595_19291690,h0,,,chr10,19287595,19291690,tfbs,0.01733821733821734,0.00018228692351840436,0.0002752566069830209,0.00026913362671621144,0.6773100996057145,-1.0548953687942886,0.8831168831168831,7.812296826159582e-05,8.749878907110542e-05,8.244576747529209e-05,0.9475679668456994,-0.094549661683795,0.5964035964035964
h0_chr1_117801428_117805523,h0,,,chr1,117801428,117805523,promoter,0.1702075702075702,0.027723848819732666,0.029348915442824364,0.029151715338230133,0.9510194682566437,-1.6516791261342325,0.952047952047952,0.026222463697195053,0.026839299127459526,0.026697780936956406,0.9821963765121994,-0.5848491622096315,0.7382617382617382
h0_chr1_117801428_117805523,h0,,,chr1,117801428,117805523,tfbs,0.027594627594627594,0.0008024643175303936,0.0007240222184918821,0.0007088089478202164,1.1321306256053811,0.6878518041453345,0.26973026973026976,0.000440061092376709,0.00030803948175162077,0.0002994227397721261,1.4696983025124106,1.5930215308417968,0.07392607392607392
h0_chr1_188000709_188004804,h0,,,chr1,188000709,188004804,promoter,0.1956043956043956,0.04300274699926376,0.03770546242594719,0.037558648735284805,1.1449492579551843,5.598198212434048,0.000999000999000999,0.03904906287789345,0.035024117678403854,0.03499360755085945,1.1158913187541417,4.54153614859736,0.000999000999000999
h0_chr1_188000709_188004804,h0,,,chr1,188000709,188004804,tfbs,0.028815628815628817,0.0005134656094014645,0.0007219403050839901,0.0007038587355054915,0.7295009403168208,-1.4297824331832123,0.949050949050949,0.00020538625540211797,0.0004369638627395034,0.00040029778028838336,0.5130836729950218,-1.8930642457585358,0.988011988011988
h0_chr1_236620149_236624244,h0,,,chr1,236620149,236624244,promoter,0.16092796092796094,0.017773432657122612,0.025880513712763786,0.026291919872164726,0.6760036065658087,-10.722281926203145,1.0,0.016595222055912018,0.023957757279276848,0.024421975016593933,0.6795200652132396,-10.287364481734082,1.0
h0_chr1_236620149_236624244,h0,,,chr1,236620149,236624244,tfbs,0.02735042735042735,0.0002506831078790128,0.0007004151120781898,0.0007491664728149772,0.3346160259108718,-3.53047520480158,1.0,7.520493090851232e-05,0.00026271832757629454,0.000252588331932202,0.29773715330880096,-2.2060619359719267,0.999000999000999
h0_chr14_101543080_101547175,h0,,,chr14,101543080,101547175,promoter,0.12112332112332112,0.020046023651957512,0.014506667852401733,0.015004577115178108,1.3359939102635323,8.183060269854302,0.000999000999000999,0.017207875847816467,0.011788202449679375,0.012348043732345104,1.3935710158477386,8.618121104989484,0.000999000999000999
h0_chr14_101543080_101547175,h0,,,chr14,101543080,101547175,tfbs,0.029304029304029304,0.0007670672493986785,0.0008054146310314536,0.0009306826395913959,0.8241985149045538,-1.0882743378464013,0.8901098901098901,0.00020455126650631428,0.00019355519907549024,0.00022050626284908503,0.9276437950712975,-0.21816813180756248,0.6413586413586414
h0_chr14_26677340_26681435,h0,,,chr14,26677340,26681435,promoter,0.17606837606837608,0.02222222276031971,0.03122316114604473,0.03003513626754284,0.7398742114026606,-8.532152732367726,1.0,0.02139611728489399,0.029803913086652756,0.028629768639802933,0.7473381134888998,-8.224194248810212,1.0
h0_chr14_26677340_26681435,h0,,,chr14,26677340,26681435,tfbs,0.03467643467643468,0.0003304419806227088,0.0011562705039978027,0.0010934874881058931,0.30219091138856163,-4.337535751769886,1.0,5.507366222445853e-05,0.00039295025635510683,0.0003501308092381805,0.15729453327540233,-3.051261271801995,1.0
h0_chr14_33378322_33382417,h0,,,chr14,33378322,33382417,promoter,0.18803418803418803,0.032736584544181824,0.03570790961384773,0.0349099263548851,0.93774430262013,-2.4065375178438795,0.995004995004995,0.031722284853458405,0.034910671412944794,0.03401491045951843,0.9325993931752808,-2.491094435652464,0.993006993006993
h0_chr14_33378322_33382417,h0,,,chr14,33378322,33382417,tfbs,0.032722832722832725,0.0008621563902124763,0.0010056780884042382,0.0009608986438252032,0.8972396784538609,-0.6310862172136812,0.7662337662337663,0.0003550055844243616,0.00030327559215947986,0.00027414035866968334,1.2949774566105177,1.016653623887724,0.1938061938061938
h0_chr17_22742263_22746358,h0,,,chr17,22742263,22746358,promoter,0.11330891330891331,0.01334763690829277,0.01311571430414915,0.012903797440230846,1.0343960349748007,0.7653503856761285,0.22977022977022976,0.013272791169583797,0.012526917271316051,0.012366448529064655,1.0732904550881346,1.6021510664888379,0.054945054945054944
h0_chr17_22742263_22746358,h0,,,chr17,22742263,22746358,tfbs,0.011965811965811967,0.0002993862726725638,0.00012349778262432665,0.00012060275912517682,2.482416445894267,3.2318506940270297,0.004995004995004995,0.0001496931363362819,5.5885866458993405e-05,4.675415038946085e-05,3.20170797863595,3.0889918055998598,0.007992007992007992
h0_chr17_35243344_35247439,h0,,,chr17,35243344,35247439,promoter,0.14407814407814407,0.02334912307560444,0.020710930228233337,0.020638788118958473,1.1313223887480242,3.6762849335574534,0.000999000999000999,0.021304134279489517,0.01791963540017605,0.017934974282979965,1.1878541860919665,4.971266883702195,0.000999000999000999
h0_chr17_35243344_35247439,h0,,,chr17,35243344,35247439,tfbs,0.022222222222222223,0.00018120162712875754,0.00048795249313116074,0.0005053196218796074,0.35858814754660145,-2.789371288681122,1.0,0.00010354378900956362,0.00012037024134770036,0.00011304393410682678,0.9159605937963421,-0.18190825829693724,0.6523476523476524
h0_chr17_72349260_72353355,h0,,,chr17,72349260,72353355,promoter,0.12405372405372406,0.011712534353137016,0.01560860313475132,0.015330558642745018,0.7639991879017284,-5.693023156981143,1.0,0.010434328578412533,0.013945904560387135,0.013742559589445591,0.7592711176181612,-5.716761721428476,1.0
h0_chr17_72349260_72353355,h0,,,chr17,72349260,72353355,tfbs,0.025885225885225887,0.000547802250366658,0.0006443152669817209,0.0006244945689104497,0.8771929775504754,-0.6113019484274123,0.7552447552447552,0.00018260075012221932,0.00017268692317884415,0.00015541931497864425,1.1748909725107848,0.4220238457004107,0.3936063936063936
h0_chr21_12003041_12007136,h0,,,chr21,12003041,12007136,promoter,0.07277167277167278,0.006911551579833031,0.005232939962297678,0.005165055859833956,1.338136850286692,5.165607935644947,0.000999000999000999,0.006331561133265495,0.005054593551903963,0.004990309942513704,1.2687711196704106,3.7495008534714076,0.000999000999000999
h0_chr21_12003041_12007136,h0,,,chr21,12003041,12007136,tfbs,0.008791208791208791,0.0002899951650761068,6.766524165868759e-05,6.517641304526478e-05,4.449388229982927,5.801707736864207,0.000999000999000999,0.0002899951650761068,6.766524165868759e-05,6.273562030401081e-05,4.622496177941941,5.480067625537273,0.000999000999000999
h0_chr21_19112010_19116105,h0,,,chr21,19112010,19116105,promoter,0.21636141636141637,0.050899408757686615,0.04625505581498146,0.04680062457919121,1.0875796897017873,3.851948452056281,0.000999000999000999,0.049442268908023834,0.04544131085276604,0.045861899852752686,1.0780684853171483,3.44370179902531,0.000999000999000999
h0_chr21_19112010_19116105,h0,,,chr21,19112010,19116105,tfbs,0.021001221001221003,0.0005275851581245661,0.00042031321208924055,0.00039794997428543866,1.3257574876638731,1.3734676100158647,0.12287712287712288,0.00040196964982897043,0.0003180612693540752,0.0002784644311759621,1.4435224209118658,1.491139740006743,0.0999000999000999
h0_chr21_38658585_38662680,h0,,,chr21,38658585,38662680,promoter,0.16043956043956045,0.0272282175719738,0.02549680322408676,0.02533123455941677,1.0748871125135049,2.397715726890753,0.005994005994005994,0.01681155152618885,0.017995143309235573,0.01746055670082569,0.9628302129332366,-1.016449048935091,0.8461538461538461
h0_chr21_38658585_38662680,h0,,,chr21,38658585,38662680,tfbs,0.024175824175824177,0.00032474022009409964,0.0005515522789210081,0.0005751648568548262,0.5646037239998919,-2.0592389967925073,0.988011988011988,9.99200638034381e-05,0.00010316625412087888,0.0001283473102375865,0.7785131111705722,-0.49306312490085447,0.7432567432567433
h0_chr3_108979737_108983832,h0,,,chr3,108979737,108983832,promoter,0.16776556776556775,0.024529632180929184,0.027853989973664284,0.0275206808000803,0.891316328949886,-3.658296846468403,1.0,0.02392943762242794,0.027178902179002762,0.026903683319687843,0.8894483828880271,-3.5938948210214474,1.0
h0_chr3_108979737_108983832,h0,,,chr3,108979737,108983832,tfbs,0.0231990231990232,0.001435244339518249,0.0004937253543175757,0.0004895487800240517,2.9317698216870953,8.018091249324193,0.000999000999000999,0.00033923957380466163,0.00017275167920161039,0.00016293938097078353,2.081998665905637,2.807584976598934,0.012987012987012988
h0_chr3_127665795_127669890,h0,,,chr3,127665795,127669890,promoter,0.10378510378510379,0.013368038460612297,0.010622737929224968,0.010675705038011074,1.2521925636775382,5.180163175253806,0.000999000999000999,0.011068432591855526,0.008847227320075035,0.008816360495984554,1.2554423786205982,4.698871271734841,0.000999000999000999
h0_chr3_127665795_127669890,h0,,,chr3,127665795,127669890,tfbs,0.018315018315018316,0.00015162235649768263,0.00030198332387953997,0.00029637120314873755,0.5115961162447658,-1.6542199086983675,0.964035964035964,0.0001010815758490935,7.581171666970477e-05,7.356211426667869e-05,1.374098295797355,0.6502125903879834,0.33266733266733267
h0_chr3_17001367_17005462,h0,,,chr3,17001367,17005462,promoter,0.17216117216117216,0.026903189718723297,0.029067374765872955,0.029019221663475037,0.9270817126217042,-2.622973000078935,0.997002997002997,0.026621615514159203,0.028479915112257004,0.02838168665766716,0.9379856748917886,-2.1507457067475966,0.986013986013986
h0_chr3_17001367_17005462,h0,,,chr3,17001367,17005462,tfbs,0.04151404151404151,0.0014846669510006905,0.0016886598896235228,0.0018562431214377284,0.7998235435080085,-1.7076488927626494,0.967032967032967,0.0007423334755003452,0.0008710792753845453,0.0009217221522703767,0.8053766242590968,-1.1322394578621715,0.8881118881118881
h0_chr7_120066194_120070289,h0,,,chr7,120066194,120070289,promoter,0.17582417582417584,0.028619172051548958,0.030987095087766647,0.029952390119433403,0.9554887585742468,-1.5344824409730882,0.9430569430569431,0.02853959985077381,0.02974974550306797,0.028688982129096985,0.9947930436273071,-0.17640246658594283,0.5714285714285714
h0_chr7_120066194_120070289,h0,,,chr7,120066194,120070289,tfbs,0.03540903540903541,0.0016179513186216354,0.0012187843676656485,0.0012363004498183727,1.3087039795701214,2.2240955226027235,0.025974025974025976,0.0006100471946410835,0.0004784955526702106,0.0004768977814819664,1.2791990617892024,1.2085476809250413,0.14985014985014986
h0_chr7_137924469_137928564,h0,,,chr7,137924469,137928564,promoter,0.14163614163614163,0.019973672926425934,0.020231636241078377,0.020022351294755936,0.9975687986084456,-0.07001318825278548,0.5344655344655345,0.017973773181438446,0.018593471497297287,0.018495924770832062,0.9717693710445316,-0.7857811779110816,0.8021978021978022
h0_chr7_137924469_137928564,h0,,,chr7,137924469,137928564,tfbs,0.024664224664224663,0.00043035796261392534,0.0005933952052146196,0.0007005974766798317,0.6142727842147168,-2.097279040940195,0.987012987012987,0.0002531517529860139,0.0002653063856996596,0.00035400738124735653,0.7151030356881979,-1.1067626779751905,0.9080919080919081
h0_chr7_4391321_4395416,h0,,,chr7,4391321,4395416,promoter,0.1514041514041514,0.026999149471521378,0.023099064826965332,0.022715412080287933,1.1885828606627304,5.621341621816419,0.000999000999000999,0.02627710811793804,0.021976809948682785,0.021654892712831497,1.2134490097181443,6.1688440694843365,0.000999000999000999
h0_chr7_4391321_4395416,h0,,,chr7,4391321,4395416,tfbs,0.07301587301587302,0.022125376388430595,0.006216756999492645,0.00625818083062768,3.5354325781301332,38.81590314291286,0.000999000999000999,0.02140333689749241,0.005344379227608442,0.005492044612765312,3.897152773985855,41.872288670326895,0.000999000999000999
h0_chrX_127567034_127571129,h0,,,chrX,127567034,127571129,promoter,0.22612942612942613,0.0535849891602993,0.05067029967904091,0.05122578516602516,1.04605500894965,2.099325028536882,0.01998001998001998,0.05035795643925667,0.04084630683064461,0.04108951613306999,1.2255670345732588,8.755635054742449,0.000999000999000999
h0_chrX_127567034_127571129,h0,,,chrX,127567034,127571129,tfbs,0.03296703296703297,0.00035253280657343566,0.0010546143166720867,0.0010362295433878899,0.34020725313510264,-4.161446650933754,1.0,0.00018982535402756184,0.00038317564758472145,0.0003855895483866334,0.4922990128280723,-1.9412481794683132,0.983016983016983
h0_chrX_130740848_130744943,h0,,,chrX,130740848,130744943,promoter,0.18705738705738706,0.04221560060977936,0.03516785427927971,0.03483523800969124,1.2118648535725487,8.11652844620502,0.000999000999000999,0.03834692761301994,0.031703557819128036,0.03148327022790909,1.2180096710228787,7.62034976641676,0.000999000999000999
h0_chrX_130740848_130744943,h0,,,chrX,130740848,130744943,tfbs,0.027594627594627594,0.00039209536043927073,0.0007253771764226258,0.0007286699838005006,0.5380973131268995,-2.4106007420686204,0.998001998001998,0.00028753658989444375,0.000342953106155619,0.00033772480674088,0.8513931584393702,-0.5240428346930472,0.7412587412587412
h0_chrX_83970161_83974256,h0,,,chrX,83970161,83974256,promoter,0.16874236874236875,0.03018389269709587,0.02844073437154293,0.0284659992903471,1.0603489583916106,2.08846966434108,0.023976023976023976,0.02648065984249115,0.02548092231154442,0.02542191557586193,1.0416469114402416,1.403269821196408,0.09090909090909091
h0_chrX_83970161_83974256,h0,,,chrX,83970161,83974256,tfbs,0.03882783882783883,0.0014204184990376234,0.001476735807955265,0.0013893215218558908,1.022382851408069,0.16338088040447504,0.45754245754245754,0.0007609385065734386,0.0007540940423496068,0.0007258845726028085,1.0482913334897546,0.2611080688637618,0.4305694305694306
h1_chr10_110104373_110108468,h1,,,chr10,110104373,110108468,promoter,0.1907203907203907,0.028473803773522377,0.036175381392240524,0.03600873053073883,0.7907472258489017,-8.059331556843231,1.0,0.026626169681549072,0.03305262699723244,0.032849837094545364,0.8105419093834801,-7.0758183196960225,1.0
h1_chr10_110104373_110108468,h1,,,chr10,110104373,110108468,tfbs,0.033455433455433455,0.0007339913863688707,0.0010602374095469713,0.0011107821483165026,0.6607878848983173,-2.3495509124668135,0.994005994005994,0.00022779042774345726,0.0004948112182319164,0.0005125031457282603,0.44446639916672126,-2.55573280741672,1.0
h1_chr10_19287595_19291690,h1,,,chr10,19287595,19291690,promoter,0.19242979242979244,0.024779081344604492,0.03796454146504402,0.03708464652299881,0.668176285008871,-12.61929076300484,1.0,0.023280451074242592,0.03563983365893364,0.03476887568831444,0.6695773335594795,-12.465027943263397,1.0
h1_chr10_19287595_19291690,h1,,,chr10,19287595,19291690,tfbs,0.01733821733821734,0.00012919229629915208,0.00027931632939726114,0.00027269910788163543,0.4737540115284417,-1.7242892760405726,0.977022977022977,5.167691415408626e-05,9.405286255059764e-05,7.971164450282231e-05,0.6482981812306804,-0.63453828554819,0.8181818181818182
h1_chr10_4663039_4667134,h1,,,chr10,4663039,4667134,promoter,0.189010989010989,0.02903284877538681,0.03674763813614845,0.0362677238881588,0.8005147735467862,-7.7210742223000235,1.0,0.02521754987537861,0.03251425176858902,0.031785640865564346,0.793362952222196,-7.411044240617658,1.0
h1_chr10_4663039_4667134,h1,,,chr10,4663039,4667134,tfbs,0.045177045177045176,0.0019076488679274917,0.0019444840727373958,0.001919277710840106,0.9939410316459497,-0.051916921802770945,0.5344655344655345,0.0010975514305755496,0.0008255107095465064,0.0008495831862092018,1.2918704705924913,1.6659711859616204,0.06893106893106893
h1_chr1_117801428_117805523,h1,,,chr1,117801428,117805523,promoter,0.1702075702075702,0.03682597726583481,0.028951382264494896,0.02894645743072033,1.272210160914271,9.838229586830916,0.000999000999000999,0.032013777643442154,0.02642321027815342,0.026584910228848457,1.2042086043496432,6.534072870070375,0.000999000999000999
h1_chr1_117801428_117805523,h1,,,chr1,117801428,117805523,tfbs,0.027594627594627594,0.0003799103433266282,0.0007522207451984286,0.0007393561536446214,0.5138394283375854,-2.5570906494952577,0.999000999000999,0.0002532735525164753,0.00033938579144887626,0.00032740674214437604,0.7735746394763907,-0.7942298534522279,0.8301698301698301
h1_chr1_188000709_188004804,h1,,,chr1,188000709,188004804,promoter,0.1956043956043956,0.04081844165921211,0.03855864331126213,0.03713071718811989,1.0993173509794776,3.777375642338029,0.000999000999000999,0.039031337946653366,0.03588004782795906,0.03483377397060394,1.1205027046334894,4.582779738172446,0.000999000999000999
h1_chr1_188000709_188004804,h1,,,chr1,188000709,188004804,tfbs,0.028815628815628817,0.0012173012364655733,0.0007718255510553718,0.0006761201657354832,1.8004214312131832,4.143519653309541,0.000999000999000999,0.0007252007490023971,0.0004612823249772191,0.0003674436593428254,1.9736379457449933,3.7387054161765154,0.001998001998001998
h1_chr1_236620149_236624244,h1,,,chr1,236620149,236624244,promoter,0.16092796092796094,0.029055440798401833,0.026099033653736115,0.0255447905510664,1.1374311619552064,4.392646472744731,0.000999000999000999,0.02831108868122101,0.02401636727154255,0.023754850029945374,1.1918024590991751,6.154252283385499,0.000999000999000999
h1_chr1_236620149_236624244,h1,,,chr1,236620149,236624244,tfbs,0.02735042735042735,0.0009496919810771942,0.000715354923158884,0.0006398357218131423,1.484274710992992,2.450501236692266,0.012987012987012988,0.0005133470403961837,0.0002392216701991856,0.0002571098739281297,1.9966057022752866,3.2904551300528415,0.000999000999000999
h1_chr14_101543080_101547175,h1,,,chr14,101543080,101547175,promoter,0.12112332112332112,0.014286447316408157,0.014642435126006603,0.014664127491414547,0.9742446200616087,-0.61734541403461,0.7412587412587412,0.013055299408733845,0.012086523696780205,0.011924541555345058,1.0948261069946068,2.1164861679117255,0.022977022977022976
h1_chr14_101543080_101547175,h1,,,chr14,101543080,101547175,tfbs,0.029304029304029304,0.0012824458535760641,0.0008158910204656422,0.000834538834169507,1.5367120151482137,3.212551646989312,0.002997002997002997,0.0001538935030112043,0.00019390556553844362,0.00020219042198732495,0.7611315189838799,-0.6998448567890574,0.8201798201798202
h1_chr14_26677340_26681435,h1,,,chr14,26677340,26681435,promoter,0.17606837606837608,0.04800313338637352,0.03118022345006466,0.030886191874742508,1.5541939770706585,19.26802694237535,0.000999000999000999,0.046149831265211105,0.029875077307224274,0.02967110462486744,1.5553796142302299,18.940476087731874,0.000999000999000999
h1_chr14_26677340_26681435,h1,,,chr14,26677340,26681435,tfbs,0.03467643467643468,0.0012529365485534072,0.0011467022122815251,0.0011114852968603373,1.1272632684324604,0.8598178722275049,0.21678321678321677,0.0006003654561936855,0.0003662242670543492,0.00035134429344907403,1.7087667777382192,2.646286607837631,0.012987012987012988
h1_chr14_33378322_33382417,h1,,,chr14,33378322,33382417,promoter,0.18803418803418803,0.037172362208366394,0.03531695529818535,0.034728147089481354,1.0703813858132776,2.683063668944059,0.004995004995004995,0.03686787933111191,0.03455473110079765,0.03396640717983246,1.085421815027943,3.2963021596911006,0.001998001998001998
h1_chr14_33378322_33382417,h1,,,chr14,33378322,33382417,tfbs,0.032722832722832725,0.0018269011052325368,0.001007330371066928,0.0009563319617882371,1.9103210791119327,5.546590201518351,0.000999000999000999,0.0010403187479823828,0.0002854525810107589,0.00026647382765077055,3.904018481491477,9.408305664474565,0.000999000999000999
h1_chr17_22742263_22746358,h1,,,chr17,22742263,22746358,promoter,0.11330891330891331,0.015094148926436901,0.013260588981211185,0.013089429587125778,1.1531555921491707,3.557649602129085,0.000999000999000999,0.01501842588186264,0.012686104513704777,0.012577768415212631,1.1940453493878984,4.203758202206638,0.000999000999000999
h1_chr17_22742263_22746358,h1,,,chr17,22742263,22746358,tfbs,0.011965811965811967,0.0004543389368336648,0.00013756321277469397,0.00011954161163885146,3.8006760207171486,6.249722024092445,0.000999000999000999,0.0003281336685176939,5.452046752907336e-05,4.7831792471697554e-05,6.860158308134765,8.151405983511367,0.000999000999000999
h1_chr17_35243344_35247439,h1,,,chr17,35243344,35247439,promoter,0.14407814407814407,0.023241205140948296,0.021187929436564445,0.020507987588644028,1.133275756116497,3.9450254253962935,0.000999000999000999,0.021407034248113632,0.018600525334477425,0.01784444786608219,1.1996467701756703,5.704686715462794,0.000999000999000999
h1_chr17_35243344_35247439,h1,,,chr17,35243344,35247439,tfbs,0.022222222222222223,0.00022613065084442496,0.00045401451643556356,0.0004843466740567237,0.4668776786478809,-2.326073002858553,0.998001998001998,7.537688361480832e-05,0.00010653134813765064,0.00010680904961191118,0.705716265510169,-0.6199455381219154,0.8041958041958042
h1_chr17_72349260_72353355,h1,,,chr17,72349260,72353355,promoter,0.12405372405372406,0.01421135850250721,0.015742190182209015,0.015640659257769585,0.9086163356859551,-2.2366501402141865,0.991008991008991,0.01393070351332426,0.014187871478497982,0.014286855235695839,0.9750713703963536,-0.6064177019767764,0.7292707292707292
h1_chr17_72349260_72353355,h1,,,chr17,72349260,72353355,tfbs,0.025885225885225887,0.0005357962800189853,0.0006381072453223169,0.0005714904982596636,0.9375418867866108,-0.28310425233231196,0.6553446553446554,0.00015308464935515076,0.0001579321688041091,0.00014328723773360252,1.0683760241073488,0.1684186064371107,0.4975024975024975
h1_chr21_12003041_12007136,h1,,,chr21,12003041,12007136,promoter,0.07277167277167278,0.0067886291071772575,0.005264243111014366,0.005190730560570955,1.3078369273766621,4.44188307109901,0.000999000999000999,0.0067886291071772575,0.005092279054224491,0.004988768603652716,1.3607825189981162,5.3296167852749825,0.000999000999000999
h1_chr21_12003041_12007136,h1,,,chr21,12003041,12007136,tfbs,0.008791208791208791,0.0002745401579886675,9.259596845367923e-05,6.396786193363369e-05,4.291845149889509,5.39236893768463,0.000999000999000999,0.0002745401579886675,9.259596845367923e-05,6.399281846825033e-05,4.290171374853243,5.402916211910017,0.000999000999000999
h1_chr21_19112010_19116105,h1,,,chr21,19112010,19116105,promoter,0.21636141636141637,0.03431113064289093,0.04852118343114853,0.04617293179035187,0.7431005420812473,-11.636289218136021,1.0,0.03431113064289093,0.04758768156170845,0.04535733163356781,0.7564627240438927,-10.63881021672257,1.0
h1_chr21_19112010_19116105,h1,,,chr21,19112010,19116105,tfbs,0.021001221001221003,0.0005030180909670889,0.00041353655979037285,0.00041231600334867835,1.2199819722779657,0.8515506028788367,0.23076923076923078,0.0004500688228290528,0.00029995961813256145,0.0002959070261567831,1.520980521059303,1.7554075637541489,0.06693306693306693
h1_chr21_38658585_38662680,h1,,,chr21,38658585,38662680,promoter,0.16043956043956045,0.01913771592080593,0.025817139074206352,0.02535766176879406,0.7547113805405122,-7.778743803031791,1.0,0.012314467690885067,0.018561046570539474,0.017033247277140617,0.7229665307220448,-6.8597138531533455,1.0
h1_chr21_38658585_38662680,h1,,,chr21,38658585,38662680,tfbs,0.024175824175824177,0.000570869364310056,0.0005387971759773791,0.0005653509288094938,1.0097610797459602,0.044532590638108584,0.5154845154845155,0.00010873701830860227,0.00011934004578506574,0.00012292720202822238,0.8845643316898871,-0.2601715601590471,0.6643356643356644
h1_chr3_108979737_108983832,h1,,,chr3,108979737,108983832,promoter,0.16776556776556775,0.02920486591756344,0.02805424854159355,0.027693195268511772,1.0545863572041647,1.8740828773683653,0.026973026973026972,0.02831602282822132,0.027399301528930664,0.027145007625222206,1.0431392475245078,1.4679420910476486,0.06993006993006994
h1_chr3_108979737_108983832,h1,,,chr3,108979737,108983832,tfbs,0.0231990231990232,0.0008888437296263874,0.0004921619547531009,0.0004867053939960897,1.8262458986298569,3.7142543786551516,0.000999000999000999,0.00035553748602978885,0.00018487818306311965,0.00016082993533927947,2.2106424732420815,3.1216971138383944,0.005994005994005994
h1_chr3_127665795_127669890,h1,,,chr3,127665795,127669890,promoter,0.10378510378510379,0.008685819804668427,0.010940143838524818,0.010655753314495087,0.8151295875865531,-3.7585527031089643,1.0,0.007914889603853226,0.009246686473488808,0.008916636928915977,0.8876541309185573,-2.0273236950211504,0.981018981018981
h1_chr3_127665795_127669890,h1,,,chr3,127665795,127669890,tfbs,0.018315018315018316,5.139538552612066e-05,0.0003150498087052256,0.00027352620963938534,0.18789930805490235,-2.746790230456689,0.999000999000999,0.0,7.966186240082607e-05,5.992702062940225e-05,0.0,-1.5161485151649698,1.0
h1_chr3_17001367_17005462,h1,,,chr3,17001367,17005462,promoter,0.17216117216117216,0.025050358846783638,0.029642513021826744,0.02952161617577076,0.8485429353743577,-5.262427044910754,1.0,0.024766283109784126,0.029026838019490242,0.028860855847597122,0.8581271200190725,-4.835858050996746,1.0
h1_chr3_17001367_17005462,h1,,,chr3,17001367,17005462,tfbs,0.04151404151404151,0.0030731884762644768,0.0017491461476311088,0.0018418470863252878,1.6685361662654998,5.582908937839047,0.000999000999000999,0.0020143587607890368,0.000883482804056257,0.000900960760191083,2.2357896700870916,7.285945752971695,0.000999000999000999
h1_chr7_120066194_120070289,h1,,,chr7,120066194,120070289,promoter,0.17582417582417584,0.03548895940184593,0.031462643295526505,0.030275261029601097,1.1722098569900763,6.044859996749823,0.000999000999000999,0.03403887152671814,0.03023819625377655,0.029097815975546837,1.1698084679387504,5.715628669618521,0.000999000999000999
h1_chr7_120066194_120070289,h1,,,chr7,120066194,120070289,tfbs,0.03540903540903541,0.0009667243575677276,0.0012710019946098328,0.0012056069681420922,0.8018569758745704,-1.4084766229552026,0.929070929070929,0.0004833621787838638,0.0005380642833188176,0.000442886957898736,1.0913895073297286,0.36946370342387097,0.3916083916083916
h1_chr7_137924469_137928564,h1,,,chr7,137924469,137928564,promoter,0.14163614163614163,0.01247907429933548,0.02089320309460163,0.02047118730843067,0.6095921116503198,-11.264379237572495,1.0,0.011667427606880665,0.019223755225539207,0.01896299421787262,0.6152734886078337,-10.604501229565585,1.0
h1_chr7_137924469_137928564,h1,,,chr7,137924469,137928564,tfbs,0.024664224664224663,0.00025363973691128194,0.0006094928830862045,0.0007947547710500658,0.31914213811659375,-4.037776329002645,1.0,0.00020291178952902555,0.0002894013305194676,0.0004201542178634554,0.48294597769566894,-2.1822965107971433,0.996003996003996
h1_chr7_4391321_4395416,h1,,,chr7,4391321,4395416,promoter,0.1514041514041514,0.027628550305962563,0.023511206731200218,0.022390451282262802,1.2339434322991631,6.938250856373043,0.000999000999000999,0.026993410661816597,0.022369269281625748,0.021260302513837814,1.26966258566863,7.710441868679404,0.000999000999000999
h1_chr7_4391321_4395416,h1,,,chr7,4391321,4395416,tfbs,0.07301587301587302,0.07912774384021759,0.005926694720983505,0.00912406388670206,8.672423255994836,148.59605393030694,0.000999000999000999,0.07904835045337677,0.005035110283643007,0.00849977508187294,9.300052023959948,151.57069667678564,0.000999000999000999
h1_chrX_127567034_127571129,h1,,,chrX,127567034,127571129,promoter,0.22612942612942613,0.052654482424259186,0.05083262547850609,0.05124509707093239,1.0275028331271567,1.2831773417680599,0.1008991008991009,0.038652535527944565,0.04108968749642372,0.041364334523677826,0.9344411308205389,-2.74170829004451,0.999000999000999
h1_chrX_127567034_127571129,h1,,,chrX,127567034,127571129,tfbs,0.03296703296703297,0.0008447243017144501,0.0010305570904165506,0.0011081502307206392,0.762283197978598,-1.6144787931282971,0.9600399600399601,0.0002559770655352622,0.00038524300907738507,0.00036786464625038207,0.6958457904134525,-1.1247935682078143,0.903096903096903
h1_chrX_130740848_130744943,h1,,,chrX,130740848,130744943,promoter,0.18705738705738706,0.02726902812719345,0.03564002737402916,0.03494144603610039,0.7804207100936796,-8.300243432247337,1.0,0.02551383711397648,0.03214870020747185,0.03169068321585655,0.8050895255300313,-6.938373615176448,1.0
h1_chrX_130740848_130744943,h1,,,chrX,130740848,130744943,tfbs,0.027594627594627594,0.0006105006323195994,0.0007661841227672994,0.0007253256044350564,0.8416918258319417,-0.8469205302811168,0.8291708291708292,0.000381562887923792,0.0003729169548023492,0.0003285256680101156,1.1614401097939273,0.5836013604432417,0.31368631368631367
h1_chrX_83970161_83974256,h1,,,chrX,83970161,83974256,promoter,0.16874236874236875,0.02563316933810711,0.028951864689588547,0.028346557170152664,0.9042780463335208,-3.2745639636066586,0.998001998001998,0.023743873462080956,0.025846760720014572,0.025320976972579956,0.9377155347439065,-1.9288683644860944,0.98001998001998
h1_chrX_83970161_83974256,h1,,,chrX,83970161,83974256,tfbs,0.03882783882783883,0.00224673212505877,0.0015379992546513677,0.001329554826952517,1.68983789123501,4.933786163687433,0.000999000999000999,0.001404207549057901,0.000864741625264287,0.0006891340017318726,2.0376407861591024,5.715450151128383,0.000999000999000999
h2_chr10_110104373_110108468,h2,,,chr10,110104373,110108468,promoter,0.1907203907203907,0.04183625057339668,0.036426324397325516,0.03576793149113655,1.1696580939762729,6.257556304720568,0.000999000999000999,0.03879697620868683,0.03323059901595116,0.03271761164069176,1.1858132138360002,6.602187300699704,0.000999000999000999
h2_chr10_110104373_110108468,h2,,,chr10,110104373,110108468,tfbs,0.033455433455433455,0.002008562907576561,0.0010256879031658173,0.0011140123242512345,1.8029988213340318,5.22205929049775,0.000999000999000999,0.0008721391204744577,0.000463290634797886,0.0005117871332913637,1.7041052104331496,3.097761462284718,0.003996003996003996
h2_chr10_19287595_19291690,h2,,,chr10,19287595,19291690,promoter,0.19242979242979244,0.056209780275821686,0.03757116198539734,0.03692453354597092,1.5222881612259422,19.81182575510913,0.000999000999000999,0.05343744531273842,0.03512537479400635,0.034610528498888016,1.5439650196169434,19.97660621363404,0.000999000999000999
h2_chr10_19287595_19291690,h2,,,chr10,19287595,19291690,tfbs,0.01733821733821734,0.0004578172229230404,0.00030063645681366324,0.000256479368545115,1.7850060436440518,2.6128198174856347,0.01098901098901099,0.00010173716145800427,9.894042159430683e-05,6.971539551159367e-05,1.459321297848556,0.787502773503203,0.2777222777222777
h2_chr10_4663039_4667134,h2,,,chr10,4663039,4667134,promoter,0.189010989010989,0.07906529307365417,0.03536923974752426,0.03656895086169243,2.1620880886817706,46.25405564716636,0.000999000999000999,0.0623813271522522,0.03129999339580536,0.03199412673711777,1.9497743340461589,33.61391245580693,0.000999000999000999
h2_chr10_4663039_4667134,h2,,,chr10,4663039,4667134,tfbs,0.045177045177045176,0.0055950782261788845,0.0018980357563123107,0.00188351608812809,2.9705497401614904,17.293021556696385,0.000999000999000999,0.0039241500198841095,0.0008083804277703166,0.0008740475168451667,4.489630076460996,20.760180663827942,0.000999000999000999
h2_chr1_117801428_117805523,h2,,,chr1,117801428,117805523,promoter,0.1702075702075702,0.03942742943763733,0.029820198193192482,0.028910093009471893,1.3637946244143737,12.328171443059505,0.000999000999000999,0.03662021830677986,0.02723556011915207,0.0265022125095129,1.3817796643821767,12.442915822171102,0.000999000999000999
h2_chr1_117801428_117805523,h2,,,chr1,117801428,117805523,tfbs,0.027594627594627594,0.0009610278066247702,0.0007144425180740654,0.0007072152802720666,1.3588900486639113,1.8710503494757114,0.03496503496503497,0.0003287726722192019,0.00030044521554373205,0.00030105459154583514,1.0920699482809475,0.31861581406801165,0.42157842157842157
h2_chr1_188000709_188004804,h2,,,chr1,188000709,188004804,promoter,0.1956043956043956,0.03827653080224991,0.03760639578104019,0.037593282759189606,1.0181747374241554,0.6890019018102416,0.23676323676323677,0.03264763206243515,0.0349339134991169,0.034823790192604065,0.9375094405826311,-2.4058745739087013,0.994005994005994
h2_chr1_188000709_188004804,h2,,,chr1,188000709,188004804,tfbs,0.028815628815628817,0.0006652338779531419,0.0007361160824075341,0.0006991607951931655,0.951474800255855,-0.25923499080840146,0.6253746253746254,0.000383788748877123,0.00043343089055269957,0.0004235748783685267,0.9060706110696485,-0.38066409691300285,0.6833166833166833
h2_chr1_236620149_236624244,h2,,,chr1,236620149,236624244,promoter,0.16092796092796094,0.03770924359560013,0.02603185549378395,0.025318989530205727,1.4893660566750795,15.65806081063586,0.000999000999000999,0.03488888218998909,0.02396540343761444,0.023448776453733444,1.4878764467232655,15.163546664551655,0.000999000999000999
h2_chr1_236620149_236624244,h2,,,chr1,236620149,236624244,tfbs,0.02735042735042735,0.0004961742088198662,0.0007126684649847448,0.0006663097883574665,0.7446599427017201,-1.3317077143434792,0.9340659340659341,0.00026114433421753347,0.0002512228093110025,0.0002422374818706885,1.0780508953479704,0.23596935902996172,0.43756243756243757
h2_chr14_101543080_101547175,h2,,,chr14,101543080,101547175,promoter,0.12112332112332112,0.013155519030988216,0.014947587624192238,0.014685351401567459,0.8958259609357421,-2.4587459687562885,0.995004995004995,0.011788376607000828,0.012404689565300941,0.011918565258383751,0.9890768185129207,-0.22918279473153694,0.5954045954045954
h2_chr14_101543080_101547175,h2,,,chr14,101543080,101547175,tfbs,0.029304029304029304,0.003275982104241848,0.0008218374568969011,0.000829906843136996,3.947409436773458,16.98899207022759,0.000999000999000999,0.000877034617587924,0.00020249291264917701,0.00017999846022576094,4.87245622261387,10.100347776983291,0.000999000999000999
h2_chr14_26677340_26681435,h2,,,chr14,26677340,26681435,promoter,0.17606837606837608,0.04288151487708092,0.0318831242620945,0.03070611134171486,1.396514016375155,14.178200319120236,0.000999000999000999,0.04117555916309357,0.030508283525705338,0.029427677392959595,1.3992119939762757,13.845077352937565,0.000999000999000999
h2_chr14_26677340_26681435,h2,,,chr14,26677340,26681435,tfbs,0.03467643467643468,0.0010080644860863686,0.0011437601642683148,0.0011360628996044397,0.8873315785924896,-0.7650246380825018,0.7962037962037962,0.00028432588442228734,0.0003665202239062637,0.0003618692862801254,0.7857143316722073,-0.834622095156381,0.8371628371628371
h2_chr14_33378322_33382417,h2,,,chr14,33378322,33382417,promoter,0.18803418803418803,0.03122365102171898,0.03605060651898384,0.034814294427633286,0.8968629562957826,-3.9245775085618018,1.0,0.030380457639694214,0.035281505435705185,0.0340096578001976,0.8932891303457249,-3.8255513483143515,1.0
h2_chr14_33378322_33382417,h2,,,chr14,33378322,33382417,tfbs,0.032722832722832725,0.0009198456536978483,0.0009990634862333536,0.0009730178862810135,0.9453532834978033,-0.3519222258553379,0.6583416583416584,0.0003066152276005596,0.00025577048654668033,0.0002753149310592562,1.1136890629973375,0.35852474702339904,0.3996003996003996
h2_chr17_22742263_22746358,h2,,,chr17,22742263,22746358,promoter,0.11330891330891331,0.02393355965614319,0.013003207743167877,0.012883981689810753,1.8576213652236833,19.448204217394164,0.000999000999000999,0.022775890305638313,0.012409270741045475,0.012322260066866875,1.8483533200926374,19.230480941915793,0.000999000999000999
h2_chr17_22742263_22746358,h2,,,chr17,22742263,22746358,tfbs,0.011965811965811967,0.00020133383804932237,0.0001306159538216889,0.00012085063644917682,1.6659725092469198,1.467220083337473,0.11588411588411589,0.00017616710101719946,5.6373744882876053e-05,4.947778506902978e-05,3.56052925108545,3.585808334819522,0.004995004995004995
h2_chr17_35243344_35247439,h2,,,chr17,35243344,35247439,promoter,0.14407814407814407,0.013768675737082958,0.020946113392710686,0.020573383197188377,0.6692470365770773,-9.56600020620615,1.0,0.013395829126238823,0.01822648197412491,0.017819542437791824,0.7517493321169035,-6.428698155653896,1.0
h2_chr17_35243344_35247439,h2,,,chr17,35243344,35247439,tfbs,0.022222222222222223,0.00029295054264366627,0.00046339191612787545,0.0004570560995489359,0.6409509531385233,-1.5226303160681223,0.958041958041958,5.326373502612114e-05,0.0001235711679328233,0.00010666063462849706,0.4993757557475698,-0.9566102577314649,0.903096903096903
h2_chr17_72349260_72353355,h2,,,chr17,72349260,72353355,promoter,0.12405372405372406,0.016974763944745064,0.01570998877286911,0.015285372734069824,1.110523389914446,2.6206464012875186,0.005994005994005994,0.01493477076292038,0.014065146446228027,0.013696519657969475,1.0904062590988517,2.1174574694278463,0.015984015984015984
h2_chr17_72349260_72353355,h2,,,chr17,72349260,72353355,tfbs,0.025885225885225887,0.0009570341790094972,0.0006261026137508452,0.0006215433240868151,1.5397706675002785,2.7211818422601945,0.00999000999000999,0.0002770362189039588,0.00015715528570581228,0.00015302473912015557,1.810401510872232,2.0634824433974224,0.04495504495504495
h2_chr21_12003041_12007136,h2,,,chr21,12003041,12007136,promoter,0.07277167277167278,0.015786387026309967,0.005356444511562586,0.005051108542829752,3.125331180760185,29.941333515159336,0.000999000999000999,0.015786387026309967,0.005157264415174723,0.004899186547845602,3.2222465652490757,30.52188081594821,0.000999000999000999
h2_chr21_12003041_12007136,h2,,,chr21,12003041,12007136,tfbs,0.008791208791208791,0.0007395884022116661,7.599964737892151e-05,6.294152262853459e-05,11.750405317909694,17.03088611294676,0.000999000999000999,0.0007395884022116661,7.599964737892151e-05,6.370661139953882e-05,11.609288046625254,16.58970510351501,0.000999000999000999
h2_chr21_19112010_19116105,h2,,,chr21,19112010,19116105,promoter,0.21636141636141637,0.06259045004844666,0.04672719165682793,0.04694211483001709,1.3333538609219893,14.664070837085221,0.000999000999000999,0.062332022935152054,0.04582321643829346,0.046003617346286774,1.3549374273321844,15.049076470609062,0.000999000999000999
h2_chr21_19112010_19116105,h2,,,chr21,19112010,19116105,tfbs,0.021001221001221003,0.0006460616132244468,0.0004155503702349961,0.00038843811489641666,1.6632291952007068,2.613481629530985,0.00999000999000999,0.00020673971448559314,0.000297190883429721,0.00025731342611834407,0.8034548278507202,-0.6308589288192376,0.7662337662337663
h2_chr21_38658585_38662680,h2,,,chr21,38658585,38662680,promoter,0.16043956043956045,0.03852205350995064,0.025560162961483,0.02534705214202404,1.5197843636453154,15.606449462556279,0.000999000999000999,0.03304215893149376,0.01845882087945938,0.017937850207090378,1.842035614637535,21.733801394350117,0.000999000999000999
h2_chr21_38658585_38662680,h2,,,chr21,38658585,38662680,tfbs,0.024175824175824177,0.0003526667132973671,0.0005729469703510404,0.0005826325505040586,0.6052986792314661,-1.9039360654862756,0.986013986013986,0.00010851283150259405,0.00013021522318013012,0.00011182246817043051,0.9704027578537062,-0.0602579162757364,0.5984015984015985
h2_chr3_108979737_108983832,h2,,,chr3,108979737,108983832,promoter,0.16776556776556775,0.037100572139024734,0.028354501351714134,0.02731444500386715,1.358276623734148,12.264378737366549,0.000999000999000999,0.03648607060313225,0.027711832895874977,0.02675381489098072,1.363770765096849,11.832086285359564,0.000999000999000999
h2_chr3_108979737_108983832,h2,,,chr3,108979737,108983832,tfbs,0.0231990231990232,0.0005120852147229016,0.0005082461284473538,0.0004709391505457461,1.0873702348370773,0.3888120365598294,0.37162837162837165,0.0002560426073614508,0.00018819188699126244,0.00012748362496495247,2.00843525928794,2.2658164143662334,0.028971028971028972
h2_chr3_127665795_127669890,h2,,,chr3,127665795,127669890,promoter,0.10378510378510379,0.007241939194500446,0.010994555428624153,0.010665645822882652,0.6789967822635924,-6.576914415446954,1.0,0.005298330448567867,0.009349659085273743,0.008926408365368843,0.5935568071390758,-7.746072587261823,1.0
h2_chr3_127665795_127669890,h2,,,chr3,127665795,127669890,tfbs,0.018315018315018316,0.0002662477781996131,0.00029686951893381774,0.00028155703330412507,0.9456264511496837,-0.17462479233050776,0.6113886113886113,2.6624777092365548e-05,7.721269503235817e-05,6.134348222985864e-05,0.43402780743030706,-0.8602840141890808,0.8951048951048951
h2_chr3_17001367_17005462,h2,,,chr3,17001367,17005462,promoter,0.17216117216117216,0.05747653543949127,0.028729071840643883,0.02835945039987564,2.0267154203998015,34.88754808105403,0.000999000999000999,0.0531071312725544,0.028208525851368904,0.02785489335656166,1.9065637980640184,28.651896708965896,0.000999000999000999
h2_chr3_17001367_17005462,h2,,,chr3,17001367,17005462,tfbs,0.04151404151404151,0.0030747654382139444,0.0016484889201819897,0.0017957708332687616,1.7122259595992468,5.7503680675379645,0.000999000999000999,0.0017801272915676236,0.0008401575614698231,0.0008841029484756291,2.0134841701828052,5.685313715500177,0.000999000999000999
h2_chr7_120066194_120070289,h2,,,chr7,120066194,120070289,promoter,0.17582417582417584,0.03610089793801308,0.03161182627081871,0.03046383708715439,1.1850410647460972,6.371060518384664,0.000999000999000999,0.03566377982497215,0.030406411737203598,0.029301071539521217,1.2171493379301481,7.432621628987188,0.000999000999000999
h2_chr7_120066194_120070289,h2,,,chr7,120066194,120070289,tfbs,0.03540903540903541,0.0016456249868497252,0.001247584936209023,0.0011901982361450791,1.3826478118298369,2.4901802914233016,0.00999000999000999,0.0007970996084623039,0.000518884276971221,0.00046134061994962394,1.727789780464905,3.093424490295535,0.002997002997002997
h2_chr7_137924469_137928564,h2,,,chr7,137924469,137928564,promoter,0.14163614163614163,0.021428009495139122,0.020551247522234917,0.019907012581825256,1.0764050812276327,2.09093386036925,0.01998001998001998,0.019589820876717567,0.01891525648534298,0.01839998923242092,1.0646648011184785,1.7258521801417956,0.05094905094905095
h2_chr7_137924469_137928564,h2,,,chr7,137924469,137928564,tfbs,0.024664224664224663,0.0007090150029398501,0.0006152690621092916,0.0006511120591312647,1.0889293064020984,0.4545383928934525,0.3546453546453546,0.00021007852046750486,0.0002815059560816735,0.0003184527740813792,0.6596850069009612,-1.1933095133601592,0.9180819180819181
h2_chr7_4391321_4395416,h2,,,chr7,4391321,4395416,promoter,0.1514041514041514,0.010425860993564129,0.023662518709897995,0.022497737780213356,0.4634181932164584,-15.576948191971317,1.0,0.008688217028975487,0.022632334381341934,0.021411076188087463,0.40578142605505146,-16.45296066953266,1.0
h2_chr7_4391321_4395416,h2,,,chr7,4391321,4395416,tfbs,0.07301587301587302,0.028188437223434448,0.005688768345862627,0.0058740898966789246,4.7987752518686415,54.978751171600805,0.000999000999000999,0.025513019412755966,0.004867655225098133,0.00477449269965291,5.343608424537057,58.00430451198817,0.000999000999000999
h2_chrX_127567034_127571129,h2,,,chrX,127567034,127571129,promoter,0.22612942612942613,0.050492025911808014,0.05102292820811272,0.0508672334253788,0.9926237876860119,-0.3488993136237645,0.6543456543456544,0.04688733443617821,0.0413038469851017,0.04069552198052406,1.1521497244492258,6.136265324579447,0.000999000999000999
h2_chrX_127567034_127571129,h2,,,chrX,127567034,127571129,tfbs,0.03296703296703297,0.00028942798962816596,0.001026162994094193,0.001019286341033876,0.2839516021911912,-4.4285917117129845,1.0,0.00013155817578081042,0.00038362707709893584,0.0003727306320797652,0.3529577782398541,-2.4856231033399814,1.0
h2_chrX_130740848_130744943,h2,,,chrX,130740848,130744943,promoter,0.18705738705738706,0.030862366780638695,0.03528006374835968,0.034875959157943726,0.8849180789801776,-4.451450596691221,1.0,0.02920681983232498,0.031853362917900085,0.03151984512805939,0.9266168572105287,-2.6549580955617222,0.9920079920079921
h2_chrX_130740848_130744943,h2,,,chrX,130740848,130744943,tfbs,0.027594627594627594,0.00037064493517391384,0.0007617903756909072,0.0007346429629251361,0.5045239032823683,-2.6694375845012726,0.999000999000999,0.00019767729099839926,0.00037459429586306214,0.00033869536127895117,0.5836433373399268,-1.5556043732013598,0.961038961038961
h2_chrX_83970161_83974256,h2,,,chrX,83970161,83974256,promoter,0.16874236874236875,0.022322529926896095,0.030642777681350708,0.028596319258213043,0.7806085015813679,-7.662246289067402,1.0,0.021779881790280342,0.027144649997353554,0.025601623579859734,0.8507226786747276,-4.947715364611003,1.0
h2_chrX_83970161_83974256,h2,,,chrX,83970161,83974256,tfbs,0.03882783882783883,0.004291845485568047,0.0014550454216077924,0.0014212174573913217,3.0198372974152954,15.813477525153152,0.000999000999000999,0.0027872330974787474,0.0007893109577707946,0.0007305510807782412,3.8152473807985676,16.001282510822882,0.000999000999000999
h3_chr10_110104373_110108468,h3,,,chr10,110104373,110108468,promoter,0.1907203907203907,0.027876241132616997,0.03714325278997421,0.03556711971759796,0.7837643687190206,-8.219214063006786,1.0,0.02729390375316143,0.03392168506979942,0.03265082463622093,0.8359330601066399,-6.0140592403577,1.0
h3_chr10_110104373_110108468,h3,,,chr10,110104373,110108468,tfbs,0.033455433455433455,0.0015444601885974407,0.0010074368910863996,0.001182474079541862,1.306126041423104,1.9700097243284738,0.03596403596403597,0.0010887178359553218,0.0004162418481428176,0.0005552461370825768,1.9607841698381894,4.49468308501651,0.000999000999000999
h3_chr10_19287595_19291690,h3,,,chr10,19287595,19291690,promoter,0.19242979242979244,0.036173611879348755,0.037808820605278015,0.037319403141736984,0.9692977066638344,-1.176004765065427,0.8861138861138861,0.03454959765076637,0.03545554354786873,0.035026222467422485,0.9863923431337931,-0.5141851028241226,0.7052947052947053
h3_chr10_19287595_19291690,h3,,,chr10,19287595,19291690,tfbs,0.01733821733821734,0.00047148807789199054,0.00027529997169040143,0.0002290122356498614,2.058789900697063,3.1527728885356545,0.003996003996003996,0.00023574403894599527,8.51308141136542e-05,6.147680687718093e-05,3.834682556251944,4.32835851104837,0.001998001998001998
h3_chr10_4663039_4667134,h3,,,chr10,4663039,4667134,promoter,0.189010989010989,0.035417862236499786,0.03730424866080284,0.03685198724269867,0.961084188031596,-1.5001171448987416,0.9370629370629371,0.03233804926276207,0.03293478116393089,0.03213533014059067,1.0063082943689863,0.22794574601584452,0.4075924075924076
h3_chr10_4663039_4667134,h3,,,chr10,4663039,4667134,tfbs,0.045177045177045176,0.00281881308183074,0.0019204668933525681,0.0018957300344482064,1.486927479445256,4.397428694051292,0.000999000999000999,0.002061909530311823,0.0008211183594539762,0.0008863078546710312,2.326403313978456,8.098638774169961,0.000999000999000999
h3_chr1_117801428_117805523,h3,,,chr1,117801428,117805523,promoter,0.1702075702075702,0.01867293380200863,0.029171407222747803,0.029526835307478905,0.6324055256026347,-12.849148819364094,1.0,0.018117040395736694,0.02664410136640072,0.027080705389380455,0.6690017905826482,-10.922391625323844,1.0
h3_chr1_117801428_117805523,h3,,,chr1,117801428,117805523,tfbs,0.027594627594627594,0.0009349100291728973,0.0007105363183654845,0.0006830654456280172,1.368697589896868,1.9060496764205452,0.04495504495504495,0.0005811603041365743,0.0003203983069397509,0.0003125126240774989,1.859637849357581,3.0356611913044267,0.004995004995004995
h3_chr1_188000709_188004804,h3,,,chr1,188000709,188004804,promoter,0.1956043956043956,0.03820880502462387,0.03920648247003555,0.03708362579345703,1.030341672560113,1.1804022914070282,0.13086913086913088,0.03587466850876808,0.03658314421772957,0.03470391780138016,1.0337354045756,1.28846686532193,0.11288711288711288
h3_chr1_188000709_188004804,h3,,,chr1,188000709,188004804,tfbs,0.028815628815628817,0.0015983761986717582,0.0007413342245854437,0.0006070023518987,2.633229004256814,7.8963766122841506,0.000999000999000999,0.001293923589400947,0.000456420355476439,0.0003463148605078459,3.736263547869419,10.618897114434741,0.000999000999000999
h3_chr1_236620149_236624244,h3,,,chr1,236620149,236624244,promoter,0.16092796092796094,0.05150071531534195,0.02621888555586338,0.024948731064796448,2.0642619130241577,33.311190797936455,0.000999000999000999,0.04919586330652237,0.024075379595160484,0.023104334250092506,2.129291533527974,35.56123852537765,0.000999000999000999
h3_chr1_236620149_236624244,h3,,,chr1,236620149,236624244,tfbs,0.02735042735042735,0.0012548657832667232,0.0006789047038182616,0.0005963172880001366,2.10435922036598,5.474279204992124,0.000999000999000999,0.001126818242482841,0.0002286917733727023,0.00023658061400055885,4.76293565828762,11.252633559655177,0.000999000999000999
h3_chr14_101543080_101547175,h3,,,chr14,101543080,101547175,promoter,0.12112332112332112,0.022892238572239876,0.014568221755325794,0.015372417867183685,1.4891761836053878,12.06086187252765,0.000999000999000999,0.019466016441583633,0.012055671773850918,0.012753921560943127,1.5262769453746083,12.585746431827436,0.000999000999000999
h3_chr14_101543080_101547175,h3,,,chr14,101543080,101547175,tfbs,0.029304029304029304,0.001903456635773182,0.0008060463587753475,0.0010152275208383799,1.8749064586047648,5.518515601952463,0.000999000999000999,0.0010913151782006025,0.0002063336578430608,0.0002672706905286759,4.083183143059652,9.97134404795015,0.000999000999000999
h3_chr14_26677340_26681435,h3,,,chr14,26677340,26681435,promoter,0.17606837606837608,0.0375041589140892,0.030994413420557976,0.030812453478574753,1.2171753521727013,7.902347471540238,0.000999000999000999,0.03701808676123619,0.02963111363351345,0.02952856384217739,1.253636545247794,8.710945849893701,0.000999000999000999
h3_chr14_26677340_26681435,h3,,,chr14,26677340,26681435,tfbs,0.03467643467643468,0.0010233058128505945,0.0010714017553254962,0.0010915858438238502,0.9374487756876095,-0.4090331724312098,0.6813186813186813,0.0007418966852128506,0.0003665994736365974,0.00035728723742067814,2.076471274397424,4.091911548982734,0.001998001998001998
h3_chr14_33378322_33382417,h3,,,chr14,33378322,33382417,promoter,0.18803418803418803,0.038193490356206894,0.03623673692345619,0.034969352185726166,1.0921989676376322,3.631806760241674,0.000999000999000999,0.0355706550180912,0.03541441634297371,0.03409302607178688,1.043341091025273,1.6369001833152257,0.052947052947052944
h3_chr14_33378322_33382417,h3,,,chr14,33378322,33382417,tfbs,0.032722832722832725,0.0010990932350978255,0.0010401385370641947,0.0009174931328743696,1.1979307481621468,1.1877383966156376,0.14285714285714285,0.0006744436104781926,0.00027077572303824127,0.00027110136579722166,2.487791267649543,4.966217943176225,0.000999000999000999
h3_chr17_22742263_22746358,h3,,,chr17,22742263,22746358,promoter,0.11330891330891331,0.019946375861763954,0.013671975582838058,0.013169795274734497,1.5145547402722304,12.196975773416426,0.000999000999000999,0.01972085051238537,0.013114682398736477,0.012593154795467854,1.5659976259072665,12.3851309910461,0.000999000999000999
h3_chr17_22742263_22746358,h3,,,chr17,22742263,22746358,tfbs,0.011965811965811967,0.00027564086485654116,0.00013431167462840676,0.00012318640074227005,2.2375916756690986,2.731537011040317,0.01098901098901099,0.00017540782573632896,5.1870363677153364e-05,4.9590293201617897e-05,3.5371403234737526,3.655569283606104,0.001998001998001998
h3_chr17_35243344_35247439,h3,,,chr17,35243344,35247439,promoter,0.14407814407814407,0.018785055726766586,0.02118293009698391,0.020706795156002045,0.9071928120813797,-2.706971992486289,0.999000999000999,0.017012381926178932,0.01857445202767849,0.017960337921977043,0.9472194788363001,-1.3813570204862184,0.9210789210789211
h3_chr17_35243344_35247439,h3,,,chr17,35243344,35247439,tfbs,0.022222222222222223,0.00018520478624850512,0.00048100328422151506,0.0005690284306183457,0.3254754530406306,-3.0910798931957277,1.0,7.93734798207879e-05,0.0001169435927295126,0.00011765796079998836,0.6746120643355206,-0.6782753911172098,0.8131868131868132
h3_chr17_72349260_72353355,h3,,,chr17,72349260,72353355,promoter,0.12405372405372406,0.014639006927609444,0.015625499188899994,0.015547213144600391,0.9415839862395936,-1.5176154545041611,0.9370629370629371,0.01410249900072813,0.013994276523590088,0.014345485717058182,0.9830617992919461,-0.39963189078724654,0.6653346653346653
h3_chr17_72349260_72353355,h3,,,chr17,72349260,72353355,tfbs,0.025885225885225887,0.0003321240656077862,0.0006386931054294109,0.0005737570463679731,0.5788583647211225,-2.047673427691347,0.987012987012987,0.00015328802692238241,0.00016350543592125177,0.00014010525774210691,1.0940918948562313,0.22160530176777166,0.4745254745254745
h3_chr21_12003041_12007136,h3,,,chr21,12003041,12007136,promoter,0.07277167277167278,0.008286327123641968,0.005774409975856543,0.005081689916551113,1.63062431193476,9.129309860945094,0.000999000999000999,0.008236410096287727,0.00555252842605114,0.004922752268612385,1.673131136174234,9.528834754878368,0.000999000999000999
h3_chr21_12003041_12007136,h3,,,chr21,12003041,12007136,tfbs,0.008791208791208791,9.98352697934024e-05,8.186404738808051e-05,5.9651567426044494e-05,1.6736403434356912,1.0475992480086285,0.22377622377622378,9.98352697934024e-05,8.186404738808051e-05,6.294613558566198e-05,1.586042874030588,0.9356087615723825,0.24675324675324675
h3_chr21_19112010_19116105,h3,,,chr21,19112010,19116105,promoter,0.21636141636141637,0.06547890603542328,0.046914827078580856,0.04594776779413223,1.4250726243938507,18.679545815386348,0.000999000999000999,0.06453987210988998,0.04611639678478241,0.045096464455127716,1.4311514858134615,18.572852287100257,0.000999000999000999
h3_chr21_19112010_19116105,h3,,,chr21,19112010,19116105,tfbs,0.021001221001221003,0.0002791736333165318,0.00040835002437233925,0.0004037866019643843,0.69138904549675,-1.2162299141976065,0.9150849150849151,0.0002537942200433463,0.0003058183938264847,0.00028777727857232094,0.8819119469835615,-0.39236555738832135,0.6923076923076923
h3_chr21_38658585_38662680,h3,,,chr21,38658585,38662680,promoter,0.16043956043956045,0.022018207237124443,0.02633943036198616,0.02512187883257866,0.8764554348765786,-4.031215976175905,1.0,0.013860474340617657,0.018780451267957687,0.01794540137052536,0.7723691465259149,-6.1668271967942365,1.0
h3_chr21_38658585_38662680,h3,,,chr21,38658585,38662680,tfbs,0.024175824175824177,0.0005626023048534989,0.0005518547841347754,0.0006295263883657753,0.8936913769635478,-0.5526422231296094,0.7382617382617382,0.0003324467979837209,0.0001120075976359658,0.00017527618911117315,1.8967025679275722,2.4243707499732605,0.02097902097902098
h3_chr3_108979737_108983832,h3,,,chr3,108979737,108983832,promoter,0.16776556776556775,0.029441753402352333,0.02807200513780117,0.027121692895889282,1.085542614001602,2.814970931351462,0.005994005994005994,0.028626050800085068,0.027399813756346703,0.026452282443642616,1.0821769675669286,2.691117207941079,0.003996003996003996
h3_chr3_108979737_108983832,h3,,,chr3,108979737,108983832,tfbs,0.0231990231990232,0.0006117767188698053,0.0004963059909641743,0.0004443792859092355,1.3766994508262493,1.5959498942169164,0.07992007992007992,0.000229416269576177,0.00016620005771983415,0.0001101707894122228,2.082369299522552,2.291839171339897,0.028971028971028972
h3_chr3_127665795_127669890,h3,,,chr3,127665795,127669890,promoter,0.10378510378510379,0.010797539725899696,0.011066709645092487,0.0105379493907094,1.0246338566988336,0.4898887818732732,0.3166833166833167,0.008975950069725513,0.009411455132067204,0.009026954881846905,0.9943497211641147,-0.11104148405404518,0.5574425574425574
h3_chr3_127665795_127669890,h3,,,chr3,127665795,127669890,tfbs,0.018315018315018316,0.00015839911065995693,0.0003347468446008861,0.0003117294399999082,0.5081300972407469,-1.766244250513545,0.978021978021978,5.279970355331898e-05,8.685466309543699e-05,6.486443453468382e-05,0.8140008300710048,-0.2887924852411244,0.7012987012987013
h3_chr3_17001367_17005462,h3,,,chr3,17001367,17005462,promoter,0.17216117216117216,0.030842170119285583,0.02983340248465538,0.029123572632670403,1.0590105310324216,2.0516113108619227,0.022977022977022976,0.029491230845451355,0.02920534648001194,0.028468776494264603,1.035914938297146,1.1879662971918947,0.12387612387612387
h3_chr3_17001367_17005462,h3,,,chr3,17001367,17005462,tfbs,0.04151404151404151,0.0026254078838974237,0.001795718795619905,0.0019006169168278575,1.3813451099231755,3.2108778492470074,0.001998001998001998,0.0016058320179581642,0.0009451420046389103,0.0009197084000334144,1.746022998050058,4.483390507984182,0.000999000999000999
h3_chr7_120066194_120070289,h3,,,chr7,120066194,120070289,promoter,0.17582417582417584,0.03911000117659569,0.03173214942216873,0.02991575188934803,1.307338064617437,10.620015228503187,0.000999000999000999,0.037915196269750595,0.0305137038230896,0.028594747185707092,1.3259496936102402,11.047588138345493,0.000999000999000999
h3_chr7_120066194_120070289,h3,,,chr7,120066194,120070289,tfbs,0.03540903540903541,0.0015930754598230124,0.0013684608275070786,0.0011770172277465463,1.3534852526101329,2.3790234782848914,0.017982017982017984,0.0012213578447699547,0.0005859901430085301,0.0004464328521862626,2.735815338832579,7.229618382563421,0.000999000999000999
h3_chr7_137924469_137928564,h3,,,chr7,137924469,137928564,promoter,0.14163614163614163,0.04355254024267197,0.020570510998368263,0.020368177443742752,2.138263983754306,33.299612163632,0.000999000999000999,0.041225116699934006,0.018902704119682312,0.018782855942845345,2.1948268583530948,32.80290162518338,0.000999000999000999
h3_chr7_137924469_137928564,h3,,,chr7,137924469,137928564,tfbs,0.024664224664224663,0.0007427948876284063,0.0006276554777286947,0.0007525255787186325,0.9870692885857845,-0.0717133371183612,0.5394605394605395,0.0004209171165712178,0.00030404768767766654,0.00038640189450234175,1.0893246709189384,0.35122436341483715,0.3876123876123876
h3_chr7_4391321_4395416,h3,,,chr7,4391321,4395416,promoter,0.1514041514041514,0.0370170958340168,0.02296758070588112,0.02250068634748459,1.6451540749624751,18.849338326970358,0.000999000999000999,0.034701842814683914,0.021802403032779694,0.021334419026970863,1.626566102916326,18.15639155120014,0.000999000999000999
h3_chr7_4391321_4395416,h3,,,chr7,4391321,4395416,tfbs,0.07301587301587302,0.07317270338535309,0.006342791020870209,0.00981432106345892,7.45570711536967,124.40139792733808,0.000999000999000999,0.0727958008646965,0.005549672991037369,0.009225386194884777,7.890813384599527,127.26616438316258,0.000999000999000999
h3_chrX_127567034_127571129,h3,,,chrX,127567034,127571129,promoter,0.22612942612942613,0.049869105219841,0.052183378487825394,0.05262352153658867,0.9476580769146636,-2.4800155465733704,0.997002997002997,0.046162620186805725,0.04184255003929138,0.04214351624250412,1.0953670766619164,4.03189608488276,0.000999000999000999
h3_chrX_127567034_127571129,h3,,,chrX,127567034,127571129,tfbs,0.03296703296703297,0.0008035043138079345,0.0010678814724087715,0.0011885382700711489,0.6760441241490985,-2.2404940659702444,0.993006993006993,0.0006998263415880501,0.0003994187864009291,0.0003757808299269527,1.8623258182810656,3.364207020705334,0.000999000999000999
h3_chrX_130740848_130744943,h3,,,chrX,130740848,130744943,promoter,0.18705738705738706,0.028774645179510117,0.03503181040287018,0.03488684818148613,0.8247992203199469,-6.59883680777139,1.0,0.02797604165971279,0.03161550313234329,0.031631022691726685,0.8844494827867239,-4.118670960593657,1.0
h3_chrX_130740848_130744943,h3,,,chrX,130740848,130744943,tfbs,0.027594627594627594,0.0008235587738454342,0.0007309784414246678,0.0006893685786053538,1.194656674824892,1.0331817720413896,0.18081918081918083,0.0005490391631610692,0.00033441829145886004,0.00031237833900377154,1.7576095862217906,2.717681489563847,0.00999000999000999
h3_chrX_83970161_83974256,h3,,,chrX,83970161,83974256,promoter,0.16874236874236875,0.018502334132790565,0.029475972056388855,0.02888803742825985,0.6404842896904646,-12.616142848445728,1.0,0.017328772693872452,0.026188518851995468,0.02588396891951561,0.6694789639005926,-11.094554489675327,1.0
h3_chrX_83970161_83974256,h3,,,chrX,83970161,83974256,tfbs,0.03882783882783883,0.0022971860598772764,0.0015063959872350097,0.001431022072210908,1.605276469515357,4.7299441392634165,0.000999000999000999,0.0017228894867002964,0.0008030117023736238,0.0007317535928450525,2.3544667269780186,7.334114012545784,0.000999000999000999
h4_chr10_110104373_110108468,h4,,,chr10,110104373,110108468,promoter,0.1907203907203907,0.05648402124643326,0.037681300193071365,0.03563176468014717,1.5852153760407008,23.208967040120577,0.000999000999000999,0.055675357580184937,0.034360386431217194,0.0325460210442543,1.7106655681344465,26.39723489979076,0.000999000999000999
h4_chr10_110104373_110108468,h4,,,chr10,110104373,110108468,tfbs,0.033455433455433455,0.0006126249791122973,0.0010620455723255873,0.001137424143962562,0.5386073281142356,-3.2039593999635216,1.0,0.00017153499356936663,0.0004719658172689378,0.000518697255756706,0.3307034916140463,-3.102212793840205,1.0
h4_chr10_19287595_19291690,h4,,,chr10,19287595,19291690,promoter,0.19242979242979244,0.07335511595010757,0.03934909403324127,0.03690684586763382,1.9875747771347152,39.996251376479634,0.000999000999000999,0.06728283315896988,0.03676241636276245,0.03459513187408447,1.9448641908306197,38.26652717546883,0.000999000999000999
h4_chr10_19287595_19291690,h4,,,chr10,19287595,19291690,tfbs,0.01733821733821734,0.00048773351591080427,0.00028751694480888546,0.0002670585236046463,1.8263169784943671,2.7832403256893348,0.011988011988011988,0.00041457347106188536,0.0001031549327308312,8.340243948623538e-05,4.970759531923595,7.069848298773388,0.000999000999000999
h4_chr10_4663039_4667134,h4,,,chr10,4663039,4667134,promoter,0.189010989010989,0.06784515082836151,0.03729783743619919,0.03615761548280716,1.8763723747386407,34.346966833797495,0.000999000999000999,0.06308019161224365,0.032992057502269745,0.03168003261089325,1.9911656148533567,37.20321934198274,0.000999000999000999
h4_chr10_4663039_4667134,h4,,,chr10,4663039,4667134,tfbs,0.045177045177045176,0.004147738683968782,0.001958586974069476,0.0019343274179846048,2.14427952858692,10.532517309936921,0.000999000999000999,0.0022220027167350054,0.0008004208793863654,0.0008448548032902181,2.6300409349412432,9.701294443775847,0.000999000999000999
h4_chr1_117801428_117805523,h4,,,chr1,117801428,117805523,promoter,0.1702075702075702,0.03669567033648491,0.029897896572947502,0.028850143775343895,1.271940639957781,9.442416303669127,0.000999000999000999,0.03401661664247513,0.027386967092752457,0.026412181556224823,1.287913933578807,9.621125896020889,0.000999000999000999
h4_chr1_117801428_117805523,h4,,,chr1,117801428,117805523,tfbs,0.027594627594627594,0.0011306100059300661,0.0007344024488702416,0.0007092119194567204,1.5941779528975635,3.3758132428679026,0.001998001998001998,0.0006636189064010978,0.00031632394529879093,0.00030661653727293015,2.1643284876392275,4.258930589528103,0.000999000999000999
h4_chr1_188000709_188004804,h4,,,chr1,188000709,188004804,promoter,0.1956043956043956,0.05923430621623993,0.039125509560108185,0.03755713254213333,1.5771786131379477,21.998161282159547,0.000999000999000999,0.05795568972826004,0.03639296814799309,0.03491595387458801,1.6598627073579808,23.92348587656638,0.000999000999000999
h4_chr1_188000709_188004804,h4,,,chr1,188000709,188004804,tfbs,0.028815628815628817,0.0014507364248856902,0.0007536430493928492,0.0007167129660956562,2.024152615500565,5.642898718431909,0.000999000999000999,0.0009343725978396833,0.0004354655393399298,0.00041645969031378627,2.2436087323017255,4.948535897066372,0.000999000999000999
h4_chr1_236620149_236624244,h4,,,chr1,236620149,236624244,promoter,0.16092796092796094,0.04109521955251694,0.02710798755288124,0.0247992891818285,1.6571128007422553,21.19055096940645,0.000999000999000999,0.03823493421077728,0.024919722229242325,0.022824617102742195,1.675162130372985,21.159683631648697,0.000999000999000999
h4_chr1_236620149_236624244,h4,,,chr1,236620149,236624244,tfbs,0.02735042735042735,0.0006356191006489098,0.0007075007306411862,0.0006300207460299134,1.0088859845557063,0.046050824253925676,0.4905094905094905,0.000488937774207443,0.00026451825397089124,0.0002228089579148218,2.1944260176216086,3.7054217137823096,0.000999000999000999
h4_chr14_101543080_101547175,h4,,,chr14,101543080,101547175,promoter,0.12112332112332112,0.01866815984249115,0.014575161971151829,0.014792070724070072,1.262038303542843,6.400468433596346,0.000999000999000999,0.01791364513337612,0.011906590312719345,0.012062721885740757,1.485041709744771,10.615920507089841,0.000999000999000999
h4_chr14_101543080_101547175,h4,,,chr14,101543080,101547175,tfbs,0.029304029304029304,0.0017280825413763523,0.0008418997749686241,0.0008735820883885026,1.9781570207834127,6.026085029001154,0.000999000999000999,0.0005598014104180038,0.0002032339689321816,0.00020454653713386506,2.7367924104803736,5.159567916367965,0.000999000999000999
h4_chr14_26677340_26681435,h4,,,chr14,26677340,26681435,promoter,0.17606837606837608,0.044347528368234634,0.03149919956922531,0.03050975315272808,1.4535525130680786,16.21108718900802,0.000999000999000999,0.04219140484929085,0.030061226338148117,0.029204685240983963,1.4446793211824165,15.53174157972141,0.000999000999000999
h4_chr14_26677340_26681435,h4,,,chr14,26677340,26681435,tfbs,0.03467643467643468,0.0012005683965981007,0.0011696860892698169,0.0011257656151428819,1.0664461415849202,0.45153546766753183,0.32667332667332666,0.00044102512765675783,0.00037143781082704663,0.00034037340083159506,1.2957097310754955,1.066012311012306,0.17082917082917082
h4_chr14_33378322_33382417,h4,,,chr14,33378322,33382417,promoter,0.18803418803418803,0.06894606351852417,0.036638908088207245,0.034949082881212234,1.9727574469654503,36.96165070960214,0.000999000999000999,0.06695935875177383,0.0358528196811676,0.034091755747795105,1.964092411289332,36.294546637236515,0.000999000999000999
h4_chr14_33378322_33382417,h4,,,chr14,33378322,33382417,tfbs,0.032722832722832725,0.0010791984386742115,0.0010149269364774227,0.0009899928700178862,1.0901072839592407,0.5787526289836472,0.2997002997002997,0.0005886537255719304,0.00030266307294368744,0.00027629933902062476,2.1304927028000944,3.8078983871165173,0.000999000999000999
h4_chr17_22742263_22746358,h4,,,chr17,22742263,22746358,promoter,0.11330891330891331,0.028428755700588226,0.012836644425988197,0.012868759222328663,2.2091295057616214,27.901769263816412,0.000999000999000999,0.02837931364774704,0.01230737753212452,0.012315237894654274,2.3044064508137327,28.890971199866506,0.000999000999000999
h4_chr17_22742263_22746358,h4,,,chr17,22742263,22746358,tfbs,0.011965811965811967,7.416197331622243e-05,0.0001391767436871305,0.0001273113739443943,0.5825243339893111,-1.013575769416167,0.903096903096903,4.9441314331488684e-05,6.575668521691114e-05,4.8897458327701315e-05,1.0111223777756004,0.01592904927356358,0.5974025974025974
h4_chr17_35243344_35247439,h4,,,chr17,35243344,35247439,promoter,0.14407814407814407,0.03324965387582779,0.02092154324054718,0.020701367408037186,1.606157372141456,18.113607308698487,0.000999000999000999,0.03177298605442047,0.0181341040879488,0.017844924703240395,1.7805054704798464,20.771764419107516,0.000999000999000999
h4_chr17_35243344_35247439,h4,,,chr17,35243344,35247439,tfbs,0.022222222222222223,0.00041838944889605045,0.00047105405246838927,0.000510041369125247,0.8203049286249362,-0.8144329703607952,0.8151848151848152,0.00012305572454351932,0.0001299459399888292,0.00012248965504113585,1.004621365797735,0.010256991019397909,0.5484515484515484
h4_chr17_72349260_72353355,h4,,,chr17,72349260,72353355,promoter,0.12405372405372406,0.021063117310404778,0.015398691408336163,0.015274282544851303,1.3789922537150388,9.501936905558214,0.000999000999000999,0.017540449276566505,0.01373501867055893,0.013658472336828709,1.2842175057360137,6.790712185267548,0.000999000999000999
h4_chr17_72349260_72353355,h4,,,chr17,72349260,72353355,tfbs,0.025885225885225887,0.0012147126253694296,0.000654245144687593,0.0006149604450911283,1.9752695235372846,4.726307744088053,0.000999000999000999,0.0001943540119100362,0.00016252878413069993,0.00014953111531212926,1.299756318304349,0.7145489131695548,0.2817182817182817
h4_chr21_12003041_12007136,h4,,,chr21,12003041,12007136,promoter,0.07277167277167278,0.018058184534311295,0.005346153862774372,0.005118362605571747,3.528117471523709,36.34078770473366,0.000999000999000999,0.01795855350792408,0.005174790043383837,0.004902510438114405,3.663134170670174,38.4161610833201,0.000999000999000999
h4_chr21_12003041_12007136,h4,,,chr21,12003041,12007136,tfbs,0.008791208791208791,0.00034870978561230004,6.774850044166669e-05,6.44863976049237e-05,5.4074936508110225,6.898575220795876,0.000999000999000999,0.00034870978561230004,6.774850044166669e-05,6.261831731535494e-05,5.568814375131591,7.1181093182429365,0.000999000999000999
h4_chr21_19112010_19116105,h4,,,chr21,19112010,19116105,promoter,0.21636141636141637,0.05474672466516495,0.047793347388505936,0.045692406594753265,1.1981580473691085,8.429923497056908,0.000999000999000999,0.05266328528523445,0.046944160014390945,0.044864851981401443,1.173820551265071,7.761230247326242,0.000999000999000999
h4_chr21_19112010_19116105,h4,,,chr21,19112010,19116105,tfbs,0.021001221001221003,0.0006526432116515934,0.00047366871149279177,0.0004150559543631971,1.5724222355824686,2.340444698013323,0.014985014985014986,0.0006526432116515934,0.00035292963730171323,0.0002936894306913018,2.2222223323303365,4.062565888540265,0.000999000999000999
h4_chr21_38658585_38662680,h4,,,chr21,38658585,38662680,promoter,0.16043956043956045,0.040136322379112244,0.025826090946793556,0.025181828066706657,1.5938605518547395,19.48490273447125,0.000999000999000999,0.030819399282336235,0.018321707844734192,0.016971975564956665,1.8158993432662844,22.84442476966828,0.000999000999000999
h4_chr21_38658585_38662680,h4,,,chr21,38658585,38662680,tfbs,0.024175824175824177,0.0010052468860521913,0.0005492147756740451,0.0005620555602945387,1.7885187107221272,3.6456427084424994,0.001998001998001998,0.0003432550292927772,0.00011744369840016589,0.00012641593639273196,2.7152828914417784,3.8497083506132577,0.002997002997002997
h4_chr3_108979737_108983832,h4,,,chr3,108979737,108983832,promoter,0.16776556776556775,0.0338052436709404,0.028554502874612808,0.027499690651893616,1.229295416405442,7.663902234686868,0.000999000999000999,0.03235257789492607,0.027923449873924255,0.026786459609866142,1.2077959672957221,7.036145372627655,0.000999000999000999
h4_chr3_108979737_108983832,h4,,,chr3,108979737,108983832,tfbs,0.0231990231990232,0.0009848577901721,0.0005057293456047773,0.0004866921226494014,2.0235745440276265,4.6329118960455595,0.000999000999000999,0.00032007877598516643,0.00018860207637771964,0.00016461897757835686,1.944361340920201,2.5838441114576933,0.016983016983016984
h4_chr3_127665795_127669890,h4,,,chr3,127665795,127669890,promoter,0.10378510378510379,0.017318999394774437,0.011079125106334686,0.010569214820861816,1.6386268694803803,13.57835358720876,0.000999000999000999,0.016359565779566765,0.009327316656708717,0.008840142749249935,1.850599729394057,16.200397150981896,0.000999000999000999
h4_chr3_127665795_127669890,h4,,,chr3,127665795,127669890,tfbs,0.018315018315018316,0.000590420444495976,0.0003067694487981498,0.000281040120171383,2.1008404214171543,3.660360255431219,0.001998001998001998,0.00024600850883871317,7.306377665372565e-05,6.305198621703312e-05,3.9016773871630304,4.782630270876235,0.001998001998001998
h4_chr3_17001367_17005462,h4,,,chr3,17001367,17005462,promoter,0.17216117216117216,0.052839674055576324,0.02964160405099392,0.029203182086348534,1.8093807003407696,29.549425514529304,0.000999000999000999,0.05015498027205467,0.029091736301779747,0.028652135282754898,1.750479668516778,25.477488266140586,0.000999000999000999
h4_chr3_17001367_17005462,h4,,,chr3,17001367,17005462,tfbs,0.04151404151404151,0.002123349579051137,0.0017113504000008106,0.001681009540334344,1.263139517119465,2.075736364461391,0.016983016983016984,0.0011226905044168234,0.0008822777890600264,0.0008513655047863722,1.3186939077341795,1.8911683055841528,0.04195804195804196
h4_chr7_120066194_120070289,h4,,,chr7,120066194,120070289,promoter,0.17582417582417584,0.02978546731173992,0.031689081341028214,0.030296755954623222,0.9831239805460004,-0.6074278919545404,0.7232767232767233,0.025949275121092796,0.030454669147729874,0.02909472957253456,0.8918892013208098,-3.8287251081659117,1.0
h4_chr7_120066194_120070289,h4,,,chr7,120066194,120070289,tfbs,0.03540903540903541,0.0014904950512573123,0.0013121115043759346,0.0012119191233068705,1.2298634641479318,1.629409112118231,0.06293706293706294,0.0006108586094342172,0.0005314418231137097,0.0004675756208598614,1.3064381079382659,1.3773645201827946,0.11588411588411589
h4_chr7_137924469_137928564,h4,,,chr7,137924469,137928564,promoter,0.14163614163614163,0.03250140696763992,0.020910795778036118,0.020015064626932144,1.6238472157569872,17.488109091424917,0.000999000999000999,0.0307624489068985,0.01931193843483925,0.018408972769975662,1.6710573311874788,18.502097570573806,0.000999000999000999
h4_chr7_137924469_137928564,h4,,,chr7,137924469,137928564,tfbs,0.024664224664224663,0.0012980969622731209,0.0005809574504382908,0.0006157142925076187,2.108278105720696,5.447915302789692,0.000999000999000999,0.0007592642214149237,0.0002691704430617392,0.0002906022418756038,2.612726648337204,5.569287390493589,0.000999000999000999
h4_chr7_4391321_4395416,h4,,,chr7,4391321,4395416,promoter,0.1514041514041514,0.03237304091453552,0.02329355478286743,0.022997543215751648,1.4076738811110197,12.711098133699085,0.000999000999000999,0.03008701652288437,0.02215544879436493,0.021839387714862823,1.3776492690959743,11.502705904281193,0.000999000999000999
h4_chr7_4391321_4395416,h4,,,chr7,4391321,4395416,tfbs,0.07301587301587302,0.0175507590174675,0.005822774022817612,0.006292709149420261,2.7890624849687238,29.710585131406386,0.000999000999000999,0.017304951325058937,0.004943015985190868,0.005652966909110546,3.0612157479941358,31.73634771684642,0.000999000999000999
h4_chrX_127567034_127571129,h4,,,chrX,127567034,127571129,promoter,0.22612942612942613,0.05500826984643936,0.051558054983615875,0.051840849220752716,1.061098934012421,2.7476186003956626,0.004995004995004995,0.049082785844802856,0.04157239571213722,0.041668545454740524,1.1779337461662904,7.429307202064646,0.000999000999000999
h4_chrX_127567034_127571129,h4,,,chrX,127567034,127571129,tfbs,0.03296703296703297,0.0019751624204218388,0.0010648572351783514,0.0010901660425588489,1.8117996188779806,5.534895746921435,0.000999000999000999,0.000864133529830724,0.0004532988532446325,0.0003703676338773221,2.3331777692997693,5.175984012283974,0.000999000999000999
h4_chrX_130740848_130744943,h4,,,chrX,130740848,130744943,promoter,0.18705738705738706,0.03380219638347626,0.03605030104517937,0.034913934767246246,0.9681577458633238,-1.2460034738927985,0.8971028971028971,0.02786164917051792,0.03243613988161087,0.031587351113557816,0.8820508269387375,-4.404678325066643,1.0
h4_chrX_130740848_130744943,h4,,,chrX,130740848,130744943,tfbs,0.027594627594627594,0.0011782899964600801,0.0007489511626772583,0.0007162775727920234,1.6450186927773676,3.5158283553198673,0.001998001998001998,0.0005400495720095932,0.00035275082336738706,0.00032631270005367696,1.6550062928006097,2.341373578235769,0.01998001998001998
h4_chrX_83970161_83974256,h4,,,chrX,83970161,83974256,promoter,0.16874236874236875,0.04558264836668968,0.029384994879364967,0.02860504947602749,1.593517550280425,20.359538568293537,0.000999000999000999,0.04496997967362404,0.02638535015285015,0.025554563850164413,1.7597631459217689,25.718128629540207,0.000999000999000999
h4_chrX_83970161_83974256,h4,,,chrX,83970161,83974256,tfbs,0.03882783882783883,0.0027202549390494823,0.001458650454878807,0.0014321526978164911,1.8994168311779016,7.045795671738306,0.000999000999000999,0.0020830780267715454,0.0007668207981623709,0.0007379977614618838,2.8226075139377405,10.496353884373331,0.000999000999000999
h5_chr10_110104373_110108468,h5,,,chr10,110104373,110108468,promoter,0.1907203907203907,0.033520132303237915,0.037226758897304535,0.03554358705878258,0.9430711719613938,-2.0764682126318235,0.988011988011988,0.030095474794507027,0.03410794585943222,0.032619211822748184,0.9226303491955885,-2.6447550735319547,0.998001998001998
h5_chr10_110104373_110108468,h5,,,chr10,110104373,110108468,tfbs,0.033455433455433455,0.0012193856528028846,0.001100055524148047,0.0011895496863871813,1.0250817319840746,0.16969164271688775,0.44155844155844154,0.0008042756235226989,0.0005090351332910359,0.0006521637551486492,1.233241831017393,1.201690935661489,0.14485514485514486
h5_chr10_19287595_19291690,h5,,,chr10,19287595,19291690,promoter,0.19242979242979244,0.04157043993473053,0.03830559924244881,0.03746570646762848,1.1095597508790784,4.357231955793229,0.000999000999000999,0.03974434733390808,0.03587717562913895,0.03505266085267067,1.1338467998465787,4.829932164379064,0.000999000999000999
h5_chr10_19287595_19291690,h5,,,chr10,19287595,19291690,tfbs,0.01733821733821734,0.00024168859818018973,0.00027122715255245566,0.00024579730234108865,0.9832841771583101,-0.05236901694581396,0.5814185814185814,0.00013427143858280033,9.023002348840237e-05,4.0281429392052814e-05,3.3333335139614224,2.8539352689285002,0.01998001998001998
h5_chr10_4663039_4667134,h5,,,chr10,4663039,4667134,promoter,0.189010989010989,0.04537912830710411,0.03584884852170944,0.036102235317230225,1.2569617340410604,9.680958412149856,0.000999000999000999,0.04040152579545975,0.031584132462739944,0.031379349529743195,1.2875195439333376,9.868076890877079,0.000999000999000999
h5_chr10_4663039_4667134,h5,,,chr10,4663039,4667134,tfbs,0.045177045177045176,0.0031801338773220778,0.0019797116983681917,0.0018369005993008614,1.7312498447289209,6.217402570407624,0.000999000999000999,0.0022952270228415728,0.0008719138568267226,0.0008759747724980116,2.620197630002847,9.165600215921504,0.000999000999000999
h5_chr1_117801428_117805523,h5,,,chr1,117801428,117805523,promoter,0.1702075702075702,0.02702847495675087,0.029035381972789764,0.030097022652626038,0.8980448089071219,-3.456003474015489,1.0,0.025930192321538925,0.02654975838959217,0.028041118755936623,0.9247203204418942,-2.556305532358883,0.996003996003996
h5_chr1_117801428_117805523,h5,,,chr1,117801428,117805523,tfbs,0.027594627594627594,0.000723259465303272,0.0007288914639502764,0.0006662559462711215,1.0855579891649536,0.44171008497833536,0.35564435564435565,0.0005625351332128048,0.0003123437927570194,0.0003313599736429751,1.6976556553535647,2.4504489440829,0.014985014985014986
h5_chr1_188000709_188004804,h5,,,chr1,188000709,188004804,promoter,0.1956043956043956,0.049878671765327454,0.03799949958920479,0.036361608654260635,1.3717399645211508,13.72882520687707,0.000999000999000999,0.04791048914194107,0.035221368074417114,0.03421669080853462,1.4002081443244307,14.457526951731746,0.000999000999000999
h5_chr1_188000709_188004804,h5,,,chr1,188000709,188004804,tfbs,0.028815628815628817,0.0008627662318758667,0.0007077436312101781,0.0005690752295777202,1.516084670415331,2.3911195044855056,0.012987012987012988,0.0006201132200658321,0.0004570001910906285,0.00031294149812310934,1.9815627642387117,3.3461743472193985,0.002997002997002997
h5_chr1_236620149_236624244,h5,,,chr1,236620149,236624244,promoter,0.16092796092796094,0.040147557854652405,0.026735082268714905,0.025566885247826576,1.5702952262464323,17.981720231811057,0.000999000999000999,0.03877430036664009,0.024662796407938004,0.023947007954120636,1.619170981231836,18.692855500132016,0.000999000999000999
h5_chr1_236620149_236624244,h5,,,chr1,236620149,236624244,tfbs,0.02735042735042735,0.0010770639637485147,0.0006990197580307722,0.000602482701651752,1.7877093579544479,3.819413168687652,0.000999000999000999,0.0008077979437075555,0.0002595743571873754,0.00026616943068802357,3.034901271793203,6.389168132836866,0.000999000999000999
h5_chr14_101543080_101547175,h5,,,chr14,101543080,101547175,promoter,0.12112332112332112,0.020621614530682564,0.014535532332956791,0.015204787254333496,1.3562580117525305,8.696204046904736,0.000999000999000999,0.015877295285463333,0.0120043084025383,0.01266118511557579,1.2540133597708072,5.771794124218974,0.000999000999000999
h5_chr14_101543080_101547175,h5,,,chr14,101543080,101547175,tfbs,0.029304029304029304,0.0016443377826362848,0.0008396977791562676,0.000985874910838902,1.6678969761357276,4.173350197953925,0.000999000999000999,0.0009704288677312434,0.00021727012062910944,0.0003080033347941935,3.150708963523657,7.604542391387511,0.000999000999000999
h5_chr14_26677340_26681435,h5,,,chr14,26677340,26681435,promoter,0.17606837606837608,0.03211459517478943,0.031677909195423126,0.032776787877082825,0.979796900636612,-0.7225632446974121,0.7712287712287712,0.0314214751124382,0.030282437801361084,0.03195572644472122,0.9832815150296396,-0.5651023457333374,0.7162837162837162
h5_chr14_26677340_26681435,h5,,,chr14,26677340,26681435,tfbs,0.03467643467643468,0.0009530410752631724,0.0010362053290009499,0.0011557211400941014,0.8246289197284854,-1.1184907836183016,0.8861138861138861,0.0006931207608431578,0.00035002254298888147,0.0003873390087392181,1.789442181667305,2.9135602841520902,0.007992007992007992
h5_chr14_33378322_33382417,h5,,,chr14,33378322,33382417,promoter,0.18803418803418803,0.043812647461891174,0.036165688186883926,0.03419709578156471,1.281180359342389,10.375232328655242,0.000999000999000999,0.04255646467208862,0.03529199957847595,0.03333145007491112,1.276766074576553,10.62153812994712,0.000999000999000999
h5_chr14_33378322_33382417,h5,,,chr14,33378322,33382417,tfbs,0.032722832722832725,0.0011536390520632267,0.0010087896371260285,0.000801368965767324,1.4395853861879944,2.4379452219515834,0.016983016983016984,0.00038454635068774223,0.00027866693562828004,0.00025451843976043165,1.5108781550354498,1.6524749304807276,0.06393606393606394
h5_chr17_22742263_22746358,h5,,,chr17,22742263,22746358,promoter,0.11330891330891331,0.019140813499689102,0.01351166795939207,0.013359933160245419,1.4327027890113704,10.297101117945449,0.000999000999000999,0.01838226057589054,0.012903811410069466,0.012775417417287827,1.4388774922544196,10.264192955442722,0.000999000999000999
h5_chr17_22742263_22746358,h5,,,chr17,22742263,22746358,tfbs,0.011965811965811967,0.00025285090669058263,0.00013325316831469536,0.00012275911285541952,2.059732274119476,2.349345676466316,0.024975024975024976,0.00017699562886264175,5.537465403904207e-05,5.1531016652006656e-05,3.4347397036217684,3.569362688656422,0.002997002997002997
h5_chr17_35243344_35247439,h5,,,chr17,35243344,35247439,promoter,0.14407814407814407,0.02107728272676468,0.021113263443112373,0.020770687609910965,1.0147609517129041,0.42510232976199097,0.35564435564435565,0.018735362216830254,0.018529867753386497,0.018313566222786903,1.0230318873403546,0.5936163955563966,0.27372627372627373
h5_chr17_35243344_35247439,h5,,,chr17,35243344,35247439,tfbs,0.022222222222222223,0.0001672800281085074,0.0005012894398532808,0.0005354633321985602,0.3124023962979349,-3.015448393859734,1.0,5.576001058216207e-05,0.0001293650275329128,0.00010215233487542719,0.545851552489332,-0.8817814797072139,0.8871128871128872
h5_chr17_72349260_72353355,h5,,,chr17,72349260,72353355,promoter,0.12405372405372406,0.01658039540052414,0.015716437250375748,0.015960611402988434,1.0388320962077717,0.9470527654341565,0.17482517482517482,0.016256874427199364,0.014053263701498508,0.01498624961823225,1.0847860432954002,1.9547322980289674,0.027972027972027972
h5_chr17_72349260_72353355,h5,,,chr17,72349260,72353355,tfbs,0.025885225885225887,0.0003235198964830488,0.0006260153604671359,0.0005099482368677855,0.6344171292172307,-1.6388384219855514,0.968031968031968,0.0001617599482415244,0.00016149147995747626,0.0001155505160568282,1.3999067573352093,0.8280866783545852,0.2627372627372627
h5_chr21_12003041_12007136,h5,,,chr21,12003041,12007136,promoter,0.07277167277167278,0.010823504999279976,0.005939460825175047,0.005149997770786285,2.1016523658858746,15.457299240092322,0.000999000999000999,0.010721396654844284,0.005745707545429468,0.00496975053101778,2.157330954125095,16.4471472269972,0.000999000999000999
h5_chr21_12003041_12007136,h5,,,chr21,12003041,12007136,tfbs,0.008791208791208791,0.0005360698560252786,8.117713878164068e-05,6.085669156163931e-05,8.808724928503793,11.906591860039464,0.000999000999000999,0.0005360698560252786,8.117713878164068e-05,5.8584773796610534e-05,9.150327316895662,12.651299791140453,0.000999000999000999
h5_chr21_19112010_19116105,h5,,,chr21,19112010,19116105,promoter,0.21636141636141637,0.06902807950973511,0.04694851487874985,0.04734072834253311,1.4581119033548344,19.677491105975076,0.000999000999000999,0.06805318593978882,0.04613690450787544,0.04637051373720169,1.4675961177715346,19.729997598537047,0.000999000999000999
h5_chr21_19112010_19116105,h5,,,chr21,19112010,19116105,tfbs,0.021001221001221003,0.00037912637344561517,0.00041866814717650414,0.00037362906732596457,1.0147132720668508,0.05569714313516478,0.5134865134865135,0.00037912637344561517,0.0002997837436851114,0.0002189996448578313,1.731173462366726,2.059212662375636,0.03896103896103896
h5_chr21_38658585_38662680,h5,,,chr21,38658585,38662680,promoter,0.16043956043956045,0.027221890166401863,0.02596760354936123,0.025252405554056168,1.0779919603354124,2.3885741466326884,0.00999000999000999,0.02242470718920231,0.019350804388523102,0.018863633275032043,1.1887798528655513,5.098539611889917,0.000999000999000999
h5_chr21_38658585_38662680,h5,,,chr21,38658585,38662680,tfbs,0.024175824175824177,0.0011354282032698393,0.00057112833019346,0.0007104090182110667,1.598273915678949,2.977836110153575,0.003996003996003996,0.0007380283204838634,0.0001447691029170528,0.0002059666730929166,3.5832414506735306,6.944859563318877,0.000999000999000999
h5_chr3_108979737_108983832,h5,,,chr3,108979737,108983832,promoter,0.16776556776556775,0.026846885681152344,0.02863399125635624,0.027143262326717377,0.9890810234231385,-0.3580902918214148,0.6403596403596403,0.02605024166405201,0.027982337400317192,0.02658388577401638,0.9799260305848152,-0.645687225741239,0.7532467532467533
h5_chr3_108979737_108983832,h5,,,chr3,108979737,108983832,tfbs,0.0231990231990232,0.000796643493231386,0.0004955116892233491,0.00043305536382831633,1.839588098364285,3.5111004593131176,0.001998001998001998,0.00026554783107712865,0.00017897904035635293,9.392426727572456e-05,2.827254752997807,3.5979862789167525,0.004995004995004995
h5_chr3_127665795_127669890,h5,,,chr3,127665795,127669890,promoter,0.10378510378510379,0.012456306256353855,0.010895621962845325,0.010562170296907425,1.1793320791278121,3.5728995509419414,0.000999000999000999,0.011069189757108688,0.009225240908563137,0.009095379151403904,1.2170124601567731,4.051624754336747,0.000999000999000999
h5_chr3_127665795_127669890,h5,,,chr3,127665795,127669890,tfbs,0.018315018315018316,0.0005548465996980667,0.00029573592473752797,0.00029492872999981046,1.8812904381964528,3.0086947059436873,0.004995004995004995,8.322698704432696e-05,7.129844016162679e-05,5.234977652435191e-05,1.589825068414794,0.7905293472783784,0.2957042957042957
h5_chr3_17001367_17005462,h5,,,chr3,17001367,17005462,promoter,0.17216117216117216,0.027809640392661095,0.029563305899500847,0.030281873419880867,0.9183593104382807,-2.626656238205287,0.994005994005994,0.026718517765402794,0.028945276513695717,0.029537448659539223,0.9045641711771187,-3.298164391915024,0.997002997002997
h5_chr3_17001367_17005462,h5,,,chr3,17001367,17005462,tfbs,0.04151404151404151,0.0020983130671083927,0.0018000919371843338,0.0019104719394817948,1.0983218458982176,0.8327173058145704,0.2137862137862138,0.0013708977494388819,0.0009364170837216079,0.0009305038256570697,1.4732854520730536,2.7699500050294263,0.003996003996003996
h5_chr7_120066194_120070289,h5,,,chr7,120066194,120070289,promoter,0.17582417582417584,0.03383015841245651,0.03243503347039223,0.030256828293204308,1.1180999569626,3.808805476598397,0.000999000999000999,0.033255793154239655,0.03116338700056076,0.028921887278556824,1.1498486538565573,4.9707928947563085,0.000999000999000999
h5_chr7_120066194_120070289,h5,,,chr7,120066194,120070289,tfbs,0.03540903540903541,0.0004020562337245792,0.0014005920384079218,0.0011607651831582189,0.34637172061851607,-4.2716196227760586,1.0,0.0002871830074582249,0.0006099769379943609,0.00042376722558401525,0.6776904633491732,-1.2590794510191257,0.926073926073926
h5_chr7_137924469_137928564,h5,,,chr7,137924469,137928564,promoter,0.14163614163614163,0.0206692386418581,0.020852362737059593,0.02056075632572174,1.0052761831528856,0.14894038195525808,0.46053946053946054,0.01871367357671261,0.01925368420779705,0.019089901819825172,0.9802917664709074,-0.518428881570172,0.6973026973026973
h5_chr7_137924469_137928564,h5,,,chr7,137924469,137928564,tfbs,0.024664224664224663,0.0005432125763036311,0.0006632645381614566,0.0008796784677542746,0.6175126437849444,-2.227054416899051,0.995004995004995,0.0004617306694854051,0.0003234840405639261,0.0004825357173103839,0.9568839215862723,-0.18813636291261648,0.6153846153846154
h5_chr7_4391321_4395416,h5,,,chr7,4391321,4395416,promoter,0.1514041514041514,0.025349991396069527,0.023630719631910324,0.0221248809248209,1.1457684894308526,4.295309205882592,0.000999000999000999,0.023983489722013474,0.022469764575362206,0.02100050076842308,1.1420437058375148,4.122508107078434,0.000999000999000999
h5_chr7_4391321_4395416,h5,,,chr7,4391321,4395416,tfbs,0.07301587301587302,0.09347983449697495,0.0061801401898264885,0.011497379280626774,8.130534116978259,153.23875111397328,0.000999000999000999,0.0933682844042778,0.005453671794384718,0.01088978722691536,8.573931010654402,156.4700004063669,0.000999000999000999
h5_chrX_127567034_127571129,h5,,,chrX,127567034,127571129,promoter,0.22612942612942613,0.0564817413687706,0.05175194516777992,0.05148645117878914,1.0970214508013978,4.335332748677452,0.000999000999000999,0.055282965302467346,0.04112081974744797,0.041716475039720535,1.3252070135319298,13.469212629304321,0.000999000999000999
h5_chrX_127567034_127571129,h5,,,chrX,127567034,127571129,tfbs,0.03296703296703297,0.0011708949459716678,0.000999159412458539,0.0013532477896660566,0.865248001816882,-0.9800709447556136,0.8471528471528471,0.0008921104017645121,0.0003713394107762724,0.000402955076424405,2.213920245603044,4.7222184292190486,0.000999000999000999
h5_chrX_130740848_130744943,h5,,,chrX,130740848,130744943,promoter,0.18705738705738706,0.0431450679898262,0.03638702630996704,0.03482828661799431,1.2387938707135528,9.297519188171064,0.000999000999000999,0.0382915660738945,0.03278985992074013,0.0314461886882782,1.2176854388769844,8.069605619391202,0.000999000999000999
h5_chrX_130740848_130744943,h5,,,chrX,130740848,130744943,tfbs,0.027594627594627594,0.0015582292107865214,0.0007361905882135034,0.0006678928039036691,2.3330528517137106,6.861251301411063,0.000999000999000999,0.0009196106693707407,0.00034970330307260156,0.000334917102009058,2.7457859388317214,6.549699019073428,0.000999000999000999
h5_chrX_83970161_83974256,h5,,,chrX,83970161,83974256,promoter,0.16874236874236875,0.02734042890369892,0.02969573624432087,0.02871061861515045,0.9522758555007766,-1.6235980843489293,0.9560439560439561,0.024531656876206398,0.026581833139061928,0.02559453248977661,0.9584725521360953,-1.3648513733638004,0.919080919080919
h5_chrX_83970161_83974256,h5,,,chrX,83970161,83974256,tfbs,0.03882783882783883,0.00226763216778636,0.0014804190723225474,0.001275105052627623,1.7783885046282462,5.45041335225309,0.000999000999000999,0.0018553354311734438,0.000802441209089011,0.0006414822419174016,2.8922631211548646,10.001124140019696,0.000999000999000999
h6_chr10_110104373_110108468,h6,,,chr10,110104373,110108468,promoter,0.1907203907203907,0.02786901779472828,0.036869026720523834,0.035541433840990067,0.7841275599462968,-8.032817939635107,1.0,0.027414219453930855,0.0335535891354084,0.03265266492962837,0.8395706602512477,-5.860152408826921,1.0
h6_chr10_110104373_110108468,h6,,,chr10,110104373,110108468,tfbs,0.033455433455433455,0.001162261818535626,0.0010642147390171885,0.0011916973162442446,0.9752995183362604,-0.1690218660579137,0.5894105894105894,0.0007074637687765062,0.0004694470262620598,0.0005517458776012063,1.2822275570998474,1.3364891950329525,0.12087912087912088
h6_chr10_19287595_19291690,h6,,,chr10,19287595,19291690,promoter,0.19242979242979244,0.04200734943151474,0.03843735158443451,0.03720691055059433,1.1290200882008927,4.985113854219885,0.000999000999000999,0.040557097643613815,0.036059942096471786,0.034944891929626465,1.1606016045289096,6.1024612897321235,0.000999000999000999
h6_chr10_19287595_19291690,h6,,,chr10,19287595,19291690,tfbs,0.01733821733821734,0.0004750831285491586,0.00028854954871349037,0.00023394096933770925,2.0307820810272212,3.3158192194965292,0.002997002997002997,0.00030005251755937934,9.651657455833629e-05,6.828695768490434e-05,4.393994515671762,5.680371213363424,0.000999000999000999
h6_chr10_4663039_4667134,h6,,,chr10,4663039,4667134,promoter,0.189010989010989,0.04198639839887619,0.036501284688711166,0.03678024187684059,1.1415476423311333,5.259050849299333,0.000999000999000999,0.037212882190942764,0.03218868747353554,0.03202342987060547,1.1620517334122518,5.761093341110073,0.000999000999000999
h6_chr10_4663039_4667134,h6,,,chr10,4663039,4667134,tfbs,0.045177045177045176,0.00269472599029541,0.0019581711385399103,0.0018917233683168888,1.4244820545262766,3.7353910709388902,0.000999000999000999,0.0018991403048858047,0.0008566677570343018,0.0009049659711308777,2.0985764829505924,6.432847178974569,0.000999000999000999
h6_chr1_117801428_117805523,h6,,,chr1,117801428,117805523,promoter,0.1702075702075702,0.022877555340528488,0.02938917838037014,0.029496287927031517,0.7756079475872837,-7.7546293091660745,1.0,0.02178814820945263,0.026815621182322502,0.02711588330566883,0.8035197660294404,-6.519781559397389,1.0
h6_chr1_117801428_117805523,h6,,,chr1,117801428,117805523,tfbs,0.027594627594627594,0.0009120620088651776,0.0007055875612422824,0.000692356436047703,1.3173301516075413,1.6687905410916979,0.056943056943056944,0.00048136606346815825,0.0003169443516526371,0.0003157254832331091,1.524634814202666,1.8397889890670374,0.04895104895104895
h6_chr1_188000709_188004804,h6,,,chr1,188000709,188004804,promoter,0.1956043956043956,0.04494578018784523,0.03896300494670868,0.03694456070661545,1.2165736803522758,8.671327503197814,0.000999000999000999,0.04312601312994957,0.03627999871969223,0.034620217978954315,1.2456886653967905,9.115503444627704,0.000999000999000999
h6_chr1_188000709_188004804,h6,,,chr1,188000709,188004804,tfbs,0.028815628815628817,0.0023183347657322884,0.0007343796896748245,0.0006120902253314853,3.787570312002229,13.909293912436107,0.000999000999000999,0.0017200548900291324,0.00046017137356102467,0.00034089494147337973,5.045703766077885,15.314162827225088,0.000999000999000999
h6_chr1_236620149_236624244,h6,,,chr1,236620149,236624244,promoter,0.16092796092796094,0.0446346215903759,0.026321804150938988,0.02507079765200615,1.7803430991675795,25.893223789561816,0.000999000999000999,0.04291790351271629,0.024275606498122215,0.023248258978128433,1.8460695724825127,25.948791052141015,0.000999000999000999
h6_chr1_236620149_236624244,h6,,,chr1,236620149,236624244,tfbs,0.02735042735042735,0.001639848342165351,0.0006697673234157264,0.0005878343363292515,2.789643681594769,8.452975361281426,0.000999000999000999,0.0013836220605298877,0.00023290683748200536,0.00023539509857073426,5.877871157602378,14.8667818180191,0.000999000999000999
h6_chr14_101543080_101547175,h6,,,chr14,101543080,101547175,promoter,0.12112332112332112,0.025925740599632263,0.014760980382561684,0.015392654575407505,1.6842930160372227,17.08106644762471,0.000999000999000999,0.023212581872940063,0.01218726672232151,0.012760588899254799,1.81908390405835,18.999606176156707,0.000999000999000999
h6_chr14_101543080_101547175,h6,,,chr14,101543080,101547175,tfbs,0.029304029304029304,0.0017585288733243942,0.0007983660907484591,0.001029467792250216,1.7081922198659492,4.40174454263742,0.000999000999000999,0.0011556047247722745,0.00021428769105114043,0.0002592071541585028,4.4582285104123045,10.9437130471859,0.000999000999000999
h6_chr14_26677340_26681435,h6,,,chr14,26677340,26681435,promoter,0.17606837606837608,0.0370829775929451,0.032006438821554184,0.030784117057919502,1.2046139742508923,7.144968576983667,0.000999000999000999,0.036359407007694244,0.030733469873666763,0.029410652816295624,1.2362665743872407,7.982548664961235,0.000999000999000999
h6_chr14_26677340_26681435,h6,,,chr14,26677340,26681435,tfbs,0.03467643467643468,0.0010595136554911733,0.0010708868503570557,0.0010864665964618325,0.9751921126167765,-0.1663172152261096,0.5984015984015985,0.0006977284792810678,0.00037548228283412755,0.00035152595955878496,1.9848561971264262,3.5263331197698404,0.002997002997002997
h6_chr14_33378322_33382417,h6,,,chr14,33378322,33382417,promoter,0.18803418803418803,0.024787483736872673,0.036249227821826935,0.035163260996341705,0.7049256250565469,-11.704037728795035,1.0,0.023506222292780876,0.03544154390692711,0.034296441823244095,0.6853837028904192,-12.2844800079098,1.0
h6_chr14_33378322_33382417,h6,,,chr14,33378322,33382417,tfbs,0.032722832722832725,0.0012319822562858462,0.0010134250624105334,0.0009270912269130349,1.3288684225693912,2.040067675252263,0.027972027972027972,0.0008870272431522608,0.00026610723580233753,0.00026874462491832674,3.300632499801007,7.539702901897931,0.000999000999000999
h6_chr17_22742263_22746358,h6,,,chr17,22742263,22746358,promoter,0.11330891330891331,0.021244576200842857,0.01370360516011715,0.013256238773465157,1.6026096514923867,14.409409932599305,0.000999000999000999,0.02076801471412182,0.013122453354299068,0.012727483175694942,1.6317456033869673,14.344709732450703,0.000999000999000999
h6_chr17_22742263_22746358,h6,,,chr17,22742263,22746358,tfbs,0.011965811965811967,0.00040131431887857616,0.00012139736645622179,0.0001222503778990358,3.282724567199406,4.997674547544014,0.000999000999000999,0.00037623217212967575,4.840845213038847e-05,4.51980231446214e-05,8.324084682328582,10.360391762601518,0.000999000999000999
h6_chr17_35243344_35247439,h6,,,chr17,35243344,35247439,promoter,0.14407814407814407,0.013097509741783142,0.02141803875565529,0.02074485644698143,0.6313617920305711,-10.911537016096917,1.0,0.011163822375237942,0.01885497011244297,0.017991596832871437,0.6205020309726565,-10.07323923535618,1.0
h6_chr17_35243344_35247439,h6,,,chr17,35243344,35247439,tfbs,0.022222222222222223,0.0004125199920963496,0.0004839433531742543,0.0005722683272324502,0.7208506437728952,-1.2829616817378346,0.919080919080919,0.0001546949933981523,0.0001250466302735731,0.00012213169247843325,1.2666244957300437,0.582465122268824,0.33966033966033965
h6_chr17_72349260_72353355,h6,,,chr17,72349260,72353355,promoter,0.12405372405372406,0.012222474440932274,0.015593825839459896,0.015500918962061405,0.7884999896358955,-5.293938376546499,1.0,0.011264837346971035,0.013997347094118595,0.014254605397582054,0.7902595008965903,-5.074401127429018,1.0
h6_chr17_72349260_72353355,h6,,,chr17,72349260,72353355,tfbs,0.025885225885225887,0.00032761270995251834,0.0006348111783154309,0.0005884176352992654,0.5567690196536965,-2.212193679754504,0.994005994005994,0.00010080391075462103,0.0001630499609746039,0.00015009702474344522,0.6715916649708485,-0.8040425283188829,0.8351648351648352
h6_chr21_12003041_12007136,h6,,,chr21,12003041,12007136,promoter,0.07277167277167278,0.011135801672935486,0.0056000263430178165,0.005118806846439838,2.1754682305859037,16.822998274104158,0.000999000999000999,0.010731780901551247,0.005383368581533432,0.004929372575134039,2.177108899353064,16.085955181195022,0.000999000999000999
h6_chr21_12003041_12007136,h6,,,chr21,12003041,12007136,tfbs,0.008791208791208791,0.0001767587527865544,9.393559594172984e-05,6.0022219258826226e-05,2.944888659053741,2.9374616949368524,0.014985014985014986,0.0001767587527865544,9.393559594172984e-05,6.075450437492691e-05,2.909393379225753,2.9165088533824117,0.014985014985014986
h6_chr21_19112010_19116105,h6,,,chr21,19112010,19116105,promoter,0.21636141636141637,0.02621573954820633,0.04817090928554535,0.04598046839237213,0.5701494670409959,-18.900331533929712,1.0,0.025743607431650162,0.047345422208309174,0.045176129788160324,0.5698497758078648,-19.3702520287381,1.0
h6_chr21_19112010_19116105,h6,,,chr21,19112010,19116105,tfbs,0.021001221001221003,0.0002236413856735453,0.00040255486965179443,0.0004113262111786753,0.5437080827713119,-1.8005195254819117,0.984015984015984,0.00017394329188391566,0.0002996797556988895,0.0002926223387476057,0.5944292996507906,-1.410586278302207,0.951048951048951
h6_chr21_38658585_38662680,h6,,,chr21,38658585,38662680,promoter,0.16043956043956045,0.01899964176118374,0.0260597113519907,0.02515220269560814,0.7553867941952175,-7.79671342202884,1.0,0.011737328954041004,0.018822450190782547,0.01785915158689022,0.6572164918885043,-9.273248498230341,1.0
h6_chr21_38658585_38662680,h6,,,chr21,38658585,38662680,tfbs,0.024175824175824177,0.00033242980134673417,0.0005566926556639373,0.0006235615583136678,0.5331146490905285,-2.3808416620175823,0.997002997002997,0.00017900066450238228,0.0001247891632374376,0.00017278679297305644,1.035962653293153,0.09315905525416207,0.4995004995004995
h6_chr3_108979737_108983832,h6,,,chr3,108979737,108983832,promoter,0.16776556776556775,0.03346648067235947,0.028346657752990723,0.027044015005230904,1.2374819591649509,7.944154748743529,0.000999000999000999,0.031136374920606613,0.02766120247542858,0.026375940069556236,1.180483988001815,5.896832955033787,0.000999000999000999
h6_chr3_108979737_108983832,h6,,,chr3,108979737,108983832,tfbs,0.0231990231990232,0.0006145337247289717,0.0005085222073830664,0.0004354483389761299,1.4112666640867788,1.7180613714304063,0.06893106893106893,0.0002560557040851563,0.00017360426136292517,9.996415610658005e-05,2.5614751732826533,3.155211474919425,0.007992007992007992
h6_chr3_127665795_127669890,h6,,,chr3,127665795,127669890,promoter,0.10378510378510379,0.009125963784754276,0.010792735032737255,0.010531414300203323,0.8665468402072157,-2.6765480730880586,0.995004995004995,0.006940873805433512,0.009218709543347359,0.009011825546622276,0.7701962015936962,-4.386143365638063,1.0
h6_chr3_127665795_127669890,h6,,,chr3,127665795,127669890,tfbs,0.018315018315018316,0.00017994859081227332,0.00031130912248045206,0.0003049871593248099,0.5900202199025334,-1.447497059340054,0.958041958041958,5.141388101037592e-05,7.737741543678567e-05,6.624679372180253e-05,0.7760961417436125,-0.3662426604197988,0.7472527472527473
h6_chr3_17001367_17005462,h6,,,chr3,17001367,17005462,promoter,0.17216117216117216,0.03190649673342705,0.03028511255979538,0.02916574478149414,1.0939716085588163,3.1486542721068775,0.000999000999000999,0.03088793344795704,0.02966608852148056,0.028458965942263603,1.0853498159638417,2.929877376420316,0.001998001998001998
h6_chr3_17001367_17005462,h6,,,chr3,17001367,17005462,tfbs,0.04151404151404151,0.002750121057033539,0.0017911235336214304,0.0019006900256499648,1.4469066601710083,3.889215652764755,0.000999000999000999,0.0019098061602562666,0.0009518367587588727,0.000932851224206388,2.047278398418795,6.553356900462151,0.000999000999000999
h6_chr7_120066194_120070289,h6,,,chr7,120066194,120070289,promoter,0.17582417582417584,0.03830504044890404,0.031814780086278915,0.029889049008488655,1.2815744133587252,9.959261607860086,0.000999000999000999,0.037242453545331955,0.030607063323259354,0.02856164425611496,1.3039324070902698,10.538218993179543,0.000999000999000999
h6_chr7_120066194_120070289,h6,,,chr7,120066194,120070289,tfbs,0.03540903540903541,0.002047427697107196,0.001340928254649043,0.0011745237279683352,1.7431982414257312,4.899592402424316,0.000999000999000999,0.0014772580470889807,0.0006004891474731266,0.0004571465833578259,3.2314756379414415,9.423986615810511,0.000999000999000999
h6_chr7_137924469_137928564,h6,,,chr7,137924469,137928564,promoter,0.14163614163614163,0.02837498113512993,0.020692847669124603,0.020559314638376236,1.380152093307862,10.423431147873517,0.000999000999000999,0.02757965959608555,0.019063198938965797,0.018959645181894302,1.4546506188007682,12.888370923579703,0.000999000999000999
h6_chr7_137924469_137928564,h6,,,chr7,137924469,137928564,tfbs,0.024664224664224663,0.0010262199211865664,0.0006403658189810812,0.0008052747580222785,1.2743723939726113,1.617339036629289,0.059940059940059943,0.0007953204330988228,0.0002981190336868167,0.0004275488608982414,1.8601860648813955,3.4738096671513192,0.002997002997002997
h6_chr7_4391321_4395416,h6,,,chr7,4391321,4395416,promoter,0.1514041514041514,0.032836150377988815,0.023424481973052025,0.022542942315340042,1.4566044626590045,13.434455773620156,0.000999000999000999,0.03198147192597389,0.02221634052693844,0.021347686648368835,1.4981235415696708,14.780081541353912,0.000999000999000999
h6_chr7_4391321_4395416,h6,,,chr7,4391321,4395416,tfbs,0.07301587301587302,0.06371481716632843,0.005537818651646376,0.009979377500712872,6.384648457459095,102.68902040136655,0.000999000999000999,0.06335639953613281,0.004886878188699484,0.00939982384443283,6.74016881429714,108.96360650203289,0.000999000999000999
h6_chrX_127567034_127571129,h6,,,chrX,127567034,127571129,promoter,0.22612942612942613,0.05615036189556122,0.0520339161157608,0.05271220579743385,1.0652250469528775,3.092050622733326,0.001998001998001998,0.050705477595329285,0.04267484322190285,0.04210576042532921,1.2042408706820746,8.217137709762465,0.000999000999000999
h6_chrX_127567034_127571129,h6,,,chrX,127567034,127571129,tfbs,0.03296703296703297,0.0011779796332120895,0.001073520048521459,0.0011312792776152492,1.0412810139113353,0.27077171470904954,0.4115884115884116,0.0009685610421001911,0.0004439624317456037,0.0003684982075355947,2.6284009590647304,6.389459654841224,0.000999000999000999
h6_chrX_130740848_130744943,h6,,,chrX,130740848,130744943,promoter,0.18705738705738706,0.034058962017297745,0.035569172352552414,0.03489876911044121,0.9759359107914152,-0.9025601502371853,0.8211788211788211,0.029879339039325714,0.03211077302694321,0.031566958874464035,0.9465384092953119,-1.9529197756085621,0.978021978021978
h6_chrX_130740848_130744943,h6,,,chrX,130740848,130744943,tfbs,0.027594627594627594,0.0011195422848686576,0.0007147669675759971,0.0006814031512476504,1.6429954613781483,3.3032689520809906,0.003996003996003996,0.0007961189257912338,0.00032566304435022175,0.00030792385223321617,2.585440913451119,5.626154681181169,0.000999000999000999
h6_chrX_83970161_83974256,h6,,,chrX,83970161,83974256,promoter,0.16874236874236875,0.022117339074611664,0.030023079365491867,0.028964176774024963,0.7636101397657007,-8.415715441988668,1.0,0.019456230103969574,0.02670193836092949,0.025940174236893654,0.7500423831501397,-8.187844246385703,1.0
h6_chrX_83970161_83974256,h6,,,chrX,83970161,83974256,tfbs,0.03882783882783883,0.0027866342570632696,0.0015221165958791971,0.0014188988134264946,1.9639414951189047,7.184390124883251,0.000999000999000999,0.0021590138785541058,0.0008091343916021287,0.0007168428273871541,3.011837178344341,10.839044219649764,0.000999000999000999
