label,model_variant,epi_label,sample_index,chrom,window_start_1based,window_end_1based,group,group_position_fraction,top_group_pair_fraction,all_group_pair_fraction,group_background_mean,group_pair_enrichment,group_pair_z,group_pair_empirical_p,top_group_same_motif_fraction,all_group_same_motif_fraction,group_same_motif_background_mean,group_same_motif_enrichment,group_same_motif_z,group_same_motif_empirical_p
h0_chr10_110104373_110108468,h0,,,chr10,110104373,110108468,promoter,0.1907203907203907,0.031808435916900635,0.036189183592796326,0.03594651818275452,0.8848822507700025,-4.454034425367274,1.0,0.03058306872844696,0.03301801159977913,0.032782167196273804,0.932917843574515,-2.4283096288526207,0.997002997002997
h0_chr10_110104373_110108468,h0,,,chr10,110104373,110108468,tfbs,0.033455433455433455,0.002399673219770193,0.001053568092174828,0.0011005820706486702,2.1803673562988846,7.653978891060033,0.000999000999000999,0.000995609094388783,0.0004582395777106285,0.0004992086323909461,1.9943747559419,4.461578885896836,0.000999000999000999
h0_chr10_19287004_19295195,h0,,,chr10,19287004,19295195,promoter,0.18532535709925527,0.03505507856607437,0.03398192301392555,0.03426355496048927,1.0231010356776415,1.6867134466626303,0.052947052947052944,0.030524881556630135,0.030203450471162796,0.03045581839978695,1.0022676506648618,0.15114605465110717,0.4385614385614386
h0_chr10_19287004_19295195,h0,,,chr10,19287004,19295195,tfbs,0.023928702234159445,0.0007415497093461454,0.0005573768867179751,0.0005485580186359584,1.3518163697434942,3.1049667619847194,0.000999000999000999,0.00024268899869639426,0.00022900450858287513,0.00022093462757766247,1.0984651946924198,0.5715536457238635,0.3126873126873127
h0_chr10_19287595_19291690,h0,,,chr10,19287595,19291690,promoter,0.19242979242979244,0.04044165462255478,0.037533074617385864,0.03697153925895691,1.0938590990029495,3.636318876715599,0.000999000999000999,0.03690008074045181,0.03517243266105652,0.03477555140852928,1.0610926138011274,2.253700571317357,0.013986013986013986
h0_chr10_19287595_19291690,h0,,,chr10,19287595,19291690,tfbs,0.01733821733821734,0.00018228692351840436,0.0002752566069830209,0.00026913362671621144,0.6773100996057145,-1.0548953687942886,0.8831168831168831,7.812296826159582e-05,8.749878907110542e-05,8.244576747529209e-05,0.9475679668456994,-0.094549661683795,0.5964035964035964
h0_chr1_117801428_117805523,h0,,,chr1,117801428,117805523,promoter,0.1702075702075702,0.027723848819732666,0.029348915442824364,0.029151715338230133,0.9510194682566437,-1.6516791261342325,0.952047952047952,0.026222463697195053,0.026839299127459526,0.026697780936956406,0.9821963765121994,-0.5848491622096315,0.7382617382617382
h0_chr1_117801428_117805523,h0,,,chr1,117801428,117805523,tfbs,0.027594627594627594,0.0008024643175303936,0.0007240222184918821,0.0007088089478202164,1.1321306256053811,0.6878518041453345,0.26973026973026976,0.000440061092376709,0.00030803948175162077,0.0002994227397721261,1.4696983025124106,1.5930215308417968,0.07392607392607392
h0_chr1_188000709_188004804,h0,,,chr1,188000709,188004804,promoter,0.1956043956043956,0.04300274699926376,0.03770546242594719,0.037558648735284805,1.1449492579551843,5.598198212434048,0.000999000999000999,0.03904906287789345,0.035024117678403854,0.03499360755085945,1.1158913187541417,4.54153614859736,0.000999000999000999
h0_chr1_188000709_188004804,h0,,,chr1,188000709,188004804,tfbs,0.028815628815628817,0.0005134656094014645,0.0007219403050839901,0.0007038587355054915,0.7295009403168208,-1.4297824331832123,0.949050949050949,0.00020538625540211797,0.0004369638627395034,0.00040029778028838336,0.5130836729950218,-1.8930642457585358,0.988011988011988
h0_chr1_236620149_236624244,h0,,,chr1,236620149,236624244,promoter,0.16092796092796094,0.017773432657122612,0.025880513712763786,0.026291919872164726,0.6760036065658087,-10.722281926203145,1.0,0.016595222055912018,0.023957757279276848,0.024421975016593933,0.6795200652132396,-10.287364481734082,1.0
h0_chr1_236620149_236624244,h0,,,chr1,236620149,236624244,tfbs,0.02735042735042735,0.0002506831078790128,0.0007004151120781898,0.0007491664728149772,0.3346160259108718,-3.53047520480158,1.0,7.520493090851232e-05,0.00026271832757629454,0.000252588331932202,0.29773715330880096,-2.2060619359719267,0.999000999000999
h0_chr14_101543080_101547175,h0,,,chr14,101543080,101547175,promoter,0.12112332112332112,0.020046023651957512,0.014506667852401733,0.015004577115178108,1.3359939102635323,8.183060269854302,0.000999000999000999,0.017207875847816467,0.011788202449679375,0.012348043732345104,1.3935710158477386,8.618121104989484,0.000999000999000999
h0_chr14_101543080_101547175,h0,,,chr14,101543080,101547175,tfbs,0.029304029304029304,0.0007670672493986785,0.0008054146310314536,0.0009306826395913959,0.8241985149045538,-1.0882743378464013,0.8901098901098901,0.00020455126650631428,0.00019355519907549024,0.00022050626284908503,0.9276437950712975,-0.21816813180756248,0.6413586413586414
h0_chr14_26677340_26681435,h0,,,chr14,26677340,26681435,promoter,0.17606837606837608,0.02222222276031971,0.03122316114604473,0.03003513626754284,0.7398742114026606,-8.532152732367726,1.0,0.02139611728489399,0.029803913086652756,0.028629768639802933,0.7473381134888998,-8.224194248810212,1.0
h0_chr14_26677340_26681435,h0,,,chr14,26677340,26681435,tfbs,0.03467643467643468,0.0003304419806227088,0.0011562705039978027,0.0010934874881058931,0.30219091138856163,-4.337535751769886,1.0,5.507366222445853e-05,0.00039295025635510683,0.0003501308092381805,0.15729453327540233,-3.051261271801995,1.0
h0_chr14_33378322_33382417,h0,,,chr14,33378322,33382417,promoter,0.18803418803418803,0.032736584544181824,0.03570790961384773,0.0349099263548851,0.93774430262013,-2.4065375178438795,0.995004995004995,0.031722284853458405,0.034910671412944794,0.03401491045951843,0.9325993931752808,-2.491094435652464,0.993006993006993
h0_chr14_33378322_33382417,h0,,,chr14,33378322,33382417,tfbs,0.032722832722832725,0.0008621563902124763,0.0010056780884042382,0.0009608986438252032,0.8972396784538609,-0.6310862172136812,0.7662337662337663,0.0003550055844243616,0.00030327559215947986,0.00027414035866968334,1.2949774566105177,1.016653623887724,0.1938061938061938
h0_chr17_22742263_22746358,h0,,,chr17,22742263,22746358,promoter,0.11330891330891331,0.01334763690829277,0.01311571430414915,0.012903797440230846,1.0343960349748007,0.7653503856761285,0.22977022977022976,0.013272791169583797,0.012526917271316051,0.012366448529064655,1.0732904550881346,1.6021510664888379,0.054945054945054944
h0_chr17_22742263_22746358,h0,,,chr17,22742263,22746358,tfbs,0.011965811965811967,0.0002993862726725638,0.00012349778262432665,0.00012060275912517682,2.482416445894267,3.2318506940270297,0.004995004995004995,0.0001496931363362819,5.5885866458993405e-05,4.675415038946085e-05,3.20170797863595,3.0889918055998598,0.007992007992007992
h0_chr17_35243344_35247439,h0,,,chr17,35243344,35247439,promoter,0.14407814407814407,0.02334912307560444,0.020710930228233337,0.020638788118958473,1.1313223887480242,3.6762849335574534,0.000999000999000999,0.021304134279489517,0.01791963540017605,0.017934974282979965,1.1878541860919665,4.971266883702195,0.000999000999000999
h0_chr17_35243344_35247439,h0,,,chr17,35243344,35247439,tfbs,0.022222222222222223,0.00018120162712875754,0.00048795249313116074,0.0005053196218796074,0.35858814754660145,-2.789371288681122,1.0,0.00010354378900956362,0.00012037024134770036,0.00011304393410682678,0.9159605937963421,-0.18190825829693724,0.6523476523476524
h0_chr17_72349260_72353355,h0,,,chr17,72349260,72353355,promoter,0.12405372405372406,0.011712534353137016,0.01560860313475132,0.015330558642745018,0.7639991879017284,-5.693023156981143,1.0,0.010434328578412533,0.013945904560387135,0.013742559589445591,0.7592711176181612,-5.716761721428476,1.0
h0_chr17_72349260_72353355,h0,,,chr17,72349260,72353355,tfbs,0.025885225885225887,0.000547802250366658,0.0006443152669817209,0.0006244945689104497,0.8771929775504754,-0.6113019484274123,0.7552447552447552,0.00018260075012221932,0.00017268692317884415,0.00015541931497864425,1.1748909725107848,0.4220238457004107,0.3936063936063936
h0_chr21_12003041_12007136,h0,,,chr21,12003041,12007136,promoter,0.07277167277167278,0.006911551579833031,0.005232939962297678,0.005165055859833956,1.338136850286692,5.165607935644947,0.000999000999000999,0.006331561133265495,0.005054593551903963,0.004990309942513704,1.2687711196704106,3.7495008534714076,0.000999000999000999
h0_chr21_12003041_12007136,h0,,,chr21,12003041,12007136,tfbs,0.008791208791208791,0.0002899951650761068,6.766524165868759e-05,6.517641304526478e-05,4.449388229982927,5.801707736864207,0.000999000999000999,0.0002899951650761068,6.766524165868759e-05,6.273562030401081e-05,4.622496177941941,5.480067625537273,0.000999000999000999
h0_chr21_19112010_19116105,h0,,,chr21,19112010,19116105,promoter,0.21636141636141637,0.050899408757686615,0.04625505581498146,0.04680062457919121,1.0875796897017873,3.851948452056281,0.000999000999000999,0.049442268908023834,0.04544131085276604,0.045861899852752686,1.0780684853171483,3.44370179902531,0.000999000999000999
h0_chr21_19112010_19116105,h0,,,chr21,19112010,19116105,tfbs,0.021001221001221003,0.0005275851581245661,0.00042031321208924055,0.00039794997428543866,1.3257574876638731,1.3734676100158647,0.12287712287712288,0.00040196964982897043,0.0003180612693540752,0.0002784644311759621,1.4435224209118658,1.491139740006743,0.0999000999000999
h0_chr21_38658585_38662680,h0,,,chr21,38658585,38662680,promoter,0.16043956043956045,0.0272282175719738,0.02549680322408676,0.02533123455941677,1.0748871125135049,2.397715726890753,0.005994005994005994,0.01681155152618885,0.017995143309235573,0.01746055670082569,0.9628302129332366,-1.016449048935091,0.8461538461538461
h0_chr21_38658585_38662680,h0,,,chr21,38658585,38662680,tfbs,0.024175824175824177,0.00032474022009409964,0.0005515522789210081,0.0005751648568548262,0.5646037239998919,-2.0592389967925073,0.988011988011988,9.99200638034381e-05,0.00010316625412087888,0.0001283473102375865,0.7785131111705722,-0.49306312490085447,0.7432567432567433
h0_chr3_108979737_108983832,h0,,,chr3,108979737,108983832,promoter,0.16776556776556775,0.024529632180929184,0.027853989973664284,0.0275206808000803,0.891316328949886,-3.658296846468403,1.0,0.02392943762242794,0.027178902179002762,0.026903683319687843,0.8894483828880271,-3.5938948210214474,1.0
h0_chr3_108979737_108983832,h0,,,chr3,108979737,108983832,tfbs,0.0231990231990232,0.001435244339518249,0.0004937253543175757,0.0004895487800240517,2.9317698216870953,8.018091249324193,0.000999000999000999,0.00033923957380466163,0.00017275167920161039,0.00016293938097078353,2.081998665905637,2.807584976598934,0.012987012987012988
h0_chr3_127665795_127669890,h0,,,chr3,127665795,127669890,promoter,0.10378510378510379,0.013368038460612297,0.010622737929224968,0.010675705038011074,1.2521925636775382,5.180163175253806,0.000999000999000999,0.011068432591855526,0.008847227320075035,0.008816360495984554,1.2554423786205982,4.698871271734841,0.000999000999000999
h0_chr3_127665795_127669890,h0,,,chr3,127665795,127669890,tfbs,0.018315018315018316,0.00015162235649768263,0.00030198332387953997,0.00029637120314873755,0.5115961162447658,-1.6542199086983675,0.964035964035964,0.0001010815758490935,7.581171666970477e-05,7.356211426667869e-05,1.374098295797355,0.6502125903879834,0.33266733266733267
h0_chr3_17001367_17005462,h0,,,chr3,17001367,17005462,promoter,0.17216117216117216,0.026903189718723297,0.029067374765872955,0.029019221663475037,0.9270817126217042,-2.622973000078935,0.997002997002997,0.026621615514159203,0.028479915112257004,0.02838168665766716,0.9379856748917886,-2.1507457067475966,0.986013986013986
h0_chr3_17001367_17005462,h0,,,chr3,17001367,17005462,tfbs,0.04151404151404151,0.0014846669510006905,0.0016886598896235228,0.0018562431214377284,0.7998235435080085,-1.7076488927626494,0.967032967032967,0.0007423334755003452,0.0008710792753845453,0.0009217221522703767,0.8053766242590968,-1.1322394578621715,0.8881118881118881
h0_chr7_120066194_120070289,h0,,,chr7,120066194,120070289,promoter,0.17582417582417584,0.028619172051548958,0.030987095087766647,0.029952390119433403,0.9554887585742468,-1.5344824409730882,0.9430569430569431,0.02853959985077381,0.02974974550306797,0.028688982129096985,0.9947930436273071,-0.17640246658594283,0.5714285714285714
h0_chr7_120066194_120070289,h0,,,chr7,120066194,120070289,tfbs,0.03540903540903541,0.0016179513186216354,0.0012187843676656485,0.0012363004498183727,1.3087039795701214,2.2240955226027235,0.025974025974025976,0.0006100471946410835,0.0004784955526702106,0.0004768977814819664,1.2791990617892024,1.2085476809250413,0.14985014985014986
h0_chr7_137924469_137928564,h0,,,chr7,137924469,137928564,promoter,0.14163614163614163,0.019973672926425934,0.020231636241078377,0.020022351294755936,0.9975687986084456,-0.07001318825278548,0.5344655344655345,0.017973773181438446,0.018593471497297287,0.018495924770832062,0.9717693710445316,-0.7857811779110816,0.8021978021978022
h0_chr7_137924469_137928564,h0,,,chr7,137924469,137928564,tfbs,0.024664224664224663,0.00043035796261392534,0.0005933952052146196,0.0007005974766798317,0.6142727842147168,-2.097279040940195,0.987012987012987,0.0002531517529860139,0.0002653063856996596,0.00035400738124735653,0.7151030356881979,-1.1067626779751905,0.9080919080919081
h0_chr7_4391321_4395416,h0,,,chr7,4391321,4395416,promoter,0.1514041514041514,0.026999149471521378,0.023099064826965332,0.022715412080287933,1.1885828606627304,5.621341621816419,0.000999000999000999,0.02627710811793804,0.021976809948682785,0.021654892712831497,1.2134490097181443,6.1688440694843365,0.000999000999000999
h0_chr7_4391321_4395416,h0,,,chr7,4391321,4395416,tfbs,0.07301587301587302,0.022125376388430595,0.006216756999492645,0.00625818083062768,3.5354325781301332,38.81590314291286,0.000999000999000999,0.02140333689749241,0.005344379227608442,0.005492044612765312,3.897152773985855,41.872288670326895,0.000999000999000999
h0_chrX_127567034_127571129,h0,,,chrX,127567034,127571129,promoter,0.22612942612942613,0.0535849891602993,0.05067029967904091,0.05122578516602516,1.04605500894965,2.099325028536882,0.01998001998001998,0.05035795643925667,0.04084630683064461,0.04108951613306999,1.2255670345732588,8.755635054742449,0.000999000999000999
h0_chrX_127567034_127571129,h0,,,chrX,127567034,127571129,tfbs,0.03296703296703297,0.00035253280657343566,0.0010546143166720867,0.0010362295433878899,0.34020725313510264,-4.161446650933754,1.0,0.00018982535402756184,0.00038317564758472145,0.0003855895483866334,0.4922990128280723,-1.9412481794683132,0.983016983016983
h0_chrX_130740848_130744943,h0,,,chrX,130740848,130744943,promoter,0.18705738705738706,0.04221560060977936,0.03516785427927971,0.03483523800969124,1.2118648535725487,8.11652844620502,0.000999000999000999,0.03834692761301994,0.031703557819128036,0.03148327022790909,1.2180096710228787,7.62034976641676,0.000999000999000999
h0_chrX_130740848_130744943,h0,,,chrX,130740848,130744943,tfbs,0.027594627594627594,0.00039209536043927073,0.0007253771764226258,0.0007286699838005006,0.5380973131268995,-2.4106007420686204,0.998001998001998,0.00028753658989444375,0.000342953106155619,0.00033772480674088,0.8513931584393702,-0.5240428346930472,0.7412587412587412
h0_chrX_83970161_83974256,h0,,,chrX,83970161,83974256,promoter,0.16874236874236875,0.03018389269709587,0.02844073437154293,0.0284659992903471,1.0603489583916106,2.08846966434108,0.023976023976023976,0.02648065984249115,0.02548092231154442,0.02542191557586193,1.0416469114402416,1.403269821196408,0.09090909090909091
h0_chrX_83970161_83974256,h0,,,chrX,83970161,83974256,tfbs,0.03882783882783883,0.0014204184990376234,0.001476735807955265,0.0013893215218558908,1.022382851408069,0.16338088040447504,0.45754245754245754,0.0007609385065734386,0.0007540940423496068,0.0007258845726028085,1.0482913334897546,0.2611080688637618,0.4305694305694306
h1_chr10_110104373_110108468,h1,,,chr10,110104373,110108468,promoter,0.1907203907203907,0.028473803773522377,0.036175381392240524,0.03600873053073883,0.7907472258489017,-8.059331556843231,1.0,0.026626169681549072,0.03305262699723244,0.032849837094545364,0.8105419093834801,-7.0758183196960225,1.0
h1_chr10_110104373_110108468,h1,,,chr10,110104373,110108468,tfbs,0.033455433455433455,0.0007339913863688707,0.0010602374095469713,0.0011107821483165026,0.6607878848983173,-2.3495509124668135,0.994005994005994,0.00022779042774345726,0.0004948112182319164,0.0005125031457282603,0.44446639916672126,-2.55573280741672,1.0
h1_chr10_19287595_19291690,h1,,,chr10,19287595,19291690,promoter,0.19242979242979244,0.024779081344604492,0.03796454146504402,0.03708464652299881,0.668176285008871,-12.61929076300484,1.0,0.023280451074242592,0.03563983365893364,0.03476887568831444,0.6695773335594795,-12.465027943263397,1.0
h1_chr10_19287595_19291690,h1,,,chr10,19287595,19291690,tfbs,0.01733821733821734,0.00012919229629915208,0.00027931632939726114,0.00027269910788163543,0.4737540115284417,-1.7242892760405726,0.977022977022977,5.167691415408626e-05,9.405286255059764e-05,7.971164450282231e-05,0.6482981812306804,-0.63453828554819,0.8181818181818182
h1_chr10_4663039_4667134,h1,,,chr10,4663039,4667134,promoter,0.189010989010989,0.02903284877538681,0.03674763813614845,0.0362677238881588,0.8005147735467862,-7.7210742223000235,1.0,0.02521754987537861,0.03251425176858902,0.031785640865564346,0.793362952222196,-7.411044240617658,1.0
h1_chr10_4663039_4667134,h1,,,chr10,4663039,4667134,tfbs,0.045177045177045176,0.0019076488679274917,0.0019444840727373958,0.001919277710840106,0.9939410316459497,-0.051916921802770945,0.5344655344655345,0.0010975514305755496,0.0008255107095465064,0.0008495831862092018,1.2918704705924913,1.6659711859616204,0.06893106893106893
h1_chr1_117801428_117805523,h1,,,chr1,117801428,117805523,promoter,0.1702075702075702,0.03682597726583481,0.028951382264494896,0.02894645743072033,1.272210160914271,9.838229586830916,0.000999000999000999,0.032013777643442154,0.02642321027815342,0.026584910228848457,1.2042086043496432,6.534072870070375,0.000999000999000999
h1_chr1_117801428_117805523,h1,,,chr1,117801428,117805523,tfbs,0.027594627594627594,0.0003799103433266282,0.0007522207451984286,0.0007393561536446214,0.5138394283375854,-2.5570906494952577,0.999000999000999,0.0002532735525164753,0.00033938579144887626,0.00032740674214437604,0.7735746394763907,-0.7942298534522279,0.8301698301698301
h1_chr1_188000709_188004804,h1,,,chr1,188000709,188004804,promoter,0.1956043956043956,0.04081844165921211,0.03855864331126213,0.03713071718811989,1.0993173509794776,3.777375642338029,0.000999000999000999,0.039031337946653366,0.03588004782795906,0.03483377397060394,1.1205027046334894,4.582779738172446,0.000999000999000999
h1_chr1_188000709_188004804,h1,,,chr1,188000709,188004804,tfbs,0.028815628815628817,0.0012173012364655733,0.0007718255510553718,0.0006761201657354832,1.8004214312131832,4.143519653309541,0.000999000999000999,0.0007252007490023971,0.0004612823249772191,0.0003674436593428254,1.9736379457449933,3.7387054161765154,0.001998001998001998
h1_chr1_236620149_236624244,h1,,,chr1,236620149,236624244,promoter,0.16092796092796094,0.029055440798401833,0.026099033653736115,0.0255447905510664,1.1374311619552064,4.392646472744731,0.000999000999000999,0.02831108868122101,0.02401636727154255,0.023754850029945374,1.1918024590991751,6.154252283385499,0.000999000999000999
h1_chr1_236620149_236624244,h1,,,chr1,236620149,236624244,tfbs,0.02735042735042735,0.0009496919810771942,0.000715354923158884,0.0006398357218131423,1.484274710992992,2.450501236692266,0.012987012987012988,0.0005133470403961837,0.0002392216701991856,0.0002571098739281297,1.9966057022752866,3.2904551300528415,0.000999000999000999
h1_chr14_101543080_101547175,h1,,,chr14,101543080,101547175,promoter,0.12112332112332112,0.014286447316408157,0.014642435126006603,0.014664127491414547,0.9742446200616087,-0.61734541403461,0.7412587412587412,0.013055299408733845,0.012086523696780205,0.011924541555345058,1.0948261069946068,2.1164861679117255,0.022977022977022976
h1_chr14_101543080_101547175,h1,,,chr14,101543080,101547175,tfbs,0.029304029304029304,0.0012824458535760641,0.0008158910204656422,0.000834538834169507,1.5367120151482137,3.212551646989312,0.002997002997002997,0.0001538935030112043,0.00019390556553844362,0.00020219042198732495,0.7611315189838799,-0.6998448567890574,0.8201798201798202
h1_chr14_26677340_26681435,h1,,,chr14,26677340,26681435,promoter,0.17606837606837608,0.04800313338637352,0.03118022345006466,0.030886191874742508,1.5541939770706585,19.26802694237535,0.000999000999000999,0.046149831265211105,0.029875077307224274,0.02967110462486744,1.5553796142302299,18.940476087731874,0.000999000999000999
h1_chr14_26677340_26681435,h1,,,chr14,26677340,26681435,tfbs,0.03467643467643468,0.0012529365485534072,0.0011467022122815251,0.0011114852968603373,1.1272632684324604,0.8598178722275049,0.21678321678321677,0.0006003654561936855,0.0003662242670543492,0.00035134429344907403,1.7087667777382192,2.646286607837631,0.012987012987012988
h1_chr14_33378322_33382417,h1,,,chr14,33378322,33382417,promoter,0.18803418803418803,0.037172362208366394,0.03531695529818535,0.034728147089481354,1.0703813858132776,2.683063668944059,0.004995004995004995,0.03686787933111191,0.03455473110079765,0.03396640717983246,1.085421815027943,3.2963021596911006,0.001998001998001998
h1_chr14_33378322_33382417,h1,,,chr14,33378322,33382417,tfbs,0.032722832722832725,0.0018269011052325368,0.001007330371066928,0.0009563319617882371,1.9103210791119327,5.546590201518351,0.000999000999000999,0.0010403187479823828,0.0002854525810107589,0.00026647382765077055,3.904018481491477,9.408305664474565,0.000999000999000999
h1_chr17_22742263_22746358,h1,,,chr17,22742263,22746358,promoter,0.11330891330891331,0.015094148926436901,0.013260588981211185,0.013089429587125778,1.1531555921491707,3.557649602129085,0.000999000999000999,0.01501842588186264,0.012686104513704777,0.012577768415212631,1.1940453493878984,4.203758202206638,0.000999000999000999
h1_chr17_22742263_22746358,h1,,,chr17,22742263,22746358,tfbs,0.011965811965811967,0.0004543389368336648,0.00013756321277469397,0.00011954161163885146,3.8006760207171486,6.249722024092445,0.000999000999000999,0.0003281336685176939,5.452046752907336e-05,4.7831792471697554e-05,6.860158308134765,8.151405983511367,0.000999000999000999
h1_chr17_35243344_35247439,h1,,,chr17,35243344,35247439,promoter,0.14407814407814407,0.023241205140948296,0.021187929436564445,0.020507987588644028,1.133275756116497,3.9450254253962935,0.000999000999000999,0.021407034248113632,0.018600525334477425,0.01784444786608219,1.1996467701756703,5.704686715462794,0.000999000999000999
h1_chr17_35243344_35247439,h1,,,chr17,35243344,35247439,tfbs,0.022222222222222223,0.00022613065084442496,0.00045401451643556356,0.0004843466740567237,0.4668776786478809,-2.326073002858553,0.998001998001998,7.537688361480832e-05,0.00010653134813765064,0.00010680904961191118,0.705716265510169,-0.6199455381219154,0.8041958041958042
h1_chr17_72349260_72353355,h1,,,chr17,72349260,72353355,promoter,0.12405372405372406,0.01421135850250721,0.015742190182209015,0.015640659257769585,0.9086163356859551,-2.2366501402141865,0.991008991008991,0.01393070351332426,0.014187871478497982,0.014286855235695839,0.9750713703963536,-0.6064177019767764,0.7292707292707292
h1_chr17_72349260_72353355,h1,,,chr17,72349260,72353355,tfbs,0.025885225885225887,0.0005357962800189853,0.0006381072453223169,0.0005714904982596636,0.9375418867866108,-0.28310425233231196,0.6553446553446554,0.00015308464935515076,0.0001579321688041091,0.00014328723773360252,1.0683760241073488,0.1684186064371107,0.4975024975024975
h1_chr21_12003041_12007136,h1,,,chr21,12003041,12007136,promoter,0.07277167277167278,0.0067886291071772575,0.005264243111014366,0.005190730560570955,1.3078369273766621,4.44188307109901,0.000999000999000999,0.0067886291071772575,0.005092279054224491,0.004988768603652716,1.3607825189981162,5.3296167852749825,0.000999000999000999
h1_chr21_12003041_12007136,h1,,,chr21,12003041,12007136,tfbs,0.008791208791208791,0.0002745401579886675,9.259596845367923e-05,6.396786193363369e-05,4.291845149889509,5.39236893768463,0.000999000999000999,0.0002745401579886675,9.259596845367923e-05,6.399281846825033e-05,4.290171374853243,5.402916211910017,0.000999000999000999
h1_chr21_19112010_19116105,h1,,,chr21,19112010,19116105,promoter,0.21636141636141637,0.03431113064289093,0.04852118343114853,0.04617293179035187,0.7431005420812473,-11.636289218136021,1.0,0.03431113064289093,0.04758768156170845,0.04535733163356781,0.7564627240438927,-10.63881021672257,1.0
h1_chr21_19112010_19116105,h1,,,chr21,19112010,19116105,tfbs,0.021001221001221003,0.0005030180909670889,0.00041353655979037285,0.00041231600334867835,1.2199819722779657,0.8515506028788367,0.23076923076923078,0.0004500688228290528,0.00029995961813256145,0.0002959070261567831,1.520980521059303,1.7554075637541489,0.06693306693306693
h1_chr21_38658585_38662680,h1,,,chr21,38658585,38662680,promoter,0.16043956043956045,0.01913771592080593,0.025817139074206352,0.02535766176879406,0.7547113805405122,-7.778743803031791,1.0,0.012314467690885067,0.018561046570539474,0.017033247277140617,0.7229665307220448,-6.8597138531533455,1.0
h1_chr21_38658585_38662680,h1,,,chr21,38658585,38662680,tfbs,0.024175824175824177,0.000570869364310056,0.0005387971759773791,0.0005653509288094938,1.0097610797459602,0.044532590638108584,0.5154845154845155,0.00010873701830860227,0.00011934004578506574,0.00012292720202822238,0.8845643316898871,-0.2601715601590471,0.6643356643356644
h1_chr3_108979737_108983832,h1,,,chr3,108979737,108983832,promoter,0.16776556776556775,0.02920486591756344,0.02805424854159355,0.027693195268511772,1.0545863572041647,1.8740828773683653,0.026973026973026972,0.02831602282822132,0.027399301528930664,0.027145007625222206,1.0431392475245078,1.4679420910476486,0.06993006993006994
h1_chr3_108979737_108983832,h1,,,chr3,108979737,108983832,tfbs,0.0231990231990232,0.0008888437296263874,0.0004921619547531009,0.0004867053939960897,1.8262458986298569,3.7142543786551516,0.000999000999000999,0.00035553748602978885,0.00018487818306311965,0.00016082993533927947,2.2106424732420815,3.1216971138383944,0.005994005994005994
h1_chr3_127665795_127669890,h1,,,chr3,127665795,127669890,promoter,0.10378510378510379,0.008685819804668427,0.010940143838524818,0.010655753314495087,0.8151295875865531,-3.7585527031089643,1.0,0.007914889603853226,0.009246686473488808,0.008916636928915977,0.8876541309185573,-2.0273236950211504,0.981018981018981
h1_chr3_127665795_127669890,h1,,,chr3,127665795,127669890,tfbs,0.018315018315018316,5.139538552612066e-05,0.0003150498087052256,0.00027352620963938534,0.18789930805490235,-2.746790230456689,0.999000999000999,0.0,7.966186240082607e-05,5.992702062940225e-05,0.0,-1.5161485151649698,1.0
h1_chr3_17001367_17005462,h1,,,chr3,17001367,17005462,promoter,0.17216117216117216,0.025050358846783638,0.029642513021826744,0.02952161617577076,0.8485429353743577,-5.262427044910754,1.0,0.024766283109784126,0.029026838019490242,0.028860855847597122,0.8581271200190725,-4.835858050996746,1.0
h1_chr3_17001367_17005462,h1,,,chr3,17001367,17005462,tfbs,0.04151404151404151,0.0030731884762644768,0.0017491461476311088,0.0018418470863252878,1.6685361662654998,5.582908937839047,0.000999000999000999,0.0020143587607890368,0.000883482804056257,0.000900960760191083,2.2357896700870916,7.285945752971695,0.000999000999000999
h1_chr7_120066194_120070289,h1,,,chr7,120066194,120070289,promoter,0.17582417582417584,0.03548895940184593,0.031462643295526505,0.030275261029601097,1.1722098569900763,6.044859996749823,0.000999000999000999,0.03403887152671814,0.03023819625377655,0.029097815975546837,1.1698084679387504,5.715628669618521,0.000999000999000999
h1_chr7_120066194_120070289,h1,,,chr7,120066194,120070289,tfbs,0.03540903540903541,0.0009667243575677276,0.0012710019946098328,0.0012056069681420922,0.8018569758745704,-1.4084766229552026,0.929070929070929,0.0004833621787838638,0.0005380642833188176,0.000442886957898736,1.0913895073297286,0.36946370342387097,0.3916083916083916
h1_chr7_137924469_137928564,h1,,,chr7,137924469,137928564,promoter,0.14163614163614163,0.01247907429933548,0.02089320309460163,0.02047118730843067,0.6095921116503198,-11.264379237572495,1.0,0.011667427606880665,0.019223755225539207,0.01896299421787262,0.6152734886078337,-10.604501229565585,1.0
h1_chr7_137924469_137928564,h1,,,chr7,137924469,137928564,tfbs,0.024664224664224663,0.00025363973691128194,0.0006094928830862045,0.0007947547710500658,0.31914213811659375,-4.037776329002645,1.0,0.00020291178952902555,0.0002894013305194676,0.0004201542178634554,0.48294597769566894,-2.1822965107971433,0.996003996003996
h1_chr7_4391321_4395416,h1,,,chr7,4391321,4395416,promoter,0.1514041514041514,0.027628550305962563,0.023511206731200218,0.022390451282262802,1.2339434322991631,6.938250856373043,0.000999000999000999,0.026993410661816597,0.022369269281625748,0.021260302513837814,1.26966258566863,7.710441868679404,0.000999000999000999
h1_chr7_4391321_4395416,h1,,,chr7,4391321,4395416,tfbs,0.07301587301587302,0.07912774384021759,0.005926694720983505,0.00912406388670206,8.672423255994836,148.59605393030694,0.000999000999000999,0.07904835045337677,0.005035110283643007,0.00849977508187294,9.300052023959948,151.57069667678564,0.000999000999000999
h1_chrX_127567034_127571129,h1,,,chrX,127567034,127571129,promoter,0.22612942612942613,0.052654482424259186,0.05083262547850609,0.05124509707093239,1.0275028331271567,1.2831773417680599,0.1008991008991009,0.038652535527944565,0.04108968749642372,0.041364334523677826,0.9344411308205389,-2.74170829004451,0.999000999000999
h1_chrX_127567034_127571129,h1,,,chrX,127567034,127571129,tfbs,0.03296703296703297,0.0008447243017144501,0.0010305570904165506,0.0011081502307206392,0.762283197978598,-1.6144787931282971,0.9600399600399601,0.0002559770655352622,0.00038524300907738507,0.00036786464625038207,0.6958457904134525,-1.1247935682078143,0.903096903096903
h1_chrX_130740848_130744943,h1,,,chrX,130740848,130744943,promoter,0.18705738705738706,0.02726902812719345,0.03564002737402916,0.03494144603610039,0.7804207100936796,-8.300243432247337,1.0,0.02551383711397648,0.03214870020747185,0.03169068321585655,0.8050895255300313,-6.938373615176448,1.0
h1_chrX_130740848_130744943,h1,,,chrX,130740848,130744943,tfbs,0.027594627594627594,0.0006105006323195994,0.0007661841227672994,0.0007253256044350564,0.8416918258319417,-0.8469205302811168,0.8291708291708292,0.000381562887923792,0.0003729169548023492,0.0003285256680101156,1.1614401097939273,0.5836013604432417,0.31368631368631367
h1_chrX_83970161_83974256,h1,,,chrX,83970161,83974256,promoter,0.16874236874236875,0.02563316933810711,0.028951864689588547,0.028346557170152664,0.9042780463335208,-3.2745639636066586,0.998001998001998,0.023743873462080956,0.025846760720014572,0.025320976972579956,0.9377155347439065,-1.9288683644860944,0.98001998001998
h1_chrX_83970161_83974256,h1,,,chrX,83970161,83974256,tfbs,0.03882783882783883,0.00224673212505877,0.0015379992546513677,0.001329554826952517,1.68983789123501,4.933786163687433,0.000999000999000999,0.001404207549057901,0.000864741625264287,0.0006891340017318726,2.0376407861591024,5.715450151128383,0.000999000999000999
h2_chr10_110104373_110108468,h2,,,chr10,110104373,110108468,promoter,0.1907203907203907,0.04183625057339668,0.036426324397325516,0.03576793149113655,1.1696580939762729,6.257556304720568,0.000999000999000999,0.03879697620868683,0.03323059901595116,0.03271761164069176,1.1858132138360002,6.602187300699704,0.000999000999000999
h2_chr10_110104373_110108468,h2,,,chr10,110104373,110108468,tfbs,0.033455433455433455,0.002008562907576561,0.0010256879031658173,0.0011140123242512345,1.8029988213340318,5.22205929049775,0.000999000999000999,0.0008721391204744577,0.000463290634797886,0.0005117871332913637,1.7041052104331496,3.097761462284718,0.003996003996003996
h2_chr10_19287595_19291690,h2,,,chr10,19287595,19291690,promoter,0.19242979242979244,0.056209780275821686,0.03757116198539734,0.03692453354597092,1.5222881612259422,19.81182575510913,0.000999000999000999,0.05343744531273842,0.03512537479400635,0.034610528498888016,1.5439650196169434,19.97660621363404,0.000999000999000999
h2_chr10_19287595_19291690,h2,,,chr10,19287595,19291690,tfbs,0.01733821733821734,0.0004578172229230404,0.00030063645681366324,0.000256479368545115,1.7850060436440518,2.6128198174856347,0.01098901098901099,0.00010173716145800427,9.894042159430683e-05,6.971539551159367e-05,1.459321297848556,0.787502773503203,0.2777222777222777
h2_chr10_4663039_4667134,h2,,,chr10,4663039,4667134,promoter,0.189010989010989,0.07906529307365417,0.03536923974752426,0.03656895086169243,2.1620880886817706,46.25405564716636,0.000999000999000999,0.0623813271522522,0.03129999339580536,0.03199412673711777,1.9497743340461589,33.61391245580693,0.000999000999000999
h2_chr10_4663039_4667134,h2,,,chr10,4663039,4667134,tfbs,0.045177045177045176,0.0055950782261788845,0.0018980357563123107,0.00188351608812809,2.9705497401614904,17.293021556696385,0.000999000999000999,0.0039241500198841095,0.0008083804277703166,0.0008740475168451667,4.489630076460996,20.760180663827942,0.000999000999000999
h2_chr1_117801428_117805523,h2,,,chr1,117801428,117805523,promoter,0.1702075702075702,0.03942742943763733,0.029820198193192482,0.028910093009471893,1.3637946244143737,12.328171443059505,0.000999000999000999,0.03662021830677986,0.02723556011915207,0.0265022125095129,1.3817796643821767,12.442915822171102,0.000999000999000999
h2_chr1_117801428_117805523,h2,,,chr1,117801428,117805523,tfbs,0.027594627594627594,0.0009610278066247702,0.0007144425180740654,0.0007072152802720666,1.3588900486639113,1.8710503494757114,0.03496503496503497,0.0003287726722192019,0.00030044521554373205,0.00030105459154583514,1.0920699482809475,0.31861581406801165,0.42157842157842157
h2_chr1_188000709_188004804,h2,,,chr1,188000709,188004804,promoter,0.1956043956043956,0.03827653080224991,0.03760639578104019,0.037593282759189606,1.0181747374241554,0.6890019018102416,0.23676323676323677,0.03264763206243515,0.0349339134991169,0.034823790192604065,0.9375094405826311,-2.4058745739087013,0.994005994005994
h2_chr1_188000709_188004804,h2,,,chr1,188000709,188004804,tfbs,0.028815628815628817,0.0006652338779531419,0.0007361160824075341,0.0006991607951931655,0.951474800255855,-0.25923499080840146,0.6253746253746254,0.000383788748877123,0.00043343089055269957,0.0004235748783685267,0.9060706110696485,-0.38066409691300285,0.6833166833166833
h2_chr1_236620149_236624244,h2,,,chr1,236620149,236624244,promoter,0.16092796092796094,0.03770924359560013,0.02603185549378395,0.025318989530205727,1.4893660566750795,15.65806081063586,0.000999000999000999,0.03488888218998909,0.02396540343761444,0.023448776453733444,1.4878764467232655,15.163546664551655,0.000999000999000999
h2_chr1_236620149_236624244,h2,,,chr1,236620149,236624244,tfbs,0.02735042735042735,0.0004961742088198662,0.0007126684649847448,0.0006663097883574665,0.7446599427017201,-1.3317077143434792,0.9340659340659341,0.00026114433421753347,0.0002512228093110025,0.0002422374818706885,1.0780508953479704,0.23596935902996172,0.43756243756243757
h2_chr14_101543080_101547175,h2,,,chr14,101543080,101547175,promoter,0.12112332112332112,0.013155519030988216,0.014947587624192238,0.014685351401567459,0.8958259609357421,-2.4587459687562885,0.995004995004995,0.011788376607000828,0.012404689565300941,0.011918565258383751,0.9890768185129207,-0.22918279473153694,0.5954045954045954
h2_chr14_101543080_101547175,h2,,,chr14,101543080,101547175,tfbs,0.029304029304029304,0.003275982104241848,0.0008218374568969011,0.000829906843136996,3.947409436773458,16.98899207022759,0.000999000999000999,0.000877034617587924,0.00020249291264917701,0.00017999846022576094,4.87245622261387,10.100347776983291,0.000999000999000999
h2_chr14_26677340_26681435,h2,,,chr14,26677340,26681435,promoter,0.17606837606837608,0.04288151487708092,0.0318831242620945,0.03070611134171486,1.396514016375155,14.178200319120236,0.000999000999000999,0.04117555916309357,0.030508283525705338,0.029427677392959595,1.3992119939762757,13.845077352937565,0.000999000999000999
h2_chr14_26677340_26681435,h2,,,chr14,26677340,26681435,tfbs,0.03467643467643468,0.0010080644860863686,0.0011437601642683148,0.0011360628996044397,0.8873315785924896,-0.7650246380825018,0.7962037962037962,0.00028432588442228734,0.0003665202239062637,0.0003618692862801254,0.7857143316722073,-0.834622095156381,0.8371628371628371
h2_chr14_33378322_33382417,h2,,,chr14,33378322,33382417,promoter,0.18803418803418803,0.03122365102171898,0.03605060651898384,0.034814294427633286,0.8968629562957826,-3.9245775085618018,1.0,0.030380457639694214,0.035281505435705185,0.0340096578001976,0.8932891303457249,-3.8255513483143515,1.0
h2_chr14_33378322_33382417,h2,,,chr14,33378322,33382417,tfbs,0.032722832722832725,0.0009198456536978483,0.0009990634862333536,0.0009730178862810135,0.9453532834978033,-0.3519222258553379,0.6583416583416584,0.0003066152276005596,0.00025577048654668033,0.0002753149310592562,1.1136890629973375,0.35852474702339904,0.3996003996003996
h2_chr17_22742263_22746358,h2,,,chr17,22742263,22746358,promoter,0.11330891330891331,0.02393355965614319,0.013003207743167877,0.012883981689810753,1.8576213652236833,19.448204217394164,0.000999000999000999,0.022775890305638313,0.012409270741045475,0.012322260066866875,1.8483533200926374,19.230480941915793,0.000999000999000999
h2_chr17_22742263_22746358,h2,,,chr17,22742263,22746358,tfbs,0.011965811965811967,0.00020133383804932237,0.0001306159538216889,0.00012085063644917682,1.6659725092469198,1.467220083337473,0.11588411588411589,0.00017616710101719946,5.6373744882876053e-05,4.947778506902978e-05,3.56052925108545,3.585808334819522,0.004995004995004995
h2_chr17_35243344_35247439,h2,,,chr17,35243344,35247439,promoter,0.14407814407814407,0.013768675737082958,0.020946113392710686,0.020573383197188377,0.6692470365770773,-9.56600020620615,1.0,0.013395829126238823,0.01822648197412491,0.017819542437791824,0.7517493321169035,-6.428698155653896,1.0
h2_chr17_35243344_35247439,h2,,,chr17,35243344,35247439,tfbs,0.022222222222222223,0.00029295054264366627,0.00046339191612787545,0.0004570560995489359,0.6409509531385233,-1.5226303160681223,0.958041958041958,5.326373502612114e-05,0.0001235711679328233,0.00010666063462849706,0.4993757557475698,-0.9566102577314649,0.903096903096903
h2_chr17_72349260_72353355,h2,,,chr17,72349260,72353355,promoter,0.12405372405372406,0.016974763944745064,0.01570998877286911,0.015285372734069824,1.110523389914446,2.6206464012875186,0.005994005994005994,0.01493477076292038,0.014065146446228027,0.013696519657969475,1.0904062590988517,2.1174574694278463,0.015984015984015984
h2_chr17_72349260_72353355,h2,,,chr17,72349260,72353355,tfbs,0.025885225885225887,0.0009570341790094972,0.0006261026137508452,0.0006215433240868151,1.5397706675002785,2.7211818422601945,0.00999000999000999,0.0002770362189039588,0.00015715528570581228,0.00015302473912015557,1.810401510872232,2.0634824433974224,0.04495504495504495
h2_chr21_12003041_12007136,h2,,,chr21,12003041,12007136,promoter,0.07277167277167278,0.015786387026309967,0.005356444511562586,0.005051108542829752,3.125331180760185,29.941333515159336,0.000999000999000999,0.015786387026309967,0.005157264415174723,0.004899186547845602,3.2222465652490757,30.52188081594821,0.000999000999000999
h2_chr21_12003041_12007136,h2,,,chr21,12003041,12007136,tfbs,0.008791208791208791,0.0007395884022116661,7.599964737892151e-05,6.294152262853459e-05,11.750405317909694,17.03088611294676,0.000999000999000999,0.0007395884022116661,7.599964737892151e-05,6.370661139953882e-05,11.609288046625254,16.58970510351501,0.000999000999000999
h2_chr21_19112010_19116105,h2,,,chr21,19112010,19116105,promoter,0.21636141636141637,0.06259045004844666,0.04672719165682793,0.04694211483001709,1.3333538609219893,14.664070837085221,0.000999000999000999,0.062332022935152054,0.04582321643829346,0.046003617346286774,1.3549374273321844,15.049076470609062,0.000999000999000999
h2_chr21_19112010_19116105,h2,,,chr21,19112010,19116105,tfbs,0.021001221001221003,0.0006460616132244468,0.0004155503702349961,0.00038843811489641666,1.6632291952007068,2.613481629530985,0.00999000999000999,0.00020673971448559314,0.000297190883429721,0.00025731342611834407,0.8034548278507202,-0.6308589288192376,0.7662337662337663
h2_chr21_38658585_38662680,h2,,,chr21,38658585,38662680,promoter,0.16043956043956045,0.03852205350995064,0.025560162961483,0.02534705214202404,1.5197843636453154,15.606449462556279,0.000999000999000999,0.03304215893149376,0.01845882087945938,0.017937850207090378,1.842035614637535,21.733801394350117,0.000999000999000999
h2_chr21_38658585_38662680,h2,,,chr21,38658585,38662680,tfbs,0.024175824175824177,0.0003526667132973671,0.0005729469703510404,0.0005826325505040586,0.6052986792314661,-1.9039360654862756,0.986013986013986,0.00010851283150259405,0.00013021522318013012,0.00011182246817043051,0.9704027578537062,-0.0602579162757364,0.5984015984015985
h2_chr3_108979737_108983832,h2,,,chr3,108979737,108983832,promoter,0.16776556776556775,0.037100572139024734,0.028354501351714134,0.02731444500386715,1.358276623734148,12.264378737366549,0.000999000999000999,0.03648607060313225,0.027711832895874977,0.02675381489098072,1.363770765096849,11.832086285359564,0.000999000999000999
h2_chr3_108979737_108983832,h2,,,chr3,108979737,108983832,tfbs,0.0231990231990232,0.0005120852147229016,0.0005082461284473538,0.0004709391505457461,1.0873702348370773,0.3888120365598294,0.37162837162837165,0.0002560426073614508,0.00018819188699126244,0.00012748362496495247,2.00843525928794,2.2658164143662334,0.028971028971028972
h2_chr3_127665795_127669890,h2,,,chr3,127665795,127669890,promoter,0.10378510378510379,0.007241939194500446,0.010994555428624153,0.010665645822882652,0.6789967822635924,-6.576914415446954,1.0,0.005298330448567867,0.009349659085273743,0.008926408365368843,0.5935568071390758,-7.746072587261823,1.0
h2_chr3_127665795_127669890,h2,,,chr3,127665795,127669890,tfbs,0.018315018315018316,0.0002662477781996131,0.00029686951893381774,0.00028155703330412507,0.9456264511496837,-0.17462479233050776,0.6113886113886113,2.6624777092365548e-05,7.721269503235817e-05,6.134348222985864e-05,0.43402780743030706,-0.8602840141890808,0.8951048951048951
h2_chr3_17001367_17005462,h2,,,chr3,17001367,17005462,promoter,0.17216117216117216,0.05747653543949127,0.028729071840643883,0.02835945039987564,2.0267154203998015,34.88754808105403,0.000999000999000999,0.0531071312725544,0.028208525851368904,0.02785489335656166,1.9065637980640184,28.651896708965896,0.000999000999000999
h2_chr3_17001367_17005462,h2,,,chr3,17001367,17005462,tfbs,0.04151404151404151,0.0030747654382139444,0.0016484889201819897,0.0017957708332687616,1.7122259595992468,5.7503680675379645,0.000999000999000999,0.0017801272915676236,0.0008401575614698231,0.0008841029484756291,2.0134841701828052,5.685313715500177,0.000999000999000999
h2_chr7_120066194_120070289,h2,,,chr7,120066194,120070289,promoter,0.17582417582417584,0.03610089793801308,0.03161182627081871,0.03046383708715439,1.1850410647460972,6.371060518384664,0.000999000999000999,0.03566377982497215,0.030406411737203598,0.029301071539521217,1.2171493379301481,7.432621628987188,0.000999000999000999
h2_chr7_120066194_120070289,h2,,,chr7,120066194,120070289,tfbs,0.03540903540903541,0.0016456249868497252,0.001247584936209023,0.0011901982361450791,1.3826478118298369,2.4901802914233016,0.00999000999000999,0.0007970996084623039,0.000518884276971221,0.00046134061994962394,1.727789780464905,3.093424490295535,0.002997002997002997
h2_chr7_137924469_137928564,h2,,,chr7,137924469,137928564,promoter,0.14163614163614163,0.021428009495139122,0.020551247522234917,0.019907012581825256,1.0764050812276327,2.09093386036925,0.01998001998001998,0.019589820876717567,0.01891525648534298,0.01839998923242092,1.0646648011184785,1.7258521801417956,0.05094905094905095
h2_chr7_137924469_137928564,h2,,,chr7,137924469,137928564,tfbs,0.024664224664224663,0.0007090150029398501,0.0006152690621092916,0.0006511120591312647,1.0889293064020984,0.4545383928934525,0.3546453546453546,0.00021007852046750486,0.0002815059560816735,0.0003184527740813792,0.6596850069009612,-1.1933095133601592,0.9180819180819181
h2_chr7_4391321_4395416,h2,,,chr7,4391321,4395416,promoter,0.1514041514041514,0.010425860993564129,0.023662518709897995,0.022497737780213356,0.4634181932164584,-15.576948191971317,1.0,0.008688217028975487,0.022632334381341934,0.021411076188087463,0.40578142605505146,-16.45296066953266,1.0
h2_chr7_4391321_4395416,h2,,,chr7,4391321,4395416,tfbs,0.07301587301587302,0.028188437223434448,0.005688768345862627,0.0058740898966789246,4.7987752518686415,54.978751171600805,0.000999000999000999,0.025513019412755966,0.004867655225098133,0.00477449269965291,5.343608424537057,58.00430451198817,0.000999000999000999
h2_chrX_127567034_127571129,h2,,,chrX,127567034,127571129,promoter,0.22612942612942613,0.050492025911808014,0.05102292820811272,0.0508672334253788,0.9926237876860119,-0.3488993136237645,0.6543456543456544,0.04688733443617821,0.0413038469851017,0.04069552198052406,1.1521497244492258,6.136265324579447,0.000999000999000999
h2_chrX_127567034_127571129,h2,,,chrX,127567034,127571129,tfbs,0.03296703296703297,0.00028942798962816596,0.001026162994094193,0.001019286341033876,0.2839516021911912,-4.4285917117129845,1.0,0.00013155817578081042,0.00038362707709893584,0.0003727306320797652,0.3529577782398541,-2.4856231033399814,1.0
h2_chrX_130740848_130744943,h2,,,chrX,130740848,130744943,promoter,0.18705738705738706,0.030862366780638695,0.03528006374835968,0.034875959157943726,0.8849180789801776,-4.451450596691221,1.0,0.02920681983232498,0.031853362917900085,0.03151984512805939,0.9266168572105287,-2.6549580955617222,0.9920079920079921
h2_chrX_130740848_130744943,h2,,,chrX,130740848,130744943,tfbs,0.027594627594627594,0.00037064493517391384,0.0007617903756909072,0.0007346429629251361,0.5045239032823683,-2.6694375845012726,0.999000999000999,0.00019767729099839926,0.00037459429586306214,0.00033869536127895117,0.5836433373399268,-1.5556043732013598,0.961038961038961
h2_chrX_83970161_83974256,h2,,,chrX,83970161,83974256,promoter,0.16874236874236875,0.022322529926896095,0.030642777681350708,0.028596319258213043,0.7806085015813679,-7.662246289067402,1.0,0.021779881790280342,0.027144649997353554,0.025601623579859734,0.8507226786747276,-4.947715364611003,1.0
h2_chrX_83970161_83974256,h2,,,chrX,83970161,83974256,tfbs,0.03882783882783883,0.004291845485568047,0.0014550454216077924,0.0014212174573913217,3.0198372974152954,15.813477525153152,0.000999000999000999,0.0027872330974787474,0.0007893109577707946,0.0007305510807782412,3.8152473807985676,16.001282510822882,0.000999000999000999
h3_chr10_110104373_110108468,h3,,,chr10,110104373,110108468,promoter,0.1907203907203907,0.029401564970612526,0.03659750148653984,0.03584979474544525,0.8201320308632456,-7.178691510344973,1.0,0.027444763109087944,0.03339482098817825,0.032756537199020386,0.8378407931931433,-5.737696851476686,1.0
h3_chr10_110104373_110108468,h3,,,chr10,110104373,110108468,tfbs,0.033455433455433455,0.0013623302802443504,0.0010370939271524549,0.0011275389697402716,1.2082334329944826,1.4093611763951595,0.0969030969030969,0.0008421678212471306,0.00046442585880868137,0.0005293272552080452,1.591015412414627,2.8138247327956525,0.006993006993006993
h3_chr10_19287595_19291690,h3,,,chr10,19287595,19291690,promoter,0.19242979242979244,0.04484958201646805,0.03754712641239166,0.03713972494006157,1.2075905809439658,8.047488409140481,0.000999000999000999,0.044146452099084854,0.03517831489443779,0.03487230837345123,1.2659457936169822,10.10837533932799,0.000999000999000999
h3_chr10_19287595_19291690,h3,,,chr10,19287595,19291690,tfbs,0.01733821733821734,0.00022600572265218943,0.0002762313815765083,0.0002573452075012028,0.8782200564241441,-0.39663082599000793,0.7032967032967034,0.0001506704866187647,8.412500756094232e-05,7.787153299432248e-05,1.9348596441494212,1.599535234647592,0.1068931068931069
h3_chr10_4663039_4667134,h3,,,chr10,4663039,4667134,promoter,0.189010989010989,0.05079829320311546,0.03545939177274704,0.03681400790810585,1.3798631577935447,14.73184119047663,0.000999000999000999,0.041011929512023926,0.03129637986421585,0.03212275728583336,1.276725068993714,10.005435693795233,0.000999000999000999
h3_chr10_4663039_4667134,h3,,,chr10,4663039,4667134,tfbs,0.045177045177045176,0.004262617789208889,0.00194997014477849,0.0018877594266086817,2.258030196605395,11.139668939618675,0.000999000999000999,0.0036572753451764584,0.0008247836376540363,0.0008762075449340045,4.173982940824736,18.65754311310562,0.000999000999000999
h3_chr1_117801428_117805523,h3,,,chr1,117801428,117805523,promoter,0.1702075702075702,0.023574087768793106,0.029301268979907036,0.02913648821413517,0.8090915966103444,-6.5546932461453125,1.0,0.02155204303562641,0.026791458949446678,0.0266741793602705,0.8079739865484602,-6.505961543409387,1.0
h3_chr1_117801428_117805523,h3,,,chr1,117801428,117805523,tfbs,0.027594627594627594,0.0008877271902747452,0.0007262128056026995,0.0007024141377769411,1.2638230675201076,1.441630704999615,0.1008991008991009,0.0003452272212598473,0.00031440454768016934,0.00031018670415505767,1.1129658900120794,0.4014093534700978,0.3836163836163836
h3_chr1_188000709_188004804,h3,,,chr1,188000709,188004804,promoter,0.1956043956043956,0.04213782399892807,0.038312118500471115,0.03725199028849602,1.1311563133296765,5.347758143517551,0.000999000999000999,0.04099690541625023,0.03581784665584564,0.03473421558737755,1.1803031887424729,6.782747397388843,0.000999000999000999
h3_chr1_188000709_188004804,h3,,,chr1,188000709,188004804,tfbs,0.028815628815628817,0.0009634399903006852,0.0007484341040253639,0.0006739262607879937,1.4295925924806303,2.2086816217295766,0.023976023976023976,0.000684549449943006,0.0004525592376012355,0.00038390548434108496,1.7831197465645234,3.1014864397668163,0.002997002997002997
h3_chr1_236620149_236624244,h3,,,chr1,236620149,236624244,promoter,0.16092796092796094,0.028118081390857697,0.027065090835094452,0.02536841481924057,1.1083893728169272,3.6760211523938073,0.000999000999000999,0.02710947021842003,0.024849334731698036,0.02339574508368969,1.158735065775672,5.009997566510473,0.000999000999000999
h3_chr1_236620149_236624244,h3,,,chr1,236620149,236624244,tfbs,0.02735042735042735,0.0006888068746775389,0.0007232511416077614,0.0006575645529665053,1.0475121743866644,0.25409615659555773,0.43356643356643354,0.0005658056470565498,0.00025043185451067984,0.0002319803024875,2.4390245248819675,4.376258443835261,0.001998001998001998
h3_chr14_101543080_101547175,h3,,,chr14,101543080,101547175,promoter,0.12112332112332112,0.019256291911005974,0.015288358554244041,0.014675573445856571,1.3121321617890644,7.290075960384879,0.000999000999000999,0.018079379573464394,0.012817841954529285,0.012044297531247139,1.5010738091250346,11.711949661237451,0.000999000999000999
h3_chr14_101543080_101547175,h3,,,chr14,101543080,101547175,tfbs,0.029304029304029304,0.0015525228809565306,0.0009022169979289174,0.0008814072352834046,1.761413815099144,4.402168997214873,0.000999000999000999,0.0011017904616892338,0.00021384771389421076,0.00021848005417268723,5.042979625125759,12.27866847210445,0.000999000999000999
h3_chr14_26677340_26681435,h3,,,chr14,26677340,26681435,promoter,0.17606837606837608,0.05586995929479599,0.03154050558805466,0.03066759929060936,1.821791095069635,29.009067937337882,0.000999000999000999,0.0543990433216095,0.030228903517127037,0.029430877417325974,1.8483663449865328,30.68447136918395,0.000999000999000999
h3_chr14_26677340_26681435,h3,,,chr14,26677340,26681435,tfbs,0.03467643467643468,0.0010969559662044048,0.0011231254320591688,0.0011154296807944775,0.9834380284941723,-0.10758804797589765,0.5804195804195804,0.000523547176271677,0.00035251930239610374,0.00035967689473181963,1.455604137880587,1.7351122845878255,0.059940059940059943
h3_chr14_33378322_33382417,h3,,,chr14,33378322,33382417,promoter,0.18803418803418803,0.052095524966716766,0.03597477450966835,0.034775953739881516,1.4980329614072652,18.912894766867026,0.000999000999000999,0.04938117787241936,0.035196077078580856,0.033948179334402084,1.4546046015014986,16.87255806731411,0.000999000999000999
h3_chr14_33378322_33382417,h3,,,chr14,33378322,33382417,tfbs,0.032722832722832725,0.0012451129732653499,0.001005061436444521,0.0009803272550925612,1.270099313058258,1.704341111454241,0.04595404595404595,0.0008964813314378262,0.0002858797088265419,0.0002723311190493405,3.291879879784885,7.686787685017752,0.000999000999000999
h3_chr17_22742263_22746358,h3,,,chr17,22742263,22746358,promoter,0.11330891330891331,0.031200531870126724,0.012928729876875877,0.012951947748661041,2.4089451621940183,31.434078814331876,0.000999000999000999,0.030434560030698776,0.01239638403058052,0.012411504983901978,2.452124868835257,33.525745530928894,0.000999000999000999
h3_chr17_22742263_22746358,h3,,,chr17,22742263,22746358,tfbs,0.011965811965811967,0.0004595822829287499,0.0001304694451391697,0.00012125312787247822,3.790271566537171,6.201271511510091,0.000999000999000999,0.00020425880211405456,5.259628960629925e-05,4.754123438033275e-05,4.296455588005388,4.442515435241904,0.000999000999000999
h3_chr17_35243344_35247439,h3,,,chr17,35243344,35247439,promoter,0.14407814407814407,0.02090214565396309,0.021143600344657898,0.020578300580382347,1.0157372117447574,0.46256679267853557,0.3256743256743257,0.019565820693969727,0.018665580078959465,0.01791694574058056,1.0920287964959667,2.4035260764423874,0.008991008991008992
h3_chr17_35243344_35247439,h3,,,chr17,35243344,35247439,tfbs,0.022222222222222223,0.00037820529541932046,0.0004430078261066228,0.0005214947741478682,0.7252331455043144,-1.2747638196601572,0.9200799200799201,0.00012606843665707856,0.0001283386372961104,0.00011182270827703178,1.1273956658673847,0.2791773988588324,0.46353646353646355
h3_chr17_72349260_72353355,h3,,,chr17,72349260,72353355,promoter,0.12405372405372406,0.008982254192233086,0.015718501061201096,0.015295660123229027,0.5872420098163678,-10.27736606571371,1.0,0.007010539993643761,0.014090006239712238,0.013731847517192364,0.5105314477798066,-11.758904501301593,1.0
h3_chr17_72349260_72353355,h3,,,chr17,72349260,72353355,tfbs,0.025885225885225887,9.736861102283001e-05,0.0006190226413309574,0.0006215038010850549,0.1566661553040201,-4.340830880603667,1.0,0.0,0.00016041522030718625,0.00015367200830951333,0.0,-2.5697803822661047,1.0
h3_chr21_12003041_12007136,h3,,,chr21,12003041,12007136,promoter,0.07277167277167278,0.017943954095244408,0.005550642032176256,0.0050759753212332726,3.535075125401653,36.10927837122746,0.000999000999000999,0.017689429223537445,0.005374766420572996,0.004894118290394545,3.6144261691131687,37.06791601390398,0.000999000999000999
h3_chr21_12003041_12007136,h3,,,chr21,12003041,12007136,tfbs,0.008791208791208791,0.0007890249253250659,9.239192149834707e-05,6.243477400857955e-05,12.63758759207875,18.512863113308704,0.000999000999000999,0.0007890249253250659,9.239192149834707e-05,6.0983988078078255e-05,12.938231004421544,18.82337511574,0.000999000999000999
h3_chr21_19112010_19116105,h3,,,chr21,19112010,19116105,promoter,0.21636141636141637,0.056496888399124146,0.04811551049351692,0.04636039957404137,1.218645415445438,9.623983268515262,0.000999000999000999,0.055814072489738464,0.04723011329770088,0.045477062463760376,1.227301621212131,9.932884915029732,0.000999000999000999
h3_chr21_19112010_19116105,h3,,,chr21,19112010,19116105,tfbs,0.021001221001221003,0.0005057913367636502,0.0004228467878419906,0.00038816951564513147,1.3030166367470488,1.1786518015579142,0.14985014985014986,0.00035405391827225685,0.00031966407550498843,0.0002646047214511782,1.3380483777103833,1.1239831511380076,0.16383616383616384
h3_chr21_38658585_38662680,h3,,,chr21,38658585,38662680,promoter,0.16043956043956045,0.040819525718688965,0.02608858421444893,0.02514757215976715,1.62319946670617,20.25668945513815,0.000999000999000999,0.03603721410036087,0.019455503672361374,0.018112683668732643,1.9896120729238362,25.712848763827058,0.000999000999000999
h3_chr21_38658585_38662680,h3,,,chr21,38658585,38662680,tfbs,0.024175824175824177,0.0007578529184684157,0.0005354653694666922,0.0006445408216677606,1.1758028242609337,0.8535979049944493,0.2087912087912088,0.00044425862142816186,0.00012569977843668312,0.00015376573719549924,2.889191243321828,4.477113254317172,0.000999000999000999
h3_chr3_108979737_108983832,h3,,,chr3,108979737,108983832,promoter,0.16776556776556775,0.03038368746638298,0.028346387669444084,0.02726815454661846,1.114255363869165,3.818686536645678,0.000999000999000999,0.028475292026996613,0.027677690610289574,0.026664573699235916,1.0679072670797127,2.2197524613012067,0.017982017982017984
h3_chr3_108979737_108983832,h3,,,chr3,108979737,108983832,tfbs,0.0231990231990232,0.000527320196852088,0.000514265731908381,0.00046994275180622935,1.1220945419954407,0.5456618652263845,0.33166833166833165,0.00020088389283046126,0.00017627663328312337,0.000142928896821104,1.4054813078274595,0.971573161912983,0.22477522477522477
h3_chr3_127665795_127669890,h3,,,chr3,127665795,127669890,promoter,0.10378510378510379,0.019734526053071022,0.01081918552517891,0.010492080822587013,1.8808972583004862,18.896308672078046,0.000999000999000999,0.018452411517500877,0.009182368405163288,0.008862009271979332,2.082192756877981,20.50733372254012,0.000999000999000999
h3_chr3_127665795_127669890,h3,,,chr3,127665795,127669890,tfbs,0.018315018315018316,0.0007290461799129844,0.0003139894106425345,0.00028618835494853556,2.5474348180382345,5.2393900827107895,0.000999000999000999,0.00025139524950645864,8.11998252174817e-05,6.056111669749953e-05,4.151099966702535,5.065487560577215,0.000999000999000999
h3_chr3_17001367_17005462,h3,,,chr3,17001367,17005462,promoter,0.17216117216117216,0.042238861322402954,0.029752150177955627,0.028690824285149574,1.4722080098711514,16.271500883017115,0.000999000999000999,0.04028429836034775,0.029172632843255997,0.028111636638641357,1.4330114919376213,14.896229228059154,0.000999000999000999
h3_chr3_17001367_17005462,h3,,,chr3,17001367,17005462,tfbs,0.04151404151404151,0.004340652376413345,0.0017344928346574306,0.001828658627346158,2.3736810750253152,11.720117003668127,0.000999000999000999,0.0028430004604160786,0.0008782885270193219,0.0009056225535459816,3.139277449842938,13.014350570342428,0.000999000999000999
h3_chr7_120066194_120070289,h3,,,chr7,120066194,120070289,promoter,0.17582417582417584,0.03866150975227356,0.03181641176342964,0.0301869735121727,1.2807348751501557,9.941556727808793,0.000999000999000999,0.03634526953101158,0.030525242909789085,0.02887691929936409,1.2586269731277033,9.306351392352031,0.000999000999000999
h3_chr7_120066194_120070289,h3,,,chr7,120066194,120070289,tfbs,0.03540903540903541,0.002365522552281618,0.0013071828288957477,0.0012017838889732957,1.9683427061936436,7.020083361584604,0.000999000999000999,0.001626296667382121,0.0005558914854191244,0.00046694427146576345,3.4828495963278177,10.798698898539378,0.000999000999000999
h3_chr7_137924469_137928564,h3,,,chr7,137924469,137928564,promoter,0.14163614163614163,0.028696365654468536,0.020667169243097305,0.02006104402244091,1.430452254746457,12.003815880373606,0.000999000999000999,0.027230489999055862,0.019074328243732452,0.018484584987163544,1.473145868190486,13.40834908833384,0.000999000999000999
h3_chr7_137924469_137928564,h3,,,chr7,137924469,137928564,tfbs,0.024664224664224663,0.0007702054572291672,0.00058088602963835,0.0007193966885097325,1.0706269149287964,0.38107041921487456,0.3966033966033966,0.000596288125962019,0.0002874615602195263,0.0003616238827817142,1.6489179900818507,2.4289139190770914,0.013986013986013986
h3_chr7_4391321_4395416,h3,,,chr7,4391321,4395416,promoter,0.1514041514041514,0.033918626606464386,0.02284102700650692,0.02275974676012993,1.4902901584951886,15.000088885661741,0.000999000999000999,0.0334940180182457,0.021702570840716362,0.02165134809911251,1.5469714802478567,16.320648360976474,0.000999000999000999
h3_chr7_4391321_4395416,h3,,,chr7,4391321,4395416,tfbs,0.07301587301587302,0.07128406316041946,0.005675788037478924,0.00787651352584362,9.05020513537232,144.76337674639637,0.000999000999000999,0.07118415832519531,0.004861036315560341,0.007286859676241875,9.768838908382525,154.40164755518035,0.000999000999000999
h3_chrX_127567034_127571129,h3,,,chrX,127567034,127571129,promoter,0.22612942612942613,0.03296179324388504,0.05185278505086899,0.05144113302230835,0.640767248061791,-16.662475233753998,1.0,0.03250991553068161,0.041719868779182434,0.04106416925787926,0.7916856987054162,-8.739443426686266,1.0
h3_chrX_127567034_127571129,h3,,,chrX,127567034,127571129,tfbs,0.03296703296703297,0.0007782296743243933,0.001006438280455768,0.0010388109367340803,0.7491542944003564,-1.5608818616839804,0.9600399600399601,0.00037656273343600333,0.00038033275632187724,0.0003615253372117877,1.0415943079956425,0.15589121187170168,0.45854145854145856
h3_chrX_130740848_130744943,h3,,,chrX,130740848,130744943,promoter,0.18705738705738706,0.025818655267357826,0.03652290627360344,0.03508347272872925,0.735920741569445,-10.470240285194485,1.0,0.021544206887483597,0.0329631045460701,0.03177725896239281,0.6779756212762201,-12.070781563770208,1.0
h3_chrX_130740848_130744943,h3,,,chrX,130740848,130744943,tfbs,0.027594627594627594,0.0003930527891498059,0.000776518601924181,0.0007190900505520403,0.5465974516655627,-2.4736055276007427,0.999000999000999,0.00022109219571575522,0.0003522706974763423,0.00032770776306279004,0.6746626739916233,-1.2209908543584265,0.9210789210789211
h3_chrX_83970161_83974256,h3,,,chrX,83970161,83974256,promoter,0.16874236874236875,0.03332088142633438,0.02938946895301342,0.028424084186553955,1.1722763416981739,6.129474299458662,0.000999000999000999,0.03180176764726639,0.0263158418238163,0.025449208915233612,1.249617139502918,7.961099087906082,0.000999000999000999
h3_chrX_83970161_83974256,h3,,,chrX,83970161,83974256,tfbs,0.03882783882783883,0.0029386128298938274,0.0015290931332856417,0.0014293113490566611,2.0559641059544504,8.251042374351051,0.000999000999000999,0.0023907357826828957,0.0008285493240691721,0.0007264101295731962,3.291165259613846,11.929839706152633,0.000999000999000999
h4_chr10_110104373_110108468,h4,,,chr10,110104373,110108468,promoter,0.1907203907203907,0.0507601760327816,0.036835506558418274,0.03594585880637169,1.4121286211635582,15.818163364711145,0.000999000999000999,0.04911721497774124,0.03381984680891037,0.032783422619104385,1.4982332854141476,17.989800888128585,0.000999000999000999
h4_chr10_110104373_110108468,h4,,,chr10,110104373,110108468,tfbs,0.033455433455433455,0.0012751348549500108,0.001067176926881075,0.0010703286388888955,1.1913489078211752,1.2658015002717022,0.1038961038961039,0.000980873010121286,0.0004813576233573258,0.0004686120664700866,2.0931450133367386,4.930412413909884,0.000999000999000999
h4_chr10_19287595_19291690,h4,,,chr10,19287595,19291690,promoter,0.19242979242979244,0.09086008369922638,0.03932807594537735,0.036636512726545334,2.4800418199571936,58.47818098989582,0.000999000999000999,0.08600833266973495,0.0368892140686512,0.03427603468298912,2.509284795198906,56.36050925693697,0.000999000999000999
h4_chr10_19287595_19291690,h4,,,chr10,19287595,19291690,tfbs,0.01733821733821734,0.0006370987393893301,0.0002815484185703099,0.00027419751859270036,2.323502935618072,4.514089706610385,0.000999000999000999,0.0003185493696946651,9.752504411153495e-05,8.929183968575671e-05,3.5675081935340405,4.98586945496763,0.000999000999000999
h4_chr10_4663039_4667134,h4,,,chr10,4663039,4667134,promoter,0.189010989010989,0.04243239387869835,0.037322789430618286,0.036337364464998245,1.1677344932258669,6.790479925791732,0.000999000999000999,0.037576571106910706,0.03302725777029991,0.031813960522413254,1.1811346493762584,6.608929357125887,0.000999000999000999
h4_chr10_4663039_4667134,h4,,,chr10,4663039,4667134,tfbs,0.045177045177045176,0.0019423278281465173,0.0019380926387384534,0.001933786552399397,1.0044168658306796,0.038117441844229785,0.5024975024975025,0.0013695901725441217,0.0008237453876063228,0.0008566163596697152,1.5988372823888088,3.478856580733999,0.000999000999000999
h4_chr1_117801428_117805523,h4,,,chr1,117801428,117805523,promoter,0.1702075702075702,0.0375453382730484,0.029882440343499184,0.02867821976542473,1.309193477843214,10.611695216515287,0.000999000999000999,0.033918242901563644,0.027312610298395157,0.02616991102695465,1.2960778837432163,9.847504647805085,0.000999000999000999
h4_chr1_117801428_117805523,h4,,,chr1,117801428,117805523,tfbs,0.027594627594627594,0.0006371924537234008,0.0007256600656546652,0.0007346583879552782,0.8673316253787733,-0.7378177813233997,0.7962037962037962,0.000465640623588115,0.0003259466029703617,0.0003034751280210912,1.5343617337752746,1.8959723088256686,0.04195804195804196
h4_chr1_188000709_188004804,h4,,,chr1,188000709,188004804,promoter,0.1956043956043956,0.05255984514951706,0.038484860211610794,0.03748684003949165,1.402087908560612,15.94144876003142,0.000999000999000999,0.0514199323952198,0.03578922152519226,0.03478794917464256,1.478096111302259,18.235412753881757,0.000999000999000999
h4_chr1_188000709_188004804,h4,,,chr1,188000709,188004804,tfbs,0.028815628815628817,0.00029736830038018525,0.0007488715345971286,0.0007068940321914852,0.4206688511123735,-3.1195950325284896,1.0,0.0001734648394631222,0.00046166370157152414,0.00042179215233772993,0.41125667820445483,-2.550892020246087,0.999000999000999
h4_chr1_236620149_236624244,h4,,,chr1,236620149,236624244,promoter,0.16092796092796094,0.03914651647210121,0.026767991483211517,0.025648146867752075,1.52629024911429,17.47648695067626,0.000999000999000999,0.03650081902742386,0.024708010256290436,0.023728718981146812,1.538254933038099,17.283613418239437,0.000999000999000999
h4_chr1_236620149_236624244,h4,,,chr1,236620149,236624244,tfbs,0.02735042735042735,0.0010533793829381466,0.0006820057751610875,0.0007042943616397679,1.4956521595396906,2.7005545894120075,0.007992007992007992,0.0006614242447540164,0.0002618764992803335,0.0002421547833364457,2.7314110241425418,5.6020656028592875,0.000999000999000999
h4_chr14_101543080_101547175,h4,,,chr14,101543080,101547175,promoter,0.12112332112332112,0.03719431534409523,0.014956075698137283,0.014336773194372654,2.594329619352172,37.711112348868255,0.000999000999000999,0.03542077913880348,0.012420431710779667,0.01163400150835514,3.044591245184685,45.338103674144655,0.000999000999000999
h4_chr14_101543080_101547175,h4,,,chr14,101543080,101547175,tfbs,0.029304029304029304,0.0008492993074469268,0.0008243151823990047,0.0008085828740149736,1.0503553002919515,0.2851277862255948,0.4025974025974026,0.0005745260277763009,0.00019633689953479916,0.00018767017172649503,3.061360377575602,5.7024544795729595,0.000999000999000999
h4_chr14_26677340_26681435,h4,,,chr14,26677340,26681435,promoter,0.17606837606837608,0.05226678401231766,0.03228362277150154,0.030730847269296646,1.700792156958773,26.071441829158417,0.000999000999000999,0.05076217278838158,0.030866805464029312,0.029370702803134918,1.7283267999621519,26.539161372894476,0.000999000999000999
h4_chr14_26677340_26681435,h4,,,chr14,26677340,26681435,tfbs,0.03467643467643468,0.0006659760256297886,0.0011627560015767813,0.001124044181779027,0.592482071813002,-2.671023024547831,1.0,0.0004933155723847449,0.0003830632194876671,0.0003463322063907981,1.4243999353271006,1.5845198462262975,0.07692307692307693
h4_chr14_33378322_33382417,h4,,,chr14,33378322,33382417,promoter,0.18803418803418803,0.07283715158700943,0.03617050498723984,0.03485559672117233,2.0896831051171176,44.08095348403128,0.000999000999000999,0.0703170895576477,0.03543943539261818,0.03399568796157837,2.0684120185218626,40.63969857699786,0.000999000999000999
h4_chr14_33378322_33382417,h4,,,chr14,33378322,33382417,tfbs,0.032722832722832725,0.0023487962316721678,0.0010072984732687473,0.0010007339296862483,2.347073644648549,8.699979254489563,0.000999000999000999,0.0012722646351903677,0.00029017633642069995,0.0002711881243158132,4.691446715818378,12.895682094188114,0.000999000999000999
h4_chr17_22742263_22746358,h4,,,chr17,22742263,22746358,promoter,0.11330891330891331,0.03660393878817558,0.012736479751765728,0.012775413691997528,2.8651861826677405,42.01266914532325,0.000999000999000999,0.036407407373189926,0.012167274951934814,0.01220856886357069,2.982119180391935,44.82195651503589,0.000999000999000999
h4_chr17_22742263_22746358,h4,,,chr17,22742263,22746358,tfbs,0.011965811965811967,0.0,0.0001493640593253076,0.00012484645412769169,0.0,-2.2871305730240605,1.0,0.0,5.920516196056269e-05,4.957500277669169e-05,0.0,-1.4602973666887027,1.0
h4_chr17_35243344_35247439,h4,,,chr17,35243344,35247439,promoter,0.14407814407814407,0.026808595284819603,0.021196262910962105,0.020597035065293312,1.3015754549057876,8.722722190393805,0.000999000999000999,0.025921545922756195,0.01854839362204075,0.017848338931798935,1.452322595497886,12.218093046864526,0.000999000999000999
h4_chr17_35243344_35247439,h4,,,chr17,35243344,35247439,tfbs,0.022222222222222223,0.00027104277978651226,0.0004422972269821912,0.00048041099216789007,0.5641893799378147,-1.9896518611161664,0.99000999000999,7.39207534934394e-05,0.00012073851394234225,0.00011285235086688772,0.6550218309641671,-0.7188058301167171,0.8211788211788211
h4_chr17_72349260_72353355,h4,,,chr17,72349260,72353355,promoter,0.12405372405372406,0.030042706057429314,0.015867656096816063,0.015239626169204712,1.9713545282454332,24.62207400148266,0.000999000999000999,0.02875904180109501,0.01422850601375103,0.013587795197963715,2.11653483012497,26.182294807942284,0.000999000999000999
h4_chr17_72349260_72353355,h4,,,chr17,72349260,72353355,tfbs,0.025885225885225887,0.0007405761862173676,0.0006104843341745436,0.000606013520155102,1.2220456501165615,1.0719268976671203,0.17182817182817184,0.0001481152285123244,0.00016169318405445665,0.00014848551654722542,0.9975062346583597,-0.005976723052427036,0.5554445554445554
h4_chr21_12003041_12007136,h4,,,chr21,12003041,12007136,promoter,0.07277167277167278,0.008627642877399921,0.00511893630027771,0.005100843030959368,1.6914150906104697,10.46613906397002,0.000999000999000999,0.008456556126475334,0.0049385614693164825,0.0049435654655098915,1.710618820661881,10.020865207505166,0.000999000999000999
h4_chr21_12003041_12007136,h4,,,chr21,12003041,12007136,tfbs,0.008791208791208791,0.0004399364406708628,7.552288298029453e-05,6.185995152918622e-05,7.111813536796838,9.662391314817594,0.000999000999000999,0.0004399364406708628,7.552288298029453e-05,6.332640623440966e-05,6.947124696171604,10.001376518210801,0.000999000999000999
h4_chr21_19112010_19116105,h4,,,chr21,19112010,19116105,promoter,0.21636141636141637,0.06314461678266525,0.04724961146712303,0.046268876641988754,1.364732004869162,16.13264242061912,0.000999000999000999,0.06185847520828247,0.04639654606580734,0.04539002105593681,1.3628210291431813,15.81190285349391,0.000999000999000999
h4_chr21_19112010_19116105,h4,,,chr21,19112010,19116105,tfbs,0.021001221001221003,0.00046993643627502024,0.00046523925266228616,0.0004061239887960255,1.1571255312156512,0.6391626265561993,0.29270729270729273,0.00037100244662724435,0.0003442918823566288,0.0002826543932314962,1.3125656473465472,1.1198199355560967,0.16183816183816183
h4_chr21_38658585_38662680,h4,,,chr21,38658585,38662680,promoter,0.16043956043956045,0.04205711558461189,0.02609367109835148,0.025195054709911346,1.6692607366344503,22.007478142409855,0.000999000999000999,0.03993077203631401,0.018962830305099487,0.018236098811030388,2.1896553890221995,31.977925882340525,0.000999000999000999
h4_chr21_38658585_38662680,h4,,,chr21,38658585,38662680,tfbs,0.024175824175824177,0.0007417480810545385,0.0005600136937573552,0.0005986153846606612,1.2391062776894972,1.1796987787436022,0.14585414585414586,0.00032142415875568986,0.000123623336548917,0.00011897638614755124,2.7015794407897755,3.6036385025093756,0.001998001998001998
h4_chr3_108979737_108983832,h4,,,chr3,108979737,108983832,promoter,0.16776556776556775,0.025593161582946777,0.028953883796930313,0.027669621631503105,0.9249552423878401,-2.5445183025679916,0.996003996003996,0.024266837164759636,0.028303008526563644,0.02703934721648693,0.8974638688748822,-3.420596631824687,1.0
h4_chr3_108979737_108983832,h4,,,chr3,108979737,108983832,tfbs,0.0231990231990232,0.00031930048135109246,0.0005074371583759785,0.0004966841661371291,0.6428642246327158,-1.626777953879029,0.967032967032967,7.368472870439291e-05,0.00020115732331760228,0.00016583976685069501,0.4443127851881933,-1.4341417835242474,0.9590409590409591
h4_chr3_127665795_127669890,h4,,,chr3,127665795,127669890,promoter,0.10378510378510379,0.019166789948940277,0.011150992475450039,0.010524231009185314,1.821205742463457,16.69093284081239,0.000999000999000999,0.0182978305965662,0.009421264752745628,0.008846716023981571,2.068318972482519,19.73489670771902,0.000999000999000999
h4_chr3_127665795_127669890,h4,,,chr3,127665795,127669890,tfbs,0.018315018315018316,0.0005462038679979742,0.0003086049691773951,0.0002830825687851757,1.9294860518680494,3.1116268792486483,0.001998001998001998,2.482745003362652e-05,8.019259985303506e-05,6.70092849759385e-05,0.37050761014002,-1.007745396253591,0.922077922077922
h4_chr3_17001367_17005462,h4,,,chr3,17001367,17005462,promoter,0.17216117216117216,0.05012457072734833,0.030137166380882263,0.029085079208016396,1.7233774874346244,25.036122373551745,0.000999000999000999,0.04706578701734543,0.029544157907366753,0.028498679399490356,1.6515076490943335,22.651282545813423,0.000999000999000999
h4_chr3_17001367_17005462,h4,,,chr3,17001367,17005462,tfbs,0.04151404151404151,0.0022940870840102434,0.0017491807229816914,0.001769308582879603,1.2966008904317572,2.51547713181301,0.008991008991008992,0.001233380171470344,0.0009070282685570419,0.000873060489539057,1.4127087255105568,2.5083076805879663,0.011988011988011988
h4_chr7_120066194_120070289,h4,,,chr7,120066194,120070289,promoter,0.17582417582417584,0.034221090376377106,0.031992461532354355,0.0305846706032753,1.1188968101135077,4.205157787612567,0.000999000999000999,0.031871143728494644,0.03079839050769806,0.029343312606215477,1.0861467536471572,3.0253169742015142,0.001998001998001998
h4_chr7_120066194_120070289,h4,,,chr7,120066194,120070289,tfbs,0.03540903540903541,0.0018358954694122076,0.0012508626095950603,0.0011808968847617507,1.5546619633793044,3.916602617086302,0.000999000999000999,0.0011260159080848098,0.0005243341438472271,0.0004625477595254779,2.4343776072766534,6.1585396459877195,0.000999000999000999
h4_chr7_137924469_137928564,h4,,,chr7,137924469,137928564,promoter,0.14163614163614163,0.026778507977724075,0.02138092741370201,0.01992090977728367,1.3442412157430834,10.032355558946623,0.000999000999000999,0.02616712637245655,0.019738497212529182,0.018350567668676376,1.4259573243133346,11.713101809184732,0.000999000999000999
h4_chr7_137924469_137928564,h4,,,chr7,137924469,137928564,tfbs,0.024664224664224663,0.0009048446081578732,0.0006025827606208622,0.0006350542535074055,1.4248304033244643,2.1107549515757755,0.028971028971028972,0.0008559340494684875,0.00028539530467242,0.00030850310577079654,2.7744746599225705,6.18361281706202,0.000999000999000999
h4_chr7_4391321_4395416,h4,,,chr7,4391321,4395416,promoter,0.1514041514041514,0.03862428665161133,0.023196930065751076,0.022440267726778984,1.721204360031731,22.85626462429616,0.000999000999000999,0.038230665028095245,0.02207682840526104,0.021368088200688362,1.7891476611774593,23.209789525709986,0.000999000999000999
h4_chr7_4391321_4395416,h4,,,chr7,4391321,4395416,tfbs,0.07301587301587302,0.041404251009225845,0.005631266627460718,0.00681630102917552,6.074299071007136,85.92897809457406,0.000999000999000999,0.04061700403690338,0.004700348246842623,0.0058855293318629265,6.901164151372434,93.05954140255535,0.000999000999000999
h4_chrX_127567034_127571129,h4,,,chrX,127567034,127571129,promoter,0.22612942612942613,0.056431904435157776,0.05151175335049629,0.05139951407909393,1.097907352748899,4.705641895153912,0.000999000999000999,0.051445357501506805,0.04175876826047897,0.04110466688871384,1.251569746101804,10.43893350325352,0.000999000999000999
h4_chrX_127567034_127571129,h4,,,chrX,127567034,127571129,tfbs,0.03296703296703297,0.0014317806344479322,0.0010518748313188553,0.0010546297999098897,1.3576144297935326,2.3955450580575843,0.00999000999000999,0.0008640055311843753,0.0004362034669611603,0.0003634254389908165,2.3773942010873053,5.0265312595047655,0.000999000999000999
h4_chrX_130740848_130744943,h4,,,chrX,130740848,130744943,promoter,0.18705738705738706,0.03456627205014229,0.03601539880037308,0.03490696847438812,0.9902398736087378,-0.38019769875006965,0.6333666333666333,0.032682616263628006,0.032595716416835785,0.03154400736093521,1.0360958862856111,1.384483249057761,0.07892107892107893
h4_chrX_130740848_130744943,h4,,,chrX,130740848,130744943,tfbs,0.027594627594627594,0.0004892607103101909,0.0007539495127275586,0.0007231518975459039,0.6765670006129436,-1.7305366469415095,0.975024975024975,0.00026909340522252023,0.0003681680536828935,0.00033475219970569015,0.8038585122341353,-0.7260383612782801,0.7992007992007992
h4_chrX_83970161_83974256,h4,,,chrX,83970161,83974256,promoter,0.16874236874236875,0.018509473651647568,0.02952946163713932,0.028447842225432396,0.6506459612989586,-11.96966486175146,1.0,0.016531549394130707,0.026482747867703438,0.025437047705054283,0.6499004753152201,-11.760188095003103,1.0
h4_chrX_83970161_83974256,h4,,,chrX,83970161,83974256,tfbs,0.03882783882783883,0.0014895487111061811,0.001457304460927844,0.001423691282980144,1.0462582224906096,0.3647544564203628,0.37662337662337664,0.0009523344342596829,0.0007870128029026091,0.0007339568110182881,1.2975347049895465,1.618268141628802,0.06693306693306693
h5_chr10_110104373_110108468,h5,,,chr10,110104373,110108468,promoter,0.1907203907203907,0.0399094894528389,0.036647405475378036,0.03568487614393234,1.1183866602721804,4.628694161165739,0.000999000999000999,0.038342949002981186,0.03348029777407646,0.03267855942249298,1.17333657543635,6.37441176680586,0.000999000999000999
h5_chr10_110104373_110108468,h5,,,chr10,110104373,110108468,tfbs,0.033455433455433455,0.0012184205697849393,0.0010804026387631893,0.0011615526163950562,1.0489585685462754,0.3130159581480878,0.3916083916083916,0.0007211060146801174,0.00047418358735740185,0.0005576139083132148,1.2931994771462338,1.3595514666487574,0.11888111888111888
h5_chr10_19287595_19291690,h5,,,chr10,19287595,19291690,promoter,0.19242979242979244,0.043756403028964996,0.038691211491823196,0.03716907650232315,1.1772259939315448,6.992085130765403,0.000999000999000999,0.040807656943798065,0.036288708448410034,0.034913886338472366,1.1688087813596169,6.531668632321559,0.000999000999000999
h5_chr10_19287595_19291690,h5,,,chr10,19287595,19291690,tfbs,0.01733821733821734,0.0003248619323130697,0.0002708877145778388,0.0002519929548725486,1.289170693194087,0.9297305406426323,0.2137862137862138,0.00012494689144659787,8.121633436530828e-05,7.636754162376747e-05,1.636125620779592,1.1316747729661276,0.18981018981018982
h5_chr10_4663039_4667134,h5,,,chr10,4663039,4667134,promoter,0.189010989010989,0.04591342434287071,0.036180607974529266,0.0366174690425396,1.2538666801228597,9.76231938630082,0.000999000999000999,0.03946362063288689,0.03182714805006981,0.031934354454278946,1.2357732387979767,8.385252326769656,0.000999000999000999
h5_chr10_4663039_4667134,h5,,,chr10,4663039,4667134,tfbs,0.045177045177045176,0.0034161016810685396,0.0018979632295668125,0.0019016723381355405,1.7963671304267872,7.114347760371559,0.000999000999000999,0.0026767959352582693,0.0008002292597666383,0.0008986896136775613,2.978554435835141,11.832833465534979,0.000999000999000999
h5_chr1_117801428_117805523,h5,,,chr1,117801428,117805523,promoter,0.1702075702075702,0.03385031595826149,0.02963458187878132,0.029161987826228142,1.1607684688701738,5.537600089652278,0.000999000999000999,0.03039262443780899,0.027095463126897812,0.02693082019686699,1.12854433008857,4.478960499777797,0.000999000999000999
h5_chr1_117801428_117805523,h5,,,chr1,117801428,117805523,tfbs,0.027594627594627594,0.0011776202591136098,0.0007213463541120291,0.0007003081846050918,1.6815743197085113,3.6143716531209327,0.000999000999000999,0.0007767282077111304,0.0003169514238834381,0.0003178321640007198,2.4438313540519183,5.143004108682672,0.000999000999000999
h5_chr1_188000709_188004804,h5,,,chr1,188000709,188004804,promoter,0.1956043956043956,0.049448080360889435,0.03817246854305267,0.03733200207352638,1.3245493842923322,13.076879390420972,0.000999000999000999,0.04904849827289581,0.03555922582745552,0.03482276201248169,1.4085183207269751,15.910907978478022,0.000999000999000999
h5_chr1_188000709_188004804,h5,,,chr1,188000709,188004804,tfbs,0.028815628815628817,0.0005743968649767339,0.0007382209878414869,0.0007215922814793885,0.7960130391072385,-1.1037613048818933,0.8851148851148851,0.0003246591077186167,0.00044178380630910397,0.0003945856587961316,0.8227848642779908,-0.7124424977733003,0.7992007992007992
h5_chr1_236620149_236624244,h5,,,chr1,236620149,236624244,promoter,0.16092796092796094,0.03682539612054825,0.026515260338783264,0.0252128504216671,1.460580438334799,15.121420826177575,0.000999000999000999,0.03481904789805412,0.024491645395755768,0.023500191047787666,1.4816495673269017,14.822444541741419,0.000999000999000999
h5_chr1_236620149_236624244,h5,,,chr1,236620149,236624244,tfbs,0.02735042735042735,0.0006857143016532063,0.0007085703546181321,0.0006198348710313439,1.1062854539181468,0.5529029450276687,0.3276723276723277,0.0004063491942360997,0.0002613329270388931,0.0002523936564102769,1.6099818038832219,1.9285635836640878,0.04495504495504495
h5_chr14_101543080_101547175,h5,,,chr14,101543080,101547175,promoter,0.12112332112332112,0.012714716605842113,0.014742332510650158,0.014661988243460655,0.8671891147855041,-3.2108198150589886,0.999000999000999,0.011767345480620861,0.012250997126102448,0.011959811672568321,0.9839072556310472,-0.35817968497722424,0.6533466533466533
h5_chr14_101543080_101547175,h5,,,chr14,101543080,101547175,tfbs,0.029304029304029304,0.0008975093951448798,0.0008399187936447561,0.0008388222195208073,1.0699637828592556,0.41497560124331584,0.36663336663336665,0.00047368553350679576,0.00019470958795864135,0.000213308070669882,2.2206639065236162,3.5774543836154895,0.001998001998001998
h5_chr14_26677340_26681435,h5,,,chr14,26677340,26681435,promoter,0.17606837606837608,0.053170450031757355,0.032281603664159775,0.0311783105134964,1.7053666204504907,25.102870908290114,0.000999000999000999,0.05146819353103638,0.030903775244951248,0.030017923563718796,1.7145820703349208,24.66639656173784,0.000999000999000999
h5_chr14_26677340_26681435,h5,,,chr14,26677340,26681435,tfbs,0.03467643467643468,0.0009512604447081685,0.0011377603514119983,0.0011427392018958926,0.8324387954223973,-1.1414920355583733,0.8901098901098901,0.00042556386324577034,0.00035647323238663375,0.00036698623443953693,1.159618054600041,0.5913846028631606,0.3046953046953047
h5_chr14_33378322_33382417,h5,,,chr14,33378322,33382417,promoter,0.18803418803418803,0.04904119670391083,0.03596247732639313,0.03463991731405258,1.4157423142582386,16.17133614590146,0.000999000999000999,0.048175182193517685,0.03517292067408562,0.03380121290683746,1.4252501034888185,16.335924135100615,0.000999000999000999
h5_chr14_33378322_33382417,h5,,,chr14,33378322,33382417,tfbs,0.032722832722832725,0.0006680687656626105,0.0009966620709747076,0.0009279475198127329,0.7199424012657871,-1.708132666100437,0.9630369630369631,0.0003711493336595595,0.0002956830139737576,0.00027658045291900635,1.341921779874468,1.2224964705240555,0.14085914085914086
h5_chr17_22742263_22746358,h5,,,chr17,22742263,22746358,promoter,0.11330891330891331,0.036862727254629135,0.013102387078106403,0.012891505844891071,2.8594585999616102,44.48137500658867,0.000999000999000999,0.03471897169947624,0.012529483065009117,0.012349726632237434,2.811314997762514,42.059254080550055,0.000999000999000999
h5_chr17_22742263_22746358,h5,,,chr17,22742263,22746358,tfbs,0.011965811965811967,7.392257975880057e-05,0.00011581295257201418,0.00012406673340592533,0.5958291778098035,-0.9126593518065444,0.8801198801198801,7.392257975880057e-05,4.509312930167653e-05,4.807431832887232e-05,1.5376729681969172,0.7343390668723403,0.2977022977022977
h5_chr17_35243344_35247439,h5,,,chr17,35243344,35247439,promoter,0.14407814407814407,0.02239205129444599,0.020894376561045647,0.020661571994423866,1.0837535159710572,2.319573895231195,0.008991008991008992,0.020889058709144592,0.018191030248999596,0.01801278628408909,1.159679484322542,4.260628013013139,0.000999000999000999
h5_chr17_35243344_35247439,h5,,,chr17,35243344,35247439,tfbs,0.022222222222222223,0.0005094892112538218,0.0004931848379783332,0.0005341740907169878,0.9537886994293694,-0.21606099063935932,0.5984015984015985,0.0002802190720103681,0.00012813635112252086,0.00011341231584083289,2.4707993125159184,3.1534398783066284,0.004995004995004995
h5_chr17_72349260_72353355,h5,,,chr17,72349260,72353355,promoter,0.12405372405372406,0.018632128834724426,0.015565267764031887,0.01579037681221962,1.1799673343010835,4.700796703458063,0.000999000999000999,0.018000958487391472,0.013918686658143997,0.014569340273737907,1.235536966614697,5.846654465879017,0.000999000999000999
h5_chr17_72349260_72353355,h5,,,chr17,72349260,72353355,tfbs,0.025885225885225887,0.0002777146582957357,0.0006718112272210419,0.000558105472009629,0.49760246445127904,-2.302744067165236,0.998001998001998,2.5246787117794156e-05,0.00015829599578864872,0.0001365598727716133,0.18487705506300242,-2.033780792686088,0.996003996003996
h5_chr21_12003041_12007136,h5,,,chr21,12003041,12007136,promoter,0.07277167277167278,0.01757802814245224,0.0056224241852760315,0.005094781517982483,3.450202541641684,36.226470780256506,0.000999000999000999,0.01675405725836754,0.005442900117486715,0.00490531837567687,3.415488246684028,34.82861934816038,0.000999000999000999
h5_chr21_12003041_12007136,h5,,,chr21,12003041,12007136,tfbs,0.008791208791208791,0.0008489388274028897,9.463090827921405e-05,6.157303869258612e-05,13.787509036891315,20.159320786702622,0.000999000999000999,0.0008489388274028897,9.463090827921405e-05,6.182272773003206e-05,13.731824178157297,20.549024803573595,0.000999000999000999
h5_chr21_19112010_19116105,h5,,,chr21,19112010,19116105,promoter,0.21636141636141637,0.05827636271715164,0.04787459969520569,0.046421684324741364,1.2553694154973194,11.354763086991559,0.000999000999000999,0.05764098837971687,0.04695483669638634,0.04553564637899399,1.2658432011696927,11.477977677217277,0.000999000999000999
h5_chr21_19112010_19116105,h5,,,chr21,19112010,19116105,tfbs,0.021001221001221003,0.0004320532607380301,0.0004312889650464058,0.00040064044878818095,1.0784064915184266,0.30965577083655194,0.4145854145854146,0.0003812234790530056,0.0003019276773557067,0.00026916922070086,1.416296700121878,1.3843355969005795,0.11688311688311688
h5_chr21_38658585_38662680,h5,,,chr21,38658585,38662680,promoter,0.16043956043956045,0.040916360914707184,0.026698021218180656,0.02496246248483658,1.639115569610241,20.21993188903503,0.000999000999000999,0.03072596900165081,0.020039962604641914,0.01797027885913849,1.7098214915026555,19.649466519722314,0.000999000999000999
h5_chr21_38658585_38662680,h5,,,chr21,38658585,38662680,tfbs,0.024175824175824177,0.0008513492648489773,0.0005435728817246854,0.0006673804600723088,1.2756580628038405,1.3932665352481917,0.0999000999000999,0.0005417676875367761,0.00013750563084613532,0.0001767452631611377,3.0652458676804786,5.40968920352486,0.000999000999000999
h5_chr3_108979737_108983832,h5,,,chr3,108979737,108983832,promoter,0.16776556776556775,0.030254533514380455,0.028460433706641197,0.027266524732112885,1.1095852446039254,3.754496961945104,0.000999000999000999,0.029314637184143066,0.02777482196688652,0.026707183569669724,1.0976311713165638,3.3416944863253053,0.001998001998001998
h5_chr3_108979737_108983832,h5,,,chr3,108979737,108983832,tfbs,0.0231990231990232,0.0004826500080525875,0.0005047473241575062,0.00044825481018051505,1.076731352549728,0.325659135208434,0.3906093906093906,0.00017781842325348407,0.00017883347754832357,0.00012683535169344395,1.4019626301290526,0.9007199077512346,0.23676323676323677
h5_chr3_127665795_127669890,h5,,,chr3,127665795,127669890,promoter,0.10378510378510379,0.015544437803328037,0.01107955165207386,0.010654629208147526,1.4589374721216302,9.805489029760938,0.000999000999000999,0.0135790491476655,0.009353604167699814,0.009097529575228691,1.492608409280621,9.296190069806018,0.000999000999000999
h5_chr3_127665795_127669890,h5,,,chr3,127665795,127669890,tfbs,0.018315018315018316,7.657358946744353e-05,0.00031011924147605896,0.0002825310220941901,0.2710271916331915,-2.485153907677342,1.0,2.5524528609821573e-05,7.299926073756069e-05,5.538822733797133e-05,0.4608294909688013,-0.7951459976473615,0.8851148851148851
h5_chr3_17001367_17005462,h5,,,chr3,17001367,17005462,promoter,0.17216117216117216,0.04089069738984108,0.02936048060655594,0.028829023241996765,1.4183865005274765,14.820993316612526,0.000999000999000999,0.03933247923851013,0.028782935813069344,0.02816818654537201,1.396344034258478,13.865827839445902,0.000999000999000999
h5_chr3_17001367_17005462,h5,,,chr3,17001367,17005462,tfbs,0.04151404151404151,0.003191836876794696,0.0017444432014599442,0.0018390761688351631,1.7355653511710427,6.205074555872399,0.000999000999000999,0.0020860037766397,0.0008889347082003951,0.0009043454192578793,2.3066449303757284,8.023483053476749,0.000999000999000999
h5_chr7_120066194_120070289,h5,,,chr7,120066194,120070289,promoter,0.17582417582417584,0.03956706076860428,0.031968336552381516,0.03020324744284153,1.3100267063494877,10.472170701190894,0.000999000999000999,0.038239650428295135,0.03063172847032547,0.029011664912104607,1.3180784537581058,10.966316408968806,0.000999000999000999
h5_chr7_120066194_120070289,h5,,,chr7,120066194,120070289,tfbs,0.03540903540903541,0.0027824577409774065,0.0012809594627469778,0.0011837955098599195,2.350454717729635,9.624963049731075,0.000999000999000999,0.002220860682427883,0.0005735982558690012,0.0004226017335895449,5.255209588384961,18.04208701461729,0.000999000999000999
h5_chr7_137924469_137928564,h5,,,chr7,137924469,137928564,promoter,0.14163614163614163,0.018258245661854744,0.02097374014556408,0.02085014432668686,0.8756891739346547,-3.6696932573986647,1.0,0.017665110528469086,0.01935293711721897,0.019284473732113838,0.9160276175466444,-2.4766992380310895,0.993006993006993
h5_chr7_137924469_137928564,h5,,,chr7,137924469,137928564,tfbs,0.024664224664224663,0.0004126157145947218,0.0006178910844027996,0.0008816823828965425,0.4679867972854103,-3.2602594855358804,1.0,0.00028367331833578646,0.0002963092119898647,0.0004899295745417476,0.5790083576830781,-1.9298359530338964,0.989010989010989
h5_chr7_4391321_4395416,h5,,,chr7,4391321,4395416,promoter,0.1514041514041514,0.028321024030447006,0.022866500541567802,0.022303469479084015,1.2698035189998667,8.148616113531146,0.000999000999000999,0.027800895273685455,0.021757595241069794,0.021162226796150208,1.3137036825795168,9.17516637167871,0.000999000999000999
h5_chr7_4391321_4395416,h5,,,chr7,4391321,4395416,tfbs,0.07301587301587302,0.09284302592277527,0.0058662258088588715,0.009912097826600075,9.3666373705092,166.43892491628654,0.000999000999000999,0.09276500344276428,0.004883710294961929,0.009364767000079155,9.905746020374046,169.8132999080774,0.000999000999000999
h5_chrX_127567034_127571129,h5,,,chrX,127567034,127571129,promoter,0.22612942612942613,0.05523478612303734,0.05134344473481178,0.051815133541822433,1.0659971778024029,3.181496872017136,0.001998001998001998,0.051939092576503754,0.041302699595689774,0.04196290671825409,1.2377381987675788,9.802529801447225,0.000999000999000999
h5_chrX_127567034_127571129,h5,,,chrX,127567034,127571129,tfbs,0.03296703296703297,0.0020438404753804207,0.001051824539899826,0.0012008071644231677,1.7020555305915595,4.840624987727734,0.000999000999000999,0.0006387000903487206,0.0004023861256428063,0.0003785958979278803,1.6870232716319293,2.6853314443804277,0.008991008991008992
h5_chrX_130740848_130744943,h5,,,chrX,130740848,130744943,promoter,0.18705738705738706,0.04766721650958061,0.03584752604365349,0.034888558089733124,1.3662707523475424,13.412227996722693,0.000999000999000999,0.04204189404845238,0.03236602619290352,0.031527742743492126,1.3334888701199694,12.333411717986765,0.000999000999000999
h5_chrX_130740848_130744943,h5,,,chrX,130740848,130744943,tfbs,0.027594627594627594,0.0010362438624724746,0.0007522564847022295,0.0007051886059343815,1.4694563323232397,2.5489396496997623,0.004995004995004995,0.0005921393749304116,0.0003528129600454122,0.00032375220325775445,1.828989483228262,2.9710761312014826,0.007992007992007992
h5_chrX_83970161_83974256,h5,,,chrX,83970161,83974256,promoter,0.16874236874236875,0.03769071772694588,0.029938295483589172,0.028457727283239365,1.3244458122678135,10.669161987379814,0.000999000999000999,0.03539956733584404,0.02668161503970623,0.02550014853477478,1.3882102407195525,12.61960881678553,0.000999000999000999
h5_chrX_83970161_83974256,h5,,,chrX,83970161,83974256,tfbs,0.03882783882783883,0.0028198801446706057,0.0015340512618422508,0.0013715443201363087,2.055989079806299,8.07132036138967,0.000999000999000999,0.0023163300938904285,0.000822037982288748,0.0007011934649199247,3.303410841335993,12.213508335379164,0.000999000999000999
h6_chr10_110104373_110108468,h6,,,chr10,110104373,110108468,promoter,0.1907203907203907,0.040226973593235016,0.0366707481443882,0.035717446357011795,1.1262555892475763,4.8344935572192265,0.000999000999000999,0.0374404713511467,0.03340267390012741,0.03268089517951012,1.1456378763645583,5.282279608652539,0.000999000999000999
h6_chr10_110104373_110108468,h6,,,chr10,110104373,110108468,tfbs,0.033455433455433455,0.0015705744735896587,0.0010664740111678839,0.001127013936638832,1.3935714746116508,2.7088935787009345,0.007992007992007992,0.0012665924150496721,0.0004711737856268883,0.0005274344002828002,2.4014217016761696,6.74887518862007,0.000999000999000999
h6_chr10_19287595_19291690,h6,,,chr10,19287595,19291690,promoter,0.19242979242979244,0.056189462542533875,0.038349032402038574,0.036968864500522614,1.5199131296483166,20.515982227665415,0.000999000999000999,0.053882043808698654,0.035934071987867355,0.03474078327417374,1.5509737757914777,21.013631137950004,0.000999000999000999
h6_chr10_19287595_19291690,h6,,,chr10,19287595,19291690,tfbs,0.01733821733821734,0.0004057000915054232,0.00027131536626257,0.00023659922590013593,1.7147143654504666,2.146444663101857,0.030969030969030968,0.00012678127677645534,8.4183833678253e-05,7.051575084915385e-05,1.7979142992841954,1.3466949087310889,0.15284715284715283
h6_chr10_4663039_4667134,h6,,,chr10,4663039,4667134,promoter,0.189010989010989,0.04124026373028755,0.03660339489579201,0.036721985787153244,1.1230401310354783,4.93610148105764,0.000999000999000999,0.036683470010757446,0.03230933099985123,0.0320553183555603,1.144380149461044,5.371533528104893,0.000999000999000999
h6_chr10_4663039_4667134,h6,,,chr10,4663039,4667134,tfbs,0.045177045177045176,0.003029377432540059,0.0019484676886349916,0.0019035435980185866,1.5914410553524287,5.031798323560139,0.000999000999000999,0.002443867502734065,0.0009126282529905438,0.0008968230104073882,2.725027652472834,10.439879221483713,0.000999000999000999
h6_chr1_117801428_117805523,h6,,,chr1,117801428,117805523,promoter,0.1702075702075702,0.014322593808174133,0.029299896210432053,0.029482848942279816,0.4857940912092403,-17.924617574936015,1.0,0.013850965537130833,0.026779426261782646,0.027003971859812737,0.5129232695484999,-15.783724067946444,1.0
h6_chr1_117801428_117805523,h6,,,chr1,117801428,117805523,tfbs,0.027594627594627594,0.0004964504041709006,0.000720843265298754,0.0006697363569401205,0.7412624371164115,-1.3714451820757099,0.9340659340659341,0.0003723377885762602,0.00030233716825023293,0.0002939978730864823,1.2664642252929956,0.9533198945402712,0.20679320679320679
h6_chr1_188000709_188004804,h6,,,chr1,188000709,188004804,promoter,0.1956043956043956,0.06054134666919708,0.03804757446050644,0.03719046711921692,1.6278727146697867,24.174187420144264,0.000999000999000999,0.058604419231414795,0.035388778895139694,0.034631263464689255,1.6922402871950963,25.85185213082608,0.000999000999000999
h6_chr1_188000709_188004804,h6,,,chr1,188000709,188004804,tfbs,0.028815628815628817,0.0013409486273303628,0.0007134323823265731,0.0006576856249012053,2.0388899750268896,5.526730327061695,0.000999000999000999,0.00124161911662668,0.00046237767674028873,0.00038127636071294546,3.2564807173069603,8.992840915892454,0.000999000999000999
h6_chr1_236620149_236624244,h6,,,chr1,236620149,236624244,promoter,0.16092796092796094,0.010248718783259392,0.026743421331048012,0.02519814856350422,0.4067250717817872,-19.284461850209983,1.0,0.009823772124946117,0.02473067119717598,0.023302212357521057,0.42158109171017755,-17.965048979964237,1.0
h6_chr1_236620149_236624244,h6,,,chr1,236620149,236624244,tfbs,0.02735042735042735,0.0010498687624931335,0.0007244098233059049,0.0006152731366455555,1.706345848637202,3.4258536391197154,0.000999000999000999,0.0007249093614518642,0.00026696675922721624,0.00023292088008020073,3.1122558063590477,6.538590452327149,0.000999000999000999
h6_chr14_101543080_101547175,h6,,,chr14,101543080,101547175,promoter,0.12112332112332112,0.019382070749998093,0.014829786494374275,0.015280191786587238,1.2684442067678385,6.610340892024984,0.000999000999000999,0.0179583877325058,0.012275148183107376,0.012569673359394073,1.4287075900094424,9.518415946476587,0.000999000999000999
h6_chr14_101543080_101547175,h6,,,chr14,101543080,101547175,tfbs,0.029304029304029304,0.0013487524120137095,0.0008035069331526756,0.0009800434345379472,1.376216976189014,2.305061777049498,0.01998001998001998,0.0007992606842890382,0.00020006498380098492,0.00023510752362199128,3.3995538380732517,7.628640032822095,0.000999000999000999
h6_chr14_26677340_26681435,h6,,,chr14,26677340,26681435,promoter,0.17606837606837608,0.03860896825790405,0.03197547420859337,0.03084579110145569,1.2516770320759256,9.030369569749476,0.000999000999000999,0.037423714995384216,0.030660355463624,0.02959393709897995,1.2645737155626429,9.447747286279093,0.000999000999000999
h6_chr14_26677340_26681435,h6,,,chr14,26677340,26681435,tfbs,0.03467643467643468,0.0009582891943864524,0.0011116114910691977,0.0011026377324014902,0.8690879753401384,-0.901737567895833,0.8321678321678322,0.0006808897014707327,0.00037524456274695694,0.0003573914582375437,1.9051650110176186,3.3405323798184368,0.002997002997002997
h6_chr14_33378322_33382417,h6,,,chr14,33378322,33382417,promoter,0.18803418803418803,0.03567087650299072,0.035807475447654724,0.03493528068065643,1.021055958561157,0.7905184130205741,0.2087912087912088,0.03306625783443451,0.035008471459150314,0.03414786979556084,0.9683256388289575,-1.1824610449286723,0.8761238761238761
h6_chr14_33378322_33382417,h6,,,chr14,33378322,33382417,tfbs,0.032722832722832725,0.0009178180480375886,0.0010041543282568455,0.0009868777124211192,0.9300220650296117,-0.4298914406678406,0.6863136863136863,0.0005457296501845121,0.00028527111862786114,0.000273658602964133,1.9941987727535027,3.311046094119268,0.002997002997002997
h6_chr17_22742263_22746358,h6,,,chr17,22742263,22746358,promoter,0.11330891330891331,0.021397467702627182,0.013228775933384895,0.013001376762986183,1.6457847574684519,14.713302463128956,0.000999000999000999,0.01979578472673893,0.012627638876438141,0.012471269816160202,1.5873110772639738,13.386324512462812,0.000999000999000999
h6_chr17_22742263_22746358,h6,,,chr17,22742263,22746358,tfbs,0.011965811965811967,0.00022523649386130273,0.00013314116222318262,0.00012370488548185676,1.8207566579440968,1.7261874049929729,0.06893106893106893,0.00020021022646687925,5.6810233218129724e-05,4.840081965085119e-05,4.136504875560683,4.300458076692111,0.000999000999000999
h6_chr17_35243344_35247439,h6,,,chr17,35243344,35247439,promoter,0.14407814407814407,0.015579333528876305,0.020997304469347,0.020784713327884674,0.7495572964181875,-7.688809529377616,1.0,0.012929112650454044,0.018349824473261833,0.018090330064296722,0.714697443579047,-7.691726624384121,1.0
h6_chr17_35243344_35247439,h6,,,chr17,35243344,35247439,tfbs,0.022222222222222223,0.0001981473178602755,0.0004792661056853831,0.0005498835816979408,0.3603441245662082,-3.0077281429784843,1.0,7.430524419760332e-05,0.00012136454461142421,0.00012032495578750968,0.6175380968252686,-0.8482482293463075,0.8641358641358642
h6_chr17_72349260_72353355,h6,,,chr17,72349260,72353355,promoter,0.12405372405372406,0.01777428574860096,0.01614043302834034,0.01542145200073719,1.1525688857152554,3.9221188035519097,0.000999000999000999,0.017160532996058464,0.014699098654091358,0.014021014794707298,1.2239151906847914,5.282296170880894,0.000999000999000999
h6_chr17_72349260_72353355,h6,,,chr17,72349260,72353355,tfbs,0.025885225885225887,0.00029460142832249403,0.0006311818724498153,0.0005918052047491074,0.4978013474000938,-2.4647289414452604,0.997002997002997,0.00012275059998501092,0.00016374884580727667,0.00015162154159042984,0.8095854896172536,-0.4532802799376921,0.7212787212787213
h6_chr21_12003041_12007136,h6,,,chr21,12003041,12007136,promoter,0.07277167277167278,0.008701811544597149,0.005850703455507755,0.005132575985044241,1.6954082258018714,10.14200527518577,0.000999000999000999,0.008600627072155476,0.005645299796015024,0.0049552517011761665,1.735658971695434,10.091845567078902,0.000999000999000999
h6_chr21_12003041_12007136,h6,,,chr21,12003041,12007136,tfbs,0.008791208791208791,0.0005565111641772091,9.485986083745956e-05,6.177274190122262e-05,9.009008618511631,12.933792812094282,0.000999000999000999,0.0005565111641772091,9.485986083745956e-05,6.119093450251967e-05,9.094666860403866,12.851570905955757,0.000999000999000999
h6_chr21_19112010_19116105,h6,,,chr21,19112010,19116105,promoter,0.21636141636141637,0.06201159581542015,0.04806689918041229,0.046259112656116486,1.3405271362727023,15.081195583823343,0.000999000999000999,0.06072599068284035,0.04719066619873047,0.045446209609508514,1.3362168419461524,14.220657802956415,0.000999000999000999
h6_chr21_19112010_19116105,h6,,,chr21,19112010,19116105,tfbs,0.021001221001221003,0.0008822787785902619,0.0004378655576147139,0.00039770605508238077,2.218419275531289,4.920365039497874,0.000999000999000999,0.0007814469281584024,0.0003196393372491002,0.0002698512689676136,2.895843073660656,6.421704766514754,0.000999000999000999
h6_chr21_38658585_38662680,h6,,,chr21,38658585,38662680,promoter,0.16043956043956045,0.017228294163942337,0.02606641873717308,0.025243066251277924,0.6824960958564279,-10.047712441336907,1.0,0.013281724415719509,0.018223850056529045,0.017180176451802254,0.7730842842610162,-5.7864950641703645,1.0
h6_chr21_38658585_38662680,h6,,,chr21,38658585,38662680,tfbs,0.024175824175824177,0.0002782837545964867,0.0005752902943640947,0.0005907458253204823,0.4710718936448116,-2.6171250557848635,0.999000999000999,0.00010119409125763923,0.00011940942204091698,0.0001477180776419118,0.6850487961463126,-0.7613044194700903,0.8311688311688312
h6_chr3_108979737_108983832,h6,,,chr3,108979737,108983832,promoter,0.16776556776556775,0.015508638694882393,0.028659768402576447,0.027524935081601143,0.563439610262661,-14.638379101077145,1.0,0.014574679546058178,0.028038935735821724,0.026805860921740532,0.543712421272677,-15.320467684895606,1.0
h6_chr3_108979737_108983832,h6,,,chr3,108979737,108983832,tfbs,0.0231990231990232,0.00022120086941868067,0.0004913074662908912,0.000477253197459504,0.4634874540310441,-2.358409978251186,0.997002997002997,0.00012288938160054386,0.0001740098523441702,0.0001432644494343549,0.8577800151101193,-0.345904821478124,0.6943056943056943
h6_chr3_127665795_127669890,h6,,,chr3,127665795,127669890,promoter,0.10378510378510379,0.008823529817163944,0.010889911092817783,0.01056855171918869,0.8348854272192836,-3.4095708075187585,1.0,0.008144796825945377,0.009183523245155811,0.008948667906224728,0.9101686319457475,-1.6973123450333267,0.9630369630369631
h6_chr3_127665795_127669890,h6,,,chr3,127665795,127669890,tfbs,0.018315018315018316,5.02765215060208e-05,0.0003076927678193897,0.0002979386772494763,0.16874788453169576,-2.8086626905145575,1.0,2.51382607530104e-05,7.566627755295485e-05,6.520865281345323e-05,0.38550498543383666,-1.0308219488973882,0.9330669330669331
h6_chr3_17001367_17005462,h6,,,chr3,17001367,17005462,promoter,0.17216117216117216,0.04631144553422928,0.029832124710083008,0.0289141982793808,1.6016852719466461,20.928603429019574,0.000999000999000999,0.04465027153491974,0.02923385612666607,0.02832045406103134,1.5766086037567477,19.984351828832633,0.000999000999000999
h6_chr3_17001367_17005462,h6,,,chr3,17001367,17005462,tfbs,0.04151404151404151,0.0027686189860105515,0.0016986595001071692,0.0018518285360187292,1.4950730762378477,4.286529389103823,0.000999000999000999,0.0019380332669243217,0.0008723594364710152,0.0009140469483099878,2.120277596799176,6.663767359172739,0.000999000999000999
h6_chr7_120066194_120070289,h6,,,chr7,120066194,120070289,promoter,0.17582417582417584,0.03699605166912079,0.031709540635347366,0.029970649629831314,1.234409401399719,8.19627185394852,0.000999000999000999,0.03659364581108093,0.030454527586698532,0.028646010905504227,1.277442989594394,9.751670983543779,0.000999000999000999
h6_chr7_120066194_120070289,h6,,,chr7,120066194,120070289,tfbs,0.03540903540903541,0.0012072131503373384,0.0013764885952696204,0.0012183798244222999,0.9908348169748656,-0.0642391181143283,0.5464535464535465,0.0010311611695215106,0.0005812288145534694,0.0004649027541745454,2.218014757413905,5.289267816048442,0.000999000999000999
h6_chr7_137924469_137928564,h6,,,chr7,137924469,137928564,promoter,0.14163614163614163,0.017631927505135536,0.020803390070796013,0.020561475306749344,0.8575224900981605,-4.20053116272323,1.0,0.016158437356352806,0.019249966368079185,0.01897919736802578,0.8513762222408254,-4.152498086357565,1.0
h6_chr7_137924469_137928564,h6,,,chr7,137924469,137928564,tfbs,0.024664224664224663,0.0002497440145816654,0.0006243663956411183,0.0007207113085314631,0.34652434563646456,-3.5882702508170574,1.0,0.0001248720072908327,0.0003251700254622847,0.0003685472474899143,0.3388222490910069,-2.4640184052013674,1.0
h6_chr7_4391321_4395416,h6,,,chr7,4391321,4395416,promoter,0.1514041514041514,0.037753764539957047,0.02364826388657093,0.02269727736711502,1.6633609366142141,20.804466065566583,0.000999000999000999,0.037214793264865875,0.022415032610297203,0.021534740924835205,1.7281282089605943,21.238797548080566,0.000999000999000999
h6_chr7_4391321_4395416,h6,,,chr7,4391321,4395416,tfbs,0.07301587301587302,0.06539537757635117,0.005548128392547369,0.008802967146039009,7.428788099678019,122.62782937878376,0.000999000999000999,0.06519005447626114,0.0047920201905071735,0.008270641788840294,7.882103486119191,129.4791618999195,0.000999000999000999
h6_chrX_127567034_127571129,h6,,,chrX,127567034,127571129,promoter,0.22612942612942613,0.050091538578271866,0.05116725340485573,0.05236111581325531,0.9566552927734039,-2.058649948136499,0.983016983016983,0.04818449914455414,0.04165450483560562,0.04208230599761009,1.1450061493134573,6.11080638488046,0.000999000999000999
h6_chrX_127567034_127571129,h6,,,chrX,127567034,127571129,tfbs,0.03296703296703297,0.0015510577941313386,0.001027759164571762,0.0011471724137663841,1.3520703387897224,2.401365851413217,0.012987012987012988,0.001042514224536717,0.0003842019068542868,0.0003715164784807712,2.80610493725563,7.303927983056886,0.000999000999000999
h6_chrX_130740848_130744943,h6,,,chrX,130740848,130744943,promoter,0.18705738705738706,0.021464521065354347,0.036542803049087524,0.03501823544502258,0.6129526743017335,-14.262180895463734,1.0,0.01704825833439827,0.033024340867996216,0.03171153739094734,0.5376042833945042,-16.814608277893313,1.0
h6_chrX_130740848_130744943,h6,,,chrX,130740848,130744943,tfbs,0.027594627594627594,0.0007648277678526938,0.0007364565972238779,0.0007077124319039285,1.0807041580364927,0.4427122676385365,0.37162837162837165,0.0005181091255508363,0.0003397322434466332,0.00032041347003541887,1.6170016993778817,2.3339773777294184,0.022977022977022976
h6_chrX_83970161_83974256,h6,,,chrX,83970161,83974256,promoter,0.16874236874236875,0.022507797926664352,0.029924195259809494,0.02858627773821354,0.7873637181022837,-7.481444811142527,1.0,0.020386774092912674,0.026914082467556,0.025545528158545494,0.7980564725999955,-6.724645581066011,1.0
h6_chrX_83970161_83974256,h6,,,chrX,83970161,83974256,tfbs,0.03882783882783883,0.001946350559592247,0.0014937019441276789,0.0014169930946081877,1.3735780131874473,2.795136575488278,0.005994005994005994,0.00167186523322016,0.0007930144784040749,0.000719625735655427,2.3232426946174236,7.317698586288365,0.000999000999000999
