label,motif,group,pattern,strand,start,end
h0_chr10_110104373_110108468,TATA_box,promoter,TATAWAWR,+,2260,2268
h0_chr10_110104373_110108468,TATA_box,promoter,TATAWAWR,+,3225,3233
h0_chr10_110104373_110108468,TATA_box,promoter,TATAWAWR,+,3854,3862
h0_chr10_110104373_110108468,TATA_box,promoter,TATAWAWR,+,3856,3864
h0_chr10_110104373_110108468,TATA_box,promoter,TATAWAWR,+,3858,3866
h0_chr10_110104373_110108468,TATA_box,promoter,TATAWAWR,+,3860,3868
h0_chr10_110104373_110108468,TATA_box,promoter,TATAWAWR,-,592,600
h0_chr10_110104373_110108468,TATA_box,promoter,TATAWAWR,-,799,807
h0_chr10_110104373_110108468,TATA_box,promoter,TATAWAWR,-,3221,3229
h0_chr10_110104373_110108468,TATA_box,promoter,TATAWAWR,-,3854,3862
h0_chr10_110104373_110108468,TATA_box,promoter,TATAWAWR,-,3856,3864
h0_chr10_110104373_110108468,TATA_box,promoter,TATAWAWR,-,3858,3866
h0_chr10_110104373_110108468,TATA_box,promoter,TATAWAWR,-,3860,3868
h0_chr10_110104373_110108468,Initiator,promoter,YYANWYY,+,9,16
h0_chr10_110104373_110108468,Initiator,promoter,YYANWYY,+,25,32
h0_chr10_110104373_110108468,Initiator,promoter,YYANWYY,+,150,157
h0_chr10_110104373_110108468,Initiator,promoter,YYANWYY,+,174,181
h0_chr10_110104373_110108468,Initiator,promoter,YYANWYY,+,215,222
h0_chr10_110104373_110108468,Initiator,promoter,YYANWYY,+,225,232
h0_chr10_110104373_110108468,Initiator,promoter,YYANWYY,+,279,286
h0_chr10_110104373_110108468,Initiator,promoter,YYANWYY,+,381,388
h0_chr10_110104373_110108468,Initiator,promoter,YYANWYY,+,509,516
h0_chr10_110104373_110108468,Initiator,promoter,YYANWYY,+,523,530
h0_chr10_110104373_110108468,Initiator,promoter,YYANWYY,+,595,602
h0_chr10_110104373_110108468,Initiator,promoter,YYANWYY,+,634,641
h0_chr10_110104373_110108468,Initiator,promoter,YYANWYY,+,753,760
h0_chr10_110104373_110108468,Initiator,promoter,YYANWYY,+,776,783
h0_chr10_110104373_110108468,Initiator,promoter,YYANWYY,+,802,809
h0_chr10_110104373_110108468,Initiator,promoter,YYANWYY,+,808,815
h0_chr10_110104373_110108468,Initiator,promoter,YYANWYY,+,861,868
h0_chr10_110104373_110108468,Initiator,promoter,YYANWYY,+,929,936
h0_chr10_110104373_110108468,Initiator,promoter,YYANWYY,+,1061,1068
h0_chr10_110104373_110108468,Initiator,promoter,YYANWYY,+,1212,1219
h0_chr10_110104373_110108468,Initiator,promoter,YYANWYY,+,1240,1247
h0_chr10_110104373_110108468,Initiator,promoter,YYANWYY,+,1336,1343
h0_chr10_110104373_110108468,Initiator,promoter,YYANWYY,+,1420,1427
h0_chr10_110104373_110108468,Initiator,promoter,YYANWYY,+,1425,1432
h0_chr10_110104373_110108468,Initiator,promoter,YYANWYY,+,1496,1503
h0_chr10_110104373_110108468,Initiator,promoter,YYANWYY,+,1640,1647
h0_chr10_110104373_110108468,Initiator,promoter,YYANWYY,+,1698,1705
h0_chr10_110104373_110108468,Initiator,promoter,YYANWYY,+,1792,1799
h0_chr10_110104373_110108468,Initiator,promoter,YYANWYY,+,1865,1872
h0_chr10_110104373_110108468,Initiator,promoter,YYANWYY,+,1989,1996
h0_chr10_110104373_110108468,Initiator,promoter,YYANWYY,+,2033,2040
h0_chr10_110104373_110108468,Initiator,promoter,YYANWYY,+,2098,2105
h0_chr10_110104373_110108468,Initiator,promoter,YYANWYY,+,2165,2172
h0_chr10_110104373_110108468,Initiator,promoter,YYANWYY,+,2208,2215
h0_chr10_110104373_110108468,Initiator,promoter,YYANWYY,+,2238,2245
h0_chr10_110104373_110108468,Initiator,promoter,YYANWYY,+,2354,2361
h0_chr10_110104373_110108468,Initiator,promoter,YYANWYY,+,2387,2394
h0_chr10_110104373_110108468,Initiator,promoter,YYANWYY,+,2651,2658
h0_chr10_110104373_110108468,Initiator,promoter,YYANWYY,+,2660,2667
h0_chr10_110104373_110108468,Initiator,promoter,YYANWYY,+,2669,2676
h0_chr10_110104373_110108468,Initiator,promoter,YYANWYY,+,2766,2773
h0_chr10_110104373_110108468,Initiator,promoter,YYANWYY,+,3158,3165
h0_chr10_110104373_110108468,Initiator,promoter,YYANWYY,+,3203,3210
h0_chr10_110104373_110108468,Initiator,promoter,YYANWYY,+,3253,3260
h0_chr10_110104373_110108468,Initiator,promoter,YYANWYY,+,3260,3267
h0_chr10_110104373_110108468,Initiator,promoter,YYANWYY,+,3318,3325
h0_chr10_110104373_110108468,Initiator,promoter,YYANWYY,+,3451,3458
h0_chr10_110104373_110108468,Initiator,promoter,YYANWYY,+,3495,3502
h0_chr10_110104373_110108468,Initiator,promoter,YYANWYY,+,3503,3510
h0_chr10_110104373_110108468,Initiator,promoter,YYANWYY,+,3680,3687
h0_chr10_110104373_110108468,Initiator,promoter,YYANWYY,+,3718,3725
h0_chr10_110104373_110108468,Initiator,promoter,YYANWYY,+,3745,3752
h0_chr10_110104373_110108468,Initiator,promoter,YYANWYY,+,3901,3908
h0_chr10_110104373_110108468,Initiator,promoter,YYANWYY,+,3932,3939
h0_chr10_110104373_110108468,Initiator,promoter,YYANWYY,+,4036,4043
h0_chr10_110104373_110108468,Initiator,promoter,YYANWYY,+,4050,4057
h0_chr10_110104373_110108468,Initiator,promoter,YYANWYY,-,126,133
h0_chr10_110104373_110108468,Initiator,promoter,YYANWYY,-,206,213
h0_chr10_110104373_110108468,Initiator,promoter,YYANWYY,-,281,288
h0_chr10_110104373_110108468,Initiator,promoter,YYANWYY,-,309,316
h0_chr10_110104373_110108468,Initiator,promoter,YYANWYY,-,325,332
h0_chr10_110104373_110108468,Initiator,promoter,YYANWYY,-,439,446
h0_chr10_110104373_110108468,Initiator,promoter,YYANWYY,-,495,502
h0_chr10_110104373_110108468,Initiator,promoter,YYANWYY,-,506,513
h0_chr10_110104373_110108468,Initiator,promoter,YYANWYY,-,679,686
h0_chr10_110104373_110108468,Initiator,promoter,YYANWYY,-,685,692
h0_chr10_110104373_110108468,Initiator,promoter,YYANWYY,-,691,698
h0_chr10_110104373_110108468,Initiator,promoter,YYANWYY,-,733,740
h0_chr10_110104373_110108468,Initiator,promoter,YYANWYY,-,818,825
h0_chr10_110104373_110108468,Initiator,promoter,YYANWYY,-,858,865
h0_chr10_110104373_110108468,Initiator,promoter,YYANWYY,-,863,870
h0_chr10_110104373_110108468,Initiator,promoter,YYANWYY,-,977,984
h0_chr10_110104373_110108468,Initiator,promoter,YYANWYY,-,1015,1022
h0_chr10_110104373_110108468,Initiator,promoter,YYANWYY,-,1023,1030
h0_chr10_110104373_110108468,Initiator,promoter,YYANWYY,-,1088,1095
h0_chr10_110104373_110108468,Initiator,promoter,YYANWYY,-,1209,1216
h0_chr10_110104373_110108468,Initiator,promoter,YYANWYY,-,1214,1221
h0_chr10_110104373_110108468,Initiator,promoter,YYANWYY,-,1249,1256
h0_chr10_110104373_110108468,Initiator,promoter,YYANWYY,-,1390,1397
h0_chr10_110104373_110108468,Initiator,promoter,YYANWYY,-,1427,1434
h0_chr10_110104373_110108468,Initiator,promoter,YYANWYY,-,1466,1473
h0_chr10_110104373_110108468,Initiator,promoter,YYANWYY,-,1593,1600
h0_chr10_110104373_110108468,Initiator,promoter,YYANWYY,-,1831,1838
h0_chr10_110104373_110108468,Initiator,promoter,YYANWYY,-,1890,1897
h0_chr10_110104373_110108468,Initiator,promoter,YYANWYY,-,1954,1961
h0_chr10_110104373_110108468,Initiator,promoter,YYANWYY,-,1991,1998
h0_chr10_110104373_110108468,Initiator,promoter,YYANWYY,-,2076,2083
h0_chr10_110104373_110108468,Initiator,promoter,YYANWYY,-,2265,2272
h0_chr10_110104373_110108468,Initiator,promoter,YYANWYY,-,2275,2282
h0_chr10_110104373_110108468,Initiator,promoter,YYANWYY,-,2410,2417
h0_chr10_110104373_110108468,Initiator,promoter,YYANWYY,-,2447,2454
h0_chr10_110104373_110108468,Initiator,promoter,YYANWYY,-,2507,2514
h0_chr10_110104373_110108468,Initiator,promoter,YYANWYY,-,2576,2583
h0_chr10_110104373_110108468,Initiator,promoter,YYANWYY,-,2611,2618
h0_chr10_110104373_110108468,Initiator,promoter,YYANWYY,-,2642,2649
h0_chr10_110104373_110108468,Initiator,promoter,YYANWYY,-,2680,2687
h0_chr10_110104373_110108468,Initiator,promoter,YYANWYY,-,2740,2747
h0_chr10_110104373_110108468,Initiator,promoter,YYANWYY,-,2748,2755
h0_chr10_110104373_110108468,Initiator,promoter,YYANWYY,-,2779,2786
h0_chr10_110104373_110108468,Initiator,promoter,YYANWYY,-,2784,2791
h0_chr10_110104373_110108468,Initiator,promoter,YYANWYY,-,2800,2807
h0_chr10_110104373_110108468,Initiator,promoter,YYANWYY,-,2840,2847
h0_chr10_110104373_110108468,Initiator,promoter,YYANWYY,-,2845,2852
h0_chr10_110104373_110108468,Initiator,promoter,YYANWYY,-,2868,2875
h0_chr10_110104373_110108468,Initiator,promoter,YYANWYY,-,3012,3019
h0_chr10_110104373_110108468,Initiator,promoter,YYANWYY,-,3244,3251
h0_chr10_110104373_110108468,Initiator,promoter,YYANWYY,-,3335,3342
h0_chr10_110104373_110108468,Initiator,promoter,YYANWYY,-,3375,3382
h0_chr10_110104373_110108468,Initiator,promoter,YYANWYY,-,3453,3460
h0_chr10_110104373_110108468,Initiator,promoter,YYANWYY,-,3577,3584
h0_chr10_110104373_110108468,Initiator,promoter,YYANWYY,-,3720,3727
h0_chr10_110104373_110108468,Initiator,promoter,YYANWYY,-,3890,3897
h0_chr10_110104373_110108468,Initiator,promoter,YYANWYY,-,3903,3910
h0_chr10_110104373_110108468,Initiator,promoter,YYANWYY,-,3991,3998
h0_chr10_110104373_110108468,Initiator,promoter,YYANWYY,-,4001,4008
h0_chr10_110104373_110108468,GATA,tfbs,WGATAR,+,1909,1915
h0_chr10_110104373_110108468,GATA,tfbs,WGATAR,+,2253,2259
h0_chr10_110104373_110108468,GATA,tfbs,WGATAR,+,2287,2293
h0_chr10_110104373_110108468,GATA,tfbs,WGATAR,+,2580,2586
h0_chr10_110104373_110108468,GATA,tfbs,WGATAR,+,2775,2781
h0_chr10_110104373_110108468,GATA,tfbs,WGATAR,+,3102,3108
h0_chr10_110104373_110108468,GATA,tfbs,WGATAR,-,830,836
h0_chr10_110104373_110108468,GATA,tfbs,WGATAR,-,1871,1877
h0_chr10_110104373_110108468,GATA,tfbs,WGATAR,-,1883,1889
h0_chr10_110104373_110108468,GATA,tfbs,WGATAR,-,1963,1969
h0_chr10_110104373_110108468,GATA,tfbs,WGATAR,-,2023,2029
h0_chr10_110104373_110108468,GATA,tfbs,WGATAR,-,3876,3882
h0_chr10_110104373_110108468,RUNX,tfbs,TGTGGT,+,497,503
h0_chr10_110104373_110108468,RUNX,tfbs,TGTGGT,+,1266,1272
h0_chr10_110104373_110108468,RUNX,tfbs,TGTGGT,+,1451,1457
h0_chr10_110104373_110108468,YY1,tfbs,CCATNTT,+,3158,3165
h0_chr10_110104373_110108468,YY1,tfbs,CCATNTT,+,3203,3210
h0_chr10_110104373_110108468,YY1,tfbs,CCATNTT,+,4036,4043
h0_chr10_110104373_110108468,YY1,tfbs,CCATNTT,-,1593,1600
h0_chr10_110104373_110108468,YY1,tfbs,CCATNTT,-,1922,1929
h0_chr10_110104373_110108468,YY1,tfbs,CCATNTT,-,2779,2786
h0_chr10_110104373_110108468,YY1,tfbs,CCATNTT,-,3335,3342
h0_chr10_19287595_19291690,TATA_box,promoter,TATAWAWR,+,3735,3743
h0_chr10_19287595_19291690,TATA_box,promoter,TATAWAWR,+,3737,3745
h0_chr10_19287595_19291690,TATA_box,promoter,TATAWAWR,-,806,814
h0_chr10_19287595_19291690,TATA_box,promoter,TATAWAWR,-,2352,2360
h0_chr10_19287595_19291690,TATA_box,promoter,TATAWAWR,-,2651,2659
h0_chr10_19287595_19291690,TATA_box,promoter,TATAWAWR,-,3733,3741
h0_chr10_19287595_19291690,TATA_box,promoter,TATAWAWR,-,3735,3743
h0_chr10_19287595_19291690,Initiator,promoter,YYANWYY,+,11,18
h0_chr10_19287595_19291690,Initiator,promoter,YYANWYY,+,115,122
h0_chr10_19287595_19291690,Initiator,promoter,YYANWYY,+,195,202
h0_chr10_19287595_19291690,Initiator,promoter,YYANWYY,+,306,313
h0_chr10_19287595_19291690,Initiator,promoter,YYANWYY,+,480,487
h0_chr10_19287595_19291690,Initiator,promoter,YYANWYY,+,490,497
h0_chr10_19287595_19291690,Initiator,promoter,YYANWYY,+,511,518
h0_chr10_19287595_19291690,Initiator,promoter,YYANWYY,+,543,550
h0_chr10_19287595_19291690,Initiator,promoter,YYANWYY,+,566,573
h0_chr10_19287595_19291690,Initiator,promoter,YYANWYY,+,572,579
h0_chr10_19287595_19291690,Initiator,promoter,YYANWYY,+,654,661
h0_chr10_19287595_19291690,Initiator,promoter,YYANWYY,+,719,726
h0_chr10_19287595_19291690,Initiator,promoter,YYANWYY,+,728,735
h0_chr10_19287595_19291690,Initiator,promoter,YYANWYY,+,793,800
h0_chr10_19287595_19291690,Initiator,promoter,YYANWYY,+,802,809
h0_chr10_19287595_19291690,Initiator,promoter,YYANWYY,+,809,816
h0_chr10_19287595_19291690,Initiator,promoter,YYANWYY,+,900,907
h0_chr10_19287595_19291690,Initiator,promoter,YYANWYY,+,909,916
h0_chr10_19287595_19291690,Initiator,promoter,YYANWYY,+,956,963
h0_chr10_19287595_19291690,Initiator,promoter,YYANWYY,+,982,989
h0_chr10_19287595_19291690,Initiator,promoter,YYANWYY,+,1001,1008
h0_chr10_19287595_19291690,Initiator,promoter,YYANWYY,+,1115,1122
h0_chr10_19287595_19291690,Initiator,promoter,YYANWYY,+,1155,1162
h0_chr10_19287595_19291690,Initiator,promoter,YYANWYY,+,1225,1232
h0_chr10_19287595_19291690,Initiator,promoter,YYANWYY,+,1306,1313
h0_chr10_19287595_19291690,Initiator,promoter,YYANWYY,+,1343,1350
h0_chr10_19287595_19291690,Initiator,promoter,YYANWYY,+,1423,1430
h0_chr10_19287595_19291690,Initiator,promoter,YYANWYY,+,1445,1452
h0_chr10_19287595_19291690,Initiator,promoter,YYANWYY,+,1481,1488
h0_chr10_19287595_19291690,Initiator,promoter,YYANWYY,+,1552,1559
h0_chr10_19287595_19291690,Initiator,promoter,YYANWYY,+,1565,1572
h0_chr10_19287595_19291690,Initiator,promoter,YYANWYY,+,1695,1702
h0_chr10_19287595_19291690,Initiator,promoter,YYANWYY,+,1760,1767
h0_chr10_19287595_19291690,Initiator,promoter,YYANWYY,+,1882,1889
h0_chr10_19287595_19291690,Initiator,promoter,YYANWYY,+,1970,1977
h0_chr10_19287595_19291690,Initiator,promoter,YYANWYY,+,2007,2014
h0_chr10_19287595_19291690,Initiator,promoter,YYANWYY,+,2035,2042
h0_chr10_19287595_19291690,Initiator,promoter,YYANWYY,+,2077,2084
h0_chr10_19287595_19291690,Initiator,promoter,YYANWYY,+,2108,2115
h0_chr10_19287595_19291690,Initiator,promoter,YYANWYY,+,2116,2123
h0_chr10_19287595_19291690,Initiator,promoter,YYANWYY,+,2152,2159
h0_chr10_19287595_19291690,Initiator,promoter,YYANWYY,+,2158,2165
h0_chr10_19287595_19291690,Initiator,promoter,YYANWYY,+,2246,2253
h0_chr10_19287595_19291690,Initiator,promoter,YYANWYY,+,2274,2281
h0_chr10_19287595_19291690,Initiator,promoter,YYANWYY,+,2562,2569
h0_chr10_19287595_19291690,Initiator,promoter,YYANWYY,+,2647,2654
h0_chr10_19287595_19291690,Initiator,promoter,YYANWYY,+,2678,2685
h0_chr10_19287595_19291690,Initiator,promoter,YYANWYY,+,2691,2698
h0_chr10_19287595_19291690,Initiator,promoter,YYANWYY,+,2699,2706
h0_chr10_19287595_19291690,Initiator,promoter,YYANWYY,+,2969,2976
h0_chr10_19287595_19291690,Initiator,promoter,YYANWYY,+,2978,2985
h0_chr10_19287595_19291690,Initiator,promoter,YYANWYY,+,3215,3222
h0_chr10_19287595_19291690,Initiator,promoter,YYANWYY,+,3273,3280
h0_chr10_19287595_19291690,Initiator,promoter,YYANWYY,+,3324,3331
h0_chr10_19287595_19291690,Initiator,promoter,YYANWYY,+,3411,3418
h0_chr10_19287595_19291690,Initiator,promoter,YYANWYY,+,3446,3453
h0_chr10_19287595_19291690,Initiator,promoter,YYANWYY,+,3451,3458
h0_chr10_19287595_19291690,Initiator,promoter,YYANWYY,+,3511,3518
h0_chr10_19287595_19291690,Initiator,promoter,YYANWYY,+,3526,3533
h0_chr10_19287595_19291690,Initiator,promoter,YYANWYY,+,3578,3585
h0_chr10_19287595_19291690,Initiator,promoter,YYANWYY,+,3605,3612
h0_chr10_19287595_19291690,Initiator,promoter,YYANWYY,+,3821,3828
h0_chr10_19287595_19291690,Initiator,promoter,YYANWYY,+,4087,4094
h0_chr10_19287595_19291690,Initiator,promoter,YYANWYY,-,41,48
h0_chr10_19287595_19291690,Initiator,promoter,YYANWYY,-,105,112
h0_chr10_19287595_19291690,Initiator,promoter,YYANWYY,-,283,290
h0_chr10_19287595_19291690,Initiator,promoter,YYANWYY,-,392,399
h0_chr10_19287595_19291690,Initiator,promoter,YYANWYY,-,401,408
h0_chr10_19287595_19291690,Initiator,promoter,YYANWYY,-,422,429
h0_chr10_19287595_19291690,Initiator,promoter,YYANWYY,-,427,434
h0_chr10_19287595_19291690,Initiator,promoter,YYANWYY,-,1253,1260
h0_chr10_19287595_19291690,Initiator,promoter,YYANWYY,-,1606,1613
h0_chr10_19287595_19291690,Initiator,promoter,YYANWYY,-,1639,1646
h0_chr10_19287595_19291690,Initiator,promoter,YYANWYY,-,1706,1713
h0_chr10_19287595_19291690,Initiator,promoter,YYANWYY,-,1811,1818
h0_chr10_19287595_19291690,Initiator,promoter,YYANWYY,-,1872,1879
h0_chr10_19287595_19291690,Initiator,promoter,YYANWYY,-,2160,2167
h0_chr10_19287595_19291690,Initiator,promoter,YYANWYY,-,2196,2203
h0_chr10_19287595_19291690,Initiator,promoter,YYANWYY,-,2230,2237
h0_chr10_19287595_19291690,Initiator,promoter,YYANWYY,-,2243,2250
h0_chr10_19287595_19291690,Initiator,promoter,YYANWYY,-,2256,2263
h0_chr10_19287595_19291690,Initiator,promoter,YYANWYY,-,2341,2348
h0_chr10_19287595_19291690,Initiator,promoter,YYANWYY,-,2364,2371
h0_chr10_19287595_19291690,Initiator,promoter,YYANWYY,-,2440,2447
h0_chr10_19287595_19291690,Initiator,promoter,YYANWYY,-,2456,2463
h0_chr10_19287595_19291690,Initiator,promoter,YYANWYY,-,2538,2545
h0_chr10_19287595_19291690,Initiator,promoter,YYANWYY,-,2582,2589
h0_chr10_19287595_19291690,Initiator,promoter,YYANWYY,-,2610,2617
h0_chr10_19287595_19291690,Initiator,promoter,YYANWYY,-,2624,2631
h0_chr10_19287595_19291690,Initiator,promoter,YYANWYY,-,2630,2637
h0_chr10_19287595_19291690,Initiator,promoter,YYANWYY,-,2669,2676
h0_chr10_19287595_19291690,Initiator,promoter,YYANWYY,-,2712,2719
h0_chr10_19287595_19291690,Initiator,promoter,YYANWYY,-,2820,2827
h0_chr10_19287595_19291690,Initiator,promoter,YYANWYY,-,2892,2899
h0_chr10_19287595_19291690,Initiator,promoter,YYANWYY,-,2947,2954
h0_chr10_19287595_19291690,Initiator,promoter,YYANWYY,-,3048,3055
h0_chr10_19287595_19291690,Initiator,promoter,YYANWYY,-,3063,3070
h0_chr10_19287595_19291690,Initiator,promoter,YYANWYY,-,3198,3205
h0_chr10_19287595_19291690,Initiator,promoter,YYANWYY,-,3326,3333
h0_chr10_19287595_19291690,Initiator,promoter,YYANWYY,-,3375,3382
h0_chr10_19287595_19291690,Initiator,promoter,YYANWYY,-,3467,3474
h0_chr10_19287595_19291690,Initiator,promoter,YYANWYY,-,3569,3576
h0_chr10_19287595_19291690,Initiator,promoter,YYANWYY,-,3592,3599
h0_chr10_19287595_19291690,Initiator,promoter,YYANWYY,-,3622,3629
h0_chr10_19287595_19291690,Initiator,promoter,YYANWYY,-,3706,3713
h0_chr10_19287595_19291690,Initiator,promoter,YYANWYY,-,3713,3720
h0_chr10_19287595_19291690,Initiator,promoter,YYANWYY,-,3783,3790
h0_chr10_19287595_19291690,Initiator,promoter,YYANWYY,-,3798,3805
h0_chr10_19287595_19291690,Initiator,promoter,YYANWYY,-,3876,3883
h0_chr10_19287595_19291690,Initiator,promoter,YYANWYY,-,3930,3937
h0_chr10_19287595_19291690,Initiator,promoter,YYANWYY,-,3969,3976
h0_chr10_19287595_19291690,Initiator,promoter,YYANWYY,-,4046,4053
h0_chr10_19287595_19291690,AP1,tfbs,TGASTCA,+,373,380
h0_chr10_19287595_19291690,AP1,tfbs,TGASTCA,+,1506,1513
h0_chr10_19287595_19291690,GATA,tfbs,WGATAR,+,756,762
h0_chr10_19287595_19291690,GATA,tfbs,WGATAR,+,1905,1911
h0_chr10_19287595_19291690,GATA,tfbs,WGATAR,+,2888,2894
h0_chr10_19287595_19291690,GATA,tfbs,WGATAR,-,3165,3171
h0_chr10_19287595_19291690,GATA,tfbs,WGATAR,-,3417,3423
h0_chr10_19287595_19291690,GATA,tfbs,WGATAR,-,3941,3947
h0_chr10_19287595_19291690,YY1,tfbs,CCATNTT,+,451,458
h0_chr10_19287595_19291690,YY1,tfbs,CCATNTT,-,1414,1421
h0_chr10_19287595_19291690,YY1,tfbs,CCATNTT,-,3706,3713
h0_chr10_4663039_4667134,TATA_box,promoter,TATAWAWR,+,1197,1205
h0_chr10_4663039_4667134,TATA_box,promoter,TATAWAWR,+,1458,1466
h0_chr10_4663039_4667134,TATA_box,promoter,TATAWAWR,+,2751,2759
h0_chr10_4663039_4667134,TATA_box,promoter,TATAWAWR,+,3142,3150
h0_chr10_4663039_4667134,TATA_box,promoter,TATAWAWR,-,2120,2128
h0_chr10_4663039_4667134,TATA_box,promoter,TATAWAWR,-,2972,2980
h0_chr10_4663039_4667134,TATA_box,promoter,TATAWAWR,-,3478,3486
h0_chr10_4663039_4667134,Initiator,promoter,YYANWYY,+,30,37
h0_chr10_4663039_4667134,Initiator,promoter,YYANWYY,+,105,112
h0_chr10_4663039_4667134,Initiator,promoter,YYANWYY,+,134,141
h0_chr10_4663039_4667134,Initiator,promoter,YYANWYY,+,268,275
h0_chr10_4663039_4667134,Initiator,promoter,YYANWYY,+,391,398
h0_chr10_4663039_4667134,Initiator,promoter,YYANWYY,+,412,419
h0_chr10_4663039_4667134,Initiator,promoter,YYANWYY,+,418,425
h0_chr10_4663039_4667134,Initiator,promoter,YYANWYY,+,554,561
h0_chr10_4663039_4667134,Initiator,promoter,YYANWYY,+,609,616
h0_chr10_4663039_4667134,Initiator,promoter,YYANWYY,+,664,671
h0_chr10_4663039_4667134,Initiator,promoter,YYANWYY,+,680,687
h0_chr10_4663039_4667134,Initiator,promoter,YYANWYY,+,740,747
h0_chr10_4663039_4667134,Initiator,promoter,YYANWYY,+,745,752
h0_chr10_4663039_4667134,Initiator,promoter,YYANWYY,+,848,855
h0_chr10_4663039_4667134,Initiator,promoter,YYANWYY,+,1101,1108
h0_chr10_4663039_4667134,Initiator,promoter,YYANWYY,+,1237,1244
h0_chr10_4663039_4667134,Initiator,promoter,YYANWYY,+,1312,1319
h0_chr10_4663039_4667134,Initiator,promoter,YYANWYY,+,1431,1438
h0_chr10_4663039_4667134,Initiator,promoter,YYANWYY,+,1447,1454
h0_chr10_4663039_4667134,Initiator,promoter,YYANWYY,+,1482,1489
h0_chr10_4663039_4667134,Initiator,promoter,YYANWYY,+,1493,1500
h0_chr10_4663039_4667134,Initiator,promoter,YYANWYY,+,1619,1626
h0_chr10_4663039_4667134,Initiator,promoter,YYANWYY,+,1680,1687
h0_chr10_4663039_4667134,Initiator,promoter,YYANWYY,+,1742,1749
h0_chr10_4663039_4667134,Initiator,promoter,YYANWYY,+,1755,1762
h0_chr10_4663039_4667134,Initiator,promoter,YYANWYY,+,1802,1809
h0_chr10_4663039_4667134,Initiator,promoter,YYANWYY,+,1922,1929
h0_chr10_4663039_4667134,Initiator,promoter,YYANWYY,+,2025,2032
h0_chr10_4663039_4667134,Initiator,promoter,YYANWYY,+,2070,2077
h0_chr10_4663039_4667134,Initiator,promoter,YYANWYY,+,2075,2082
h0_chr10_4663039_4667134,Initiator,promoter,YYANWYY,+,2099,2106
h0_chr10_4663039_4667134,Initiator,promoter,YYANWYY,+,2114,2121
h0_chr10_4663039_4667134,Initiator,promoter,YYANWYY,+,2123,2130
h0_chr10_4663039_4667134,Initiator,promoter,YYANWYY,+,2262,2269
h0_chr10_4663039_4667134,Initiator,promoter,YYANWYY,+,2294,2301
h0_chr10_4663039_4667134,Initiator,promoter,YYANWYY,+,2305,2312
h0_chr10_4663039_4667134,Initiator,promoter,YYANWYY,+,2324,2331
h0_chr10_4663039_4667134,Initiator,promoter,YYANWYY,+,2399,2406
h0_chr10_4663039_4667134,Initiator,promoter,YYANWYY,+,2451,2458
h0_chr10_4663039_4667134,Initiator,promoter,YYANWYY,+,2471,2478
h0_chr10_4663039_4667134,Initiator,promoter,YYANWYY,+,2497,2504
h0_chr10_4663039_4667134,Initiator,promoter,YYANWYY,+,2531,2538
h0_chr10_4663039_4667134,Initiator,promoter,YYANWYY,+,2657,2664
h0_chr10_4663039_4667134,Initiator,promoter,YYANWYY,+,2679,2686
h0_chr10_4663039_4667134,Initiator,promoter,YYANWYY,+,2718,2725
h0_chr10_4663039_4667134,Initiator,promoter,YYANWYY,+,2817,2824
h0_chr10_4663039_4667134,Initiator,promoter,YYANWYY,+,2839,2846
h0_chr10_4663039_4667134,Initiator,promoter,YYANWYY,+,2874,2881
h0_chr10_4663039_4667134,Initiator,promoter,YYANWYY,+,2890,2897
h0_chr10_4663039_4667134,Initiator,promoter,YYANWYY,+,2899,2906
h0_chr10_4663039_4667134,Initiator,promoter,YYANWYY,+,2932,2939
h0_chr10_4663039_4667134,Initiator,promoter,YYANWYY,+,2937,2944
h0_chr10_4663039_4667134,Initiator,promoter,YYANWYY,+,2954,2961
h0_chr10_4663039_4667134,Initiator,promoter,YYANWYY,+,2975,2982
h0_chr10_4663039_4667134,Initiator,promoter,YYANWYY,+,3003,3010
h0_chr10_4663039_4667134,Initiator,promoter,YYANWYY,+,3054,3061
h0_chr10_4663039_4667134,Initiator,promoter,YYANWYY,+,3175,3182
h0_chr10_4663039_4667134,Initiator,promoter,YYANWYY,+,3183,3190
h0_chr10_4663039_4667134,Initiator,promoter,YYANWYY,+,3216,3223
h0_chr10_4663039_4667134,Initiator,promoter,YYANWYY,+,3358,3365
h0_chr10_4663039_4667134,Initiator,promoter,YYANWYY,+,3399,3406
h0_chr10_4663039_4667134,Initiator,promoter,YYANWYY,+,3565,3572
h0_chr10_4663039_4667134,Initiator,promoter,YYANWYY,+,3602,3609
h0_chr10_4663039_4667134,Initiator,promoter,YYANWYY,+,3637,3644
h0_chr10_4663039_4667134,Initiator,promoter,YYANWYY,+,3643,3650
h0_chr10_4663039_4667134,Initiator,promoter,YYANWYY,+,3695,3702
h0_chr10_4663039_4667134,Initiator,promoter,YYANWYY,+,3701,3708
h0_chr10_4663039_4667134,Initiator,promoter,YYANWYY,+,3719,3726
h0_chr10_4663039_4667134,Initiator,promoter,YYANWYY,+,3744,3751
h0_chr10_4663039_4667134,Initiator,promoter,YYANWYY,+,4030,4037
h0_chr10_4663039_4667134,Initiator,promoter,YYANWYY,+,4061,4068
h0_chr10_4663039_4667134,Initiator,promoter,YYANWYY,-,146,153
h0_chr10_4663039_4667134,Initiator,promoter,YYANWYY,-,170,177
h0_chr10_4663039_4667134,Initiator,promoter,YYANWYY,-,307,314
h0_chr10_4663039_4667134,Initiator,promoter,YYANWYY,-,450,457
h0_chr10_4663039_4667134,Initiator,promoter,YYANWYY,-,717,724
h0_chr10_4663039_4667134,Initiator,promoter,YYANWYY,-,784,791
h0_chr10_4663039_4667134,Initiator,promoter,YYANWYY,-,797,804
h0_chr10_4663039_4667134,Initiator,promoter,YYANWYY,-,864,871
h0_chr10_4663039_4667134,Initiator,promoter,YYANWYY,-,876,883
h0_chr10_4663039_4667134,Initiator,promoter,YYANWYY,-,883,890
h0_chr10_4663039_4667134,Initiator,promoter,YYANWYY,-,1025,1032
h0_chr10_4663039_4667134,Initiator,promoter,YYANWYY,-,1031,1038
h0_chr10_4663039_4667134,Initiator,promoter,YYANWYY,-,1039,1046
h0_chr10_4663039_4667134,Initiator,promoter,YYANWYY,-,1045,1052
h0_chr10_4663039_4667134,Initiator,promoter,YYANWYY,-,1126,1133
h0_chr10_4663039_4667134,Initiator,promoter,YYANWYY,-,1148,1155
h0_chr10_4663039_4667134,Initiator,promoter,YYANWYY,-,1176,1183
h0_chr10_4663039_4667134,Initiator,promoter,YYANWYY,-,1181,1188
h0_chr10_4663039_4667134,Initiator,promoter,YYANWYY,-,1186,1193
h0_chr10_4663039_4667134,Initiator,promoter,YYANWYY,-,1240,1247
h0_chr10_4663039_4667134,Initiator,promoter,YYANWYY,-,1386,1393
h0_chr10_4663039_4667134,Initiator,promoter,YYANWYY,-,1393,1400
h0_chr10_4663039_4667134,Initiator,promoter,YYANWYY,-,1421,1428
h0_chr10_4663039_4667134,Initiator,promoter,YYANWYY,-,1765,1772
h0_chr10_4663039_4667134,Initiator,promoter,YYANWYY,-,1861,1868
h0_chr10_4663039_4667134,Initiator,promoter,YYANWYY,-,1914,1921
h0_chr10_4663039_4667134,Initiator,promoter,YYANWYY,-,2072,2079
h0_chr10_4663039_4667134,Initiator,promoter,YYANWYY,-,2423,2430
h0_chr10_4663039_4667134,Initiator,promoter,YYANWYY,-,2453,2460
h0_chr10_4663039_4667134,Initiator,promoter,YYANWYY,-,2473,2480
h0_chr10_4663039_4667134,Initiator,promoter,YYANWYY,-,2597,2604
h0_chr10_4663039_4667134,Initiator,promoter,YYANWYY,-,2602,2609
h0_chr10_4663039_4667134,Initiator,promoter,YYANWYY,-,3147,3154
h0_chr10_4663039_4667134,Initiator,promoter,YYANWYY,-,3341,3348
h0_chr10_4663039_4667134,Initiator,promoter,YYANWYY,-,3419,3426
h0_chr10_4663039_4667134,Initiator,promoter,YYANWYY,-,3614,3621
h0_chr10_4663039_4667134,Initiator,promoter,YYANWYY,-,3621,3628
h0_chr10_4663039_4667134,Initiator,promoter,YYANWYY,-,3825,3832
h0_chr10_4663039_4667134,BREu,promoter,SSRCGCC,-,1659,1666
h0_chr10_4663039_4667134,E_box,tfbs,CACGTG,+,254,260
h0_chr10_4663039_4667134,AP1,tfbs,TGASTCA,+,293,300
h0_chr10_4663039_4667134,NFkB,tfbs,GGGRNNYYCC,+,1773,1783
h0_chr10_4663039_4667134,NFkB,tfbs,GGGRNNYYCC,-,1773,1783
h0_chr10_4663039_4667134,GATA,tfbs,WGATAR,+,226,232
h0_chr10_4663039_4667134,GATA,tfbs,WGATAR,+,1464,1470
h0_chr10_4663039_4667134,GATA,tfbs,WGATAR,+,1897,1903
h0_chr10_4663039_4667134,GATA,tfbs,WGATAR,+,2669,2675
h0_chr10_4663039_4667134,GATA,tfbs,WGATAR,+,2695,2701
h0_chr10_4663039_4667134,GATA,tfbs,WGATAR,+,3514,3520
h0_chr10_4663039_4667134,GATA,tfbs,WGATAR,+,4085,4091
h0_chr10_4663039_4667134,GATA,tfbs,WGATAR,-,2146,2152
h0_chr10_4663039_4667134,GATA,tfbs,WGATAR,-,2684,2690
h0_chr10_4663039_4667134,GATA,tfbs,WGATAR,-,2724,2730
h0_chr10_4663039_4667134,GATA,tfbs,WGATAR,-,2787,2793
h0_chr10_4663039_4667134,GATA,tfbs,WGATAR,-,2895,2901
h0_chr10_4663039_4667134,GATA,tfbs,WGATAR,-,3000,3006
h0_chr10_4663039_4667134,GATA,tfbs,WGATAR,-,3155,3161
h0_chr10_4663039_4667134,GATA,tfbs,WGATAR,-,3473,3479
h0_chr10_4663039_4667134,GATA,tfbs,WGATAR,-,3599,3605
h0_chr10_4663039_4667134,GATA,tfbs,WGATAR,-,4000,4006
h0_chr10_4663039_4667134,RUNX,tfbs,TGTGGT,+,3827,3833
h0_chr10_4663039_4667134,RUNX,tfbs,TGTGGT,-,3226,3232
h0_chr10_4663039_4667134,YY1,tfbs,CCATNTT,+,6,13
h0_chr10_4663039_4667134,YY1,tfbs,CCATNTT,+,105,112
h0_chr10_4663039_4667134,YY1,tfbs,CCATNTT,+,1782,1789
h0_chr10_4663039_4667134,YY1,tfbs,CCATNTT,+,1922,1929
h0_chr10_4663039_4667134,YY1,tfbs,CCATNTT,+,2497,2504
h0_chr10_4663039_4667134,YY1,tfbs,CCATNTT,-,1126,1133
h0_chr10_4663039_4667134,YY1,tfbs,CCATNTT,-,3272,3279
h0_chr1_117801428_117805523,TATA_box,promoter,TATAWAWR,+,1508,1516
h0_chr1_117801428_117805523,TATA_box,promoter,TATAWAWR,+,3302,3310
h0_chr1_117801428_117805523,TATA_box,promoter,TATAWAWR,+,3884,3892
h0_chr1_117801428_117805523,TATA_box,promoter,TATAWAWR,-,1147,1155
h0_chr1_117801428_117805523,Initiator,promoter,YYANWYY,+,133,140
h0_chr1_117801428_117805523,Initiator,promoter,YYANWYY,+,231,238
h0_chr1_117801428_117805523,Initiator,promoter,YYANWYY,+,283,290
h0_chr1_117801428_117805523,Initiator,promoter,YYANWYY,+,301,308
h0_chr1_117801428_117805523,Initiator,promoter,YYANWYY,+,382,389
h0_chr1_117801428_117805523,Initiator,promoter,YYANWYY,+,388,395
h0_chr1_117801428_117805523,Initiator,promoter,YYANWYY,+,489,496
h0_chr1_117801428_117805523,Initiator,promoter,YYANWYY,+,647,654
h0_chr1_117801428_117805523,Initiator,promoter,YYANWYY,+,657,664
h0_chr1_117801428_117805523,Initiator,promoter,YYANWYY,+,692,699
h0_chr1_117801428_117805523,Initiator,promoter,YYANWYY,+,775,782
h0_chr1_117801428_117805523,Initiator,promoter,YYANWYY,+,856,863
h0_chr1_117801428_117805523,Initiator,promoter,YYANWYY,+,958,965
h0_chr1_117801428_117805523,Initiator,promoter,YYANWYY,+,979,986
h0_chr1_117801428_117805523,Initiator,promoter,YYANWYY,+,1080,1087
h0_chr1_117801428_117805523,Initiator,promoter,YYANWYY,+,1096,1103
h0_chr1_117801428_117805523,Initiator,promoter,YYANWYY,+,1130,1137
h0_chr1_117801428_117805523,Initiator,promoter,YYANWYY,+,1135,1142
h0_chr1_117801428_117805523,Initiator,promoter,YYANWYY,+,1188,1195
h0_chr1_117801428_117805523,Initiator,promoter,YYANWYY,+,1237,1244
h0_chr1_117801428_117805523,Initiator,promoter,YYANWYY,+,1379,1386
h0_chr1_117801428_117805523,Initiator,promoter,YYANWYY,+,1458,1465
h0_chr1_117801428_117805523,Initiator,promoter,YYANWYY,+,1464,1471
h0_chr1_117801428_117805523,Initiator,promoter,YYANWYY,+,1517,1524
h0_chr1_117801428_117805523,Initiator,promoter,YYANWYY,+,1534,1541
h0_chr1_117801428_117805523,Initiator,promoter,YYANWYY,+,1731,1738
h0_chr1_117801428_117805523,Initiator,promoter,YYANWYY,+,1748,1755
h0_chr1_117801428_117805523,Initiator,promoter,YYANWYY,+,1860,1867
h0_chr1_117801428_117805523,Initiator,promoter,YYANWYY,+,1888,1895
h0_chr1_117801428_117805523,Initiator,promoter,YYANWYY,+,1972,1979
h0_chr1_117801428_117805523,Initiator,promoter,YYANWYY,+,2001,2008
h0_chr1_117801428_117805523,Initiator,promoter,YYANWYY,+,2010,2017
h0_chr1_117801428_117805523,Initiator,promoter,YYANWYY,+,2050,2057
h0_chr1_117801428_117805523,Initiator,promoter,YYANWYY,+,2089,2096
h0_chr1_117801428_117805523,Initiator,promoter,YYANWYY,+,2106,2113
h0_chr1_117801428_117805523,Initiator,promoter,YYANWYY,+,2182,2189
h0_chr1_117801428_117805523,Initiator,promoter,YYANWYY,+,2306,2313
h0_chr1_117801428_117805523,Initiator,promoter,YYANWYY,+,2399,2406
h0_chr1_117801428_117805523,Initiator,promoter,YYANWYY,+,2668,2675
h0_chr1_117801428_117805523,Initiator,promoter,YYANWYY,+,2975,2982
h0_chr1_117801428_117805523,Initiator,promoter,YYANWYY,+,3051,3058
h0_chr1_117801428_117805523,Initiator,promoter,YYANWYY,+,3141,3148
h0_chr1_117801428_117805523,Initiator,promoter,YYANWYY,+,3263,3270
h0_chr1_117801428_117805523,Initiator,promoter,YYANWYY,+,3346,3353
h0_chr1_117801428_117805523,Initiator,promoter,YYANWYY,+,3420,3427
h0_chr1_117801428_117805523,Initiator,promoter,YYANWYY,+,3531,3538
h0_chr1_117801428_117805523,Initiator,promoter,YYANWYY,+,3536,3543
h0_chr1_117801428_117805523,Initiator,promoter,YYANWYY,+,3558,3565
h0_chr1_117801428_117805523,Initiator,promoter,YYANWYY,+,3593,3600
h0_chr1_117801428_117805523,Initiator,promoter,YYANWYY,+,3744,3751
h0_chr1_117801428_117805523,Initiator,promoter,YYANWYY,+,3865,3872
h0_chr1_117801428_117805523,Initiator,promoter,YYANWYY,+,3870,3877
h0_chr1_117801428_117805523,Initiator,promoter,YYANWYY,+,3875,3882
h0_chr1_117801428_117805523,Initiator,promoter,YYANWYY,-,67,74
h0_chr1_117801428_117805523,Initiator,promoter,YYANWYY,-,82,89
h0_chr1_117801428_117805523,Initiator,promoter,YYANWYY,-,135,142
h0_chr1_117801428_117805523,Initiator,promoter,YYANWYY,-,165,172
h0_chr1_117801428_117805523,Initiator,promoter,YYANWYY,-,244,251
h0_chr1_117801428_117805523,Initiator,promoter,YYANWYY,-,573,580
h0_chr1_117801428_117805523,Initiator,promoter,YYANWYY,-,784,791
h0_chr1_117801428_117805523,Initiator,promoter,YYANWYY,-,792,799
h0_chr1_117801428_117805523,Initiator,promoter,YYANWYY,-,803,810
h0_chr1_117801428_117805523,Initiator,promoter,YYANWYY,-,832,839
h0_chr1_117801428_117805523,Initiator,promoter,YYANWYY,-,892,899
h0_chr1_117801428_117805523,Initiator,promoter,YYANWYY,-,916,923
h0_chr1_117801428_117805523,Initiator,promoter,YYANWYY,-,1466,1473
h0_chr1_117801428_117805523,Initiator,promoter,YYANWYY,-,1531,1538
h0_chr1_117801428_117805523,Initiator,promoter,YYANWYY,-,1546,1553
h0_chr1_117801428_117805523,Initiator,promoter,YYANWYY,-,1607,1614
h0_chr1_117801428_117805523,Initiator,promoter,YYANWYY,-,1649,1656
h0_chr1_117801428_117805523,Initiator,promoter,YYANWYY,-,1733,1740
h0_chr1_117801428_117805523,Initiator,promoter,YYANWYY,-,1814,1821
h0_chr1_117801428_117805523,Initiator,promoter,YYANWYY,-,1819,1826
h0_chr1_117801428_117805523,Initiator,promoter,YYANWYY,-,2047,2054
h0_chr1_117801428_117805523,Initiator,promoter,YYANWYY,-,2052,2059
h0_chr1_117801428_117805523,Initiator,promoter,YYANWYY,-,2108,2115
h0_chr1_117801428_117805523,Initiator,promoter,YYANWYY,-,2122,2129
h0_chr1_117801428_117805523,Initiator,promoter,YYANWYY,-,2148,2155
h0_chr1_117801428_117805523,Initiator,promoter,YYANWYY,-,2153,2160
h0_chr1_117801428_117805523,Initiator,promoter,YYANWYY,-,2235,2242
h0_chr1_117801428_117805523,Initiator,promoter,YYANWYY,-,2368,2375
h0_chr1_117801428_117805523,Initiator,promoter,YYANWYY,-,2375,2382
h0_chr1_117801428_117805523,Initiator,promoter,YYANWYY,-,2412,2419
h0_chr1_117801428_117805523,Initiator,promoter,YYANWYY,-,2555,2562
h0_chr1_117801428_117805523,Initiator,promoter,YYANWYY,-,2565,2572
h0_chr1_117801428_117805523,Initiator,promoter,YYANWYY,-,2689,2696
h0_chr1_117801428_117805523,Initiator,promoter,YYANWYY,-,2986,2993
h0_chr1_117801428_117805523,Initiator,promoter,YYANWYY,-,3044,3051
h0_chr1_117801428_117805523,Initiator,promoter,YYANWYY,-,3069,3076
h0_chr1_117801428_117805523,Initiator,promoter,YYANWYY,-,3074,3081
h0_chr1_117801428_117805523,Initiator,promoter,YYANWYY,-,3091,3098
h0_chr1_117801428_117805523,Initiator,promoter,YYANWYY,-,3106,3113
h0_chr1_117801428_117805523,Initiator,promoter,YYANWYY,-,3130,3137
h0_chr1_117801428_117805523,Initiator,promoter,YYANWYY,-,3169,3176
h0_chr1_117801428_117805523,Initiator,promoter,YYANWYY,-,3185,3192
h0_chr1_117801428_117805523,Initiator,promoter,YYANWYY,-,3360,3367
h0_chr1_117801428_117805523,Initiator,promoter,YYANWYY,-,3485,3492
h0_chr1_117801428_117805523,Initiator,promoter,YYANWYY,-,3547,3554
h0_chr1_117801428_117805523,Initiator,promoter,YYANWYY,-,3625,3632
h0_chr1_117801428_117805523,Initiator,promoter,YYANWYY,-,3650,3657
h0_chr1_117801428_117805523,Initiator,promoter,YYANWYY,-,3675,3682
h0_chr1_117801428_117805523,Initiator,promoter,YYANWYY,-,3808,3815
h0_chr1_117801428_117805523,GATA,tfbs,WGATAR,+,248,254
h0_chr1_117801428_117805523,GATA,tfbs,WGATAR,+,311,317
h0_chr1_117801428_117805523,GATA,tfbs,WGATAR,+,434,440
h0_chr1_117801428_117805523,GATA,tfbs,WGATAR,+,638,644
h0_chr1_117801428_117805523,GATA,tfbs,WGATAR,+,2865,2871
h0_chr1_117801428_117805523,GATA,tfbs,WGATAR,+,3851,3857
h0_chr1_117801428_117805523,GATA,tfbs,WGATAR,-,602,608
h0_chr1_117801428_117805523,GATA,tfbs,WGATAR,-,861,867
h0_chr1_117801428_117805523,GATA,tfbs,WGATAR,-,1522,1528
h0_chr1_117801428_117805523,GATA,tfbs,WGATAR,-,3478,3484
h0_chr1_117801428_117805523,RUNX,tfbs,TGTGGT,+,2567,2573
h0_chr1_117801428_117805523,RUNX,tfbs,TGTGGT,-,2291,2297
h0_chr1_117801428_117805523,RUNX,tfbs,TGTGGT,-,3262,3268
h0_chr1_117801428_117805523,YY1,tfbs,CCATNTT,+,231,238
h0_chr1_117801428_117805523,YY1,tfbs,CCATNTT,+,3420,3427
h0_chr1_117801428_117805523,YY1,tfbs,CCATNTT,-,986,993
h0_chr1_117801428_117805523,YY1,tfbs,CCATNTT,-,2520,2527
h0_chr1_117801428_117805523,YY1,tfbs,CCATNTT,-,3231,3238
h0_chr1_188000709_188004804,TATA_box,promoter,TATAWAWR,-,2626,2634
h0_chr1_188000709_188004804,TATA_box,promoter,TATAWAWR,-,3935,3943
h0_chr1_188000709_188004804,Initiator,promoter,YYANWYY,+,49,56
h0_chr1_188000709_188004804,Initiator,promoter,YYANWYY,+,57,64
h0_chr1_188000709_188004804,Initiator,promoter,YYANWYY,+,71,78
h0_chr1_188000709_188004804,Initiator,promoter,YYANWYY,+,126,133
h0_chr1_188000709_188004804,Initiator,promoter,YYANWYY,+,131,138
h0_chr1_188000709_188004804,Initiator,promoter,YYANWYY,+,501,508
h0_chr1_188000709_188004804,Initiator,promoter,YYANWYY,+,516,523
h0_chr1_188000709_188004804,Initiator,promoter,YYANWYY,+,532,539
h0_chr1_188000709_188004804,Initiator,promoter,YYANWYY,+,546,553
h0_chr1_188000709_188004804,Initiator,promoter,YYANWYY,+,556,563
h0_chr1_188000709_188004804,Initiator,promoter,YYANWYY,+,768,775
h0_chr1_188000709_188004804,Initiator,promoter,YYANWYY,+,788,795
h0_chr1_188000709_188004804,Initiator,promoter,YYANWYY,+,812,819
h0_chr1_188000709_188004804,Initiator,promoter,YYANWYY,+,834,841
h0_chr1_188000709_188004804,Initiator,promoter,YYANWYY,+,859,866
h0_chr1_188000709_188004804,Initiator,promoter,YYANWYY,+,941,948
h0_chr1_188000709_188004804,Initiator,promoter,YYANWYY,+,946,953
h0_chr1_188000709_188004804,Initiator,promoter,YYANWYY,+,952,959
h0_chr1_188000709_188004804,Initiator,promoter,YYANWYY,+,960,967
h0_chr1_188000709_188004804,Initiator,promoter,YYANWYY,+,986,993
h0_chr1_188000709_188004804,Initiator,promoter,YYANWYY,+,1082,1089
h0_chr1_188000709_188004804,Initiator,promoter,YYANWYY,+,1110,1117
h0_chr1_188000709_188004804,Initiator,promoter,YYANWYY,+,1152,1159
h0_chr1_188000709_188004804,Initiator,promoter,YYANWYY,+,1157,1164
h0_chr1_188000709_188004804,Initiator,promoter,YYANWYY,+,1187,1194
h0_chr1_188000709_188004804,Initiator,promoter,YYANWYY,+,1221,1228
h0_chr1_188000709_188004804,Initiator,promoter,YYANWYY,+,1229,1236
h0_chr1_188000709_188004804,Initiator,promoter,YYANWYY,+,1294,1301
h0_chr1_188000709_188004804,Initiator,promoter,YYANWYY,+,1391,1398
h0_chr1_188000709_188004804,Initiator,promoter,YYANWYY,+,1500,1507
h0_chr1_188000709_188004804,Initiator,promoter,YYANWYY,+,1534,1541
h0_chr1_188000709_188004804,Initiator,promoter,YYANWYY,+,1539,1546
h0_chr1_188000709_188004804,Initiator,promoter,YYANWYY,+,1546,1553
h0_chr1_188000709_188004804,Initiator,promoter,YYANWYY,+,1565,1572
h0_chr1_188000709_188004804,Initiator,promoter,YYANWYY,+,1604,1611
h0_chr1_188000709_188004804,Initiator,promoter,YYANWYY,+,1610,1617
h0_chr1_188000709_188004804,Initiator,promoter,YYANWYY,+,1650,1657
h0_chr1_188000709_188004804,Initiator,promoter,YYANWYY,+,1688,1695
h0_chr1_188000709_188004804,Initiator,promoter,YYANWYY,+,1726,1733
h0_chr1_188000709_188004804,Initiator,promoter,YYANWYY,+,1789,1796
h0_chr1_188000709_188004804,Initiator,promoter,YYANWYY,+,1905,1912
h0_chr1_188000709_188004804,Initiator,promoter,YYANWYY,+,1917,1924
h0_chr1_188000709_188004804,Initiator,promoter,YYANWYY,+,1944,1951
h0_chr1_188000709_188004804,Initiator,promoter,YYANWYY,+,2082,2089
h0_chr1_188000709_188004804,Initiator,promoter,YYANWYY,+,2142,2149
h0_chr1_188000709_188004804,Initiator,promoter,YYANWYY,+,2148,2155
h0_chr1_188000709_188004804,Initiator,promoter,YYANWYY,+,2170,2177
h0_chr1_188000709_188004804,Initiator,promoter,YYANWYY,+,2212,2219
h0_chr1_188000709_188004804,Initiator,promoter,YYANWYY,+,2267,2274
h0_chr1_188000709_188004804,Initiator,promoter,YYANWYY,+,2282,2289
h0_chr1_188000709_188004804,Initiator,promoter,YYANWYY,+,2287,2294
h0_chr1_188000709_188004804,Initiator,promoter,YYANWYY,+,2312,2319
h0_chr1_188000709_188004804,Initiator,promoter,YYANWYY,+,2317,2324
h0_chr1_188000709_188004804,Initiator,promoter,YYANWYY,+,2324,2331
h0_chr1_188000709_188004804,Initiator,promoter,YYANWYY,+,2343,2350
h0_chr1_188000709_188004804,Initiator,promoter,YYANWYY,+,2481,2488
h0_chr1_188000709_188004804,Initiator,promoter,YYANWYY,+,2574,2581
h0_chr1_188000709_188004804,Initiator,promoter,YYANWYY,+,2623,2630
h0_chr1_188000709_188004804,Initiator,promoter,YYANWYY,+,2629,2636
h0_chr1_188000709_188004804,Initiator,promoter,YYANWYY,+,2640,2647
h0_chr1_188000709_188004804,Initiator,promoter,YYANWYY,+,2701,2708
h0_chr1_188000709_188004804,Initiator,promoter,YYANWYY,+,2784,2791
h0_chr1_188000709_188004804,Initiator,promoter,YYANWYY,+,2840,2847
h0_chr1_188000709_188004804,Initiator,promoter,YYANWYY,+,2858,2865
h0_chr1_188000709_188004804,Initiator,promoter,YYANWYY,+,3136,3143
h0_chr1_188000709_188004804,Initiator,promoter,YYANWYY,+,3187,3194
h0_chr1_188000709_188004804,Initiator,promoter,YYANWYY,+,3228,3235
h0_chr1_188000709_188004804,Initiator,promoter,YYANWYY,+,3244,3251
h0_chr1_188000709_188004804,Initiator,promoter,YYANWYY,+,3265,3272
h0_chr1_188000709_188004804,Initiator,promoter,YYANWYY,+,3333,3340
h0_chr1_188000709_188004804,Initiator,promoter,YYANWYY,+,3412,3419
h0_chr1_188000709_188004804,Initiator,promoter,YYANWYY,+,3439,3446
h0_chr1_188000709_188004804,Initiator,promoter,YYANWYY,+,3554,3561
h0_chr1_188000709_188004804,Initiator,promoter,YYANWYY,+,3577,3584
h0_chr1_188000709_188004804,Initiator,promoter,YYANWYY,+,3670,3677
h0_chr1_188000709_188004804,Initiator,promoter,YYANWYY,+,3724,3731
h0_chr1_188000709_188004804,Initiator,promoter,YYANWYY,+,3737,3744
h0_chr1_188000709_188004804,Initiator,promoter,YYANWYY,+,3770,3777
h0_chr1_188000709_188004804,Initiator,promoter,YYANWYY,+,3810,3817
h0_chr1_188000709_188004804,Initiator,promoter,YYANWYY,+,3824,3831
h0_chr1_188000709_188004804,Initiator,promoter,YYANWYY,+,3898,3905
h0_chr1_188000709_188004804,Initiator,promoter,YYANWYY,+,3938,3945
h0_chr1_188000709_188004804,Initiator,promoter,YYANWYY,+,3985,3992
h0_chr1_188000709_188004804,Initiator,promoter,YYANWYY,+,4015,4022
h0_chr1_188000709_188004804,Initiator,promoter,YYANWYY,-,59,66
h0_chr1_188000709_188004804,Initiator,promoter,YYANWYY,-,73,80
h0_chr1_188000709_188004804,Initiator,promoter,YYANWYY,-,312,319
h0_chr1_188000709_188004804,Initiator,promoter,YYANWYY,-,373,380
h0_chr1_188000709_188004804,Initiator,promoter,YYANWYY,-,803,810
h0_chr1_188000709_188004804,Initiator,promoter,YYANWYY,-,872,879
h0_chr1_188000709_188004804,Initiator,promoter,YYANWYY,-,877,884
h0_chr1_188000709_188004804,Initiator,promoter,YYANWYY,-,884,891
h0_chr1_188000709_188004804,Initiator,promoter,YYANWYY,-,930,937
h0_chr1_188000709_188004804,Initiator,promoter,YYANWYY,-,1251,1258
h0_chr1_188000709_188004804,Initiator,promoter,YYANWYY,-,1581,1588
h0_chr1_188000709_188004804,Initiator,promoter,YYANWYY,-,1661,1668
h0_chr1_188000709_188004804,Initiator,promoter,YYANWYY,-,1946,1953
h0_chr1_188000709_188004804,Initiator,promoter,YYANWYY,-,2085,2092
h0_chr1_188000709_188004804,Initiator,promoter,YYANWYY,-,2124,2131
h0_chr1_188000709_188004804,Initiator,promoter,YYANWYY,-,2669,2676
h0_chr1_188000709_188004804,Initiator,promoter,YYANWYY,-,2681,2688
h0_chr1_188000709_188004804,Initiator,promoter,YYANWYY,-,2758,2765
h0_chr1_188000709_188004804,Initiator,promoter,YYANWYY,-,2796,2803
h0_chr1_188000709_188004804,Initiator,promoter,YYANWYY,-,2837,2844
h0_chr1_188000709_188004804,Initiator,promoter,YYANWYY,-,2842,2849
h0_chr1_188000709_188004804,Initiator,promoter,YYANWYY,-,2851,2858
h0_chr1_188000709_188004804,Initiator,promoter,YYANWYY,-,3139,3146
h0_chr1_188000709_188004804,Initiator,promoter,YYANWYY,-,3210,3217
h0_chr1_188000709_188004804,Initiator,promoter,YYANWYY,-,3230,3237
h0_chr1_188000709_188004804,Initiator,promoter,YYANWYY,-,3295,3302
h0_chr1_188000709_188004804,Initiator,promoter,YYANWYY,-,3301,3308
h0_chr1_188000709_188004804,Initiator,promoter,YYANWYY,-,3310,3317
h0_chr1_188000709_188004804,Initiator,promoter,YYANWYY,-,3372,3379
h0_chr1_188000709_188004804,Initiator,promoter,YYANWYY,-,3688,3695
h0_chr1_188000709_188004804,Initiator,promoter,YYANWYY,-,3693,3700
h0_chr1_188000709_188004804,Initiator,promoter,YYANWYY,-,3727,3734
h0_chr1_188000709_188004804,Initiator,promoter,YYANWYY,-,3759,3766
h0_chr1_188000709_188004804,Initiator,promoter,YYANWYY,-,3840,3847
h0_chr1_188000709_188004804,Initiator,promoter,YYANWYY,-,4043,4050
h0_chr1_188000709_188004804,BREu,promoter,SSRCGCC,+,333,340
h0_chr1_188000709_188004804,BREu,promoter,SSRCGCC,+,2467,2474
h0_chr1_188000709_188004804,BREu,promoter,SSRCGCC,-,188,195
h0_chr1_188000709_188004804,GC_box,promoter,GGGCGG,+,236,242
h0_chr1_188000709_188004804,GATA,tfbs,WGATAR,+,1707,1713
h0_chr1_188000709_188004804,GATA,tfbs,WGATAR,+,2685,2691
h0_chr1_188000709_188004804,GATA,tfbs,WGATAR,-,164,170
h0_chr1_188000709_188004804,GATA,tfbs,WGATAR,-,897,903
h0_chr1_188000709_188004804,GATA,tfbs,WGATAR,-,908,914
h0_chr1_188000709_188004804,GATA,tfbs,WGATAR,-,912,918
h0_chr1_188000709_188004804,GATA,tfbs,WGATAR,-,916,922
h0_chr1_188000709_188004804,GATA,tfbs,WGATAR,-,924,930
h0_chr1_188000709_188004804,GATA,tfbs,WGATAR,-,938,944
h0_chr1_188000709_188004804,GATA,tfbs,WGATAR,-,2051,2057
h0_chr1_188000709_188004804,GATA,tfbs,WGATAR,-,2882,2888
h0_chr1_188000709_188004804,GATA,tfbs,WGATAR,-,3461,3467
h0_chr1_188000709_188004804,GATA,tfbs,WGATAR,-,3483,3489
h0_chr1_188000709_188004804,GATA,tfbs,WGATAR,-,3582,3588
h0_chr1_188000709_188004804,GATA,tfbs,WGATAR,-,3626,3632
h0_chr1_188000709_188004804,GATA,tfbs,WGATAR,-,3705,3711
h0_chr1_188000709_188004804,RUNX,tfbs,TGTGGT,+,1681,1687
h0_chr1_188000709_188004804,RUNX,tfbs,TGTGGT,+,2161,2167
h0_chr1_188000709_188004804,YY1,tfbs,CCATNTT,+,2101,2108
h0_chr1_188000709_188004804,YY1,tfbs,CCATNTT,-,2124,2131
h0_chr1_236620149_236624244,TATA_box,promoter,TATAWAWR,+,41,49
h0_chr1_236620149_236624244,TATA_box,promoter,TATAWAWR,+,1396,1404
h0_chr1_236620149_236624244,TATA_box,promoter,TATAWAWR,+,2070,2078
h0_chr1_236620149_236624244,TATA_box,promoter,TATAWAWR,+,2072,2080
h0_chr1_236620149_236624244,TATA_box,promoter,TATAWAWR,-,2070,2078
h0_chr1_236620149_236624244,TATA_box,promoter,TATAWAWR,-,3590,3598
h0_chr1_236620149_236624244,Initiator,promoter,YYANWYY,+,219,226
h0_chr1_236620149_236624244,Initiator,promoter,YYANWYY,+,254,261
h0_chr1_236620149_236624244,Initiator,promoter,YYANWYY,+,275,282
h0_chr1_236620149_236624244,Initiator,promoter,YYANWYY,+,327,334
h0_chr1_236620149_236624244,Initiator,promoter,YYANWYY,+,460,467
h0_chr1_236620149_236624244,Initiator,promoter,YYANWYY,+,465,472
h0_chr1_236620149_236624244,Initiator,promoter,YYANWYY,+,610,617
h0_chr1_236620149_236624244,Initiator,promoter,YYANWYY,+,690,697
h0_chr1_236620149_236624244,Initiator,promoter,YYANWYY,+,707,714
h0_chr1_236620149_236624244,Initiator,promoter,YYANWYY,+,794,801
h0_chr1_236620149_236624244,Initiator,promoter,YYANWYY,+,817,824
h0_chr1_236620149_236624244,Initiator,promoter,YYANWYY,+,829,836
h0_chr1_236620149_236624244,Initiator,promoter,YYANWYY,+,875,882
h0_chr1_236620149_236624244,Initiator,promoter,YYANWYY,+,896,903
h0_chr1_236620149_236624244,Initiator,promoter,YYANWYY,+,1094,1101
h0_chr1_236620149_236624244,Initiator,promoter,YYANWYY,+,1099,1106
h0_chr1_236620149_236624244,Initiator,promoter,YYANWYY,+,1300,1307
h0_chr1_236620149_236624244,Initiator,promoter,YYANWYY,+,1373,1380
h0_chr1_236620149_236624244,Initiator,promoter,YYANWYY,+,1554,1561
h0_chr1_236620149_236624244,Initiator,promoter,YYANWYY,+,1661,1668
h0_chr1_236620149_236624244,Initiator,promoter,YYANWYY,+,1667,1674
h0_chr1_236620149_236624244,Initiator,promoter,YYANWYY,+,1673,1680
h0_chr1_236620149_236624244,Initiator,promoter,YYANWYY,+,1889,1896
h0_chr1_236620149_236624244,Initiator,promoter,YYANWYY,+,2083,2090
h0_chr1_236620149_236624244,Initiator,promoter,YYANWYY,+,2205,2212
h0_chr1_236620149_236624244,Initiator,promoter,YYANWYY,+,2809,2816
h0_chr1_236620149_236624244,Initiator,promoter,YYANWYY,+,3368,3375
h0_chr1_236620149_236624244,Initiator,promoter,YYANWYY,+,3377,3384
h0_chr1_236620149_236624244,Initiator,promoter,YYANWYY,+,3508,3515
h0_chr1_236620149_236624244,Initiator,promoter,YYANWYY,+,3593,3600
h0_chr1_236620149_236624244,Initiator,promoter,YYANWYY,+,3602,3609
h0_chr1_236620149_236624244,Initiator,promoter,YYANWYY,+,3651,3658
h0_chr1_236620149_236624244,Initiator,promoter,YYANWYY,+,3659,3666
h0_chr1_236620149_236624244,Initiator,promoter,YYANWYY,+,3721,3728
h0_chr1_236620149_236624244,Initiator,promoter,YYANWYY,+,3726,3733
h0_chr1_236620149_236624244,Initiator,promoter,YYANWYY,+,3858,3865
h0_chr1_236620149_236624244,Initiator,promoter,YYANWYY,-,46,53
h0_chr1_236620149_236624244,Initiator,promoter,YYANWYY,-,65,72
h0_chr1_236620149_236624244,Initiator,promoter,YYANWYY,-,189,196
h0_chr1_236620149_236624244,Initiator,promoter,YYANWYY,-,216,223
h0_chr1_236620149_236624244,Initiator,promoter,YYANWYY,-,256,263
h0_chr1_236620149_236624244,Initiator,promoter,YYANWYY,-,309,316
h0_chr1_236620149_236624244,Initiator,promoter,YYANWYY,-,489,496
h0_chr1_236620149_236624244,Initiator,promoter,YYANWYY,-,494,501
h0_chr1_236620149_236624244,Initiator,promoter,YYANWYY,-,519,526
h0_chr1_236620149_236624244,Initiator,promoter,YYANWYY,-,621,628
h0_chr1_236620149_236624244,Initiator,promoter,YYANWYY,-,723,730
h0_chr1_236620149_236624244,Initiator,promoter,YYANWYY,-,728,735
h0_chr1_236620149_236624244,Initiator,promoter,YYANWYY,-,762,769
h0_chr1_236620149_236624244,Initiator,promoter,YYANWYY,-,776,783
h0_chr1_236620149_236624244,Initiator,promoter,YYANWYY,-,857,864
h0_chr1_236620149_236624244,Initiator,promoter,YYANWYY,-,950,957
h0_chr1_236620149_236624244,Initiator,promoter,YYANWYY,-,988,995
h0_chr1_236620149_236624244,Initiator,promoter,YYANWYY,-,1005,1012
h0_chr1_236620149_236624244,Initiator,promoter,YYANWYY,-,1018,1025
h0_chr1_236620149_236624244,Initiator,promoter,YYANWYY,-,1060,1067
h0_chr1_236620149_236624244,Initiator,promoter,YYANWYY,-,1238,1245
h0_chr1_236620149_236624244,Initiator,promoter,YYANWYY,-,1284,1291
h0_chr1_236620149_236624244,Initiator,promoter,YYANWYY,-,1334,1341
h0_chr1_236620149_236624244,Initiator,promoter,YYANWYY,-,1366,1373
h0_chr1_236620149_236624244,Initiator,promoter,YYANWYY,-,1417,1424
h0_chr1_236620149_236624244,Initiator,promoter,YYANWYY,-,1508,1515
h0_chr1_236620149_236624244,Initiator,promoter,YYANWYY,-,1575,1582
h0_chr1_236620149_236624244,Initiator,promoter,YYANWYY,-,1693,1700
h0_chr1_236620149_236624244,Initiator,promoter,YYANWYY,-,1886,1893
h0_chr1_236620149_236624244,Initiator,promoter,YYANWYY,-,2225,2232
h0_chr1_236620149_236624244,Initiator,promoter,YYANWYY,-,2460,2467
h0_chr1_236620149_236624244,Initiator,promoter,YYANWYY,-,2484,2491
h0_chr1_236620149_236624244,Initiator,promoter,YYANWYY,-,2497,2504
h0_chr1_236620149_236624244,Initiator,promoter,YYANWYY,-,2596,2603
h0_chr1_236620149_236624244,Initiator,promoter,YYANWYY,-,2636,2643
h0_chr1_236620149_236624244,Initiator,promoter,YYANWYY,-,2653,2660
h0_chr1_236620149_236624244,Initiator,promoter,YYANWYY,-,2666,2673
h0_chr1_236620149_236624244,Initiator,promoter,YYANWYY,-,2695,2702
h0_chr1_236620149_236624244,Initiator,promoter,YYANWYY,-,2831,2838
h0_chr1_236620149_236624244,Initiator,promoter,YYANWYY,-,2850,2857
h0_chr1_236620149_236624244,Initiator,promoter,YYANWYY,-,2861,2868
h0_chr1_236620149_236624244,Initiator,promoter,YYANWYY,-,2874,2881
h0_chr1_236620149_236624244,Initiator,promoter,YYANWYY,-,2908,2915
h0_chr1_236620149_236624244,Initiator,promoter,YYANWYY,-,2978,2985
h0_chr1_236620149_236624244,Initiator,promoter,YYANWYY,-,3010,3017
h0_chr1_236620149_236624244,Initiator,promoter,YYANWYY,-,3113,3120
h0_chr1_236620149_236624244,Initiator,promoter,YYANWYY,-,3148,3155
h0_chr1_236620149_236624244,Initiator,promoter,YYANWYY,-,3235,3242
h0_chr1_236620149_236624244,Initiator,promoter,YYANWYY,-,3254,3261
h0_chr1_236620149_236624244,Initiator,promoter,YYANWYY,-,3351,3358
h0_chr1_236620149_236624244,Initiator,promoter,YYANWYY,-,3525,3532
h0_chr1_236620149_236624244,Initiator,promoter,YYANWYY,-,3672,3679
h0_chr1_236620149_236624244,Initiator,promoter,YYANWYY,-,3679,3686
h0_chr1_236620149_236624244,Initiator,promoter,YYANWYY,-,3723,3730
h0_chr1_236620149_236624244,Initiator,promoter,YYANWYY,-,3750,3757
h0_chr1_236620149_236624244,Initiator,promoter,YYANWYY,-,3890,3897
h0_chr1_236620149_236624244,Initiator,promoter,YYANWYY,-,3961,3968
h0_chr1_236620149_236624244,Initiator,promoter,YYANWYY,-,3968,3975
h0_chr1_236620149_236624244,Initiator,promoter,YYANWYY,-,3982,3989
h0_chr1_236620149_236624244,AP1,tfbs,TGASTCA,+,3453,3460
h0_chr1_236620149_236624244,AP1,tfbs,TGASTCA,+,3854,3861
h0_chr1_236620149_236624244,GATA,tfbs,WGATAR,+,783,789
h0_chr1_236620149_236624244,GATA,tfbs,WGATAR,+,1196,1202
h0_chr1_236620149_236624244,GATA,tfbs,WGATAR,+,1288,1294
h0_chr1_236620149_236624244,GATA,tfbs,WGATAR,+,2971,2977
h0_chr1_236620149_236624244,GATA,tfbs,WGATAR,+,3017,3023
h0_chr1_236620149_236624244,GATA,tfbs,WGATAR,+,3250,3256
h0_chr1_236620149_236624244,GATA,tfbs,WGATAR,+,3691,3697
h0_chr1_236620149_236624244,GATA,tfbs,WGATAR,+,3793,3799
h0_chr1_236620149_236624244,GATA,tfbs,WGATAR,+,3812,3818
h0_chr1_236620149_236624244,GATA,tfbs,WGATAR,-,1350,1356
h0_chr1_236620149_236624244,RUNX,tfbs,TGTGGT,+,67,73
h0_chr1_236620149_236624244,RUNX,tfbs,TGTGGT,+,594,600
h0_chr1_236620149_236624244,RUNX,tfbs,TGTGGT,+,947,953
h0_chr1_236620149_236624244,RUNX,tfbs,TGTGGT,-,2244,2250
h0_chr1_236620149_236624244,YY1,tfbs,CCATNTT,+,2107,2114
h0_chr1_236620149_236624244,YY1,tfbs,CCATNTT,-,20,27
h0_chr14_101543080_101547175,Initiator,promoter,YYANWYY,+,544,551
h0_chr14_101543080_101547175,Initiator,promoter,YYANWYY,+,572,579
h0_chr14_101543080_101547175,Initiator,promoter,YYANWYY,+,1010,1017
h0_chr14_101543080_101547175,Initiator,promoter,YYANWYY,+,1052,1059
h0_chr14_101543080_101547175,Initiator,promoter,YYANWYY,+,1134,1141
h0_chr14_101543080_101547175,Initiator,promoter,YYANWYY,+,1142,1149
h0_chr14_101543080_101547175,Initiator,promoter,YYANWYY,+,1453,1460
h0_chr14_101543080_101547175,Initiator,promoter,YYANWYY,+,1458,1465
h0_chr14_101543080_101547175,Initiator,promoter,YYANWYY,+,1499,1506
h0_chr14_101543080_101547175,Initiator,promoter,YYANWYY,+,1522,1529
h0_chr14_101543080_101547175,Initiator,promoter,YYANWYY,+,1553,1560
h0_chr14_101543080_101547175,Initiator,promoter,YYANWYY,+,1574,1581
h0_chr14_101543080_101547175,Initiator,promoter,YYANWYY,+,1942,1949
h0_chr14_101543080_101547175,Initiator,promoter,YYANWYY,+,1978,1985
h0_chr14_101543080_101547175,Initiator,promoter,YYANWYY,+,1983,1990
h0_chr14_101543080_101547175,Initiator,promoter,YYANWYY,+,2024,2031
h0_chr14_101543080_101547175,Initiator,promoter,YYANWYY,+,2074,2081
h0_chr14_101543080_101547175,Initiator,promoter,YYANWYY,+,2392,2399
h0_chr14_101543080_101547175,Initiator,promoter,YYANWYY,+,2514,2521
h0_chr14_101543080_101547175,Initiator,promoter,YYANWYY,+,2582,2589
h0_chr14_101543080_101547175,Initiator,promoter,YYANWYY,+,2600,2607
h0_chr14_101543080_101547175,Initiator,promoter,YYANWYY,+,2674,2681
h0_chr14_101543080_101547175,Initiator,promoter,YYANWYY,+,2884,2891
h0_chr14_101543080_101547175,Initiator,promoter,YYANWYY,+,2922,2929
h0_chr14_101543080_101547175,Initiator,promoter,YYANWYY,+,3146,3153
h0_chr14_101543080_101547175,Initiator,promoter,YYANWYY,+,3166,3173
h0_chr14_101543080_101547175,Initiator,promoter,YYANWYY,+,3250,3257
h0_chr14_101543080_101547175,Initiator,promoter,YYANWYY,+,3371,3378
h0_chr14_101543080_101547175,Initiator,promoter,YYANWYY,+,3870,3877
h0_chr14_101543080_101547175,Initiator,promoter,YYANWYY,-,49,56
h0_chr14_101543080_101547175,Initiator,promoter,YYANWYY,-,66,73
h0_chr14_101543080_101547175,Initiator,promoter,YYANWYY,-,101,108
h0_chr14_101543080_101547175,Initiator,promoter,YYANWYY,-,141,148
h0_chr14_101543080_101547175,Initiator,promoter,YYANWYY,-,337,344
h0_chr14_101543080_101547175,Initiator,promoter,YYANWYY,-,471,478
h0_chr14_101543080_101547175,Initiator,promoter,YYANWYY,-,604,611
h0_chr14_101543080_101547175,Initiator,promoter,YYANWYY,-,624,631
h0_chr14_101543080_101547175,Initiator,promoter,YYANWYY,-,656,663
h0_chr14_101543080_101547175,Initiator,promoter,YYANWYY,-,661,668
h0_chr14_101543080_101547175,Initiator,promoter,YYANWYY,-,666,673
h0_chr14_101543080_101547175,Initiator,promoter,YYANWYY,-,687,694
h0_chr14_101543080_101547175,Initiator,promoter,YYANWYY,-,706,713
h0_chr14_101543080_101547175,Initiator,promoter,YYANWYY,-,712,719
h0_chr14_101543080_101547175,Initiator,promoter,YYANWYY,-,717,724
h0_chr14_101543080_101547175,Initiator,promoter,YYANWYY,-,884,891
h0_chr14_101543080_101547175,Initiator,promoter,YYANWYY,-,900,907
h0_chr14_101543080_101547175,Initiator,promoter,YYANWYY,-,982,989
h0_chr14_101543080_101547175,Initiator,promoter,YYANWYY,-,1171,1178
h0_chr14_101543080_101547175,Initiator,promoter,YYANWYY,-,1187,1194
h0_chr14_101543080_101547175,Initiator,promoter,YYANWYY,-,1224,1231
h0_chr14_101543080_101547175,Initiator,promoter,YYANWYY,-,1258,1265
h0_chr14_101543080_101547175,Initiator,promoter,YYANWYY,-,1362,1369
h0_chr14_101543080_101547175,Initiator,promoter,YYANWYY,-,1455,1462
h0_chr14_101543080_101547175,Initiator,promoter,YYANWYY,-,1555,1562
h0_chr14_101543080_101547175,Initiator,promoter,YYANWYY,-,1560,1567
h0_chr14_101543080_101547175,Initiator,promoter,YYANWYY,-,1735,1742
h0_chr14_101543080_101547175,Initiator,promoter,YYANWYY,-,1825,1832
h0_chr14_101543080_101547175,Initiator,promoter,YYANWYY,-,1958,1965
h0_chr14_101543080_101547175,Initiator,promoter,YYANWYY,-,2213,2220
h0_chr14_101543080_101547175,Initiator,promoter,YYANWYY,-,2235,2242
h0_chr14_101543080_101547175,Initiator,promoter,YYANWYY,-,2424,2431
h0_chr14_101543080_101547175,Initiator,promoter,YYANWYY,-,2602,2609
h0_chr14_101543080_101547175,Initiator,promoter,YYANWYY,-,2964,2971
h0_chr14_101543080_101547175,Initiator,promoter,YYANWYY,-,2973,2980
h0_chr14_101543080_101547175,Initiator,promoter,YYANWYY,-,3042,3049
h0_chr14_101543080_101547175,Initiator,promoter,YYANWYY,-,3275,3282
h0_chr14_101543080_101547175,Initiator,promoter,YYANWYY,-,3956,3963
h0_chr14_101543080_101547175,Initiator,promoter,YYANWYY,-,4073,4080
h0_chr14_101543080_101547175,BREu,promoter,SSRCGCC,+,1789,1796
h0_chr14_101543080_101547175,BREu,promoter,SSRCGCC,+,1863,1870
h0_chr14_101543080_101547175,BREu,promoter,SSRCGCC,+,2769,2776
h0_chr14_101543080_101547175,BREu,promoter,SSRCGCC,+,2843,2850
h0_chr14_101543080_101547175,E_box,tfbs,CACGTG,+,3341,3347
h0_chr14_101543080_101547175,GC_box,promoter,GGGCGG,+,171,177
h0_chr14_101543080_101547175,GC_box,promoter,GGGCGG,+,3856,3862
h0_chr14_101543080_101547175,GC_box,promoter,GGGCGG,-,3007,3013
h0_chr14_101543080_101547175,GC_box,promoter,GGGCGG,-,3011,3017
h0_chr14_101543080_101547175,NFkB,tfbs,GGGRNNYYCC,+,2366,2376
h0_chr14_101543080_101547175,NFkB,tfbs,GGGRNNYYCC,+,2564,2574
h0_chr14_101543080_101547175,NFkB,tfbs,GGGRNNYYCC,-,2366,2376
h0_chr14_101543080_101547175,GATA,tfbs,WGATAR,+,1829,1835
h0_chr14_101543080_101547175,GATA,tfbs,WGATAR,+,3284,3290
h0_chr14_101543080_101547175,GATA,tfbs,WGATAR,-,1353,1359
h0_chr14_101543080_101547175,GATA,tfbs,WGATAR,-,1480,1486
h0_chr14_101543080_101547175,GATA,tfbs,WGATAR,-,1620,1626
h0_chr14_101543080_101547175,GATA,tfbs,WGATAR,-,2912,2918
h0_chr14_101543080_101547175,RUNX,tfbs,TGTGGT,+,886,892
h0_chr14_101543080_101547175,RUNX,tfbs,TGTGGT,-,495,501
h0_chr14_101543080_101547175,RUNX,tfbs,TGTGGT,-,1402,1408
h0_chr14_101543080_101547175,RUNX,tfbs,TGTGGT,-,1753,1759
h0_chr14_101543080_101547175,RUNX,tfbs,TGTGGT,-,2819,2825
h0_chr14_101543080_101547175,YY1,tfbs,CCATNTT,+,2334,2341
h0_chr14_101543080_101547175,YY1,tfbs,CCATNTT,-,900,907
h0_chr14_101543080_101547175,YY1,tfbs,CCATNTT,-,1224,1231
h0_chr14_101543080_101547175,YY1,tfbs,CCATNTT,-,1362,1369
h0_chr14_26677340_26681435,TATA_box,promoter,TATAWAWR,-,3081,3089
h0_chr14_26677340_26681435,Initiator,promoter,YYANWYY,+,36,43
h0_chr14_26677340_26681435,Initiator,promoter,YYANWYY,+,68,75
h0_chr14_26677340_26681435,Initiator,promoter,YYANWYY,+,84,91
h0_chr14_26677340_26681435,Initiator,promoter,YYANWYY,+,218,225
h0_chr14_26677340_26681435,Initiator,promoter,YYANWYY,+,242,249
h0_chr14_26677340_26681435,Initiator,promoter,YYANWYY,+,309,316
h0_chr14_26677340_26681435,Initiator,promoter,YYANWYY,+,353,360
h0_chr14_26677340_26681435,Initiator,promoter,YYANWYY,+,384,391
h0_chr14_26677340_26681435,Initiator,promoter,YYANWYY,+,422,429
h0_chr14_26677340_26681435,Initiator,promoter,YYANWYY,+,428,435
h0_chr14_26677340_26681435,Initiator,promoter,YYANWYY,+,533,540
h0_chr14_26677340_26681435,Initiator,promoter,YYANWYY,+,601,608
h0_chr14_26677340_26681435,Initiator,promoter,YYANWYY,+,651,658
h0_chr14_26677340_26681435,Initiator,promoter,YYANWYY,+,673,680
h0_chr14_26677340_26681435,Initiator,promoter,YYANWYY,+,683,690
h0_chr14_26677340_26681435,Initiator,promoter,YYANWYY,+,697,704
h0_chr14_26677340_26681435,Initiator,promoter,YYANWYY,+,716,723
h0_chr14_26677340_26681435,Initiator,promoter,YYANWYY,+,725,732
h0_chr14_26677340_26681435,Initiator,promoter,YYANWYY,+,860,867
h0_chr14_26677340_26681435,Initiator,promoter,YYANWYY,+,881,888
h0_chr14_26677340_26681435,Initiator,promoter,YYANWYY,+,988,995
h0_chr14_26677340_26681435,Initiator,promoter,YYANWYY,+,1072,1079
h0_chr14_26677340_26681435,Initiator,promoter,YYANWYY,+,1115,1122
h0_chr14_26677340_26681435,Initiator,promoter,YYANWYY,+,1181,1188
h0_chr14_26677340_26681435,Initiator,promoter,YYANWYY,+,1339,1346
h0_chr14_26677340_26681435,Initiator,promoter,YYANWYY,+,1508,1515
h0_chr14_26677340_26681435,Initiator,promoter,YYANWYY,+,1604,1611
h0_chr14_26677340_26681435,Initiator,promoter,YYANWYY,+,2077,2084
h0_chr14_26677340_26681435,Initiator,promoter,YYANWYY,+,2103,2110
h0_chr14_26677340_26681435,Initiator,promoter,YYANWYY,+,2204,2211
h0_chr14_26677340_26681435,Initiator,promoter,YYANWYY,+,2212,2219
h0_chr14_26677340_26681435,Initiator,promoter,YYANWYY,+,2238,2245
h0_chr14_26677340_26681435,Initiator,promoter,YYANWYY,+,2300,2307
h0_chr14_26677340_26681435,Initiator,promoter,YYANWYY,+,2367,2374
h0_chr14_26677340_26681435,Initiator,promoter,YYANWYY,+,2394,2401
h0_chr14_26677340_26681435,Initiator,promoter,YYANWYY,+,2400,2407
h0_chr14_26677340_26681435,Initiator,promoter,YYANWYY,+,2405,2412
h0_chr14_26677340_26681435,Initiator,promoter,YYANWYY,+,2413,2420
h0_chr14_26677340_26681435,Initiator,promoter,YYANWYY,+,2457,2464
h0_chr14_26677340_26681435,Initiator,promoter,YYANWYY,+,2496,2503
h0_chr14_26677340_26681435,Initiator,promoter,YYANWYY,+,2507,2514
h0_chr14_26677340_26681435,Initiator,promoter,YYANWYY,+,2522,2529
h0_chr14_26677340_26681435,Initiator,promoter,YYANWYY,+,2529,2536
h0_chr14_26677340_26681435,Initiator,promoter,YYANWYY,+,2536,2543
h0_chr14_26677340_26681435,Initiator,promoter,YYANWYY,+,2556,2563
h0_chr14_26677340_26681435,Initiator,promoter,YYANWYY,+,2583,2590
h0_chr14_26677340_26681435,Initiator,promoter,YYANWYY,+,2610,2617
h0_chr14_26677340_26681435,Initiator,promoter,YYANWYY,+,2633,2640
h0_chr14_26677340_26681435,Initiator,promoter,YYANWYY,+,2667,2674
h0_chr14_26677340_26681435,Initiator,promoter,YYANWYY,+,2681,2688
h0_chr14_26677340_26681435,Initiator,promoter,YYANWYY,+,2697,2704
h0_chr14_26677340_26681435,Initiator,promoter,YYANWYY,+,2757,2764
h0_chr14_26677340_26681435,Initiator,promoter,YYANWYY,+,2795,2802
h0_chr14_26677340_26681435,Initiator,promoter,YYANWYY,+,2873,2880
h0_chr14_26677340_26681435,Initiator,promoter,YYANWYY,+,2879,2886
h0_chr14_26677340_26681435,Initiator,promoter,YYANWYY,+,3118,3125
h0_chr14_26677340_26681435,Initiator,promoter,YYANWYY,+,3131,3138
h0_chr14_26677340_26681435,Initiator,promoter,YYANWYY,+,3223,3230
h0_chr14_26677340_26681435,Initiator,promoter,YYANWYY,+,3302,3309
h0_chr14_26677340_26681435,Initiator,promoter,YYANWYY,+,3379,3386
h0_chr14_26677340_26681435,Initiator,promoter,YYANWYY,+,3404,3411
h0_chr14_26677340_26681435,Initiator,promoter,YYANWYY,+,3504,3511
h0_chr14_26677340_26681435,Initiator,promoter,YYANWYY,+,3600,3607
h0_chr14_26677340_26681435,Initiator,promoter,YYANWYY,+,3624,3631
h0_chr14_26677340_26681435,Initiator,promoter,YYANWYY,+,3717,3724
h0_chr14_26677340_26681435,Initiator,promoter,YYANWYY,+,3726,3733
h0_chr14_26677340_26681435,Initiator,promoter,YYANWYY,+,3737,3744
h0_chr14_26677340_26681435,Initiator,promoter,YYANWYY,+,3801,3808
h0_chr14_26677340_26681435,Initiator,promoter,YYANWYY,+,3806,3813
h0_chr14_26677340_26681435,Initiator,promoter,YYANWYY,+,3882,3889
h0_chr14_26677340_26681435,Initiator,promoter,YYANWYY,+,3955,3962
h0_chr14_26677340_26681435,Initiator,promoter,YYANWYY,+,4017,4024
h0_chr14_26677340_26681435,Initiator,promoter,YYANWYY,+,4066,4073
h0_chr14_26677340_26681435,Initiator,promoter,YYANWYY,-,5,12
h0_chr14_26677340_26681435,Initiator,promoter,YYANWYY,-,244,251
h0_chr14_26677340_26681435,Initiator,promoter,YYANWYY,-,254,261
h0_chr14_26677340_26681435,Initiator,promoter,YYANWYY,-,355,362
h0_chr14_26677340_26681435,Initiator,promoter,YYANWYY,-,439,446
h0_chr14_26677340_26681435,Initiator,promoter,YYANWYY,-,510,517
h0_chr14_26677340_26681435,Initiator,promoter,YYANWYY,-,535,542
h0_chr14_26677340_26681435,Initiator,promoter,YYANWYY,-,629,636
h0_chr14_26677340_26681435,Initiator,promoter,YYANWYY,-,918,925
h0_chr14_26677340_26681435,Initiator,promoter,YYANWYY,-,942,949
h0_chr14_26677340_26681435,Initiator,promoter,YYANWYY,-,947,954
h0_chr14_26677340_26681435,Initiator,promoter,YYANWYY,-,1158,1165
h0_chr14_26677340_26681435,Initiator,promoter,YYANWYY,-,1238,1245
h0_chr14_26677340_26681435,Initiator,promoter,YYANWYY,-,1595,1602
h0_chr14_26677340_26681435,Initiator,promoter,YYANWYY,-,1696,1703
h0_chr14_26677340_26681435,Initiator,promoter,YYANWYY,-,2053,2060
h0_chr14_26677340_26681435,Initiator,promoter,YYANWYY,-,2089,2096
h0_chr14_26677340_26681435,Initiator,promoter,YYANWYY,-,2100,2107
h0_chr14_26677340_26681435,Initiator,promoter,YYANWYY,-,2376,2383
h0_chr14_26677340_26681435,Initiator,promoter,YYANWYY,-,2498,2505
h0_chr14_26677340_26681435,Initiator,promoter,YYANWYY,-,2569,2576
h0_chr14_26677340_26681435,Initiator,promoter,YYANWYY,-,2722,2729
h0_chr14_26677340_26681435,Initiator,promoter,YYANWYY,-,3023,3030
h0_chr14_26677340_26681435,Initiator,promoter,YYANWYY,-,3102,3109
h0_chr14_26677340_26681435,Initiator,promoter,YYANWYY,-,3241,3248
h0_chr14_26677340_26681435,Initiator,promoter,YYANWYY,-,3495,3502
h0_chr14_26677340_26681435,Initiator,promoter,YYANWYY,-,3562,3569
h0_chr14_26677340_26681435,Initiator,promoter,YYANWYY,-,3567,3574
h0_chr14_26677340_26681435,Initiator,promoter,YYANWYY,-,3626,3633
h0_chr14_26677340_26681435,Initiator,promoter,YYANWYY,-,3644,3651
h0_chr14_26677340_26681435,Initiator,promoter,YYANWYY,-,3714,3721
h0_chr14_26677340_26681435,Initiator,promoter,YYANWYY,-,3744,3751
h0_chr14_26677340_26681435,Initiator,promoter,YYANWYY,-,3753,3760
h0_chr14_26677340_26681435,Initiator,promoter,YYANWYY,-,3831,3838
h0_chr14_26677340_26681435,BREu,promoter,SSRCGCC,+,1561,1568
h0_chr14_26677340_26681435,BREu,promoter,SSRCGCC,-,1562,1569
h0_chr14_26677340_26681435,NFkB,tfbs,GGGRNNYYCC,+,1808,1818
h0_chr14_26677340_26681435,NFkB,tfbs,GGGRNNYYCC,-,1808,1818
h0_chr14_26677340_26681435,GATA,tfbs,WGATAR,+,1918,1924
h0_chr14_26677340_26681435,GATA,tfbs,WGATAR,+,3044,3050
h0_chr14_26677340_26681435,GATA,tfbs,WGATAR,+,3618,3624
h0_chr14_26677340_26681435,GATA,tfbs,WGATAR,-,1111,1117
h0_chr14_26677340_26681435,GATA,tfbs,WGATAR,-,2044,2050
h0_chr14_26677340_26681435,GATA,tfbs,WGATAR,-,2345,2351
h0_chr14_26677340_26681435,GATA,tfbs,WGATAR,-,3167,3173
h0_chr14_26677340_26681435,GATA,tfbs,WGATAR,-,3490,3496
h0_chr14_26677340_26681435,GATA,tfbs,WGATAR,-,3541,3547
h0_chr14_26677340_26681435,GATA,tfbs,WGATAR,-,3655,3661
h0_chr14_26677340_26681435,RUNX,tfbs,TGTGGT,+,487,493
h0_chr14_26677340_26681435,RUNX,tfbs,TGTGGT,+,1104,1110
h0_chr14_26677340_26681435,RUNX,tfbs,TGTGGT,+,1706,1712
h0_chr14_26677340_26681435,RUNX,tfbs,TGTGGT,+,3583,3589
h0_chr14_26677340_26681435,RUNX,tfbs,TGTGGT,-,3599,3605
h0_chr14_26677340_26681435,YY1,tfbs,CCATNTT,+,131,138
h0_chr14_26677340_26681435,YY1,tfbs,CCATNTT,+,651,658
h0_chr14_26677340_26681435,YY1,tfbs,CCATNTT,+,1097,1104
h0_chr14_26677340_26681435,YY1,tfbs,CCATNTT,+,2016,2023
h0_chr14_26677340_26681435,YY1,tfbs,CCATNTT,+,2212,2219
h0_chr14_26677340_26681435,YY1,tfbs,CCATNTT,-,4037,4044
h0_chr14_33378322_33382417,TATA_box,promoter,TATAWAWR,+,802,810
h0_chr14_33378322_33382417,TATA_box,promoter,TATAWAWR,+,2521,2529
h0_chr14_33378322_33382417,TATA_box,promoter,TATAWAWR,-,1098,1106
h0_chr14_33378322_33382417,Initiator,promoter,YYANWYY,+,11,18
h0_chr14_33378322_33382417,Initiator,promoter,YYANWYY,+,55,62
h0_chr14_33378322_33382417,Initiator,promoter,YYANWYY,+,282,289
h0_chr14_33378322_33382417,Initiator,promoter,YYANWYY,+,375,382
h0_chr14_33378322_33382417,Initiator,promoter,YYANWYY,+,545,552
h0_chr14_33378322_33382417,Initiator,promoter,YYANWYY,+,583,590
h0_chr14_33378322_33382417,Initiator,promoter,YYANWYY,+,605,612
h0_chr14_33378322_33382417,Initiator,promoter,YYANWYY,+,820,827
h0_chr14_33378322_33382417,Initiator,promoter,YYANWYY,+,875,882
h0_chr14_33378322_33382417,Initiator,promoter,YYANWYY,+,914,921
h0_chr14_33378322_33382417,Initiator,promoter,YYANWYY,+,980,987
h0_chr14_33378322_33382417,Initiator,promoter,YYANWYY,+,1022,1029
h0_chr14_33378322_33382417,Initiator,promoter,YYANWYY,+,1101,1108
h0_chr14_33378322_33382417,Initiator,promoter,YYANWYY,+,1144,1151
h0_chr14_33378322_33382417,Initiator,promoter,YYANWYY,+,1197,1204
h0_chr14_33378322_33382417,Initiator,promoter,YYANWYY,+,1313,1320
h0_chr14_33378322_33382417,Initiator,promoter,YYANWYY,+,1339,1346
h0_chr14_33378322_33382417,Initiator,promoter,YYANWYY,+,1345,1352
h0_chr14_33378322_33382417,Initiator,promoter,YYANWYY,+,1405,1412
h0_chr14_33378322_33382417,Initiator,promoter,YYANWYY,+,1497,1504
h0_chr14_33378322_33382417,Initiator,promoter,YYANWYY,+,1508,1515
h0_chr14_33378322_33382417,Initiator,promoter,YYANWYY,+,1543,1550
h0_chr14_33378322_33382417,Initiator,promoter,YYANWYY,+,1568,1575
h0_chr14_33378322_33382417,Initiator,promoter,YYANWYY,+,1581,1588
h0_chr14_33378322_33382417,Initiator,promoter,YYANWYY,+,1594,1601
h0_chr14_33378322_33382417,Initiator,promoter,YYANWYY,+,1948,1955
h0_chr14_33378322_33382417,Initiator,promoter,YYANWYY,+,2070,2077
h0_chr14_33378322_33382417,Initiator,promoter,YYANWYY,+,2136,2143
h0_chr14_33378322_33382417,Initiator,promoter,YYANWYY,+,2168,2175
h0_chr14_33378322_33382417,Initiator,promoter,YYANWYY,+,2185,2192
h0_chr14_33378322_33382417,Initiator,promoter,YYANWYY,+,2203,2210
h0_chr14_33378322_33382417,Initiator,promoter,YYANWYY,+,2258,2265
h0_chr14_33378322_33382417,Initiator,promoter,YYANWYY,+,2309,2316
h0_chr14_33378322_33382417,Initiator,promoter,YYANWYY,+,2508,2515
h0_chr14_33378322_33382417,Initiator,promoter,YYANWYY,+,2576,2583
h0_chr14_33378322_33382417,Initiator,promoter,YYANWYY,+,2584,2591
h0_chr14_33378322_33382417,Initiator,promoter,YYANWYY,+,2589,2596
h0_chr14_33378322_33382417,Initiator,promoter,YYANWYY,+,2638,2645
h0_chr14_33378322_33382417,Initiator,promoter,YYANWYY,+,2750,2757
h0_chr14_33378322_33382417,Initiator,promoter,YYANWYY,+,2767,2774
h0_chr14_33378322_33382417,Initiator,promoter,YYANWYY,+,2796,2803
h0_chr14_33378322_33382417,Initiator,promoter,YYANWYY,+,2801,2808
h0_chr14_33378322_33382417,Initiator,promoter,YYANWYY,+,2891,2898
h0_chr14_33378322_33382417,Initiator,promoter,YYANWYY,+,2920,2927
h0_chr14_33378322_33382417,Initiator,promoter,YYANWYY,+,2943,2950
h0_chr14_33378322_33382417,Initiator,promoter,YYANWYY,+,3035,3042
h0_chr14_33378322_33382417,Initiator,promoter,YYANWYY,+,3066,3073
h0_chr14_33378322_33382417,Initiator,promoter,YYANWYY,+,3099,3106
h0_chr14_33378322_33382417,Initiator,promoter,YYANWYY,+,3104,3111
h0_chr14_33378322_33382417,Initiator,promoter,YYANWYY,+,3131,3138
h0_chr14_33378322_33382417,Initiator,promoter,YYANWYY,+,3360,3367
h0_chr14_33378322_33382417,Initiator,promoter,YYANWYY,+,3365,3372
h0_chr14_33378322_33382417,Initiator,promoter,YYANWYY,+,3493,3500
h0_chr14_33378322_33382417,Initiator,promoter,YYANWYY,+,3498,3505
h0_chr14_33378322_33382417,Initiator,promoter,YYANWYY,+,3552,3559
h0_chr14_33378322_33382417,Initiator,promoter,YYANWYY,+,3580,3587
h0_chr14_33378322_33382417,Initiator,promoter,YYANWYY,+,3693,3700
h0_chr14_33378322_33382417,Initiator,promoter,YYANWYY,+,3800,3807
h0_chr14_33378322_33382417,Initiator,promoter,YYANWYY,+,3858,3865
h0_chr14_33378322_33382417,Initiator,promoter,YYANWYY,+,3937,3944
h0_chr14_33378322_33382417,Initiator,promoter,YYANWYY,+,3989,3996
h0_chr14_33378322_33382417,Initiator,promoter,YYANWYY,+,4005,4012
h0_chr14_33378322_33382417,Initiator,promoter,YYANWYY,+,4010,4017
h0_chr14_33378322_33382417,Initiator,promoter,YYANWYY,+,4026,4033
h0_chr14_33378322_33382417,Initiator,promoter,YYANWYY,+,4034,4041
h0_chr14_33378322_33382417,Initiator,promoter,YYANWYY,-,83,90
h0_chr14_33378322_33382417,Initiator,promoter,YYANWYY,-,162,169
h0_chr14_33378322_33382417,Initiator,promoter,YYANWYY,-,172,179
h0_chr14_33378322_33382417,Initiator,promoter,YYANWYY,-,318,325
h0_chr14_33378322_33382417,Initiator,promoter,YYANWYY,-,327,334
h0_chr14_33378322_33382417,Initiator,promoter,YYANWYY,-,334,341
h0_chr14_33378322_33382417,Initiator,promoter,YYANWYY,-,340,347
h0_chr14_33378322_33382417,Initiator,promoter,YYANWYY,-,414,421
h0_chr14_33378322_33382417,Initiator,promoter,YYANWYY,-,500,507
h0_chr14_33378322_33382417,Initiator,promoter,YYANWYY,-,538,545
h0_chr14_33378322_33382417,Initiator,promoter,YYANWYY,-,558,565
h0_chr14_33378322_33382417,Initiator,promoter,YYANWYY,-,563,570
h0_chr14_33378322_33382417,Initiator,promoter,YYANWYY,-,607,614
h0_chr14_33378322_33382417,Initiator,promoter,YYANWYY,-,715,722
h0_chr14_33378322_33382417,Initiator,promoter,YYANWYY,-,782,789
h0_chr14_33378322_33382417,Initiator,promoter,YYANWYY,-,800,807
h0_chr14_33378322_33382417,Initiator,promoter,YYANWYY,-,1171,1178
h0_chr14_33378322_33382417,Initiator,promoter,YYANWYY,-,1224,1231
h0_chr14_33378322_33382417,Initiator,promoter,YYANWYY,-,1234,1241
h0_chr14_33378322_33382417,Initiator,promoter,YYANWYY,-,1287,1294
h0_chr14_33378322_33382417,Initiator,promoter,YYANWYY,-,1407,1414
h0_chr14_33378322_33382417,Initiator,promoter,YYANWYY,-,1447,1454
h0_chr14_33378322_33382417,Initiator,promoter,YYANWYY,-,1480,1487
h0_chr14_33378322_33382417,Initiator,promoter,YYANWYY,-,1545,1552
h0_chr14_33378322_33382417,Initiator,promoter,YYANWYY,-,1711,1718
h0_chr14_33378322_33382417,Initiator,promoter,YYANWYY,-,1738,1745
h0_chr14_33378322_33382417,Initiator,promoter,YYANWYY,-,1771,1778
h0_chr14_33378322_33382417,Initiator,promoter,YYANWYY,-,1778,1785
h0_chr14_33378322_33382417,Initiator,promoter,YYANWYY,-,1810,1817
h0_chr14_33378322_33382417,Initiator,promoter,YYANWYY,-,2044,2051
h0_chr14_33378322_33382417,Initiator,promoter,YYANWYY,-,2205,2212
h0_chr14_33378322_33382417,Initiator,promoter,YYANWYY,-,2212,2219
h0_chr14_33378322_33382417,Initiator,promoter,YYANWYY,-,2342,2349
h0_chr14_33378322_33382417,Initiator,promoter,YYANWYY,-,2359,2366
h0_chr14_33378322_33382417,Initiator,promoter,YYANWYY,-,2519,2526
h0_chr14_33378322_33382417,Initiator,promoter,YYANWYY,-,2568,2575
h0_chr14_33378322_33382417,Initiator,promoter,YYANWYY,-,2628,2635
h0_chr14_33378322_33382417,Initiator,promoter,YYANWYY,-,2635,2642
h0_chr14_33378322_33382417,Initiator,promoter,YYANWYY,-,2652,2659
h0_chr14_33378322_33382417,Initiator,promoter,YYANWYY,-,2903,2910
h0_chr14_33378322_33382417,Initiator,promoter,YYANWYY,-,2909,2916
h0_chr14_33378322_33382417,Initiator,promoter,YYANWYY,-,2977,2984
h0_chr14_33378322_33382417,Initiator,promoter,YYANWYY,-,3081,3088
h0_chr14_33378322_33382417,Initiator,promoter,YYANWYY,-,3133,3140
h0_chr14_33378322_33382417,Initiator,promoter,YYANWYY,-,3233,3240
h0_chr14_33378322_33382417,Initiator,promoter,YYANWYY,-,3312,3319
h0_chr14_33378322_33382417,Initiator,promoter,YYANWYY,-,3320,3327
h0_chr14_33378322_33382417,Initiator,promoter,YYANWYY,-,3522,3529
h0_chr14_33378322_33382417,Initiator,promoter,YYANWYY,-,3664,3671
h0_chr14_33378322_33382417,Initiator,promoter,YYANWYY,-,3890,3897
h0_chr14_33378322_33382417,Initiator,promoter,YYANWYY,-,4036,4043
h0_chr14_33378322_33382417,E_box,tfbs,CACGTG,+,182,188
h0_chr14_33378322_33382417,E_box,tfbs,CACGTG,+,686,692
h0_chr14_33378322_33382417,E_box,tfbs,CACGTG,+,1471,1477
h0_chr14_33378322_33382417,AP1,tfbs,TGASTCA,+,386,393
h0_chr14_33378322_33382417,NFkB,tfbs,GGGRNNYYCC,-,356,366
h0_chr14_33378322_33382417,GATA,tfbs,WGATAR,+,1386,1392
h0_chr14_33378322_33382417,GATA,tfbs,WGATAR,+,1754,1760
h0_chr14_33378322_33382417,GATA,tfbs,WGATAR,+,2735,2741
h0_chr14_33378322_33382417,GATA,tfbs,WGATAR,+,2830,2836
h0_chr14_33378322_33382417,GATA,tfbs,WGATAR,+,4083,4089
h0_chr14_33378322_33382417,GATA,tfbs,WGATAR,-,141,147
h0_chr14_33378322_33382417,GATA,tfbs,WGATAR,-,1256,1262
h0_chr14_33378322_33382417,GATA,tfbs,WGATAR,-,1263,1269
h0_chr14_33378322_33382417,GATA,tfbs,WGATAR,-,2060,2066
h0_chr14_33378322_33382417,GATA,tfbs,WGATAR,-,3018,3024
h0_chr14_33378322_33382417,GATA,tfbs,WGATAR,-,3171,3177
h0_chr14_33378322_33382417,RUNX,tfbs,TGTGGT,+,3406,3412
h0_chr14_33378322_33382417,RUNX,tfbs,TGTGGT,-,2550,2556
h0_chr14_33378322_33382417,YY1,tfbs,CCATNTT,+,2309,2316
h0_chr14_33378322_33382417,YY1,tfbs,CCATNTT,+,3552,3559
h0_chr14_33378322_33382417,YY1,tfbs,CCATNTT,-,127,134
h0_chr17_22742263_22746358,TATA_box,promoter,TATAWAWR,+,302,310
h0_chr17_22742263_22746358,TATA_box,promoter,TATAWAWR,+,1845,1853
h0_chr17_22742263_22746358,Initiator,promoter,YYANWYY,+,353,360
h0_chr17_22742263_22746358,Initiator,promoter,YYANWYY,+,447,454
h0_chr17_22742263_22746358,Initiator,promoter,YYANWYY,+,558,565
h0_chr17_22742263_22746358,Initiator,promoter,YYANWYY,+,696,703
h0_chr17_22742263_22746358,Initiator,promoter,YYANWYY,+,721,728
h0_chr17_22742263_22746358,Initiator,promoter,YYANWYY,+,886,893
h0_chr17_22742263_22746358,Initiator,promoter,YYANWYY,+,1560,1567
h0_chr17_22742263_22746358,Initiator,promoter,YYANWYY,+,2048,2055
h0_chr17_22742263_22746358,Initiator,promoter,YYANWYY,+,2086,2093
h0_chr17_22742263_22746358,Initiator,promoter,YYANWYY,+,2161,2168
h0_chr17_22742263_22746358,Initiator,promoter,YYANWYY,+,2242,2249
h0_chr17_22742263_22746358,Initiator,promoter,YYANWYY,+,2595,2602
h0_chr17_22742263_22746358,Initiator,promoter,YYANWYY,+,2912,2919
h0_chr17_22742263_22746358,Initiator,promoter,YYANWYY,+,3309,3316
h0_chr17_22742263_22746358,Initiator,promoter,YYANWYY,+,3390,3397
h0_chr17_22742263_22746358,Initiator,promoter,YYANWYY,+,3479,3486
h0_chr17_22742263_22746358,Initiator,promoter,YYANWYY,+,3650,3657
h0_chr17_22742263_22746358,Initiator,promoter,YYANWYY,-,45,52
h0_chr17_22742263_22746358,Initiator,promoter,YYANWYY,-,51,58
h0_chr17_22742263_22746358,Initiator,promoter,YYANWYY,-,76,83
h0_chr17_22742263_22746358,Initiator,promoter,YYANWYY,-,217,224
h0_chr17_22742263_22746358,Initiator,promoter,YYANWYY,-,307,314
h0_chr17_22742263_22746358,Initiator,promoter,YYANWYY,-,389,396
h0_chr17_22742263_22746358,Initiator,promoter,YYANWYY,-,437,444
h0_chr17_22742263_22746358,Initiator,promoter,YYANWYY,-,478,485
h0_chr17_22742263_22746358,Initiator,promoter,YYANWYY,-,560,567
h0_chr17_22742263_22746358,Initiator,promoter,YYANWYY,-,650,657
h0_chr17_22742263_22746358,Initiator,promoter,YYANWYY,-,723,730
h0_chr17_22742263_22746358,Initiator,promoter,YYANWYY,-,800,807
h0_chr17_22742263_22746358,Initiator,promoter,YYANWYY,-,877,884
h0_chr17_22742263_22746358,Initiator,promoter,YYANWYY,-,904,911
h0_chr17_22742263_22746358,Initiator,promoter,YYANWYY,-,994,1001
h0_chr17_22742263_22746358,Initiator,promoter,YYANWYY,-,1076,1083
h0_chr17_22742263_22746358,Initiator,promoter,YYANWYY,-,1295,1302
h0_chr17_22742263_22746358,Initiator,promoter,YYANWYY,-,1312,1319
h0_chr17_22742263_22746358,Initiator,promoter,YYANWYY,-,1319,1326
h0_chr17_22742263_22746358,Initiator,promoter,YYANWYY,-,1336,1343
h0_chr17_22742263_22746358,Initiator,promoter,YYANWYY,-,1378,1385
h0_chr17_22742263_22746358,Initiator,promoter,YYANWYY,-,1442,1449
h0_chr17_22742263_22746358,Initiator,promoter,YYANWYY,-,1467,1474
h0_chr17_22742263_22746358,Initiator,promoter,YYANWYY,-,1508,1515
h0_chr17_22742263_22746358,Initiator,promoter,YYANWYY,-,1563,1570
h0_chr17_22742263_22746358,Initiator,promoter,YYANWYY,-,1589,1596
h0_chr17_22742263_22746358,Initiator,promoter,YYANWYY,-,1809,1816
h0_chr17_22742263_22746358,Initiator,promoter,YYANWYY,-,1850,1857
h0_chr17_22742263_22746358,Initiator,promoter,YYANWYY,-,2022,2029
h0_chr17_22742263_22746358,Initiator,promoter,YYANWYY,-,2103,2110
h0_chr17_22742263_22746358,Initiator,promoter,YYANWYY,-,2172,2179
h0_chr17_22742263_22746358,Initiator,promoter,YYANWYY,-,2193,2200
h0_chr17_22742263_22746358,Initiator,promoter,YYANWYY,-,2275,2282
h0_chr17_22742263_22746358,Initiator,promoter,YYANWYY,-,2306,2313
h0_chr17_22742263_22746358,Initiator,promoter,YYANWYY,-,2343,2350
h0_chr17_22742263_22746358,Initiator,promoter,YYANWYY,-,2365,2372
h0_chr17_22742263_22746358,Initiator,promoter,YYANWYY,-,2445,2452
h0_chr17_22742263_22746358,Initiator,promoter,YYANWYY,-,2535,2542
h0_chr17_22742263_22746358,Initiator,promoter,YYANWYY,-,2761,2768
h0_chr17_22742263_22746358,Initiator,promoter,YYANWYY,-,2787,2794
h0_chr17_22742263_22746358,Initiator,promoter,YYANWYY,-,2836,2843
h0_chr17_22742263_22746358,Initiator,promoter,YYANWYY,-,2980,2987
h0_chr17_22742263_22746358,Initiator,promoter,YYANWYY,-,3007,3014
h0_chr17_22742263_22746358,Initiator,promoter,YYANWYY,-,3045,3052
h0_chr17_22742263_22746358,Initiator,promoter,YYANWYY,-,3096,3103
h0_chr17_22742263_22746358,Initiator,promoter,YYANWYY,-,3139,3146
h0_chr17_22742263_22746358,Initiator,promoter,YYANWYY,-,3179,3186
h0_chr17_22742263_22746358,Initiator,promoter,YYANWYY,-,3433,3440
h0_chr17_22742263_22746358,Initiator,promoter,YYANWYY,-,3604,3611
h0_chr17_22742263_22746358,Initiator,promoter,YYANWYY,-,3775,3782
h0_chr17_22742263_22746358,GATA,tfbs,WGATAR,+,2930,2936
h0_chr17_22742263_22746358,GATA,tfbs,WGATAR,+,3335,3341
h0_chr17_22742263_22746358,RUNX,tfbs,TGTGGT,+,3555,3561
h0_chr17_22742263_22746358,RUNX,tfbs,TGTGGT,+,3745,3751
h0_chr17_22742263_22746358,RUNX,tfbs,TGTGGT,+,4087,4093
h0_chr17_22742263_22746358,RUNX,tfbs,TGTGGT,-,824,830
h0_chr17_22742263_22746358,RUNX,tfbs,TGTGGT,-,2241,2247
h0_chr17_22742263_22746358,YY1,tfbs,CCATNTT,+,1256,1263
h0_chr17_35243344_35247439,TATA_box,promoter,TATAWAWR,+,2867,2875
h0_chr17_35243344_35247439,TATA_box,promoter,TATAWAWR,-,2867,2875
h0_chr17_35243344_35247439,Initiator,promoter,YYANWYY,+,75,82
h0_chr17_35243344_35247439,Initiator,promoter,YYANWYY,+,90,97
h0_chr17_35243344_35247439,Initiator,promoter,YYANWYY,+,213,220
h0_chr17_35243344_35247439,Initiator,promoter,YYANWYY,+,273,280
h0_chr17_35243344_35247439,Initiator,promoter,YYANWYY,+,280,287
h0_chr17_35243344_35247439,Initiator,promoter,YYANWYY,+,367,374
h0_chr17_35243344_35247439,Initiator,promoter,YYANWYY,+,446,453
h0_chr17_35243344_35247439,Initiator,promoter,YYANWYY,+,523,530
h0_chr17_35243344_35247439,Initiator,promoter,YYANWYY,+,567,574
h0_chr17_35243344_35247439,Initiator,promoter,YYANWYY,+,670,677
h0_chr17_35243344_35247439,Initiator,promoter,YYANWYY,+,675,682
h0_chr17_35243344_35247439,Initiator,promoter,YYANWYY,+,690,697
h0_chr17_35243344_35247439,Initiator,promoter,YYANWYY,+,737,744
h0_chr17_35243344_35247439,Initiator,promoter,YYANWYY,+,774,781
h0_chr17_35243344_35247439,Initiator,promoter,YYANWYY,+,821,828
h0_chr17_35243344_35247439,Initiator,promoter,YYANWYY,+,1191,1198
h0_chr17_35243344_35247439,Initiator,promoter,YYANWYY,+,1557,1564
h0_chr17_35243344_35247439,Initiator,promoter,YYANWYY,+,1592,1599
h0_chr17_35243344_35247439,Initiator,promoter,YYANWYY,+,1632,1639
h0_chr17_35243344_35247439,Initiator,promoter,YYANWYY,+,1678,1685
h0_chr17_35243344_35247439,Initiator,promoter,YYANWYY,+,1753,1760
h0_chr17_35243344_35247439,Initiator,promoter,YYANWYY,+,1760,1767
h0_chr17_35243344_35247439,Initiator,promoter,YYANWYY,+,1782,1789
h0_chr17_35243344_35247439,Initiator,promoter,YYANWYY,+,1859,1866
h0_chr17_35243344_35247439,Initiator,promoter,YYANWYY,+,2086,2093
h0_chr17_35243344_35247439,Initiator,promoter,YYANWYY,+,2199,2206
h0_chr17_35243344_35247439,Initiator,promoter,YYANWYY,+,2286,2293
h0_chr17_35243344_35247439,Initiator,promoter,YYANWYY,+,2415,2422
h0_chr17_35243344_35247439,Initiator,promoter,YYANWYY,+,2572,2579
h0_chr17_35243344_35247439,Initiator,promoter,YYANWYY,+,2603,2610
h0_chr17_35243344_35247439,Initiator,promoter,YYANWYY,+,2634,2641
h0_chr17_35243344_35247439,Initiator,promoter,YYANWYY,+,2642,2649
h0_chr17_35243344_35247439,Initiator,promoter,YYANWYY,+,2673,2680
h0_chr17_35243344_35247439,Initiator,promoter,YYANWYY,+,2682,2689
h0_chr17_35243344_35247439,Initiator,promoter,YYANWYY,+,2823,2830
h0_chr17_35243344_35247439,Initiator,promoter,YYANWYY,+,2829,2836
h0_chr17_35243344_35247439,Initiator,promoter,YYANWYY,+,2850,2857
h0_chr17_35243344_35247439,Initiator,promoter,YYANWYY,+,2936,2943
h0_chr17_35243344_35247439,Initiator,promoter,YYANWYY,+,2954,2961
h0_chr17_35243344_35247439,Initiator,promoter,YYANWYY,+,2962,2969
h0_chr17_35243344_35247439,Initiator,promoter,YYANWYY,+,3088,3095
h0_chr17_35243344_35247439,Initiator,promoter,YYANWYY,+,3141,3148
h0_chr17_35243344_35247439,Initiator,promoter,YYANWYY,+,3149,3156
h0_chr17_35243344_35247439,Initiator,promoter,YYANWYY,+,3527,3534
h0_chr17_35243344_35247439,Initiator,promoter,YYANWYY,+,3593,3600
h0_chr17_35243344_35247439,Initiator,promoter,YYANWYY,+,3778,3785
h0_chr17_35243344_35247439,Initiator,promoter,YYANWYY,+,3797,3804
h0_chr17_35243344_35247439,Initiator,promoter,YYANWYY,+,3835,3842
h0_chr17_35243344_35247439,Initiator,promoter,YYANWYY,+,3857,3864
h0_chr17_35243344_35247439,Initiator,promoter,YYANWYY,+,3906,3913
h0_chr17_35243344_35247439,Initiator,promoter,YYANWYY,+,3911,3918
h0_chr17_35243344_35247439,Initiator,promoter,YYANWYY,+,3941,3948
h0_chr17_35243344_35247439,Initiator,promoter,YYANWYY,+,4073,4080
h0_chr17_35243344_35247439,Initiator,promoter,YYANWYY,-,392,399
h0_chr17_35243344_35247439,Initiator,promoter,YYANWYY,-,588,595
h0_chr17_35243344_35247439,Initiator,promoter,YYANWYY,-,617,624
h0_chr17_35243344_35247439,Initiator,promoter,YYANWYY,-,852,859
h0_chr17_35243344_35247439,Initiator,promoter,YYANWYY,-,1072,1079
h0_chr17_35243344_35247439,Initiator,promoter,YYANWYY,-,1252,1259
h0_chr17_35243344_35247439,Initiator,promoter,YYANWYY,-,1447,1454
h0_chr17_35243344_35247439,Initiator,promoter,YYANWYY,-,1457,1464
h0_chr17_35243344_35247439,Initiator,promoter,YYANWYY,-,1554,1561
h0_chr17_35243344_35247439,Initiator,promoter,YYANWYY,-,1576,1583
h0_chr17_35243344_35247439,Initiator,promoter,YYANWYY,-,1869,1876
h0_chr17_35243344_35247439,Initiator,promoter,YYANWYY,-,1887,1894
h0_chr17_35243344_35247439,Initiator,promoter,YYANWYY,-,1925,1932
h0_chr17_35243344_35247439,Initiator,promoter,YYANWYY,-,1997,2004
h0_chr17_35243344_35247439,Initiator,promoter,YYANWYY,-,2024,2031
h0_chr17_35243344_35247439,Initiator,promoter,YYANWYY,-,2058,2065
h0_chr17_35243344_35247439,Initiator,promoter,YYANWYY,-,2117,2124
h0_chr17_35243344_35247439,Initiator,promoter,YYANWYY,-,2189,2196
h0_chr17_35243344_35247439,Initiator,promoter,YYANWYY,-,2224,2231
h0_chr17_35243344_35247439,Initiator,promoter,YYANWYY,-,2517,2524
h0_chr17_35243344_35247439,Initiator,promoter,YYANWYY,-,2522,2529
h0_chr17_35243344_35247439,Initiator,promoter,YYANWYY,-,2586,2593
h0_chr17_35243344_35247439,Initiator,promoter,YYANWYY,-,2831,2838
h0_chr17_35243344_35247439,Initiator,promoter,YYANWYY,-,3304,3311
h0_chr17_35243344_35247439,Initiator,promoter,YYANWYY,-,3459,3466
h0_chr17_35243344_35247439,Initiator,promoter,YYANWYY,-,3665,3672
h0_chr17_35243344_35247439,Initiator,promoter,YYANWYY,-,3799,3806
h0_chr17_35243344_35247439,Initiator,promoter,YYANWYY,-,3837,3844
h0_chr17_35243344_35247439,Initiator,promoter,YYANWYY,-,3977,3984
h0_chr17_35243344_35247439,BREu,promoter,SSRCGCC,+,1304,1311
h0_chr17_35243344_35247439,BREu,promoter,SSRCGCC,-,56,63
h0_chr17_35243344_35247439,BREu,promoter,SSRCGCC,-,1305,1312
h0_chr17_35243344_35247439,BREu,promoter,SSRCGCC,-,3369,3376
h0_chr17_35243344_35247439,E_box,tfbs,CACGTG,+,1361,1367
h0_chr17_35243344_35247439,E_box,tfbs,CACGTG,+,1660,1666
h0_chr17_35243344_35247439,GC_box,promoter,GGGCGG,+,1145,1151
h0_chr17_35243344_35247439,GC_box,promoter,GGGCGG,+,1371,1377
h0_chr17_35243344_35247439,NFkB,tfbs,GGGRNNYYCC,+,3495,3505
h0_chr17_35243344_35247439,GATA,tfbs,WGATAR,+,1256,1262
h0_chr17_35243344_35247439,GATA,tfbs,WGATAR,+,2159,2165
h0_chr17_35243344_35247439,GATA,tfbs,WGATAR,+,3011,3017
h0_chr17_35243344_35247439,GATA,tfbs,WGATAR,-,2182,2188
h0_chr17_35243344_35247439,GATA,tfbs,WGATAR,-,2844,2850
h0_chr17_35243344_35247439,GATA,tfbs,WGATAR,-,2892,2898
h0_chr17_35243344_35247439,GATA,tfbs,WGATAR,-,3938,3944
h0_chr17_35243344_35247439,RUNX,tfbs,TGTGGT,+,2131,2137
h0_chr17_35243344_35247439,YY1,tfbs,CCATNTT,-,1412,1419
h0_chr17_35243344_35247439,YY1,tfbs,CCATNTT,-,2586,2593
h0_chr17_35243344_35247439,YY1,tfbs,CCATNTT,-,3324,3331
h0_chr17_72349260_72353355,TATA_box,promoter,TATAWAWR,+,518,526
h0_chr17_72349260_72353355,Initiator,promoter,YYANWYY,+,61,68
h0_chr17_72349260_72353355,Initiator,promoter,YYANWYY,+,485,492
h0_chr17_72349260_72353355,Initiator,promoter,YYANWYY,+,573,580
h0_chr17_72349260_72353355,Initiator,promoter,YYANWYY,+,578,585
h0_chr17_72349260_72353355,Initiator,promoter,YYANWYY,+,632,639
h0_chr17_72349260_72353355,Initiator,promoter,YYANWYY,+,780,787
h0_chr17_72349260_72353355,Initiator,promoter,YYANWYY,+,986,993
h0_chr17_72349260_72353355,Initiator,promoter,YYANWYY,+,1116,1123
h0_chr17_72349260_72353355,Initiator,promoter,YYANWYY,+,1154,1161
h0_chr17_72349260_72353355,Initiator,promoter,YYANWYY,+,1189,1196
h0_chr17_72349260_72353355,Initiator,promoter,YYANWYY,+,1194,1201
h0_chr17_72349260_72353355,Initiator,promoter,YYANWYY,+,1199,1206
h0_chr17_72349260_72353355,Initiator,promoter,YYANWYY,+,1375,1382
h0_chr17_72349260_72353355,Initiator,promoter,YYANWYY,+,1397,1404
h0_chr17_72349260_72353355,Initiator,promoter,YYANWYY,+,1500,1507
h0_chr17_72349260_72353355,Initiator,promoter,YYANWYY,+,1581,1588
h0_chr17_72349260_72353355,Initiator,promoter,YYANWYY,+,1640,1647
h0_chr17_72349260_72353355,Initiator,promoter,YYANWYY,+,1679,1686
h0_chr17_72349260_72353355,Initiator,promoter,YYANWYY,+,2132,2139
h0_chr17_72349260_72353355,Initiator,promoter,YYANWYY,+,2234,2241
h0_chr17_72349260_72353355,Initiator,promoter,YYANWYY,+,2244,2251
h0_chr17_72349260_72353355,Initiator,promoter,YYANWYY,+,2269,2276
h0_chr17_72349260_72353355,Initiator,promoter,YYANWYY,+,2323,2330
h0_chr17_72349260_72353355,Initiator,promoter,YYANWYY,+,2330,2337
h0_chr17_72349260_72353355,Initiator,promoter,YYANWYY,+,2359,2366
h0_chr17_72349260_72353355,Initiator,promoter,YYANWYY,+,2466,2473
h0_chr17_72349260_72353355,Initiator,promoter,YYANWYY,+,2515,2522
h0_chr17_72349260_72353355,Initiator,promoter,YYANWYY,+,2545,2552
h0_chr17_72349260_72353355,Initiator,promoter,YYANWYY,+,2559,2566
h0_chr17_72349260_72353355,Initiator,promoter,YYANWYY,+,2642,2649
h0_chr17_72349260_72353355,Initiator,promoter,YYANWYY,+,2725,2732
h0_chr17_72349260_72353355,Initiator,promoter,YYANWYY,+,2855,2862
h0_chr17_72349260_72353355,Initiator,promoter,YYANWYY,+,3167,3174
h0_chr17_72349260_72353355,Initiator,promoter,YYANWYY,+,3258,3265
h0_chr17_72349260_72353355,Initiator,promoter,YYANWYY,+,3309,3316
h0_chr17_72349260_72353355,Initiator,promoter,YYANWYY,+,3532,3539
h0_chr17_72349260_72353355,Initiator,promoter,YYANWYY,+,3630,3637
h0_chr17_72349260_72353355,Initiator,promoter,YYANWYY,+,3672,3679
h0_chr17_72349260_72353355,Initiator,promoter,YYANWYY,+,3740,3747
h0_chr17_72349260_72353355,Initiator,promoter,YYANWYY,+,3800,3807
h0_chr17_72349260_72353355,Initiator,promoter,YYANWYY,+,3863,3870
h0_chr17_72349260_72353355,Initiator,promoter,YYANWYY,+,3883,3890
h0_chr17_72349260_72353355,Initiator,promoter,YYANWYY,+,3894,3901
h0_chr17_72349260_72353355,Initiator,promoter,YYANWYY,+,3919,3926
h0_chr17_72349260_72353355,Initiator,promoter,YYANWYY,+,3974,3981
h0_chr17_72349260_72353355,Initiator,promoter,YYANWYY,+,4051,4058
h0_chr17_72349260_72353355,Initiator,promoter,YYANWYY,-,228,235
h0_chr17_72349260_72353355,Initiator,promoter,YYANWYY,-,988,995
h0_chr17_72349260_72353355,Initiator,promoter,YYANWYY,-,1002,1009
h0_chr17_72349260_72353355,Initiator,promoter,YYANWYY,-,1040,1047
h0_chr17_72349260_72353355,Initiator,promoter,YYANWYY,-,1101,1108
h0_chr17_72349260_72353355,Initiator,promoter,YYANWYY,-,1270,1277
h0_chr17_72349260_72353355,Initiator,promoter,YYANWYY,-,1277,1284
h0_chr17_72349260_72353355,Initiator,promoter,YYANWYY,-,1290,1297
h0_chr17_72349260_72353355,Initiator,promoter,YYANWYY,-,1302,1309
h0_chr17_72349260_72353355,Initiator,promoter,YYANWYY,-,1350,1357
h0_chr17_72349260_72353355,Initiator,promoter,YYANWYY,-,1368,1375
h0_chr17_72349260_72353355,Initiator,promoter,YYANWYY,-,1642,1649
h0_chr17_72349260_72353355,Initiator,promoter,YYANWYY,-,1784,1791
h0_chr17_72349260_72353355,Initiator,promoter,YYANWYY,-,1790,1797
h0_chr17_72349260_72353355,Initiator,promoter,YYANWYY,-,1962,1969
h0_chr17_72349260_72353355,Initiator,promoter,YYANWYY,-,1991,1998
h0_chr17_72349260_72353355,Initiator,promoter,YYANWYY,-,2195,2202
h0_chr17_72349260_72353355,Initiator,promoter,YYANWYY,-,2583,2590
h0_chr17_72349260_72353355,Initiator,promoter,YYANWYY,-,2914,2921
h0_chr17_72349260_72353355,Initiator,promoter,YYANWYY,-,3126,3133
h0_chr17_72349260_72353355,Initiator,promoter,YYANWYY,-,3319,3326
h0_chr17_72349260_72353355,Initiator,promoter,YYANWYY,-,3437,3444
h0_chr17_72349260_72353355,Initiator,promoter,YYANWYY,-,3617,3624
h0_chr17_72349260_72353355,Initiator,promoter,YYANWYY,-,3724,3731
h0_chr17_72349260_72353355,Initiator,promoter,YYANWYY,-,3752,3759
h0_chr17_72349260_72353355,BREu,promoter,SSRCGCC,-,142,149
h0_chr17_72349260_72353355,BREu,promoter,SSRCGCC,-,240,247
h0_chr17_72349260_72353355,E_box,tfbs,CACGTG,+,2424,2430
h0_chr17_72349260_72353355,GC_box,promoter,GGGCGG,-,2974,2980
h0_chr17_72349260_72353355,AP1,tfbs,TGASTCA,+,1061,1068
h0_chr17_72349260_72353355,NFkB,tfbs,GGGRNNYYCC,+,1628,1638
h0_chr17_72349260_72353355,NFkB,tfbs,GGGRNNYYCC,-,1628,1638
h0_chr17_72349260_72353355,GATA,tfbs,WGATAR,+,2020,2026
h0_chr17_72349260_72353355,GATA,tfbs,WGATAR,+,3332,3338
h0_chr17_72349260_72353355,GATA,tfbs,WGATAR,+,3905,3911
h0_chr17_72349260_72353355,GATA,tfbs,WGATAR,+,3930,3936
h0_chr17_72349260_72353355,GATA,tfbs,WGATAR,-,1224,1230
h0_chr17_72349260_72353355,GATA,tfbs,WGATAR,-,2866,2872
h0_chr17_72349260_72353355,GATA,tfbs,WGATAR,-,3786,3792
h0_chr17_72349260_72353355,RUNX,tfbs,TGTGGT,-,2358,2364
h0_chr17_72349260_72353355,YY1,tfbs,CCATNTT,+,485,492
h0_chr17_72349260_72353355,YY1,tfbs,CCATNTT,+,1457,1464
h0_chr17_72349260_72353355,YY1,tfbs,CCATNTT,-,220,227
h0_chr17_72349260_72353355,YY1,tfbs,CCATNTT,-,2444,2451
h0_chr17_72349260_72353355,YY1,tfbs,CCATNTT,-,3319,3326
h0_chr21_12003041_12007136,TATA_box,promoter,TATAWAWR,+,2055,2063
h0_chr21_12003041_12007136,Initiator,promoter,YYANWYY,+,721,728
h0_chr21_12003041_12007136,Initiator,promoter,YYANWYY,+,775,782
h0_chr21_12003041_12007136,Initiator,promoter,YYANWYY,+,1030,1037
h0_chr21_12003041_12007136,Initiator,promoter,YYANWYY,+,1035,1042
h0_chr21_12003041_12007136,Initiator,promoter,YYANWYY,+,2334,2341
h0_chr21_12003041_12007136,Initiator,promoter,YYANWYY,+,2394,2401
h0_chr21_12003041_12007136,Initiator,promoter,YYANWYY,+,2399,2406
h0_chr21_12003041_12007136,Initiator,promoter,YYANWYY,+,3760,3767
h0_chr21_12003041_12007136,Initiator,promoter,YYANWYY,-,15,22
h0_chr21_12003041_12007136,Initiator,promoter,YYANWYY,-,99,106
h0_chr21_12003041_12007136,Initiator,promoter,YYANWYY,-,434,441
h0_chr21_12003041_12007136,Initiator,promoter,YYANWYY,-,440,447
h0_chr21_12003041_12007136,Initiator,promoter,YYANWYY,-,469,476
h0_chr21_12003041_12007136,Initiator,promoter,YYANWYY,-,528,535
h0_chr21_12003041_12007136,Initiator,promoter,YYANWYY,-,807,814
h0_chr21_12003041_12007136,Initiator,promoter,YYANWYY,-,866,873
h0_chr21_12003041_12007136,Initiator,promoter,YYANWYY,-,922,929
h0_chr21_12003041_12007136,Initiator,promoter,YYANWYY,-,996,1003
h0_chr21_12003041_12007136,Initiator,promoter,YYANWYY,-,1038,1045
h0_chr21_12003041_12007136,Initiator,promoter,YYANWYY,-,1380,1387
h0_chr21_12003041_12007136,Initiator,promoter,YYANWYY,-,1463,1470
h0_chr21_12003041_12007136,Initiator,promoter,YYANWYY,-,1492,1499
h0_chr21_12003041_12007136,Initiator,promoter,YYANWYY,-,1510,1517
h0_chr21_12003041_12007136,Initiator,promoter,YYANWYY,-,1799,1806
h0_chr21_12003041_12007136,Initiator,promoter,YYANWYY,-,1805,1812
h0_chr21_12003041_12007136,Initiator,promoter,YYANWYY,-,1834,1841
h0_chr21_12003041_12007136,Initiator,promoter,YYANWYY,-,1893,1900
h0_chr21_12003041_12007136,Initiator,promoter,YYANWYY,-,2060,2067
h0_chr21_12003041_12007136,Initiator,promoter,YYANWYY,-,2172,2179
h0_chr21_12003041_12007136,Initiator,promoter,YYANWYY,-,2231,2238
h0_chr21_12003041_12007136,Initiator,promoter,YYANWYY,-,2361,2368
h0_chr21_12003041_12007136,Initiator,promoter,YYANWYY,-,2402,2409
h0_chr21_12003041_12007136,Initiator,promoter,YYANWYY,-,2743,2750
h0_chr21_12003041_12007136,Initiator,promoter,YYANWYY,-,2827,2834
h0_chr21_12003041_12007136,Initiator,promoter,YYANWYY,-,2856,2863
h0_chr21_12003041_12007136,Initiator,promoter,YYANWYY,-,2874,2881
h0_chr21_12003041_12007136,Initiator,promoter,YYANWYY,-,3164,3171
h0_chr21_12003041_12007136,Initiator,promoter,YYANWYY,-,3170,3177
h0_chr21_12003041_12007136,Initiator,promoter,YYANWYY,-,3199,3206
h0_chr21_12003041_12007136,Initiator,promoter,YYANWYY,-,3258,3265
h0_chr21_12003041_12007136,Initiator,promoter,YYANWYY,-,3538,3545
h0_chr21_12003041_12007136,Initiator,promoter,YYANWYY,-,3597,3604
h0_chr21_12003041_12007136,Initiator,promoter,YYANWYY,-,3727,3734
h0_chr21_12003041_12007136,Initiator,promoter,YYANWYY,-,3768,3775
h0_chr21_12003041_12007136,GATA,tfbs,WGATAR,+,162,168
h0_chr21_12003041_12007136,GATA,tfbs,WGATAR,+,939,945
h0_chr21_12003041_12007136,GATA,tfbs,WGATAR,+,1526,1532
h0_chr21_12003041_12007136,GATA,tfbs,WGATAR,+,2304,2310
h0_chr21_12003041_12007136,GATA,tfbs,WGATAR,+,2890,2896
h0_chr21_12003041_12007136,GATA,tfbs,WGATAR,+,3670,3676
h0_chr21_19112010_19116105,TATA_box,promoter,TATAWAWR,-,625,633
h0_chr21_19112010_19116105,Initiator,promoter,YYANWYY,+,14,21
h0_chr21_19112010_19116105,Initiator,promoter,YYANWYY,+,81,88
h0_chr21_19112010_19116105,Initiator,promoter,YYANWYY,+,130,137
h0_chr21_19112010_19116105,Initiator,promoter,YYANWYY,+,171,178
h0_chr21_19112010_19116105,Initiator,promoter,YYANWYY,+,296,303
h0_chr21_19112010_19116105,Initiator,promoter,YYANWYY,+,410,417
h0_chr21_19112010_19116105,Initiator,promoter,YYANWYY,+,460,467
h0_chr21_19112010_19116105,Initiator,promoter,YYANWYY,+,482,489
h0_chr21_19112010_19116105,Initiator,promoter,YYANWYY,+,529,536
h0_chr21_19112010_19116105,Initiator,promoter,YYANWYY,+,555,562
h0_chr21_19112010_19116105,Initiator,promoter,YYANWYY,+,568,575
h0_chr21_19112010_19116105,Initiator,promoter,YYANWYY,+,609,616
h0_chr21_19112010_19116105,Initiator,promoter,YYANWYY,+,782,789
h0_chr21_19112010_19116105,Initiator,promoter,YYANWYY,+,826,833
h0_chr21_19112010_19116105,Initiator,promoter,YYANWYY,+,857,864
h0_chr21_19112010_19116105,Initiator,promoter,YYANWYY,+,929,936
h0_chr21_19112010_19116105,Initiator,promoter,YYANWYY,+,934,941
h0_chr21_19112010_19116105,Initiator,promoter,YYANWYY,+,1026,1033
h0_chr21_19112010_19116105,Initiator,promoter,YYANWYY,+,1152,1159
h0_chr21_19112010_19116105,Initiator,promoter,YYANWYY,+,1174,1181
h0_chr21_19112010_19116105,Initiator,promoter,YYANWYY,+,1298,1305
h0_chr21_19112010_19116105,Initiator,promoter,YYANWYY,+,1378,1385
h0_chr21_19112010_19116105,Initiator,promoter,YYANWYY,+,1428,1435
h0_chr21_19112010_19116105,Initiator,promoter,YYANWYY,+,1559,1566
h0_chr21_19112010_19116105,Initiator,promoter,YYANWYY,+,1695,1702
h0_chr21_19112010_19116105,Initiator,promoter,YYANWYY,+,1744,1751
h0_chr21_19112010_19116105,Initiator,promoter,YYANWYY,+,1750,1757
h0_chr21_19112010_19116105,Initiator,promoter,YYANWYY,+,1906,1913
h0_chr21_19112010_19116105,Initiator,promoter,YYANWYY,+,1931,1938
h0_chr21_19112010_19116105,Initiator,promoter,YYANWYY,+,2051,2058
h0_chr21_19112010_19116105,Initiator,promoter,YYANWYY,+,2161,2168
h0_chr21_19112010_19116105,Initiator,promoter,YYANWYY,+,2302,2309
h0_chr21_19112010_19116105,Initiator,promoter,YYANWYY,+,2346,2353
h0_chr21_19112010_19116105,Initiator,promoter,YYANWYY,+,2393,2400
h0_chr21_19112010_19116105,Initiator,promoter,YYANWYY,+,2462,2469
h0_chr21_19112010_19116105,Initiator,promoter,YYANWYY,+,2503,2510
h0_chr21_19112010_19116105,Initiator,promoter,YYANWYY,+,2532,2539
h0_chr21_19112010_19116105,Initiator,promoter,YYANWYY,+,2811,2818
h0_chr21_19112010_19116105,Initiator,promoter,YYANWYY,+,2862,2869
h0_chr21_19112010_19116105,Initiator,promoter,YYANWYY,+,2872,2879
h0_chr21_19112010_19116105,Initiator,promoter,YYANWYY,+,2907,2914
h0_chr21_19112010_19116105,Initiator,promoter,YYANWYY,+,2945,2952
h0_chr21_19112010_19116105,Initiator,promoter,YYANWYY,+,2968,2975
h0_chr21_19112010_19116105,Initiator,promoter,YYANWYY,+,3013,3020
h0_chr21_19112010_19116105,Initiator,promoter,YYANWYY,+,3116,3123
h0_chr21_19112010_19116105,Initiator,promoter,YYANWYY,+,3253,3260
h0_chr21_19112010_19116105,Initiator,promoter,YYANWYY,+,3333,3340
h0_chr21_19112010_19116105,Initiator,promoter,YYANWYY,+,3429,3436
h0_chr21_19112010_19116105,Initiator,promoter,YYANWYY,+,3514,3521
h0_chr21_19112010_19116105,Initiator,promoter,YYANWYY,+,3536,3543
h0_chr21_19112010_19116105,Initiator,promoter,YYANWYY,+,3558,3565
h0_chr21_19112010_19116105,Initiator,promoter,YYANWYY,+,3585,3592
h0_chr21_19112010_19116105,Initiator,promoter,YYANWYY,+,3590,3597
h0_chr21_19112010_19116105,Initiator,promoter,YYANWYY,+,3614,3621
h0_chr21_19112010_19116105,Initiator,promoter,YYANWYY,+,3671,3678
h0_chr21_19112010_19116105,Initiator,promoter,YYANWYY,+,3769,3776
h0_chr21_19112010_19116105,Initiator,promoter,YYANWYY,+,3778,3785
h0_chr21_19112010_19116105,Initiator,promoter,YYANWYY,+,3830,3837
h0_chr21_19112010_19116105,Initiator,promoter,YYANWYY,+,3919,3926
h0_chr21_19112010_19116105,Initiator,promoter,YYANWYY,+,3925,3932
h0_chr21_19112010_19116105,Initiator,promoter,YYANWYY,+,3949,3956
h0_chr21_19112010_19116105,Initiator,promoter,YYANWYY,+,3954,3961
h0_chr21_19112010_19116105,Initiator,promoter,YYANWYY,+,3993,4000
h0_chr21_19112010_19116105,Initiator,promoter,YYANWYY,+,4011,4018
h0_chr21_19112010_19116105,Initiator,promoter,YYANWYY,+,4033,4040
h0_chr21_19112010_19116105,Initiator,promoter,YYANWYY,-,139,146
h0_chr21_19112010_19116105,Initiator,promoter,YYANWYY,-,213,220
h0_chr21_19112010_19116105,Initiator,promoter,YYANWYY,-,219,226
h0_chr21_19112010_19116105,Initiator,promoter,YYANWYY,-,327,334
h0_chr21_19112010_19116105,Initiator,promoter,YYANWYY,-,343,350
h0_chr21_19112010_19116105,Initiator,promoter,YYANWYY,-,375,382
h0_chr21_19112010_19116105,Initiator,promoter,YYANWYY,-,462,469
h0_chr21_19112010_19116105,Initiator,promoter,YYANWYY,-,543,550
h0_chr21_19112010_19116105,Initiator,promoter,YYANWYY,-,557,564
h0_chr21_19112010_19116105,Initiator,promoter,YYANWYY,-,576,583
h0_chr21_19112010_19116105,Initiator,promoter,YYANWYY,-,602,609
h0_chr21_19112010_19116105,Initiator,promoter,YYANWYY,-,634,641
h0_chr21_19112010_19116105,Initiator,promoter,YYANWYY,-,639,646
h0_chr21_19112010_19116105,Initiator,promoter,YYANWYY,-,653,660
h0_chr21_19112010_19116105,Initiator,promoter,YYANWYY,-,860,867
h0_chr21_19112010_19116105,Initiator,promoter,YYANWYY,-,884,891
h0_chr21_19112010_19116105,Initiator,promoter,YYANWYY,-,893,900
h0_chr21_19112010_19116105,Initiator,promoter,YYANWYY,-,931,938
h0_chr21_19112010_19116105,Initiator,promoter,YYANWYY,-,937,944
h0_chr21_19112010_19116105,Initiator,promoter,YYANWYY,-,986,993
h0_chr21_19112010_19116105,Initiator,promoter,YYANWYY,-,992,999
h0_chr21_19112010_19116105,Initiator,promoter,YYANWYY,-,997,1004
h0_chr21_19112010_19116105,Initiator,promoter,YYANWYY,-,1092,1099
h0_chr21_19112010_19116105,Initiator,promoter,YYANWYY,-,1100,1107
h0_chr21_19112010_19116105,Initiator,promoter,YYANWYY,-,1128,1135
h0_chr21_19112010_19116105,Initiator,promoter,YYANWYY,-,1194,1201
h0_chr21_19112010_19116105,Initiator,promoter,YYANWYY,-,1213,1220
h0_chr21_19112010_19116105,Initiator,promoter,YYANWYY,-,1224,1231
h0_chr21_19112010_19116105,Initiator,promoter,YYANWYY,-,1263,1270
h0_chr21_19112010_19116105,Initiator,promoter,YYANWYY,-,1269,1276
h0_chr21_19112010_19116105,Initiator,promoter,YYANWYY,-,1274,1281
h0_chr21_19112010_19116105,Initiator,promoter,YYANWYY,-,1279,1286
h0_chr21_19112010_19116105,Initiator,promoter,YYANWYY,-,1291,1298
h0_chr21_19112010_19116105,Initiator,promoter,YYANWYY,-,1354,1361
h0_chr21_19112010_19116105,Initiator,promoter,YYANWYY,-,1362,1369
h0_chr21_19112010_19116105,Initiator,promoter,YYANWYY,-,1456,1463
h0_chr21_19112010_19116105,Initiator,promoter,YYANWYY,-,1470,1477
h0_chr21_19112010_19116105,Initiator,promoter,YYANWYY,-,1517,1524
h0_chr21_19112010_19116105,Initiator,promoter,YYANWYY,-,1523,1530
h0_chr21_19112010_19116105,Initiator,promoter,YYANWYY,-,1639,1646
h0_chr21_19112010_19116105,Initiator,promoter,YYANWYY,-,1644,1651
h0_chr21_19112010_19116105,Initiator,promoter,YYANWYY,-,1767,1774
h0_chr21_19112010_19116105,Initiator,promoter,YYANWYY,-,1783,1790
h0_chr21_19112010_19116105,Initiator,promoter,YYANWYY,-,1825,1832
h0_chr21_19112010_19116105,Initiator,promoter,YYANWYY,-,1850,1857
h0_chr21_19112010_19116105,Initiator,promoter,YYANWYY,-,2190,2197
h0_chr21_19112010_19116105,Initiator,promoter,YYANWYY,-,2381,2388
h0_chr21_19112010_19116105,Initiator,promoter,YYANWYY,-,2557,2564
h0_chr21_19112010_19116105,Initiator,promoter,YYANWYY,-,2695,2702
h0_chr21_19112010_19116105,Initiator,promoter,YYANWYY,-,2700,2707
h0_chr21_19112010_19116105,Initiator,promoter,YYANWYY,-,2775,2782
h0_chr21_19112010_19116105,Initiator,promoter,YYANWYY,-,2832,2839
h0_chr21_19112010_19116105,Initiator,promoter,YYANWYY,-,2980,2987
h0_chr21_19112010_19116105,Initiator,promoter,YYANWYY,-,3031,3038
h0_chr21_19112010_19116105,Initiator,promoter,YYANWYY,-,3051,3058
h0_chr21_19112010_19116105,Initiator,promoter,YYANWYY,-,3089,3096
h0_chr21_19112010_19116105,Initiator,promoter,YYANWYY,-,3113,3120
h0_chr21_19112010_19116105,Initiator,promoter,YYANWYY,-,3155,3162
h0_chr21_19112010_19116105,Initiator,promoter,YYANWYY,-,3199,3206
h0_chr21_19112010_19116105,Initiator,promoter,YYANWYY,-,3214,3221
h0_chr21_19112010_19116105,Initiator,promoter,YYANWYY,-,3320,3327
h0_chr21_19112010_19116105,Initiator,promoter,YYANWYY,-,3389,3396
h0_chr21_19112010_19116105,Initiator,promoter,YYANWYY,-,3525,3532
h0_chr21_19112010_19116105,Initiator,promoter,YYANWYY,-,3607,3614
h0_chr21_19112010_19116105,Initiator,promoter,YYANWYY,-,3629,3636
h0_chr21_19112010_19116105,Initiator,promoter,YYANWYY,-,3889,3896
h0_chr21_19112010_19116105,Initiator,promoter,YYANWYY,-,3934,3941
h0_chr21_19112010_19116105,Initiator,promoter,YYANWYY,-,4042,4049
h0_chr21_19112010_19116105,GATA,tfbs,WGATAR,+,1096,1102
h0_chr21_19112010_19116105,GATA,tfbs,WGATAR,+,1315,1321
h0_chr21_19112010_19116105,GATA,tfbs,WGATAR,+,1810,1816
h0_chr21_19112010_19116105,GATA,tfbs,WGATAR,+,1921,1927
h0_chr21_19112010_19116105,GATA,tfbs,WGATAR,+,2456,2462
h0_chr21_19112010_19116105,GATA,tfbs,WGATAR,+,4066,4072
h0_chr21_19112010_19116105,GATA,tfbs,WGATAR,-,304,310
h0_chr21_19112010_19116105,GATA,tfbs,WGATAR,-,744,750
h0_chr21_19112010_19116105,GATA,tfbs,WGATAR,-,1966,1972
h0_chr21_19112010_19116105,GATA,tfbs,WGATAR,-,2637,2643
h0_chr21_19112010_19116105,GATA,tfbs,WGATAR,-,2805,2811
h0_chr21_19112010_19116105,GATA,tfbs,WGATAR,-,3426,3432
h0_chr21_19112010_19116105,YY1,tfbs,CCATNTT,+,2051,2058
h0_chr21_19112010_19116105,YY1,tfbs,CCATNTT,+,3949,3956
h0_chr21_38658585_38662680,TATA_box,promoter,TATAWAWR,+,239,247
h0_chr21_38658585_38662680,TATA_box,promoter,TATAWAWR,-,275,283
h0_chr21_38658585_38662680,Initiator,promoter,YYANWYY,+,328,335
h0_chr21_38658585_38662680,Initiator,promoter,YYANWYY,+,336,343
h0_chr21_38658585_38662680,Initiator,promoter,YYANWYY,+,354,361
h0_chr21_38658585_38662680,Initiator,promoter,YYANWYY,+,414,421
h0_chr21_38658585_38662680,Initiator,promoter,YYANWYY,+,419,426
h0_chr21_38658585_38662680,Initiator,promoter,YYANWYY,+,542,549
h0_chr21_38658585_38662680,Initiator,promoter,YYANWYY,+,574,581
h0_chr21_38658585_38662680,Initiator,promoter,YYANWYY,+,758,765
h0_chr21_38658585_38662680,Initiator,promoter,YYANWYY,+,913,920
h0_chr21_38658585_38662680,Initiator,promoter,YYANWYY,+,1018,1025
h0_chr21_38658585_38662680,Initiator,promoter,YYANWYY,+,1094,1101
h0_chr21_38658585_38662680,Initiator,promoter,YYANWYY,+,1122,1129
h0_chr21_38658585_38662680,Initiator,promoter,YYANWYY,+,1143,1150
h0_chr21_38658585_38662680,Initiator,promoter,YYANWYY,+,1149,1156
h0_chr21_38658585_38662680,Initiator,promoter,YYANWYY,+,1174,1181
h0_chr21_38658585_38662680,Initiator,promoter,YYANWYY,+,1332,1339
h0_chr21_38658585_38662680,Initiator,promoter,YYANWYY,+,1529,1536
h0_chr21_38658585_38662680,Initiator,promoter,YYANWYY,+,1571,1578
h0_chr21_38658585_38662680,Initiator,promoter,YYANWYY,+,1584,1591
h0_chr21_38658585_38662680,Initiator,promoter,YYANWYY,+,1610,1617
h0_chr21_38658585_38662680,Initiator,promoter,YYANWYY,+,1628,1635
h0_chr21_38658585_38662680,Initiator,promoter,YYANWYY,+,1705,1712
h0_chr21_38658585_38662680,Initiator,promoter,YYANWYY,+,3175,3182
h0_chr21_38658585_38662680,Initiator,promoter,YYANWYY,+,3215,3222
h0_chr21_38658585_38662680,Initiator,promoter,YYANWYY,+,3314,3321
h0_chr21_38658585_38662680,Initiator,promoter,YYANWYY,+,3463,3470
h0_chr21_38658585_38662680,Initiator,promoter,YYANWYY,+,3484,3491
h0_chr21_38658585_38662680,Initiator,promoter,YYANWYY,+,3499,3506
h0_chr21_38658585_38662680,Initiator,promoter,YYANWYY,+,3732,3739
h0_chr21_38658585_38662680,Initiator,promoter,YYANWYY,+,4043,4050
h0_chr21_38658585_38662680,Initiator,promoter,YYANWYY,-,43,50
h0_chr21_38658585_38662680,Initiator,promoter,YYANWYY,-,85,92
h0_chr21_38658585_38662680,Initiator,promoter,YYANWYY,-,208,215
h0_chr21_38658585_38662680,Initiator,promoter,YYANWYY,-,237,244
h0_chr21_38658585_38662680,Initiator,promoter,YYANWYY,-,285,292
h0_chr21_38658585_38662680,Initiator,promoter,YYANWYY,-,351,358
h0_chr21_38658585_38662680,Initiator,promoter,YYANWYY,-,377,384
h0_chr21_38658585_38662680,Initiator,promoter,YYANWYY,-,435,442
h0_chr21_38658585_38662680,Initiator,promoter,YYANWYY,-,440,447
h0_chr21_38658585_38662680,Initiator,promoter,YYANWYY,-,471,478
h0_chr21_38658585_38662680,Initiator,promoter,YYANWYY,-,720,727
h0_chr21_38658585_38662680,Initiator,promoter,YYANWYY,-,740,747
h0_chr21_38658585_38662680,Initiator,promoter,YYANWYY,-,755,762
h0_chr21_38658585_38662680,Initiator,promoter,YYANWYY,-,928,935
h0_chr21_38658585_38662680,Initiator,promoter,YYANWYY,-,945,952
h0_chr21_38658585_38662680,Initiator,promoter,YYANWYY,-,998,1005
h0_chr21_38658585_38662680,Initiator,promoter,YYANWYY,-,1064,1071
h0_chr21_38658585_38662680,Initiator,promoter,YYANWYY,-,1124,1131
h0_chr21_38658585_38662680,Initiator,promoter,YYANWYY,-,1188,1195
h0_chr21_38658585_38662680,Initiator,promoter,YYANWYY,-,1374,1381
h0_chr21_38658585_38662680,Initiator,promoter,YYANWYY,-,1411,1418
h0_chr21_38658585_38662680,Initiator,promoter,YYANWYY,-,1428,1435
h0_chr21_38658585_38662680,Initiator,promoter,YYANWYY,-,1434,1441
h0_chr21_38658585_38662680,Initiator,promoter,YYANWYY,-,1440,1447
h0_chr21_38658585_38662680,Initiator,promoter,YYANWYY,-,1836,1843
h0_chr21_38658585_38662680,Initiator,promoter,YYANWYY,-,2087,2094
h0_chr21_38658585_38662680,Initiator,promoter,YYANWYY,-,2289,2296
h0_chr21_38658585_38662680,Initiator,promoter,YYANWYY,-,2354,2361
h0_chr21_38658585_38662680,Initiator,promoter,YYANWYY,-,2380,2387
h0_chr21_38658585_38662680,Initiator,promoter,YYANWYY,-,2596,2603
h0_chr21_38658585_38662680,Initiator,promoter,YYANWYY,-,2657,2664
h0_chr21_38658585_38662680,Initiator,promoter,YYANWYY,-,2702,2709
h0_chr21_38658585_38662680,Initiator,promoter,YYANWYY,-,2711,2718
h0_chr21_38658585_38662680,Initiator,promoter,YYANWYY,-,2745,2752
h0_chr21_38658585_38662680,Initiator,promoter,YYANWYY,-,2778,2785
h0_chr21_38658585_38662680,Initiator,promoter,YYANWYY,-,2898,2905
h0_chr21_38658585_38662680,Initiator,promoter,YYANWYY,-,3299,3306
h0_chr21_38658585_38662680,Initiator,promoter,YYANWYY,-,3316,3323
h0_chr21_38658585_38662680,Initiator,promoter,YYANWYY,-,3323,3330
h0_chr21_38658585_38662680,Initiator,promoter,YYANWYY,-,3422,3429
h0_chr21_38658585_38662680,Initiator,promoter,YYANWYY,-,3454,3461
h0_chr21_38658585_38662680,Initiator,promoter,YYANWYY,-,3496,3503
h0_chr21_38658585_38662680,Initiator,promoter,YYANWYY,-,3587,3594
h0_chr21_38658585_38662680,Initiator,promoter,YYANWYY,-,3636,3643
h0_chr21_38658585_38662680,Initiator,promoter,YYANWYY,-,3659,3666
h0_chr21_38658585_38662680,Initiator,promoter,YYANWYY,-,3756,3763
h0_chr21_38658585_38662680,Initiator,promoter,YYANWYY,-,3761,3768
h0_chr21_38658585_38662680,Initiator,promoter,YYANWYY,-,3781,3788
h0_chr21_38658585_38662680,Initiator,promoter,YYANWYY,-,3845,3852
h0_chr21_38658585_38662680,Initiator,promoter,YYANWYY,-,3861,3868
h0_chr21_38658585_38662680,Initiator,promoter,YYANWYY,-,4022,4029
h0_chr21_38658585_38662680,Initiator,promoter,YYANWYY,-,4040,4047
h0_chr21_38658585_38662680,BREu,promoter,SSRCGCC,+,1796,1803
h0_chr21_38658585_38662680,BREu,promoter,SSRCGCC,+,1813,1820
h0_chr21_38658585_38662680,BREu,promoter,SSRCGCC,+,1997,2004
h0_chr21_38658585_38662680,BREu,promoter,SSRCGCC,+,2034,2041
h0_chr21_38658585_38662680,BREu,promoter,SSRCGCC,+,2064,2071
h0_chr21_38658585_38662680,BREu,promoter,SSRCGCC,+,2092,2099
h0_chr21_38658585_38662680,BREu,promoter,SSRCGCC,+,2176,2183
h0_chr21_38658585_38662680,BREu,promoter,SSRCGCC,+,2316,2323
h0_chr21_38658585_38662680,BREu,promoter,SSRCGCC,-,1515,1522
h0_chr21_38658585_38662680,BREu,promoter,SSRCGCC,-,1814,1821
h0_chr21_38658585_38662680,BREu,promoter,SSRCGCC,-,2065,2072
h0_chr21_38658585_38662680,BREu,promoter,SSRCGCC,-,2093,2100
h0_chr21_38658585_38662680,BREu,promoter,SSRCGCC,-,2816,2823
h0_chr21_38658585_38662680,E_box,tfbs,CACGTG,+,1976,1982
h0_chr21_38658585_38662680,GC_box,promoter,GGGCGG,+,2138,2144
h0_chr21_38658585_38662680,GC_box,promoter,GGGCGG,+,2185,2191
h0_chr21_38658585_38662680,GC_box,promoter,GGGCGG,+,2204,2210
h0_chr21_38658585_38662680,GC_box,promoter,GGGCGG,-,2144,2150
h0_chr21_38658585_38662680,GC_box,promoter,GGGCGG,-,2924,2930
h0_chr21_38658585_38662680,GC_box,promoter,GGGCGG,-,3273,3279
h0_chr21_38658585_38662680,NFkB,tfbs,GGGRNNYYCC,+,1713,1723
h0_chr21_38658585_38662680,NFkB,tfbs,GGGRNNYYCC,+,2106,2116
h0_chr21_38658585_38662680,NFkB,tfbs,GGGRNNYYCC,-,1713,1723
h0_chr21_38658585_38662680,NFkB,tfbs,GGGRNNYYCC,-,3625,3635
h0_chr21_38658585_38662680,GATA,tfbs,WGATAR,+,385,391
h0_chr21_38658585_38662680,GATA,tfbs,WGATAR,+,1104,1110
h0_chr21_38658585_38662680,GATA,tfbs,WGATAR,+,1231,1237
h0_chr21_38658585_38662680,GATA,tfbs,WGATAR,+,1318,1324
h0_chr21_38658585_38662680,GATA,tfbs,WGATAR,-,1116,1122
h0_chr21_38658585_38662680,RUNX,tfbs,TGTGGT,+,3493,3499
h0_chr21_38658585_38662680,RUNX,tfbs,TGTGGT,-,181,187
h0_chr21_38658585_38662680,YY1,tfbs,CCATNTT,+,1174,1181
h0_chr21_38658585_38662680,YY1,tfbs,CCATNTT,-,3761,3768
h0_chr21_38658585_38662680,YY1,tfbs,CCATNTT,-,3898,3905
h0_chr3_108979737_108983832,TATA_box,promoter,TATAWAWR,+,1666,1674
h0_chr3_108979737_108983832,TATA_box,promoter,TATAWAWR,+,2987,2995
h0_chr3_108979737_108983832,Initiator,promoter,YYANWYY,+,106,113
h0_chr3_108979737_108983832,Initiator,promoter,YYANWYY,+,112,119
h0_chr3_108979737_108983832,Initiator,promoter,YYANWYY,+,178,185
h0_chr3_108979737_108983832,Initiator,promoter,YYANWYY,+,233,240
h0_chr3_108979737_108983832,Initiator,promoter,YYANWYY,+,353,360
h0_chr3_108979737_108983832,Initiator,promoter,YYANWYY,+,386,393
h0_chr3_108979737_108983832,Initiator,promoter,YYANWYY,+,393,400
h0_chr3_108979737_108983832,Initiator,promoter,YYANWYY,+,409,416
h0_chr3_108979737_108983832,Initiator,promoter,YYANWYY,+,417,424
h0_chr3_108979737_108983832,Initiator,promoter,YYANWYY,+,647,654
h0_chr3_108979737_108983832,Initiator,promoter,YYANWYY,+,775,782
h0_chr3_108979737_108983832,Initiator,promoter,YYANWYY,+,821,828
h0_chr3_108979737_108983832,Initiator,promoter,YYANWYY,+,859,866
h0_chr3_108979737_108983832,Initiator,promoter,YYANWYY,+,868,875
h0_chr3_108979737_108983832,Initiator,promoter,YYANWYY,+,873,880
h0_chr3_108979737_108983832,Initiator,promoter,YYANWYY,+,893,900
h0_chr3_108979737_108983832,Initiator,promoter,YYANWYY,+,982,989
h0_chr3_108979737_108983832,Initiator,promoter,YYANWYY,+,994,1001
h0_chr3_108979737_108983832,Initiator,promoter,YYANWYY,+,1429,1436
h0_chr3_108979737_108983832,Initiator,promoter,YYANWYY,+,1574,1581
h0_chr3_108979737_108983832,Initiator,promoter,YYANWYY,+,1623,1630
h0_chr3_108979737_108983832,Initiator,promoter,YYANWYY,+,1779,1786
h0_chr3_108979737_108983832,Initiator,promoter,YYANWYY,+,1839,1846
h0_chr3_108979737_108983832,Initiator,promoter,YYANWYY,+,1866,1873
h0_chr3_108979737_108983832,Initiator,promoter,YYANWYY,+,1982,1989
h0_chr3_108979737_108983832,Initiator,promoter,YYANWYY,+,2178,2185
h0_chr3_108979737_108983832,Initiator,promoter,YYANWYY,+,2474,2481
h0_chr3_108979737_108983832,Initiator,promoter,YYANWYY,+,2552,2559
h0_chr3_108979737_108983832,Initiator,promoter,YYANWYY,+,2576,2583
h0_chr3_108979737_108983832,Initiator,promoter,YYANWYY,+,3036,3043
h0_chr3_108979737_108983832,Initiator,promoter,YYANWYY,+,3095,3102
h0_chr3_108979737_108983832,Initiator,promoter,YYANWYY,+,3106,3113
h0_chr3_108979737_108983832,Initiator,promoter,YYANWYY,+,3112,3119
h0_chr3_108979737_108983832,Initiator,promoter,YYANWYY,+,3127,3134
h0_chr3_108979737_108983832,Initiator,promoter,YYANWYY,+,3152,3159
h0_chr3_108979737_108983832,Initiator,promoter,YYANWYY,+,3192,3199
h0_chr3_108979737_108983832,Initiator,promoter,YYANWYY,+,3257,3264
h0_chr3_108979737_108983832,Initiator,promoter,YYANWYY,+,3378,3385
h0_chr3_108979737_108983832,Initiator,promoter,YYANWYY,+,3396,3403
h0_chr3_108979737_108983832,Initiator,promoter,YYANWYY,+,3483,3490
h0_chr3_108979737_108983832,Initiator,promoter,YYANWYY,+,3537,3544
h0_chr3_108979737_108983832,Initiator,promoter,YYANWYY,+,3579,3586
h0_chr3_108979737_108983832,Initiator,promoter,YYANWYY,+,3753,3760
h0_chr3_108979737_108983832,Initiator,promoter,YYANWYY,+,3910,3917
h0_chr3_108979737_108983832,Initiator,promoter,YYANWYY,-,164,171
h0_chr3_108979737_108983832,Initiator,promoter,YYANWYY,-,324,331
h0_chr3_108979737_108983832,Initiator,promoter,YYANWYY,-,372,379
h0_chr3_108979737_108983832,Initiator,promoter,YYANWYY,-,531,538
h0_chr3_108979737_108983832,Initiator,promoter,YYANWYY,-,795,802
h0_chr3_108979737_108983832,Initiator,promoter,YYANWYY,-,848,855
h0_chr3_108979737_108983832,Initiator,promoter,YYANWYY,-,927,934
h0_chr3_108979737_108983832,Initiator,promoter,YYANWYY,-,984,991
h0_chr3_108979737_108983832,Initiator,promoter,YYANWYY,-,1019,1026
h0_chr3_108979737_108983832,Initiator,promoter,YYANWYY,-,1040,1047
h0_chr3_108979737_108983832,Initiator,promoter,YYANWYY,-,1069,1076
h0_chr3_108979737_108983832,Initiator,promoter,YYANWYY,-,1109,1116
h0_chr3_108979737_108983832,Initiator,promoter,YYANWYY,-,1191,1198
h0_chr3_108979737_108983832,Initiator,promoter,YYANWYY,-,1212,1219
h0_chr3_108979737_108983832,Initiator,promoter,YYANWYY,-,1257,1264
h0_chr3_108979737_108983832,Initiator,promoter,YYANWYY,-,1299,1306
h0_chr3_108979737_108983832,Initiator,promoter,YYANWYY,-,1336,1343
h0_chr3_108979737_108983832,Initiator,promoter,YYANWYY,-,1377,1384
h0_chr3_108979737_108983832,Initiator,promoter,YYANWYY,-,1400,1407
h0_chr3_108979737_108983832,Initiator,promoter,YYANWYY,-,1503,1510
h0_chr3_108979737_108983832,Initiator,promoter,YYANWYY,-,1559,1566
h0_chr3_108979737_108983832,Initiator,promoter,YYANWYY,-,1653,1660
h0_chr3_108979737_108983832,Initiator,promoter,YYANWYY,-,1671,1678
h0_chr3_108979737_108983832,Initiator,promoter,YYANWYY,-,1940,1947
h0_chr3_108979737_108983832,Initiator,promoter,YYANWYY,-,1957,1964
h0_chr3_108979737_108983832,Initiator,promoter,YYANWYY,-,2156,2163
h0_chr3_108979737_108983832,Initiator,promoter,YYANWYY,-,2171,2178
h0_chr3_108979737_108983832,Initiator,promoter,YYANWYY,-,2180,2187
h0_chr3_108979737_108983832,Initiator,promoter,YYANWYY,-,2219,2226
h0_chr3_108979737_108983832,Initiator,promoter,YYANWYY,-,2239,2246
h0_chr3_108979737_108983832,Initiator,promoter,YYANWYY,-,2323,2330
h0_chr3_108979737_108983832,Initiator,promoter,YYANWYY,-,2343,2350
h0_chr3_108979737_108983832,Initiator,promoter,YYANWYY,-,2356,2363
h0_chr3_108979737_108983832,Initiator,promoter,YYANWYY,-,2485,2492
h0_chr3_108979737_108983832,Initiator,promoter,YYANWYY,-,2529,2536
h0_chr3_108979737_108983832,Initiator,promoter,YYANWYY,-,2568,2575
h0_chr3_108979737_108983832,Initiator,promoter,YYANWYY,-,2573,2580
h0_chr3_108979737_108983832,Initiator,promoter,YYANWYY,-,2599,2606
h0_chr3_108979737_108983832,Initiator,promoter,YYANWYY,-,2618,2625
h0_chr3_108979737_108983832,Initiator,promoter,YYANWYY,-,2624,2631
h0_chr3_108979737_108983832,Initiator,promoter,YYANWYY,-,2985,2992
h0_chr3_108979737_108983832,Initiator,promoter,YYANWYY,-,3329,3336
h0_chr3_108979737_108983832,Initiator,promoter,YYANWYY,-,3523,3530
h0_chr3_108979737_108983832,Initiator,promoter,YYANWYY,-,3611,3618
h0_chr3_108979737_108983832,Initiator,promoter,YYANWYY,-,3620,3627
h0_chr3_108979737_108983832,Initiator,promoter,YYANWYY,-,3635,3642
h0_chr3_108979737_108983832,Initiator,promoter,YYANWYY,-,3642,3649
h0_chr3_108979737_108983832,Initiator,promoter,YYANWYY,-,3655,3662
h0_chr3_108979737_108983832,Initiator,promoter,YYANWYY,-,3681,3688
h0_chr3_108979737_108983832,Initiator,promoter,YYANWYY,-,3705,3712
h0_chr3_108979737_108983832,Initiator,promoter,YYANWYY,-,3726,3733
h0_chr3_108979737_108983832,Initiator,promoter,YYANWYY,-,3740,3747
h0_chr3_108979737_108983832,Initiator,promoter,YYANWYY,-,3921,3928
h0_chr3_108979737_108983832,Initiator,promoter,YYANWYY,-,3951,3958
h0_chr3_108979737_108983832,Initiator,promoter,YYANWYY,-,3993,4000
h0_chr3_108979737_108983832,Initiator,promoter,YYANWYY,-,4038,4045
h0_chr3_108979737_108983832,AP1,tfbs,TGASTCA,+,3527,3534
h0_chr3_108979737_108983832,GATA,tfbs,WGATAR,+,171,177
h0_chr3_108979737_108983832,GATA,tfbs,WGATAR,+,685,691
h0_chr3_108979737_108983832,GATA,tfbs,WGATAR,+,752,758
h0_chr3_108979737_108983832,GATA,tfbs,WGATAR,+,2034,2040
h0_chr3_108979737_108983832,GATA,tfbs,WGATAR,+,3719,3725
h0_chr3_108979737_108983832,GATA,tfbs,WGATAR,+,3868,3874
h0_chr3_108979737_108983832,GATA,tfbs,WGATAR,-,2006,2012
h0_chr3_108979737_108983832,GATA,tfbs,WGATAR,-,3139,3145
h0_chr3_108979737_108983832,RUNX,tfbs,TGTGGT,+,929,935
h0_chr3_108979737_108983832,RUNX,tfbs,TGTGGT,-,2455,2461
h0_chr3_108979737_108983832,YY1,tfbs,CCATNTT,+,353,360
h0_chr3_108979737_108983832,YY1,tfbs,CCATNTT,+,1779,1786
h0_chr3_108979737_108983832,YY1,tfbs,CCATNTT,-,2921,2928
h0_chr3_108979737_108983832,YY1,tfbs,CCATNTT,-,3642,3649
h0_chr3_127665795_127669890,Initiator,promoter,YYANWYY,+,78,85
h0_chr3_127665795_127669890,Initiator,promoter,YYANWYY,+,87,94
h0_chr3_127665795_127669890,Initiator,promoter,YYANWYY,+,225,232
h0_chr3_127665795_127669890,Initiator,promoter,YYANWYY,+,310,317
h0_chr3_127665795_127669890,Initiator,promoter,YYANWYY,+,316,323
h0_chr3_127665795_127669890,Initiator,promoter,YYANWYY,+,366,373
h0_chr3_127665795_127669890,Initiator,promoter,YYANWYY,+,389,396
h0_chr3_127665795_127669890,Initiator,promoter,YYANWYY,+,641,648
h0_chr3_127665795_127669890,Initiator,promoter,YYANWYY,+,766,773
h0_chr3_127665795_127669890,Initiator,promoter,YYANWYY,+,776,783
h0_chr3_127665795_127669890,Initiator,promoter,YYANWYY,+,915,922
h0_chr3_127665795_127669890,Initiator,promoter,YYANWYY,+,966,973
h0_chr3_127665795_127669890,Initiator,promoter,YYANWYY,+,1011,1018
h0_chr3_127665795_127669890,Initiator,promoter,YYANWYY,+,1021,1028
h0_chr3_127665795_127669890,Initiator,promoter,YYANWYY,+,1234,1241
h0_chr3_127665795_127669890,Initiator,promoter,YYANWYY,+,1323,1330
h0_chr3_127665795_127669890,Initiator,promoter,YYANWYY,+,1351,1358
h0_chr3_127665795_127669890,Initiator,promoter,YYANWYY,+,1426,1433
h0_chr3_127665795_127669890,Initiator,promoter,YYANWYY,+,1862,1869
h0_chr3_127665795_127669890,Initiator,promoter,YYANWYY,+,1873,1880
h0_chr3_127665795_127669890,Initiator,promoter,YYANWYY,+,1951,1958
h0_chr3_127665795_127669890,Initiator,promoter,YYANWYY,+,2118,2125
h0_chr3_127665795_127669890,Initiator,promoter,YYANWYY,+,2178,2185
h0_chr3_127665795_127669890,Initiator,promoter,YYANWYY,+,2261,2268
h0_chr3_127665795_127669890,Initiator,promoter,YYANWYY,+,2274,2281
h0_chr3_127665795_127669890,Initiator,promoter,YYANWYY,+,2477,2484
h0_chr3_127665795_127669890,Initiator,promoter,YYANWYY,+,3314,3321
h0_chr3_127665795_127669890,Initiator,promoter,YYANWYY,+,3488,3495
h0_chr3_127665795_127669890,Initiator,promoter,YYANWYY,+,4051,4058
h0_chr3_127665795_127669890,Initiator,promoter,YYANWYY,+,4064,4071
h0_chr3_127665795_127669890,Initiator,promoter,YYANWYY,-,80,87
h0_chr3_127665795_127669890,Initiator,promoter,YYANWYY,-,136,143
h0_chr3_127665795_127669890,Initiator,promoter,YYANWYY,-,143,150
h0_chr3_127665795_127669890,Initiator,promoter,YYANWYY,-,205,212
h0_chr3_127665795_127669890,Initiator,promoter,YYANWYY,-,214,221
h0_chr3_127665795_127669890,Initiator,promoter,YYANWYY,-,386,393
h0_chr3_127665795_127669890,Initiator,promoter,YYANWYY,-,411,418
h0_chr3_127665795_127669890,Initiator,promoter,YYANWYY,-,543,550
h0_chr3_127665795_127669890,Initiator,promoter,YYANWYY,-,620,627
h0_chr3_127665795_127669890,Initiator,promoter,YYANWYY,-,992,999
h0_chr3_127665795_127669890,Initiator,promoter,YYANWYY,-,1253,1260
h0_chr3_127665795_127669890,Initiator,promoter,YYANWYY,-,1271,1278
h0_chr3_127665795_127669890,Initiator,promoter,YYANWYY,-,1502,1509
h0_chr3_127665795_127669890,Initiator,promoter,YYANWYY,-,1507,1514
h0_chr3_127665795_127669890,Initiator,promoter,YYANWYY,-,1707,1714
h0_chr3_127665795_127669890,Initiator,promoter,YYANWYY,-,1714,1721
h0_chr3_127665795_127669890,Initiator,promoter,YYANWYY,-,1778,1785
h0_chr3_127665795_127669890,Initiator,promoter,YYANWYY,-,2440,2447
h0_chr3_127665795_127669890,Initiator,promoter,YYANWYY,-,2921,2928
h0_chr3_127665795_127669890,Initiator,promoter,YYANWYY,-,2988,2995
h0_chr3_127665795_127669890,Initiator,promoter,YYANWYY,-,2995,3002
h0_chr3_127665795_127669890,Initiator,promoter,YYANWYY,-,3029,3036
h0_chr3_127665795_127669890,Initiator,promoter,YYANWYY,-,3072,3079
h0_chr3_127665795_127669890,Initiator,promoter,YYANWYY,-,3225,3232
h0_chr3_127665795_127669890,Initiator,promoter,YYANWYY,-,3509,3516
h0_chr3_127665795_127669890,Initiator,promoter,YYANWYY,-,3652,3659
h0_chr3_127665795_127669890,Initiator,promoter,YYANWYY,-,3706,3713
h0_chr3_127665795_127669890,BREu,promoter,SSRCGCC,+,3912,3919
h0_chr3_127665795_127669890,BREu,promoter,SSRCGCC,-,3846,3853
h0_chr3_127665795_127669890,E_box,tfbs,CACGTG,+,26,32
h0_chr3_127665795_127669890,E_box,tfbs,CACGTG,+,711,717
h0_chr3_127665795_127669890,GC_box,promoter,GGGCGG,+,1209,1215
h0_chr3_127665795_127669890,GC_box,promoter,GGGCGG,+,2850,2856
h0_chr3_127665795_127669890,GC_box,promoter,GGGCGG,-,2188,2194
h0_chr3_127665795_127669890,GC_box,promoter,GGGCGG,-,2358,2364
h0_chr3_127665795_127669890,NFkB,tfbs,GGGRNNYYCC,+,56,66
h0_chr3_127665795_127669890,GATA,tfbs,WGATAR,+,3320,3326
h0_chr3_127665795_127669890,RUNX,tfbs,TGTGGT,+,3031,3037
h0_chr3_127665795_127669890,RUNX,tfbs,TGTGGT,-,749,755
h0_chr3_127665795_127669890,YY1,tfbs,CCATNTT,+,525,532
h0_chr3_127665795_127669890,YY1,tfbs,CCATNTT,+,1313,1320
h0_chr3_127665795_127669890,YY1,tfbs,CCATNTT,+,3941,3948
h0_chr3_127665795_127669890,YY1,tfbs,CCATNTT,-,214,221
h0_chr3_127665795_127669890,YY1,tfbs,CCATNTT,-,1078,1085
h0_chr3_17001367_17005462,TATA_box,promoter,TATAWAWR,-,723,731
h0_chr3_17001367_17005462,TATA_box,promoter,TATAWAWR,-,3530,3538
h0_chr3_17001367_17005462,Initiator,promoter,YYANWYY,+,13,20
h0_chr3_17001367_17005462,Initiator,promoter,YYANWYY,+,123,130
h0_chr3_17001367_17005462,Initiator,promoter,YYANWYY,+,137,144
h0_chr3_17001367_17005462,Initiator,promoter,YYANWYY,+,142,149
h0_chr3_17001367_17005462,Initiator,promoter,YYANWYY,+,183,190
h0_chr3_17001367_17005462,Initiator,promoter,YYANWYY,+,189,196
h0_chr3_17001367_17005462,Initiator,promoter,YYANWYY,+,308,315
h0_chr3_17001367_17005462,Initiator,promoter,YYANWYY,+,512,519
h0_chr3_17001367_17005462,Initiator,promoter,YYANWYY,+,548,555
h0_chr3_17001367_17005462,Initiator,promoter,YYANWYY,+,561,568
h0_chr3_17001367_17005462,Initiator,promoter,YYANWYY,+,593,600
h0_chr3_17001367_17005462,Initiator,promoter,YYANWYY,+,650,657
h0_chr3_17001367_17005462,Initiator,promoter,YYANWYY,+,670,677
h0_chr3_17001367_17005462,Initiator,promoter,YYANWYY,+,692,699
h0_chr3_17001367_17005462,Initiator,promoter,YYANWYY,+,704,711
h0_chr3_17001367_17005462,Initiator,promoter,YYANWYY,+,710,717
h0_chr3_17001367_17005462,Initiator,promoter,YYANWYY,+,720,727
h0_chr3_17001367_17005462,Initiator,promoter,YYANWYY,+,786,793
h0_chr3_17001367_17005462,Initiator,promoter,YYANWYY,+,838,845
h0_chr3_17001367_17005462,Initiator,promoter,YYANWYY,+,875,882
h0_chr3_17001367_17005462,Initiator,promoter,YYANWYY,+,904,911
h0_chr3_17001367_17005462,Initiator,promoter,YYANWYY,+,957,964
h0_chr3_17001367_17005462,Initiator,promoter,YYANWYY,+,967,974
h0_chr3_17001367_17005462,Initiator,promoter,YYANWYY,+,1004,1011
h0_chr3_17001367_17005462,Initiator,promoter,YYANWYY,+,1073,1080
h0_chr3_17001367_17005462,Initiator,promoter,YYANWYY,+,1258,1265
h0_chr3_17001367_17005462,Initiator,promoter,YYANWYY,+,1505,1512
h0_chr3_17001367_17005462,Initiator,promoter,YYANWYY,+,1581,1588
h0_chr3_17001367_17005462,Initiator,promoter,YYANWYY,+,1639,1646
h0_chr3_17001367_17005462,Initiator,promoter,YYANWYY,+,1651,1658
h0_chr3_17001367_17005462,Initiator,promoter,YYANWYY,+,1683,1690
h0_chr3_17001367_17005462,Initiator,promoter,YYANWYY,+,1720,1727
h0_chr3_17001367_17005462,Initiator,promoter,YYANWYY,+,1798,1805
h0_chr3_17001367_17005462,Initiator,promoter,YYANWYY,+,1989,1996
h0_chr3_17001367_17005462,Initiator,promoter,YYANWYY,+,2221,2228
h0_chr3_17001367_17005462,Initiator,promoter,YYANWYY,+,2227,2234
h0_chr3_17001367_17005462,Initiator,promoter,YYANWYY,+,2309,2316
h0_chr3_17001367_17005462,Initiator,promoter,YYANWYY,+,2359,2366
h0_chr3_17001367_17005462,Initiator,promoter,YYANWYY,+,2512,2519
h0_chr3_17001367_17005462,Initiator,promoter,YYANWYY,+,2610,2617
h0_chr3_17001367_17005462,Initiator,promoter,YYANWYY,+,2676,2683
h0_chr3_17001367_17005462,Initiator,promoter,YYANWYY,+,2699,2706
h0_chr3_17001367_17005462,Initiator,promoter,YYANWYY,+,2725,2732
h0_chr3_17001367_17005462,Initiator,promoter,YYANWYY,+,2748,2755
h0_chr3_17001367_17005462,Initiator,promoter,YYANWYY,+,2899,2906
h0_chr3_17001367_17005462,Initiator,promoter,YYANWYY,+,2916,2923
h0_chr3_17001367_17005462,Initiator,promoter,YYANWYY,+,3148,3155
h0_chr3_17001367_17005462,Initiator,promoter,YYANWYY,+,3153,3160
h0_chr3_17001367_17005462,Initiator,promoter,YYANWYY,+,3158,3165
h0_chr3_17001367_17005462,Initiator,promoter,YYANWYY,+,3168,3175
h0_chr3_17001367_17005462,Initiator,promoter,YYANWYY,+,3173,3180
h0_chr3_17001367_17005462,Initiator,promoter,YYANWYY,+,3178,3185
h0_chr3_17001367_17005462,Initiator,promoter,YYANWYY,+,3216,3223
h0_chr3_17001367_17005462,Initiator,promoter,YYANWYY,+,3320,3327
h0_chr3_17001367_17005462,Initiator,promoter,YYANWYY,+,3328,3335
h0_chr3_17001367_17005462,Initiator,promoter,YYANWYY,+,3420,3427
h0_chr3_17001367_17005462,Initiator,promoter,YYANWYY,+,3462,3469
h0_chr3_17001367_17005462,Initiator,promoter,YYANWYY,+,3476,3483
h0_chr3_17001367_17005462,Initiator,promoter,YYANWYY,+,3482,3489
h0_chr3_17001367_17005462,Initiator,promoter,YYANWYY,+,3533,3540
h0_chr3_17001367_17005462,Initiator,promoter,YYANWYY,+,3540,3547
h0_chr3_17001367_17005462,Initiator,promoter,YYANWYY,+,3595,3602
h0_chr3_17001367_17005462,Initiator,promoter,YYANWYY,+,3600,3607
h0_chr3_17001367_17005462,Initiator,promoter,YYANWYY,+,3613,3620
h0_chr3_17001367_17005462,Initiator,promoter,YYANWYY,+,3634,3641
h0_chr3_17001367_17005462,Initiator,promoter,YYANWYY,+,3647,3654
h0_chr3_17001367_17005462,Initiator,promoter,YYANWYY,+,3665,3672
h0_chr3_17001367_17005462,Initiator,promoter,YYANWYY,+,3715,3722
h0_chr3_17001367_17005462,Initiator,promoter,YYANWYY,+,3935,3942
h0_chr3_17001367_17005462,Initiator,promoter,YYANWYY,+,3993,4000
h0_chr3_17001367_17005462,Initiator,promoter,YYANWYY,-,149,156
h0_chr3_17001367_17005462,Initiator,promoter,YYANWYY,-,180,187
h0_chr3_17001367_17005462,Initiator,promoter,YYANWYY,-,281,288
h0_chr3_17001367_17005462,Initiator,promoter,YYANWYY,-,415,422
h0_chr3_17001367_17005462,Initiator,promoter,YYANWYY,-,550,557
h0_chr3_17001367_17005462,Initiator,promoter,YYANWYY,-,572,579
h0_chr3_17001367_17005462,Initiator,promoter,YYANWYY,-,740,747
h0_chr3_17001367_17005462,Initiator,promoter,YYANWYY,-,917,924
h0_chr3_17001367_17005462,Initiator,promoter,YYANWYY,-,949,956
h0_chr3_17001367_17005462,Initiator,promoter,YYANWYY,-,969,976
h0_chr3_17001367_17005462,Initiator,promoter,YYANWYY,-,1040,1047
h0_chr3_17001367_17005462,Initiator,promoter,YYANWYY,-,1050,1057
h0_chr3_17001367_17005462,Initiator,promoter,YYANWYY,-,1115,1122
h0_chr3_17001367_17005462,Initiator,promoter,YYANWYY,-,1203,1210
h0_chr3_17001367_17005462,Initiator,promoter,YYANWYY,-,1545,1552
h0_chr3_17001367_17005462,Initiator,promoter,YYANWYY,-,1730,1737
h0_chr3_17001367_17005462,Initiator,promoter,YYANWYY,-,1808,1815
h0_chr3_17001367_17005462,Initiator,promoter,YYANWYY,-,1854,1861
h0_chr3_17001367_17005462,Initiator,promoter,YYANWYY,-,1859,1866
h0_chr3_17001367_17005462,Initiator,promoter,YYANWYY,-,1878,1885
h0_chr3_17001367_17005462,Initiator,promoter,YYANWYY,-,1919,1926
h0_chr3_17001367_17005462,Initiator,promoter,YYANWYY,-,1942,1949
h0_chr3_17001367_17005462,Initiator,promoter,YYANWYY,-,2261,2268
h0_chr3_17001367_17005462,Initiator,promoter,YYANWYY,-,2334,2341
h0_chr3_17001367_17005462,Initiator,promoter,YYANWYY,-,2856,2863
h0_chr3_17001367_17005462,Initiator,promoter,YYANWYY,-,2954,2961
h0_chr3_17001367_17005462,Initiator,promoter,YYANWYY,-,3187,3194
h0_chr3_17001367_17005462,Initiator,promoter,YYANWYY,-,3199,3206
h0_chr3_17001367_17005462,Initiator,promoter,YYANWYY,-,3542,3549
h0_chr3_17001367_17005462,Initiator,promoter,YYANWYY,-,3654,3661
h0_chr3_17001367_17005462,Initiator,promoter,YYANWYY,-,3697,3704
h0_chr3_17001367_17005462,Initiator,promoter,YYANWYY,-,3739,3746
h0_chr3_17001367_17005462,Initiator,promoter,YYANWYY,-,3754,3761
h0_chr3_17001367_17005462,Initiator,promoter,YYANWYY,-,3822,3829
h0_chr3_17001367_17005462,Initiator,promoter,YYANWYY,-,3979,3986
h0_chr3_17001367_17005462,AP1,tfbs,TGASTCA,+,1716,1723
h0_chr3_17001367_17005462,AP1,tfbs,TGASTCA,+,1923,1930
h0_chr3_17001367_17005462,GATA,tfbs,WGATAR,+,173,179
h0_chr3_17001367_17005462,GATA,tfbs,WGATAR,+,534,540
h0_chr3_17001367_17005462,GATA,tfbs,WGATAR,+,554,560
h0_chr3_17001367_17005462,GATA,tfbs,WGATAR,+,1370,1376
h0_chr3_17001367_17005462,GATA,tfbs,WGATAR,+,2346,2352
h0_chr3_17001367_17005462,GATA,tfbs,WGATAR,+,3494,3500
h0_chr3_17001367_17005462,GATA,tfbs,WGATAR,+,3574,3580
h0_chr3_17001367_17005462,GATA,tfbs,WGATAR,-,667,673
h0_chr3_17001367_17005462,GATA,tfbs,WGATAR,-,732,738
h0_chr3_17001367_17005462,GATA,tfbs,WGATAR,-,846,852
h0_chr3_17001367_17005462,GATA,tfbs,WGATAR,-,872,878
h0_chr3_17001367_17005462,GATA,tfbs,WGATAR,-,1296,1302
h0_chr3_17001367_17005462,GATA,tfbs,WGATAR,-,1324,1330
h0_chr3_17001367_17005462,GATA,tfbs,WGATAR,-,1468,1474
h0_chr3_17001367_17005462,GATA,tfbs,WGATAR,-,1522,1528
h0_chr3_17001367_17005462,GATA,tfbs,WGATAR,-,1751,1757
h0_chr3_17001367_17005462,GATA,tfbs,WGATAR,-,2642,2648
h0_chr3_17001367_17005462,GATA,tfbs,WGATAR,-,3865,3871
h0_chr3_17001367_17005462,YY1,tfbs,CCATNTT,+,142,149
h0_chr3_17001367_17005462,YY1,tfbs,CCATNTT,+,1581,1588
h0_chr3_17001367_17005462,YY1,tfbs,CCATNTT,+,1597,1604
h0_chr3_17001367_17005462,YY1,tfbs,CCATNTT,+,2130,2137
h0_chr3_17001367_17005462,YY1,tfbs,CCATNTT,-,1050,1057
h0_chr3_17001367_17005462,YY1,tfbs,CCATNTT,-,3499,3506
h0_chr3_17001367_17005462,YY1,tfbs,CCATNTT,-,3754,3761
h0_chr7_120066194_120070289,TATA_box,promoter,TATAWAWR,-,2942,2950
h0_chr7_120066194_120070289,Initiator,promoter,YYANWYY,+,14,21
h0_chr7_120066194_120070289,Initiator,promoter,YYANWYY,+,22,29
h0_chr7_120066194_120070289,Initiator,promoter,YYANWYY,+,40,47
h0_chr7_120066194_120070289,Initiator,promoter,YYANWYY,+,189,196
h0_chr7_120066194_120070289,Initiator,promoter,YYANWYY,+,227,234
h0_chr7_120066194_120070289,Initiator,promoter,YYANWYY,+,293,300
h0_chr7_120066194_120070289,Initiator,promoter,YYANWYY,+,311,318
h0_chr7_120066194_120070289,Initiator,promoter,YYANWYY,+,371,378
h0_chr7_120066194_120070289,Initiator,promoter,YYANWYY,+,741,748
h0_chr7_120066194_120070289,Initiator,promoter,YYANWYY,+,765,772
h0_chr7_120066194_120070289,Initiator,promoter,YYANWYY,+,805,812
h0_chr7_120066194_120070289,Initiator,promoter,YYANWYY,+,1030,1037
h0_chr7_120066194_120070289,Initiator,promoter,YYANWYY,+,1239,1246
h0_chr7_120066194_120070289,Initiator,promoter,YYANWYY,+,1632,1639
h0_chr7_120066194_120070289,Initiator,promoter,YYANWYY,+,1683,1690
h0_chr7_120066194_120070289,Initiator,promoter,YYANWYY,+,1859,1866
h0_chr7_120066194_120070289,Initiator,promoter,YYANWYY,+,1936,1943
h0_chr7_120066194_120070289,Initiator,promoter,YYANWYY,+,2119,2126
h0_chr7_120066194_120070289,Initiator,promoter,YYANWYY,+,2270,2277
h0_chr7_120066194_120070289,Initiator,promoter,YYANWYY,+,2462,2469
h0_chr7_120066194_120070289,Initiator,promoter,YYANWYY,+,2472,2479
h0_chr7_120066194_120070289,Initiator,promoter,YYANWYY,+,2561,2568
h0_chr7_120066194_120070289,Initiator,promoter,YYANWYY,+,2670,2677
h0_chr7_120066194_120070289,Initiator,promoter,YYANWYY,+,2703,2710
h0_chr7_120066194_120070289,Initiator,promoter,YYANWYY,+,2956,2963
h0_chr7_120066194_120070289,Initiator,promoter,YYANWYY,+,3125,3132
h0_chr7_120066194_120070289,Initiator,promoter,YYANWYY,+,3165,3172
h0_chr7_120066194_120070289,Initiator,promoter,YYANWYY,+,3202,3209
h0_chr7_120066194_120070289,Initiator,promoter,YYANWYY,+,3262,3269
h0_chr7_120066194_120070289,Initiator,promoter,YYANWYY,+,3312,3319
h0_chr7_120066194_120070289,Initiator,promoter,YYANWYY,+,3332,3339
h0_chr7_120066194_120070289,Initiator,promoter,YYANWYY,+,3348,3355
h0_chr7_120066194_120070289,Initiator,promoter,YYANWYY,+,3729,3736
h0_chr7_120066194_120070289,Initiator,promoter,YYANWYY,+,3849,3856
h0_chr7_120066194_120070289,Initiator,promoter,YYANWYY,+,3894,3901
h0_chr7_120066194_120070289,Initiator,promoter,YYANWYY,+,3995,4002
h0_chr7_120066194_120070289,Initiator,promoter,YYANWYY,+,4059,4066
h0_chr7_120066194_120070289,Initiator,promoter,YYANWYY,-,129,136
h0_chr7_120066194_120070289,Initiator,promoter,YYANWYY,-,150,157
h0_chr7_120066194_120070289,Initiator,promoter,YYANWYY,-,186,193
h0_chr7_120066194_120070289,Initiator,promoter,YYANWYY,-,191,198
h0_chr7_120066194_120070289,Initiator,promoter,YYANWYY,-,211,218
h0_chr7_120066194_120070289,Initiator,promoter,YYANWYY,-,218,225
h0_chr7_120066194_120070289,Initiator,promoter,YYANWYY,-,325,332
h0_chr7_120066194_120070289,Initiator,promoter,YYANWYY,-,338,345
h0_chr7_120066194_120070289,Initiator,promoter,YYANWYY,-,400,407
h0_chr7_120066194_120070289,Initiator,promoter,YYANWYY,-,414,421
h0_chr7_120066194_120070289,Initiator,promoter,YYANWYY,-,496,503
h0_chr7_120066194_120070289,Initiator,promoter,YYANWYY,-,531,538
h0_chr7_120066194_120070289,Initiator,promoter,YYANWYY,-,580,587
h0_chr7_120066194_120070289,Initiator,promoter,YYANWYY,-,626,633
h0_chr7_120066194_120070289,Initiator,promoter,YYANWYY,-,720,727
h0_chr7_120066194_120070289,Initiator,promoter,YYANWYY,-,798,805
h0_chr7_120066194_120070289,Initiator,promoter,YYANWYY,-,865,872
h0_chr7_120066194_120070289,Initiator,promoter,YYANWYY,-,873,880
h0_chr7_120066194_120070289,Initiator,promoter,YYANWYY,-,880,887
h0_chr7_120066194_120070289,Initiator,promoter,YYANWYY,-,932,939
h0_chr7_120066194_120070289,Initiator,promoter,YYANWYY,-,1080,1087
h0_chr7_120066194_120070289,Initiator,promoter,YYANWYY,-,1094,1101
h0_chr7_120066194_120070289,Initiator,promoter,YYANWYY,-,1125,1132
h0_chr7_120066194_120070289,Initiator,promoter,YYANWYY,-,1161,1168
h0_chr7_120066194_120070289,Initiator,promoter,YYANWYY,-,1171,1178
h0_chr7_120066194_120070289,Initiator,promoter,YYANWYY,-,1200,1207
h0_chr7_120066194_120070289,Initiator,promoter,YYANWYY,-,1210,1217
h0_chr7_120066194_120070289,Initiator,promoter,YYANWYY,-,1264,1271
h0_chr7_120066194_120070289,Initiator,promoter,YYANWYY,-,1323,1330
h0_chr7_120066194_120070289,Initiator,promoter,YYANWYY,-,1547,1554
h0_chr7_120066194_120070289,Initiator,promoter,YYANWYY,-,1644,1651
h0_chr7_120066194_120070289,Initiator,promoter,YYANWYY,-,1735,1742
h0_chr7_120066194_120070289,Initiator,promoter,YYANWYY,-,1810,1817
h0_chr7_120066194_120070289,Initiator,promoter,YYANWYY,-,1820,1827
h0_chr7_120066194_120070289,Initiator,promoter,YYANWYY,-,1913,1920
h0_chr7_120066194_120070289,Initiator,promoter,YYANWYY,-,1919,1926
h0_chr7_120066194_120070289,Initiator,promoter,YYANWYY,-,2040,2047
h0_chr7_120066194_120070289,Initiator,promoter,YYANWYY,-,2128,2135
h0_chr7_120066194_120070289,Initiator,promoter,YYANWYY,-,2286,2293
h0_chr7_120066194_120070289,Initiator,promoter,YYANWYY,-,2292,2299
h0_chr7_120066194_120070289,Initiator,promoter,YYANWYY,-,2304,2311
h0_chr7_120066194_120070289,Initiator,promoter,YYANWYY,-,2335,2342
h0_chr7_120066194_120070289,Initiator,promoter,YYANWYY,-,2410,2417
h0_chr7_120066194_120070289,Initiator,promoter,YYANWYY,-,2455,2462
h0_chr7_120066194_120070289,Initiator,promoter,YYANWYY,-,2552,2559
h0_chr7_120066194_120070289,Initiator,promoter,YYANWYY,-,2603,2610
h0_chr7_120066194_120070289,Initiator,promoter,YYANWYY,-,2611,2618
h0_chr7_120066194_120070289,Initiator,promoter,YYANWYY,-,2618,2625
h0_chr7_120066194_120070289,Initiator,promoter,YYANWYY,-,2638,2645
h0_chr7_120066194_120070289,Initiator,promoter,YYANWYY,-,2793,2800
h0_chr7_120066194_120070289,Initiator,promoter,YYANWYY,-,2808,2815
h0_chr7_120066194_120070289,Initiator,promoter,YYANWYY,-,2858,2865
h0_chr7_120066194_120070289,Initiator,promoter,YYANWYY,-,3090,3097
h0_chr7_120066194_120070289,Initiator,promoter,YYANWYY,-,3178,3185
h0_chr7_120066194_120070289,Initiator,promoter,YYANWYY,-,3243,3250
h0_chr7_120066194_120070289,Initiator,promoter,YYANWYY,-,3269,3276
h0_chr7_120066194_120070289,Initiator,promoter,YYANWYY,-,3334,3341
h0_chr7_120066194_120070289,Initiator,promoter,YYANWYY,-,3339,3346
h0_chr7_120066194_120070289,Initiator,promoter,YYANWYY,-,3390,3397
h0_chr7_120066194_120070289,Initiator,promoter,YYANWYY,-,3558,3565
h0_chr7_120066194_120070289,Initiator,promoter,YYANWYY,-,3633,3640
h0_chr7_120066194_120070289,Initiator,promoter,YYANWYY,-,3683,3690
h0_chr7_120066194_120070289,Initiator,promoter,YYANWYY,-,3706,3713
h0_chr7_120066194_120070289,Initiator,promoter,YYANWYY,-,3782,3789
h0_chr7_120066194_120070289,Initiator,promoter,YYANWYY,-,3829,3836
h0_chr7_120066194_120070289,Initiator,promoter,YYANWYY,-,4032,4039
h0_chr7_120066194_120070289,Initiator,promoter,YYANWYY,-,4062,4069
h0_chr7_120066194_120070289,GC_box,promoter,GGGCGG,+,2744,2750
h0_chr7_120066194_120070289,NFkB,tfbs,GGGRNNYYCC,+,1924,1934
h0_chr7_120066194_120070289,GATA,tfbs,WGATAR,+,67,73
h0_chr7_120066194_120070289,GATA,tfbs,WGATAR,+,360,366
h0_chr7_120066194_120070289,GATA,tfbs,WGATAR,+,382,388
h0_chr7_120066194_120070289,GATA,tfbs,WGATAR,+,714,720
h0_chr7_120066194_120070289,GATA,tfbs,WGATAR,+,843,849
h0_chr7_120066194_120070289,GATA,tfbs,WGATAR,+,1551,1557
h0_chr7_120066194_120070289,GATA,tfbs,WGATAR,+,2315,2321
h0_chr7_120066194_120070289,GATA,tfbs,WGATAR,+,2771,2777
h0_chr7_120066194_120070289,GATA,tfbs,WGATAR,-,368,374
h0_chr7_120066194_120070289,GATA,tfbs,WGATAR,-,1048,1054
h0_chr7_120066194_120070289,RUNX,tfbs,TGTGGT,+,1879,1885
h0_chr7_120066194_120070289,RUNX,tfbs,TGTGGT,-,2256,2262
h0_chr7_120066194_120070289,YY1,tfbs,CCATNTT,+,2703,2710
h0_chr7_120066194_120070289,YY1,tfbs,CCATNTT,-,414,421
h0_chr7_120066194_120070289,YY1,tfbs,CCATNTT,-,880,887
h0_chr7_120066194_120070289,YY1,tfbs,CCATNTT,-,1125,1132
h0_chr7_120066194_120070289,YY1,tfbs,CCATNTT,-,1644,1651
h0_chr7_120066194_120070289,YY1,tfbs,CCATNTT,-,1810,1817
h0_chr7_120066194_120070289,YY1,tfbs,CCATNTT,-,2808,2815
h0_chr7_120066194_120070289,YY1,tfbs,CCATNTT,-,3558,3565
h0_chr7_120066194_120070289,YY1,tfbs,CCATNTT,-,4032,4039
h0_chr7_137924469_137928564,TATA_box,promoter,TATAWAWR,+,1499,1507
h0_chr7_137924469_137928564,TATA_box,promoter,TATAWAWR,+,3038,3046
h0_chr7_137924469_137928564,Initiator,promoter,YYANWYY,+,320,327
h0_chr7_137924469_137928564,Initiator,promoter,YYANWYY,+,439,446
h0_chr7_137924469_137928564,Initiator,promoter,YYANWYY,+,527,534
h0_chr7_137924469_137928564,Initiator,promoter,YYANWYY,+,810,817
h0_chr7_137924469_137928564,Initiator,promoter,YYANWYY,+,854,861
h0_chr7_137924469_137928564,Initiator,promoter,YYANWYY,+,917,924
h0_chr7_137924469_137928564,Initiator,promoter,YYANWYY,+,951,958
h0_chr7_137924469_137928564,Initiator,promoter,YYANWYY,+,1282,1289
h0_chr7_137924469_137928564,Initiator,promoter,YYANWYY,+,1292,1299
h0_chr7_137924469_137928564,Initiator,promoter,YYANWYY,+,1650,1657
h0_chr7_137924469_137928564,Initiator,promoter,YYANWYY,+,1674,1681
h0_chr7_137924469_137928564,Initiator,promoter,YYANWYY,+,2034,2041
h0_chr7_137924469_137928564,Initiator,promoter,YYANWYY,+,2388,2395
h0_chr7_137924469_137928564,Initiator,promoter,YYANWYY,+,2394,2401
h0_chr7_137924469_137928564,Initiator,promoter,YYANWYY,+,2458,2465
h0_chr7_137924469_137928564,Initiator,promoter,YYANWYY,+,2508,2515
h0_chr7_137924469_137928564,Initiator,promoter,YYANWYY,+,2643,2650
h0_chr7_137924469_137928564,Initiator,promoter,YYANWYY,+,3024,3031
h0_chr7_137924469_137928564,Initiator,promoter,YYANWYY,+,3138,3145
h0_chr7_137924469_137928564,Initiator,promoter,YYANWYY,+,3156,3163
h0_chr7_137924469_137928564,Initiator,promoter,YYANWYY,+,3615,3622
h0_chr7_137924469_137928564,Initiator,promoter,YYANWYY,+,3923,3930
h0_chr7_137924469_137928564,Initiator,promoter,YYANWYY,-,8,15
h0_chr7_137924469_137928564,Initiator,promoter,YYANWYY,-,267,274
h0_chr7_137924469_137928564,Initiator,promoter,YYANWYY,-,476,483
h0_chr7_137924469_137928564,Initiator,promoter,YYANWYY,-,483,490
h0_chr7_137924469_137928564,Initiator,promoter,YYANWYY,-,488,495
h0_chr7_137924469_137928564,Initiator,promoter,YYANWYY,-,506,513
h0_chr7_137924469_137928564,Initiator,promoter,YYANWYY,-,515,522
h0_chr7_137924469_137928564,Initiator,promoter,YYANWYY,-,580,587
h0_chr7_137924469_137928564,Initiator,promoter,YYANWYY,-,775,782
h0_chr7_137924469_137928564,Initiator,promoter,YYANWYY,-,856,863
h0_chr7_137924469_137928564,Initiator,promoter,YYANWYY,-,903,910
h0_chr7_137924469_137928564,Initiator,promoter,YYANWYY,-,992,999
h0_chr7_137924469_137928564,Initiator,promoter,YYANWYY,-,999,1006
h0_chr7_137924469_137928564,Initiator,promoter,YYANWYY,-,1050,1057
h0_chr7_137924469_137928564,Initiator,promoter,YYANWYY,-,1103,1110
h0_chr7_137924469_137928564,Initiator,promoter,YYANWYY,-,1123,1130
h0_chr7_137924469_137928564,Initiator,promoter,YYANWYY,-,1168,1175
h0_chr7_137924469_137928564,Initiator,promoter,YYANWYY,-,1188,1195
h0_chr7_137924469_137928564,Initiator,promoter,YYANWYY,-,1233,1240
h0_chr7_137924469_137928564,Initiator,promoter,YYANWYY,-,1361,1368
h0_chr7_137924469_137928564,Initiator,promoter,YYANWYY,-,1527,1534
h0_chr7_137924469_137928564,Initiator,promoter,YYANWYY,-,1581,1588
h0_chr7_137924469_137928564,Initiator,promoter,YYANWYY,-,1600,1607
h0_chr7_137924469_137928564,Initiator,promoter,YYANWYY,-,1666,1673
h0_chr7_137924469_137928564,Initiator,promoter,YYANWYY,-,1671,1678
h0_chr7_137924469_137928564,Initiator,promoter,YYANWYY,-,1697,1704
h0_chr7_137924469_137928564,Initiator,promoter,YYANWYY,-,1716,1723
h0_chr7_137924469_137928564,Initiator,promoter,YYANWYY,-,1880,1887
h0_chr7_137924469_137928564,Initiator,promoter,YYANWYY,-,1895,1902
h0_chr7_137924469_137928564,Initiator,promoter,YYANWYY,-,1939,1946
h0_chr7_137924469_137928564,Initiator,promoter,YYANWYY,-,1998,2005
h0_chr7_137924469_137928564,Initiator,promoter,YYANWYY,-,2208,2215
h0_chr7_137924469_137928564,Initiator,promoter,YYANWYY,-,2304,2311
h0_chr7_137924469_137928564,Initiator,promoter,YYANWYY,-,2310,2317
h0_chr7_137924469_137928564,Initiator,promoter,YYANWYY,-,2317,2324
h0_chr7_137924469_137928564,Initiator,promoter,YYANWYY,-,2333,2340
h0_chr7_137924469_137928564,Initiator,promoter,YYANWYY,-,2346,2353
h0_chr7_137924469_137928564,Initiator,promoter,YYANWYY,-,2385,2392
h0_chr7_137924469_137928564,Initiator,promoter,YYANWYY,-,2391,2398
h0_chr7_137924469_137928564,Initiator,promoter,YYANWYY,-,2521,2528
h0_chr7_137924469_137928564,Initiator,promoter,YYANWYY,-,2527,2534
h0_chr7_137924469_137928564,Initiator,promoter,YYANWYY,-,2536,2543
h0_chr7_137924469_137928564,Initiator,promoter,YYANWYY,-,2546,2553
h0_chr7_137924469_137928564,Initiator,promoter,YYANWYY,-,2711,2718
h0_chr7_137924469_137928564,Initiator,promoter,YYANWYY,-,2745,2752
h0_chr7_137924469_137928564,Initiator,promoter,YYANWYY,-,3054,3061
h0_chr7_137924469_137928564,Initiator,promoter,YYANWYY,-,3094,3101
h0_chr7_137924469_137928564,Initiator,promoter,YYANWYY,-,3135,3142
h0_chr7_137924469_137928564,Initiator,promoter,YYANWYY,-,3204,3211
h0_chr7_137924469_137928564,Initiator,promoter,YYANWYY,-,3224,3231
h0_chr7_137924469_137928564,Initiator,promoter,YYANWYY,-,3263,3270
h0_chr7_137924469_137928564,Initiator,promoter,YYANWYY,-,3301,3308
h0_chr7_137924469_137928564,Initiator,promoter,YYANWYY,-,3330,3337
h0_chr7_137924469_137928564,Initiator,promoter,YYANWYY,-,3374,3381
h0_chr7_137924469_137928564,Initiator,promoter,YYANWYY,-,3445,3452
h0_chr7_137924469_137928564,Initiator,promoter,YYANWYY,-,3494,3501
h0_chr7_137924469_137928564,Initiator,promoter,YYANWYY,-,3502,3509
h0_chr7_137924469_137928564,Initiator,promoter,YYANWYY,-,3600,3607
h0_chr7_137924469_137928564,Initiator,promoter,YYANWYY,-,3706,3713
h0_chr7_137924469_137928564,Initiator,promoter,YYANWYY,-,3748,3755
h0_chr7_137924469_137928564,Initiator,promoter,YYANWYY,-,3941,3948
h0_chr7_137924469_137928564,Initiator,promoter,YYANWYY,-,3989,3996
h0_chr7_137924469_137928564,BREu,promoter,SSRCGCC,-,3776,3783
h0_chr7_137924469_137928564,NFkB,tfbs,GGGRNNYYCC,+,784,794
h0_chr7_137924469_137928564,GATA,tfbs,WGATAR,+,520,526
h0_chr7_137924469_137928564,GATA,tfbs,WGATAR,+,576,582
h0_chr7_137924469_137928564,GATA,tfbs,WGATAR,+,584,590
h0_chr7_137924469_137928564,GATA,tfbs,WGATAR,+,984,990
h0_chr7_137924469_137928564,GATA,tfbs,WGATAR,+,1377,1383
h0_chr7_137924469_137928564,GATA,tfbs,WGATAR,+,1876,1882
h0_chr7_137924469_137928564,GATA,tfbs,WGATAR,+,2164,2170
h0_chr7_137924469_137928564,GATA,tfbs,WGATAR,+,3387,3393
h0_chr7_137924469_137928564,GATA,tfbs,WGATAR,-,929,935
h0_chr7_137924469_137928564,GATA,tfbs,WGATAR,-,969,975
h0_chr7_137924469_137928564,GATA,tfbs,WGATAR,-,1079,1085
h0_chr7_137924469_137928564,RUNX,tfbs,TGTGGT,+,37,43
h0_chr7_137924469_137928564,RUNX,tfbs,TGTGGT,+,342,348
h0_chr7_137924469_137928564,RUNX,tfbs,TGTGGT,-,3155,3161
h0_chr7_137924469_137928564,YY1,tfbs,CCATNTT,-,3330,3337
h0_chr7_4391321_4395416,TATA_box,promoter,TATAWAWR,+,3546,3554
h0_chr7_4391321_4395416,Initiator,promoter,YYANWYY,+,253,260
h0_chr7_4391321_4395416,Initiator,promoter,YYANWYY,+,849,856
h0_chr7_4391321_4395416,Initiator,promoter,YYANWYY,+,987,994
h0_chr7_4391321_4395416,Initiator,promoter,YYANWYY,+,1088,1095
h0_chr7_4391321_4395416,Initiator,promoter,YYANWYY,+,1102,1109
h0_chr7_4391321_4395416,Initiator,promoter,YYANWYY,+,1131,1138
h0_chr7_4391321_4395416,Initiator,promoter,YYANWYY,+,1156,1163
h0_chr7_4391321_4395416,Initiator,promoter,YYANWYY,+,1383,1390
h0_chr7_4391321_4395416,Initiator,promoter,YYANWYY,+,1594,1601
h0_chr7_4391321_4395416,Initiator,promoter,YYANWYY,+,1701,1708
h0_chr7_4391321_4395416,Initiator,promoter,YYANWYY,+,2056,2063
h0_chr7_4391321_4395416,Initiator,promoter,YYANWYY,+,2138,2145
h0_chr7_4391321_4395416,Initiator,promoter,YYANWYY,+,2277,2284
h0_chr7_4391321_4395416,Initiator,promoter,YYANWYY,+,2282,2289
h0_chr7_4391321_4395416,Initiator,promoter,YYANWYY,+,2316,2323
h0_chr7_4391321_4395416,Initiator,promoter,YYANWYY,+,2321,2328
h0_chr7_4391321_4395416,Initiator,promoter,YYANWYY,+,2326,2333
h0_chr7_4391321_4395416,Initiator,promoter,YYANWYY,+,2758,2765
h0_chr7_4391321_4395416,Initiator,promoter,YYANWYY,+,2907,2914
h0_chr7_4391321_4395416,Initiator,promoter,YYANWYY,+,2964,2971
h0_chr7_4391321_4395416,Initiator,promoter,YYANWYY,+,2977,2984
h0_chr7_4391321_4395416,Initiator,promoter,YYANWYY,+,3011,3018
h0_chr7_4391321_4395416,Initiator,promoter,YYANWYY,+,3069,3076
h0_chr7_4391321_4395416,Initiator,promoter,YYANWYY,+,3085,3092
h0_chr7_4391321_4395416,Initiator,promoter,YYANWYY,+,3122,3129
h0_chr7_4391321_4395416,Initiator,promoter,YYANWYY,+,3139,3146
h0_chr7_4391321_4395416,Initiator,promoter,YYANWYY,+,3152,3159
h0_chr7_4391321_4395416,Initiator,promoter,YYANWYY,+,3165,3172
h0_chr7_4391321_4395416,Initiator,promoter,YYANWYY,+,3178,3185
h0_chr7_4391321_4395416,Initiator,promoter,YYANWYY,+,3451,3458
h0_chr7_4391321_4395416,Initiator,promoter,YYANWYY,+,3480,3487
h0_chr7_4391321_4395416,Initiator,promoter,YYANWYY,+,3525,3532
h0_chr7_4391321_4395416,Initiator,promoter,YYANWYY,+,3574,3581
h0_chr7_4391321_4395416,Initiator,promoter,YYANWYY,+,3650,3657
h0_chr7_4391321_4395416,Initiator,promoter,YYANWYY,+,3712,3719
h0_chr7_4391321_4395416,Initiator,promoter,YYANWYY,+,3887,3894
h0_chr7_4391321_4395416,Initiator,promoter,YYANWYY,+,3931,3938
h0_chr7_4391321_4395416,Initiator,promoter,YYANWYY,+,3966,3973
h0_chr7_4391321_4395416,Initiator,promoter,YYANWYY,-,114,121
h0_chr7_4391321_4395416,Initiator,promoter,YYANWYY,-,158,165
h0_chr7_4391321_4395416,Initiator,promoter,YYANWYY,-,242,249
h0_chr7_4391321_4395416,Initiator,promoter,YYANWYY,-,255,262
h0_chr7_4391321_4395416,Initiator,promoter,YYANWYY,-,344,351
h0_chr7_4391321_4395416,Initiator,promoter,YYANWYY,-,361,368
h0_chr7_4391321_4395416,Initiator,promoter,YYANWYY,-,404,411
h0_chr7_4391321_4395416,Initiator,promoter,YYANWYY,-,531,538
h0_chr7_4391321_4395416,Initiator,promoter,YYANWYY,-,540,547
h0_chr7_4391321_4395416,Initiator,promoter,YYANWYY,-,550,557
h0_chr7_4391321_4395416,Initiator,promoter,YYANWYY,-,619,626
h0_chr7_4391321_4395416,Initiator,promoter,YYANWYY,-,752,759
h0_chr7_4391321_4395416,Initiator,promoter,YYANWYY,-,898,905
h0_chr7_4391321_4395416,Initiator,promoter,YYANWYY,-,966,973
h0_chr7_4391321_4395416,Initiator,promoter,YYANWYY,-,972,979
h0_chr7_4391321_4395416,Initiator,promoter,YYANWYY,-,1147,1154
h0_chr7_4391321_4395416,Initiator,promoter,YYANWYY,-,1217,1224
h0_chr7_4391321_4395416,Initiator,promoter,YYANWYY,-,1374,1381
h0_chr7_4391321_4395416,Initiator,promoter,YYANWYY,-,1391,1398
h0_chr7_4391321_4395416,Initiator,promoter,YYANWYY,-,1403,1410
h0_chr7_4391321_4395416,Initiator,promoter,YYANWYY,-,1416,1423
h0_chr7_4391321_4395416,Initiator,promoter,YYANWYY,-,1574,1581
h0_chr7_4391321_4395416,Initiator,promoter,YYANWYY,-,1623,1630
h0_chr7_4391321_4395416,Initiator,promoter,YYANWYY,-,1719,1726
h0_chr7_4391321_4395416,Initiator,promoter,YYANWYY,-,1724,1731
h0_chr7_4391321_4395416,Initiator,promoter,YYANWYY,-,1760,1767
h0_chr7_4391321_4395416,Initiator,promoter,YYANWYY,-,1890,1897
h0_chr7_4391321_4395416,Initiator,promoter,YYANWYY,-,1941,1948
h0_chr7_4391321_4395416,Initiator,promoter,YYANWYY,-,1958,1965
h0_chr7_4391321_4395416,Initiator,promoter,YYANWYY,-,1980,1987
h0_chr7_4391321_4395416,Initiator,promoter,YYANWYY,-,2058,2065
h0_chr7_4391321_4395416,Initiator,promoter,YYANWYY,-,2121,2128
h0_chr7_4391321_4395416,Initiator,promoter,YYANWYY,-,2164,2171
h0_chr7_4391321_4395416,Initiator,promoter,YYANWYY,-,2169,2176
h0_chr7_4391321_4395416,Initiator,promoter,YYANWYY,-,2218,2225
h0_chr7_4391321_4395416,Initiator,promoter,YYANWYY,-,2223,2230
h0_chr7_4391321_4395416,Initiator,promoter,YYANWYY,-,2374,2381
h0_chr7_4391321_4395416,Initiator,promoter,YYANWYY,-,2517,2524
h0_chr7_4391321_4395416,Initiator,promoter,YYANWYY,-,2588,2595
h0_chr7_4391321_4395416,Initiator,promoter,YYANWYY,-,2651,2658
h0_chr7_4391321_4395416,Initiator,promoter,YYANWYY,-,2708,2715
h0_chr7_4391321_4395416,Initiator,promoter,YYANWYY,-,2727,2734
h0_chr7_4391321_4395416,Initiator,promoter,YYANWYY,-,2782,2789
h0_chr7_4391321_4395416,Initiator,promoter,YYANWYY,-,2835,2842
h0_chr7_4391321_4395416,Initiator,promoter,YYANWYY,-,3638,3645
h0_chr7_4391321_4395416,Initiator,promoter,YYANWYY,-,3669,3676
h0_chr7_4391321_4395416,Initiator,promoter,YYANWYY,-,3772,3779
h0_chr7_4391321_4395416,Initiator,promoter,YYANWYY,-,3795,3802
h0_chr7_4391321_4395416,Initiator,promoter,YYANWYY,-,3940,3947
h0_chr7_4391321_4395416,Initiator,promoter,YYANWYY,-,3945,3952
h0_chr7_4391321_4395416,Initiator,promoter,YYANWYY,-,4009,4016
h0_chr7_4391321_4395416,Initiator,promoter,YYANWYY,-,4076,4083
h0_chr7_4391321_4395416,BREu,promoter,SSRCGCC,-,2535,2542
h0_chr7_4391321_4395416,GATA,tfbs,WGATAR,+,195,201
h0_chr7_4391321_4395416,GATA,tfbs,WGATAR,+,1637,1643
h0_chr7_4391321_4395416,GATA,tfbs,WGATAR,+,2306,2312
h0_chr7_4391321_4395416,GATA,tfbs,WGATAR,+,3768,3774
h0_chr7_4391321_4395416,GATA,tfbs,WGATAR,+,3790,3796
h0_chr7_4391321_4395416,GATA,tfbs,WGATAR,-,132,138
h0_chr7_4391321_4395416,GATA,tfbs,WGATAR,-,250,256
h0_chr7_4391321_4395416,GATA,tfbs,WGATAR,-,1919,1925
h0_chr7_4391321_4395416,GATA,tfbs,WGATAR,-,2881,2887
h0_chr7_4391321_4395416,GATA,tfbs,WGATAR,-,2891,2897
h0_chr7_4391321_4395416,GATA,tfbs,WGATAR,-,2895,2901
h0_chr7_4391321_4395416,GATA,tfbs,WGATAR,-,2903,2909
h0_chr7_4391321_4395416,GATA,tfbs,WGATAR,-,2947,2953
h0_chr7_4391321_4395416,GATA,tfbs,WGATAR,-,2960,2966
h0_chr7_4391321_4395416,GATA,tfbs,WGATAR,-,2973,2979
h0_chr7_4391321_4395416,GATA,tfbs,WGATAR,-,2986,2992
h0_chr7_4391321_4395416,GATA,tfbs,WGATAR,-,2997,3003
h0_chr7_4391321_4395416,GATA,tfbs,WGATAR,-,3017,3023
h0_chr7_4391321_4395416,GATA,tfbs,WGATAR,-,3021,3027
h0_chr7_4391321_4395416,GATA,tfbs,WGATAR,-,3043,3049
h0_chr7_4391321_4395416,GATA,tfbs,WGATAR,-,3047,3053
h0_chr7_4391321_4395416,GATA,tfbs,WGATAR,-,3056,3062
h0_chr7_4391321_4395416,GATA,tfbs,WGATAR,-,3065,3071
h0_chr7_4391321_4395416,GATA,tfbs,WGATAR,-,3091,3097
h0_chr7_4391321_4395416,GATA,tfbs,WGATAR,-,3098,3104
h0_chr7_4391321_4395416,GATA,tfbs,WGATAR,-,3118,3124
h0_chr7_4391321_4395416,GATA,tfbs,WGATAR,-,3148,3154
h0_chr7_4391321_4395416,GATA,tfbs,WGATAR,-,3161,3167
h0_chr7_4391321_4395416,GATA,tfbs,WGATAR,-,3187,3193
h0_chr7_4391321_4395416,GATA,tfbs,WGATAR,-,3198,3204
h0_chr7_4391321_4395416,GATA,tfbs,WGATAR,-,3205,3211
h0_chr7_4391321_4395416,GATA,tfbs,WGATAR,-,3209,3215
h0_chr7_4391321_4395416,GATA,tfbs,WGATAR,-,3216,3222
h0_chr7_4391321_4395416,GATA,tfbs,WGATAR,-,3222,3228
h0_chr7_4391321_4395416,GATA,tfbs,WGATAR,-,3248,3254
h0_chr7_4391321_4395416,GATA,tfbs,WGATAR,-,3271,3277
h0_chr7_4391321_4395416,GATA,tfbs,WGATAR,-,3298,3304
h0_chr7_4391321_4395416,GATA,tfbs,WGATAR,-,3324,3330
h0_chr7_4391321_4395416,GATA,tfbs,WGATAR,-,3331,3337
h0_chr7_4391321_4395416,GATA,tfbs,WGATAR,-,3368,3374
h0_chr7_4391321_4395416,GATA,tfbs,WGATAR,-,3375,3381
h0_chr7_4391321_4395416,GATA,tfbs,WGATAR,-,3390,3396
h0_chr7_4391321_4395416,GATA,tfbs,WGATAR,-,3425,3431
h0_chr7_4391321_4395416,GATA,tfbs,WGATAR,-,3436,3442
h0_chr7_4391321_4395416,GATA,tfbs,WGATAR,-,3607,3613
h0_chr7_4391321_4395416,GATA,tfbs,WGATAR,-,3884,3890
h0_chr7_4391321_4395416,RUNX,tfbs,TGTGGT,+,244,250
h0_chr7_4391321_4395416,RUNX,tfbs,TGTGGT,+,552,558
h0_chr7_4391321_4395416,RUNX,tfbs,TGTGGT,-,261,267
h0_chr7_4391321_4395416,RUNX,tfbs,TGTGGT,-,2757,2763
h0_chr7_4391321_4395416,YY1,tfbs,CCATNTT,-,502,509
h0_chrX_127567034_127571129,TATA_box,promoter,TATAWAWR,+,804,812
h0_chrX_127567034_127571129,TATA_box,promoter,TATAWAWR,+,806,814
h0_chrX_127567034_127571129,TATA_box,promoter,TATAWAWR,+,808,816
h0_chrX_127567034_127571129,TATA_box,promoter,TATAWAWR,+,810,818
h0_chrX_127567034_127571129,TATA_box,promoter,TATAWAWR,+,812,820
h0_chrX_127567034_127571129,TATA_box,promoter,TATAWAWR,+,814,822
h0_chrX_127567034_127571129,TATA_box,promoter,TATAWAWR,+,816,824
h0_chrX_127567034_127571129,TATA_box,promoter,TATAWAWR,+,818,826
h0_chrX_127567034_127571129,TATA_box,promoter,TATAWAWR,+,820,828
h0_chrX_127567034_127571129,TATA_box,promoter,TATAWAWR,+,822,830
h0_chrX_127567034_127571129,TATA_box,promoter,TATAWAWR,+,824,832
h0_chrX_127567034_127571129,TATA_box,promoter,TATAWAWR,+,826,834
h0_chrX_127567034_127571129,TATA_box,promoter,TATAWAWR,+,828,836
h0_chrX_127567034_127571129,TATA_box,promoter,TATAWAWR,+,830,838
h0_chrX_127567034_127571129,TATA_box,promoter,TATAWAWR,+,832,840
h0_chrX_127567034_127571129,TATA_box,promoter,TATAWAWR,+,904,912
h0_chrX_127567034_127571129,TATA_box,promoter,TATAWAWR,+,932,940
h0_chrX_127567034_127571129,TATA_box,promoter,TATAWAWR,+,942,950
h0_chrX_127567034_127571129,TATA_box,promoter,TATAWAWR,+,1620,1628
h0_chrX_127567034_127571129,TATA_box,promoter,TATAWAWR,-,804,812
h0_chrX_127567034_127571129,TATA_box,promoter,TATAWAWR,-,806,814
h0_chrX_127567034_127571129,TATA_box,promoter,TATAWAWR,-,808,816
h0_chrX_127567034_127571129,TATA_box,promoter,TATAWAWR,-,810,818
h0_chrX_127567034_127571129,TATA_box,promoter,TATAWAWR,-,812,820
h0_chrX_127567034_127571129,TATA_box,promoter,TATAWAWR,-,814,822
h0_chrX_127567034_127571129,TATA_box,promoter,TATAWAWR,-,816,824
h0_chrX_127567034_127571129,TATA_box,promoter,TATAWAWR,-,818,826
h0_chrX_127567034_127571129,TATA_box,promoter,TATAWAWR,-,820,828
h0_chrX_127567034_127571129,TATA_box,promoter,TATAWAWR,-,822,830
h0_chrX_127567034_127571129,TATA_box,promoter,TATAWAWR,-,824,832
h0_chrX_127567034_127571129,TATA_box,promoter,TATAWAWR,-,826,834
h0_chrX_127567034_127571129,TATA_box,promoter,TATAWAWR,-,828,836
h0_chrX_127567034_127571129,TATA_box,promoter,TATAWAWR,-,830,838
h0_chrX_127567034_127571129,TATA_box,promoter,TATAWAWR,-,832,840
h0_chrX_127567034_127571129,TATA_box,promoter,TATAWAWR,-,860,868
h0_chrX_127567034_127571129,TATA_box,promoter,TATAWAWR,-,902,910
h0_chrX_127567034_127571129,TATA_box,promoter,TATAWAWR,-,904,912
h0_chrX_127567034_127571129,TATA_box,promoter,TATAWAWR,-,930,938
h0_chrX_127567034_127571129,TATA_box,promoter,TATAWAWR,-,942,950
h0_chrX_127567034_127571129,Initiator,promoter,YYANWYY,+,100,107
h0_chrX_127567034_127571129,Initiator,promoter,YYANWYY,+,107,114
h0_chrX_127567034_127571129,Initiator,promoter,YYANWYY,+,148,155
h0_chrX_127567034_127571129,Initiator,promoter,YYANWYY,+,153,160
h0_chrX_127567034_127571129,Initiator,promoter,YYANWYY,+,278,285
h0_chrX_127567034_127571129,Initiator,promoter,YYANWYY,+,294,301
h0_chrX_127567034_127571129,Initiator,promoter,YYANWYY,+,376,383
h0_chrX_127567034_127571129,Initiator,promoter,YYANWYY,+,437,444
h0_chrX_127567034_127571129,Initiator,promoter,YYANWYY,+,576,583
h0_chrX_127567034_127571129,Initiator,promoter,YYANWYY,+,683,690
h0_chrX_127567034_127571129,Initiator,promoter,YYANWYY,+,759,766
h0_chrX_127567034_127571129,Initiator,promoter,YYANWYY,+,798,805
h0_chrX_127567034_127571129,Initiator,promoter,YYANWYY,+,975,982
h0_chrX_127567034_127571129,Initiator,promoter,YYANWYY,+,999,1006
h0_chrX_127567034_127571129,Initiator,promoter,YYANWYY,+,1073,1080
h0_chrX_127567034_127571129,Initiator,promoter,YYANWYY,+,1099,1106
h0_chrX_127567034_127571129,Initiator,promoter,YYANWYY,+,1104,1111
h0_chrX_127567034_127571129,Initiator,promoter,YYANWYY,+,1200,1207
h0_chrX_127567034_127571129,Initiator,promoter,YYANWYY,+,1393,1400
h0_chrX_127567034_127571129,Initiator,promoter,YYANWYY,+,1416,1423
h0_chrX_127567034_127571129,Initiator,promoter,YYANWYY,+,1437,1444
h0_chrX_127567034_127571129,Initiator,promoter,YYANWYY,+,1447,1454
h0_chrX_127567034_127571129,Initiator,promoter,YYANWYY,+,1569,1576
h0_chrX_127567034_127571129,Initiator,promoter,YYANWYY,+,1607,1614
h0_chrX_127567034_127571129,Initiator,promoter,YYANWYY,+,1643,1650
h0_chrX_127567034_127571129,Initiator,promoter,YYANWYY,+,1679,1686
h0_chrX_127567034_127571129,Initiator,promoter,YYANWYY,+,1728,1735
h0_chrX_127567034_127571129,Initiator,promoter,YYANWYY,+,1750,1757
h0_chrX_127567034_127571129,Initiator,promoter,YYANWYY,+,1772,1779
h0_chrX_127567034_127571129,Initiator,promoter,YYANWYY,+,1779,1786
h0_chrX_127567034_127571129,Initiator,promoter,YYANWYY,+,1793,1800
h0_chrX_127567034_127571129,Initiator,promoter,YYANWYY,+,1803,1810
h0_chrX_127567034_127571129,Initiator,promoter,YYANWYY,+,1856,1863
h0_chrX_127567034_127571129,Initiator,promoter,YYANWYY,+,1880,1887
h0_chrX_127567034_127571129,Initiator,promoter,YYANWYY,+,1910,1917
h0_chrX_127567034_127571129,Initiator,promoter,YYANWYY,+,1915,1922
h0_chrX_127567034_127571129,Initiator,promoter,YYANWYY,+,1921,1928
h0_chrX_127567034_127571129,Initiator,promoter,YYANWYY,+,1960,1967
h0_chrX_127567034_127571129,Initiator,promoter,YYANWYY,+,2008,2015
h0_chrX_127567034_127571129,Initiator,promoter,YYANWYY,+,2101,2108
h0_chrX_127567034_127571129,Initiator,promoter,YYANWYY,+,2380,2387
h0_chrX_127567034_127571129,Initiator,promoter,YYANWYY,+,2672,2679
h0_chrX_127567034_127571129,Initiator,promoter,YYANWYY,+,2884,2891
h0_chrX_127567034_127571129,Initiator,promoter,YYANWYY,+,3060,3067
h0_chrX_127567034_127571129,Initiator,promoter,YYANWYY,+,3242,3249
h0_chrX_127567034_127571129,Initiator,promoter,YYANWYY,+,3347,3354
h0_chrX_127567034_127571129,Initiator,promoter,YYANWYY,+,3402,3409
h0_chrX_127567034_127571129,Initiator,promoter,YYANWYY,+,3473,3480
h0_chrX_127567034_127571129,Initiator,promoter,YYANWYY,+,3898,3905
h0_chrX_127567034_127571129,Initiator,promoter,YYANWYY,-,71,78
h0_chrX_127567034_127571129,Initiator,promoter,YYANWYY,-,79,86
h0_chrX_127567034_127571129,Initiator,promoter,YYANWYY,-,84,91
h0_chrX_127567034_127571129,Initiator,promoter,YYANWYY,-,140,147
h0_chrX_127567034_127571129,Initiator,promoter,YYANWYY,-,271,278
h0_chrX_127567034_127571129,Initiator,promoter,YYANWYY,-,318,325
h0_chrX_127567034_127571129,Initiator,promoter,YYANWYY,-,346,353
h0_chrX_127567034_127571129,Initiator,promoter,YYANWYY,-,355,362
h0_chrX_127567034_127571129,Initiator,promoter,YYANWYY,-,405,412
h0_chrX_127567034_127571129,Initiator,promoter,YYANWYY,-,414,421
h0_chrX_127567034_127571129,Initiator,promoter,YYANWYY,-,419,426
h0_chrX_127567034_127571129,Initiator,promoter,YYANWYY,-,477,484
h0_chrX_127567034_127571129,Initiator,promoter,YYANWYY,-,496,503
h0_chrX_127567034_127571129,Initiator,promoter,YYANWYY,-,583,590
h0_chrX_127567034_127571129,Initiator,promoter,YYANWYY,-,654,661
h0_chrX_127567034_127571129,Initiator,promoter,YYANWYY,-,670,677
h0_chrX_127567034_127571129,Initiator,promoter,YYANWYY,-,707,714
h0_chrX_127567034_127571129,Initiator,promoter,YYANWYY,-,1055,1062
h0_chrX_127567034_127571129,Initiator,promoter,YYANWYY,-,1066,1073
h0_chrX_127567034_127571129,Initiator,promoter,YYANWYY,-,1169,1176
h0_chrX_127567034_127571129,Initiator,promoter,YYANWYY,-,1208,1215
h0_chrX_127567034_127571129,Initiator,promoter,YYANWYY,-,1272,1279
h0_chrX_127567034_127571129,Initiator,promoter,YYANWYY,-,1281,1288
h0_chrX_127567034_127571129,Initiator,promoter,YYANWYY,-,1296,1303
h0_chrX_127567034_127571129,Initiator,promoter,YYANWYY,-,1301,1308
h0_chrX_127567034_127571129,Initiator,promoter,YYANWYY,-,1350,1357
h0_chrX_127567034_127571129,Initiator,promoter,YYANWYY,-,1366,1373
h0_chrX_127567034_127571129,Initiator,promoter,YYANWYY,-,1375,1382
h0_chrX_127567034_127571129,Initiator,promoter,YYANWYY,-,1485,1492
h0_chrX_127567034_127571129,Initiator,promoter,YYANWYY,-,1795,1802
h0_chrX_127567034_127571129,Initiator,promoter,YYANWYY,-,1800,1807
h0_chrX_127567034_127571129,Initiator,promoter,YYANWYY,-,2089,2096
h0_chrX_127567034_127571129,Initiator,promoter,YYANWYY,-,2120,2127
h0_chrX_127567034_127571129,Initiator,promoter,YYANWYY,-,2146,2153
h0_chrX_127567034_127571129,Initiator,promoter,YYANWYY,-,2151,2158
h0_chrX_127567034_127571129,Initiator,promoter,YYANWYY,-,2156,2163
h0_chrX_127567034_127571129,Initiator,promoter,YYANWYY,-,2210,2217
h0_chrX_127567034_127571129,Initiator,promoter,YYANWYY,-,2263,2270
h0_chrX_127567034_127571129,Initiator,promoter,YYANWYY,-,2321,2328
h0_chrX_127567034_127571129,Initiator,promoter,YYANWYY,-,2338,2345
h0_chrX_127567034_127571129,Initiator,promoter,YYANWYY,-,2431,2438
h0_chrX_127567034_127571129,Initiator,promoter,YYANWYY,-,2437,2444
h0_chrX_127567034_127571129,Initiator,promoter,YYANWYY,-,2444,2451
h0_chrX_127567034_127571129,Initiator,promoter,YYANWYY,-,2452,2459
h0_chrX_127567034_127571129,Initiator,promoter,YYANWYY,-,2461,2468
h0_chrX_127567034_127571129,Initiator,promoter,YYANWYY,-,2472,2479
h0_chrX_127567034_127571129,Initiator,promoter,YYANWYY,-,2543,2550
h0_chrX_127567034_127571129,Initiator,promoter,YYANWYY,-,2548,2555
h0_chrX_127567034_127571129,Initiator,promoter,YYANWYY,-,2562,2569
h0_chrX_127567034_127571129,Initiator,promoter,YYANWYY,-,2568,2575
h0_chrX_127567034_127571129,Initiator,promoter,YYANWYY,-,2636,2643
h0_chrX_127567034_127571129,Initiator,promoter,YYANWYY,-,2763,2770
h0_chrX_127567034_127571129,Initiator,promoter,YYANWYY,-,2834,2841
h0_chrX_127567034_127571129,Initiator,promoter,YYANWYY,-,2856,2863
h0_chrX_127567034_127571129,Initiator,promoter,YYANWYY,-,2874,2881
h0_chrX_127567034_127571129,Initiator,promoter,YYANWYY,-,2881,2888
h0_chrX_127567034_127571129,Initiator,promoter,YYANWYY,-,2898,2905
h0_chrX_127567034_127571129,Initiator,promoter,YYANWYY,-,2929,2936
h0_chrX_127567034_127571129,Initiator,promoter,YYANWYY,-,2939,2946
h0_chrX_127567034_127571129,Initiator,promoter,YYANWYY,-,3053,3060
h0_chrX_127567034_127571129,Initiator,promoter,YYANWYY,-,3081,3088
h0_chrX_127567034_127571129,Initiator,promoter,YYANWYY,-,3168,3175
h0_chrX_127567034_127571129,Initiator,promoter,YYANWYY,-,3191,3198
h0_chrX_127567034_127571129,Initiator,promoter,YYANWYY,-,3404,3411
h0_chrX_127567034_127571129,Initiator,promoter,YYANWYY,-,3431,3438
h0_chrX_127567034_127571129,Initiator,promoter,YYANWYY,-,3531,3538
h0_chrX_127567034_127571129,Initiator,promoter,YYANWYY,-,3591,3598
h0_chrX_127567034_127571129,Initiator,promoter,YYANWYY,-,3606,3613
h0_chrX_127567034_127571129,Initiator,promoter,YYANWYY,-,3620,3627
h0_chrX_127567034_127571129,Initiator,promoter,YYANWYY,-,3625,3632
h0_chrX_127567034_127571129,Initiator,promoter,YYANWYY,-,3778,3785
h0_chrX_127567034_127571129,Initiator,promoter,YYANWYY,-,3900,3907
h0_chrX_127567034_127571129,Initiator,promoter,YYANWYY,-,3913,3920
h0_chrX_127567034_127571129,Initiator,promoter,YYANWYY,-,3987,3994
h0_chrX_127567034_127571129,Initiator,promoter,YYANWYY,-,4037,4044
h0_chrX_127567034_127571129,Initiator,promoter,YYANWYY,-,4045,4052
h0_chrX_127567034_127571129,BREu,promoter,SSRCGCC,-,3654,3661
h0_chrX_127567034_127571129,BREu,promoter,SSRCGCC,-,3788,3795
h0_chrX_127567034_127571129,E_box,tfbs,CACGTG,+,1862,1868
h0_chrX_127567034_127571129,GC_box,promoter,GGGCGG,+,3702,3708
h0_chrX_127567034_127571129,AP1,tfbs,TGASTCA,+,1817,1824
h0_chrX_127567034_127571129,NFkB,tfbs,GGGRNNYYCC,+,2359,2369
h0_chrX_127567034_127571129,NFkB,tfbs,GGGRNNYYCC,+,2360,2370
h0_chrX_127567034_127571129,NFkB,tfbs,GGGRNNYYCC,-,2360,2370
h0_chrX_127567034_127571129,GATA,tfbs,WGATAR,+,46,52
h0_chrX_127567034_127571129,GATA,tfbs,WGATAR,+,409,415
h0_chrX_127567034_127571129,GATA,tfbs,WGATAR,+,449,455
h0_chrX_127567034_127571129,GATA,tfbs,WGATAR,+,465,471
h0_chrX_127567034_127571129,GATA,tfbs,WGATAR,+,3003,3009
h0_chrX_127567034_127571129,GATA,tfbs,WGATAR,-,94,100
h0_chrX_127567034_127571129,GATA,tfbs,WGATAR,-,228,234
h0_chrX_127567034_127571129,GATA,tfbs,WGATAR,-,1135,1141
h0_chrX_127567034_127571129,GATA,tfbs,WGATAR,-,1550,1556
h0_chrX_127567034_127571129,GATA,tfbs,WGATAR,-,1688,1694
h0_chrX_127567034_127571129,GATA,tfbs,WGATAR,-,1971,1977
h0_chrX_127567034_127571129,GATA,tfbs,WGATAR,-,1979,1985
h0_chrX_127567034_127571129,GATA,tfbs,WGATAR,-,3451,3457
h0_chrX_127567034_127571129,RUNX,tfbs,TGTGGT,-,1959,1965
h0_chrX_127567034_127571129,YY1,tfbs,CCATNTT,+,278,285
h0_chrX_127567034_127571129,YY1,tfbs,CCATNTT,-,414,421
h0_chrX_127567034_127571129,YY1,tfbs,CCATNTT,-,2042,2049
h0_chrX_127567034_127571129,YY1,tfbs,CCATNTT,-,3744,3751
h0_chrX_130740848_130744943,TATA_box,promoter,TATAWAWR,+,429,437
h0_chrX_130740848_130744943,TATA_box,promoter,TATAWAWR,+,431,439
h0_chrX_130740848_130744943,TATA_box,promoter,TATAWAWR,+,1479,1487
h0_chrX_130740848_130744943,TATA_box,promoter,TATAWAWR,+,1806,1814
h0_chrX_130740848_130744943,TATA_box,promoter,TATAWAWR,+,3588,3596
h0_chrX_130740848_130744943,TATA_box,promoter,TATAWAWR,-,218,226
h0_chrX_130740848_130744943,TATA_box,promoter,TATAWAWR,-,429,437
h0_chrX_130740848_130744943,TATA_box,promoter,TATAWAWR,-,3586,3594
h0_chrX_130740848_130744943,Initiator,promoter,YYANWYY,+,78,85
h0_chrX_130740848_130744943,Initiator,promoter,YYANWYY,+,215,222
h0_chrX_130740848_130744943,Initiator,promoter,YYANWYY,+,285,292
h0_chrX_130740848_130744943,Initiator,promoter,YYANWYY,+,297,304
h0_chrX_130740848_130744943,Initiator,promoter,YYANWYY,+,400,407
h0_chrX_130740848_130744943,Initiator,promoter,YYANWYY,+,566,573
h0_chrX_130740848_130744943,Initiator,promoter,YYANWYY,+,1079,1086
h0_chrX_130740848_130744943,Initiator,promoter,YYANWYY,+,1174,1181
h0_chrX_130740848_130744943,Initiator,promoter,YYANWYY,+,1196,1203
h0_chrX_130740848_130744943,Initiator,promoter,YYANWYY,+,1211,1218
h0_chrX_130740848_130744943,Initiator,promoter,YYANWYY,+,1246,1253
h0_chrX_130740848_130744943,Initiator,promoter,YYANWYY,+,1504,1511
h0_chrX_130740848_130744943,Initiator,promoter,YYANWYY,+,1913,1920
h0_chrX_130740848_130744943,Initiator,promoter,YYANWYY,+,1942,1949
h0_chrX_130740848_130744943,Initiator,promoter,YYANWYY,+,1961,1968
h0_chrX_130740848_130744943,Initiator,promoter,YYANWYY,+,1999,2006
h0_chrX_130740848_130744943,Initiator,promoter,YYANWYY,+,2076,2083
h0_chrX_130740848_130744943,Initiator,promoter,YYANWYY,+,2159,2166
h0_chrX_130740848_130744943,Initiator,promoter,YYANWYY,+,2211,2218
h0_chrX_130740848_130744943,Initiator,promoter,YYANWYY,+,2242,2249
h0_chrX_130740848_130744943,Initiator,promoter,YYANWYY,+,2367,2374
h0_chrX_130740848_130744943,Initiator,promoter,YYANWYY,+,2391,2398
h0_chrX_130740848_130744943,Initiator,promoter,YYANWYY,+,2531,2538
h0_chrX_130740848_130744943,Initiator,promoter,YYANWYY,+,2609,2616
h0_chrX_130740848_130744943,Initiator,promoter,YYANWYY,+,2653,2660
h0_chrX_130740848_130744943,Initiator,promoter,YYANWYY,+,2777,2784
h0_chrX_130740848_130744943,Initiator,promoter,YYANWYY,+,2787,2794
h0_chrX_130740848_130744943,Initiator,promoter,YYANWYY,+,3029,3036
h0_chrX_130740848_130744943,Initiator,promoter,YYANWYY,+,3050,3057
h0_chrX_130740848_130744943,Initiator,promoter,YYANWYY,+,3153,3160
h0_chrX_130740848_130744943,Initiator,promoter,YYANWYY,+,3208,3215
h0_chrX_130740848_130744943,Initiator,promoter,YYANWYY,+,3262,3269
h0_chrX_130740848_130744943,Initiator,promoter,YYANWYY,+,3313,3320
h0_chrX_130740848_130744943,Initiator,promoter,YYANWYY,+,3436,3443
h0_chrX_130740848_130744943,Initiator,promoter,YYANWYY,+,3574,3581
h0_chrX_130740848_130744943,Initiator,promoter,YYANWYY,+,3580,3587
h0_chrX_130740848_130744943,Initiator,promoter,YYANWYY,+,3670,3677
h0_chrX_130740848_130744943,Initiator,promoter,YYANWYY,+,3682,3689
h0_chrX_130740848_130744943,Initiator,promoter,YYANWYY,+,3752,3759
h0_chrX_130740848_130744943,Initiator,promoter,YYANWYY,+,4057,4064
h0_chrX_130740848_130744943,Initiator,promoter,YYANWYY,-,10,17
h0_chrX_130740848_130744943,Initiator,promoter,YYANWYY,-,95,102
h0_chrX_130740848_130744943,Initiator,promoter,YYANWYY,-,183,190
h0_chrX_130740848_130744943,Initiator,promoter,YYANWYY,-,252,259
h0_chrX_130740848_130744943,Initiator,promoter,YYANWYY,-,264,271
h0_chrX_130740848_130744943,Initiator,promoter,YYANWYY,-,341,348
h0_chrX_130740848_130744943,Initiator,promoter,YYANWYY,-,374,381
h0_chrX_130740848_130744943,Initiator,promoter,YYANWYY,-,402,409
h0_chrX_130740848_130744943,Initiator,promoter,YYANWYY,-,502,509
h0_chrX_130740848_130744943,Initiator,promoter,YYANWYY,-,598,605
h0_chrX_130740848_130744943,Initiator,promoter,YYANWYY,-,652,659
h0_chrX_130740848_130744943,Initiator,promoter,YYANWYY,-,671,678
h0_chrX_130740848_130744943,Initiator,promoter,YYANWYY,-,713,720
h0_chrX_130740848_130744943,Initiator,promoter,YYANWYY,-,718,725
h0_chrX_130740848_130744943,Initiator,promoter,YYANWYY,-,758,765
h0_chrX_130740848_130744943,Initiator,promoter,YYANWYY,-,845,852
h0_chrX_130740848_130744943,Initiator,promoter,YYANWYY,-,863,870
h0_chrX_130740848_130744943,Initiator,promoter,YYANWYY,-,981,988
h0_chrX_130740848_130744943,Initiator,promoter,YYANWYY,-,989,996
h0_chrX_130740848_130744943,Initiator,promoter,YYANWYY,-,1108,1115
h0_chrX_130740848_130744943,Initiator,promoter,YYANWYY,-,1152,1159
h0_chrX_130740848_130744943,Initiator,promoter,YYANWYY,-,1297,1304
h0_chrX_130740848_130744943,Initiator,promoter,YYANWYY,-,1336,1343
h0_chrX_130740848_130744943,Initiator,promoter,YYANWYY,-,1360,1367
h0_chrX_130740848_130744943,Initiator,promoter,YYANWYY,-,1377,1384
h0_chrX_130740848_130744943,Initiator,promoter,YYANWYY,-,1441,1448
h0_chrX_130740848_130744943,Initiator,promoter,YYANWYY,-,1496,1503
h0_chrX_130740848_130744943,Initiator,promoter,YYANWYY,-,1559,1566
h0_chrX_130740848_130744943,Initiator,promoter,YYANWYY,-,1574,1581
h0_chrX_130740848_130744943,Initiator,promoter,YYANWYY,-,1585,1592
h0_chrX_130740848_130744943,Initiator,promoter,YYANWYY,-,1743,1750
h0_chrX_130740848_130744943,Initiator,promoter,YYANWYY,-,1763,1770
h0_chrX_130740848_130744943,Initiator,promoter,YYANWYY,-,1842,1849
h0_chrX_130740848_130744943,Initiator,promoter,YYANWYY,-,1849,1856
h0_chrX_130740848_130744943,Initiator,promoter,YYANWYY,-,1996,2003
h0_chrX_130740848_130744943,Initiator,promoter,YYANWYY,-,2035,2042
h0_chrX_130740848_130744943,Initiator,promoter,YYANWYY,-,2120,2127
h0_chrX_130740848_130744943,Initiator,promoter,YYANWYY,-,2125,2132
h0_chrX_130740848_130744943,Initiator,promoter,YYANWYY,-,2257,2264
h0_chrX_130740848_130744943,Initiator,promoter,YYANWYY,-,2266,2273
h0_chrX_130740848_130744943,Initiator,promoter,YYANWYY,-,2301,2308
h0_chrX_130740848_130744943,Initiator,promoter,YYANWYY,-,2332,2339
h0_chrX_130740848_130744943,Initiator,promoter,YYANWYY,-,2337,2344
h0_chrX_130740848_130744943,Initiator,promoter,YYANWYY,-,2348,2355
h0_chrX_130740848_130744943,Initiator,promoter,YYANWYY,-,2388,2395
h0_chrX_130740848_130744943,Initiator,promoter,YYANWYY,-,2439,2446
h0_chrX_130740848_130744943,Initiator,promoter,YYANWYY,-,2497,2504
h0_chrX_130740848_130744943,Initiator,promoter,YYANWYY,-,2581,2588
h0_chrX_130740848_130744943,Initiator,promoter,YYANWYY,-,2909,2916
h0_chrX_130740848_130744943,Initiator,promoter,YYANWYY,-,2949,2956
h0_chrX_130740848_130744943,Initiator,promoter,YYANWYY,-,3026,3033
h0_chrX_130740848_130744943,Initiator,promoter,YYANWYY,-,3037,3044
h0_chrX_130740848_130744943,Initiator,promoter,YYANWYY,-,3091,3098
h0_chrX_130740848_130744943,Initiator,promoter,YYANWYY,-,3118,3125
h0_chrX_130740848_130744943,Initiator,promoter,YYANWYY,-,3255,3262
h0_chrX_130740848_130744943,Initiator,promoter,YYANWYY,-,3315,3322
h0_chrX_130740848_130744943,Initiator,promoter,YYANWYY,-,3384,3391
h0_chrX_130740848_130744943,Initiator,promoter,YYANWYY,-,3414,3421
h0_chrX_130740848_130744943,Initiator,promoter,YYANWYY,-,3600,3607
h0_chrX_130740848_130744943,Initiator,promoter,YYANWYY,-,3649,3656
h0_chrX_130740848_130744943,Initiator,promoter,YYANWYY,-,3705,3712
h0_chrX_130740848_130744943,Initiator,promoter,YYANWYY,-,3737,3744
h0_chrX_130740848_130744943,Initiator,promoter,YYANWYY,-,3781,3788
h0_chrX_130740848_130744943,Initiator,promoter,YYANWYY,-,3790,3797
h0_chrX_130740848_130744943,Initiator,promoter,YYANWYY,-,3857,3864
h0_chrX_130740848_130744943,Initiator,promoter,YYANWYY,-,3915,3922
h0_chrX_130740848_130744943,Initiator,promoter,YYANWYY,-,3944,3951
h0_chrX_130740848_130744943,Initiator,promoter,YYANWYY,-,3972,3979
h0_chrX_130740848_130744943,GATA,tfbs,WGATAR,+,121,127
h0_chrX_130740848_130744943,GATA,tfbs,WGATAR,+,1387,1393
h0_chrX_130740848_130744943,GATA,tfbs,WGATAR,+,1511,1517
h0_chrX_130740848_130744943,GATA,tfbs,WGATAR,+,1703,1709
h0_chrX_130740848_130744943,GATA,tfbs,WGATAR,+,3137,3143
h0_chrX_130740848_130744943,GATA,tfbs,WGATAR,+,3491,3497
h0_chrX_130740848_130744943,GATA,tfbs,WGATAR,+,3611,3617
h0_chrX_130740848_130744943,GATA,tfbs,WGATAR,+,3727,3733
h0_chrX_130740848_130744943,GATA,tfbs,WGATAR,-,45,51
h0_chrX_130740848_130744943,GATA,tfbs,WGATAR,-,533,539
h0_chrX_130740848_130744943,GATA,tfbs,WGATAR,-,3441,3447
h0_chrX_130740848_130744943,RUNX,tfbs,TGTGGT,-,2080,2086
h0_chrX_130740848_130744943,RUNX,tfbs,TGTGGT,-,2776,2782
h0_chrX_130740848_130744943,YY1,tfbs,CCATNTT,+,1196,1203
h0_chrX_130740848_130744943,YY1,tfbs,CCATNTT,+,2830,2837
h0_chrX_130740848_130744943,YY1,tfbs,CCATNTT,-,95,102
h0_chrX_130740848_130744943,YY1,tfbs,CCATNTT,-,1486,1493
h0_chrX_130740848_130744943,YY1,tfbs,CCATNTT,-,1763,1770
h0_chrX_83970161_83974256,TATA_box,promoter,TATAWAWR,+,696,704
h0_chrX_83970161_83974256,TATA_box,promoter,TATAWAWR,+,698,706
h0_chrX_83970161_83974256,TATA_box,promoter,TATAWAWR,+,765,773
h0_chrX_83970161_83974256,TATA_box,promoter,TATAWAWR,+,1389,1397
h0_chrX_83970161_83974256,TATA_box,promoter,TATAWAWR,+,3040,3048
h0_chrX_83970161_83974256,TATA_box,promoter,TATAWAWR,+,3439,3447
h0_chrX_83970161_83974256,TATA_box,promoter,TATAWAWR,-,696,704
h0_chrX_83970161_83974256,TATA_box,promoter,TATAWAWR,-,3185,3193
h0_chrX_83970161_83974256,Initiator,promoter,YYANWYY,+,28,35
h0_chrX_83970161_83974256,Initiator,promoter,YYANWYY,+,50,57
h0_chrX_83970161_83974256,Initiator,promoter,YYANWYY,+,205,212
h0_chrX_83970161_83974256,Initiator,promoter,YYANWYY,+,400,407
h0_chrX_83970161_83974256,Initiator,promoter,YYANWYY,+,486,493
h0_chrX_83970161_83974256,Initiator,promoter,YYANWYY,+,717,724
h0_chrX_83970161_83974256,Initiator,promoter,YYANWYY,+,741,748
h0_chrX_83970161_83974256,Initiator,promoter,YYANWYY,+,1241,1248
h0_chrX_83970161_83974256,Initiator,promoter,YYANWYY,+,1256,1263
h0_chrX_83970161_83974256,Initiator,promoter,YYANWYY,+,1294,1301
h0_chrX_83970161_83974256,Initiator,promoter,YYANWYY,+,1369,1376
h0_chrX_83970161_83974256,Initiator,promoter,YYANWYY,+,1419,1426
h0_chrX_83970161_83974256,Initiator,promoter,YYANWYY,+,1520,1527
h0_chrX_83970161_83974256,Initiator,promoter,YYANWYY,+,1689,1696
h0_chrX_83970161_83974256,Initiator,promoter,YYANWYY,+,1760,1767
h0_chrX_83970161_83974256,Initiator,promoter,YYANWYY,+,1851,1858
h0_chrX_83970161_83974256,Initiator,promoter,YYANWYY,+,1899,1906
h0_chrX_83970161_83974256,Initiator,promoter,YYANWYY,+,2020,2027
h0_chrX_83970161_83974256,Initiator,promoter,YYANWYY,+,2256,2263
h0_chrX_83970161_83974256,Initiator,promoter,YYANWYY,+,2295,2302
h0_chrX_83970161_83974256,Initiator,promoter,YYANWYY,+,2384,2391
h0_chrX_83970161_83974256,Initiator,promoter,YYANWYY,+,2391,2398
h0_chrX_83970161_83974256,Initiator,promoter,YYANWYY,+,2396,2403
h0_chrX_83970161_83974256,Initiator,promoter,YYANWYY,+,2624,2631
h0_chrX_83970161_83974256,Initiator,promoter,YYANWYY,+,2679,2686
h0_chrX_83970161_83974256,Initiator,promoter,YYANWYY,+,2964,2971
h0_chrX_83970161_83974256,Initiator,promoter,YYANWYY,+,3188,3195
h0_chrX_83970161_83974256,Initiator,promoter,YYANWYY,+,3212,3219
h0_chrX_83970161_83974256,Initiator,promoter,YYANWYY,+,3398,3405
h0_chrX_83970161_83974256,Initiator,promoter,YYANWYY,+,3909,3916
h0_chrX_83970161_83974256,Initiator,promoter,YYANWYY,+,3933,3940
h0_chrX_83970161_83974256,Initiator,promoter,YYANWYY,-,279,286
h0_chrX_83970161_83974256,Initiator,promoter,YYANWYY,-,408,415
h0_chrX_83970161_83974256,Initiator,promoter,YYANWYY,-,426,433
h0_chrX_83970161_83974256,Initiator,promoter,YYANWYY,-,447,454
h0_chrX_83970161_83974256,Initiator,promoter,YYANWYY,-,452,459
h0_chrX_83970161_83974256,Initiator,promoter,YYANWYY,-,519,526
h0_chrX_83970161_83974256,Initiator,promoter,YYANWYY,-,601,608
h0_chrX_83970161_83974256,Initiator,promoter,YYANWYY,-,631,638
h0_chrX_83970161_83974256,Initiator,promoter,YYANWYY,-,772,779
h0_chrX_83970161_83974256,Initiator,promoter,YYANWYY,-,819,826
h0_chrX_83970161_83974256,Initiator,promoter,YYANWYY,-,834,841
h0_chrX_83970161_83974256,Initiator,promoter,YYANWYY,-,913,920
h0_chrX_83970161_83974256,Initiator,promoter,YYANWYY,-,921,928
h0_chrX_83970161_83974256,Initiator,promoter,YYANWYY,-,980,987
h0_chrX_83970161_83974256,Initiator,promoter,YYANWYY,-,1015,1022
h0_chrX_83970161_83974256,Initiator,promoter,YYANWYY,-,1037,1044
h0_chrX_83970161_83974256,Initiator,promoter,YYANWYY,-,1055,1062
h0_chrX_83970161_83974256,Initiator,promoter,YYANWYY,-,1091,1098
h0_chrX_83970161_83974256,Initiator,promoter,YYANWYY,-,1143,1150
h0_chrX_83970161_83974256,Initiator,promoter,YYANWYY,-,1266,1273
h0_chrX_83970161_83974256,Initiator,promoter,YYANWYY,-,1387,1394
h0_chrX_83970161_83974256,Initiator,promoter,YYANWYY,-,1531,1538
h0_chrX_83970161_83974256,Initiator,promoter,YYANWYY,-,1572,1579
h0_chrX_83970161_83974256,Initiator,promoter,YYANWYY,-,1588,1595
h0_chrX_83970161_83974256,Initiator,promoter,YYANWYY,-,1622,1629
h0_chrX_83970161_83974256,Initiator,promoter,YYANWYY,-,1649,1656
h0_chrX_83970161_83974256,Initiator,promoter,YYANWYY,-,1810,1817
h0_chrX_83970161_83974256,Initiator,promoter,YYANWYY,-,1817,1824
h0_chrX_83970161_83974256,Initiator,promoter,YYANWYY,-,1962,1969
h0_chrX_83970161_83974256,Initiator,promoter,YYANWYY,-,2060,2067
h0_chrX_83970161_83974256,Initiator,promoter,YYANWYY,-,2207,2214
h0_chrX_83970161_83974256,Initiator,promoter,YYANWYY,-,2225,2232
h0_chrX_83970161_83974256,Initiator,promoter,YYANWYY,-,2282,2289
h0_chrX_83970161_83974256,Initiator,promoter,YYANWYY,-,2419,2426
h0_chrX_83970161_83974256,Initiator,promoter,YYANWYY,-,2467,2474
h0_chrX_83970161_83974256,Initiator,promoter,YYANWYY,-,2482,2489
h0_chrX_83970161_83974256,Initiator,promoter,YYANWYY,-,2580,2587
h0_chrX_83970161_83974256,Initiator,promoter,YYANWYY,-,2602,2609
h0_chrX_83970161_83974256,Initiator,promoter,YYANWYY,-,2608,2615
h0_chrX_83970161_83974256,Initiator,promoter,YYANWYY,-,2654,2661
h0_chrX_83970161_83974256,Initiator,promoter,YYANWYY,-,2682,2689
h0_chrX_83970161_83974256,Initiator,promoter,YYANWYY,-,2706,2713
h0_chrX_83970161_83974256,Initiator,promoter,YYANWYY,-,2788,2795
h0_chrX_83970161_83974256,Initiator,promoter,YYANWYY,-,2802,2809
h0_chrX_83970161_83974256,Initiator,promoter,YYANWYY,-,2811,2818
h0_chrX_83970161_83974256,Initiator,promoter,YYANWYY,-,2858,2865
h0_chrX_83970161_83974256,Initiator,promoter,YYANWYY,-,2918,2925
h0_chrX_83970161_83974256,Initiator,promoter,YYANWYY,-,2977,2984
h0_chrX_83970161_83974256,Initiator,promoter,YYANWYY,-,3119,3126
h0_chrX_83970161_83974256,Initiator,promoter,YYANWYY,-,3204,3211
h0_chrX_83970161_83974256,Initiator,promoter,YYANWYY,-,3209,3216
h0_chrX_83970161_83974256,Initiator,promoter,YYANWYY,-,3235,3242
h0_chrX_83970161_83974256,Initiator,promoter,YYANWYY,-,3254,3261
h0_chrX_83970161_83974256,Initiator,promoter,YYANWYY,-,3314,3321
h0_chrX_83970161_83974256,Initiator,promoter,YYANWYY,-,3432,3439
h0_chrX_83970161_83974256,Initiator,promoter,YYANWYY,-,3535,3542
h0_chrX_83970161_83974256,Initiator,promoter,YYANWYY,-,3679,3686
h0_chrX_83970161_83974256,Initiator,promoter,YYANWYY,-,3804,3811
h0_chrX_83970161_83974256,Initiator,promoter,YYANWYY,-,3820,3827
h0_chrX_83970161_83974256,Initiator,promoter,YYANWYY,-,3871,3878
h0_chrX_83970161_83974256,Initiator,promoter,YYANWYY,-,3935,3942
h0_chrX_83970161_83974256,Initiator,promoter,YYANWYY,-,3964,3971
h0_chrX_83970161_83974256,Initiator,promoter,YYANWYY,-,4007,4014
h0_chrX_83970161_83974256,Initiator,promoter,YYANWYY,-,4031,4038
h0_chrX_83970161_83974256,Initiator,promoter,YYANWYY,-,4055,4062
h0_chrX_83970161_83974256,GATA,tfbs,WGATAR,+,89,95
h0_chrX_83970161_83974256,GATA,tfbs,WGATAR,+,329,335
h0_chrX_83970161_83974256,GATA,tfbs,WGATAR,+,850,856
h0_chrX_83970161_83974256,GATA,tfbs,WGATAR,+,984,990
h0_chrX_83970161_83974256,GATA,tfbs,WGATAR,+,1376,1382
h0_chrX_83970161_83974256,GATA,tfbs,WGATAR,+,1583,1589
h0_chrX_83970161_83974256,GATA,tfbs,WGATAR,+,1833,1839
h0_chrX_83970161_83974256,GATA,tfbs,WGATAR,+,1929,1935
h0_chrX_83970161_83974256,GATA,tfbs,WGATAR,+,2184,2190
h0_chrX_83970161_83974256,GATA,tfbs,WGATAR,+,3371,3377
h0_chrX_83970161_83974256,GATA,tfbs,WGATAR,+,3413,3419
h0_chrX_83970161_83974256,GATA,tfbs,WGATAR,+,3714,3720
h0_chrX_83970161_83974256,GATA,tfbs,WGATAR,+,4020,4026
h0_chrX_83970161_83974256,GATA,tfbs,WGATAR,-,1517,1523
h0_chrX_83970161_83974256,GATA,tfbs,WGATAR,-,1555,1561
h0_chrX_83970161_83974256,GATA,tfbs,WGATAR,-,1856,1862
h0_chrX_83970161_83974256,GATA,tfbs,WGATAR,-,2850,2856
h0_chrX_83970161_83974256,GATA,tfbs,WGATAR,-,3103,3109
h0_chrX_83970161_83974256,RUNX,tfbs,TGTGGT,+,3237,3243
h0_chrX_83970161_83974256,RUNX,tfbs,TGTGGT,-,490,496
h0_chrX_83970161_83974256,RUNX,tfbs,TGTGGT,-,541,547
h0_chrX_83970161_83974256,RUNX,tfbs,TGTGGT,-,1546,1552
h0_chrX_83970161_83974256,RUNX,tfbs,TGTGGT,-,2490,2496
h0_chrX_83970161_83974256,YY1,tfbs,CCATNTT,-,77,84
h0_chrX_83970161_83974256,YY1,tfbs,CCATNTT,-,2207,2214
h0_chrX_83970161_83974256,YY1,tfbs,CCATNTT,-,2649,2656
h4_chr10_110104373_110108468,TATA_box,promoter,TATAWAWR,+,2260,2268
h4_chr10_110104373_110108468,TATA_box,promoter,TATAWAWR,+,3225,3233
h4_chr10_110104373_110108468,TATA_box,promoter,TATAWAWR,+,3854,3862
h4_chr10_110104373_110108468,TATA_box,promoter,TATAWAWR,+,3856,3864
h4_chr10_110104373_110108468,TATA_box,promoter,TATAWAWR,+,3858,3866
h4_chr10_110104373_110108468,TATA_box,promoter,TATAWAWR,+,3860,3868
h4_chr10_110104373_110108468,TATA_box,promoter,TATAWAWR,-,592,600
h4_chr10_110104373_110108468,TATA_box,promoter,TATAWAWR,-,799,807
h4_chr10_110104373_110108468,TATA_box,promoter,TATAWAWR,-,3221,3229
h4_chr10_110104373_110108468,TATA_box,promoter,TATAWAWR,-,3854,3862
h4_chr10_110104373_110108468,TATA_box,promoter,TATAWAWR,-,3856,3864
h4_chr10_110104373_110108468,TATA_box,promoter,TATAWAWR,-,3858,3866
h4_chr10_110104373_110108468,TATA_box,promoter,TATAWAWR,-,3860,3868
h4_chr10_110104373_110108468,Initiator,promoter,YYANWYY,+,9,16
h4_chr10_110104373_110108468,Initiator,promoter,YYANWYY,+,25,32
h4_chr10_110104373_110108468,Initiator,promoter,YYANWYY,+,150,157
h4_chr10_110104373_110108468,Initiator,promoter,YYANWYY,+,174,181
h4_chr10_110104373_110108468,Initiator,promoter,YYANWYY,+,215,222
h4_chr10_110104373_110108468,Initiator,promoter,YYANWYY,+,225,232
h4_chr10_110104373_110108468,Initiator,promoter,YYANWYY,+,279,286
h4_chr10_110104373_110108468,Initiator,promoter,YYANWYY,+,381,388
h4_chr10_110104373_110108468,Initiator,promoter,YYANWYY,+,509,516
h4_chr10_110104373_110108468,Initiator,promoter,YYANWYY,+,523,530
h4_chr10_110104373_110108468,Initiator,promoter,YYANWYY,+,595,602
h4_chr10_110104373_110108468,Initiator,promoter,YYANWYY,+,634,641
h4_chr10_110104373_110108468,Initiator,promoter,YYANWYY,+,753,760
h4_chr10_110104373_110108468,Initiator,promoter,YYANWYY,+,776,783
h4_chr10_110104373_110108468,Initiator,promoter,YYANWYY,+,802,809
h4_chr10_110104373_110108468,Initiator,promoter,YYANWYY,+,808,815
h4_chr10_110104373_110108468,Initiator,promoter,YYANWYY,+,861,868
h4_chr10_110104373_110108468,Initiator,promoter,YYANWYY,+,929,936
h4_chr10_110104373_110108468,Initiator,promoter,YYANWYY,+,1061,1068
h4_chr10_110104373_110108468,Initiator,promoter,YYANWYY,+,1212,1219
h4_chr10_110104373_110108468,Initiator,promoter,YYANWYY,+,1240,1247
h4_chr10_110104373_110108468,Initiator,promoter,YYANWYY,+,1336,1343
h4_chr10_110104373_110108468,Initiator,promoter,YYANWYY,+,1420,1427
h4_chr10_110104373_110108468,Initiator,promoter,YYANWYY,+,1425,1432
h4_chr10_110104373_110108468,Initiator,promoter,YYANWYY,+,1496,1503
h4_chr10_110104373_110108468,Initiator,promoter,YYANWYY,+,1640,1647
h4_chr10_110104373_110108468,Initiator,promoter,YYANWYY,+,1698,1705
h4_chr10_110104373_110108468,Initiator,promoter,YYANWYY,+,1792,1799
h4_chr10_110104373_110108468,Initiator,promoter,YYANWYY,+,1865,1872
h4_chr10_110104373_110108468,Initiator,promoter,YYANWYY,+,1989,1996
h4_chr10_110104373_110108468,Initiator,promoter,YYANWYY,+,2033,2040
h4_chr10_110104373_110108468,Initiator,promoter,YYANWYY,+,2098,2105
h4_chr10_110104373_110108468,Initiator,promoter,YYANWYY,+,2165,2172
h4_chr10_110104373_110108468,Initiator,promoter,YYANWYY,+,2208,2215
h4_chr10_110104373_110108468,Initiator,promoter,YYANWYY,+,2238,2245
h4_chr10_110104373_110108468,Initiator,promoter,YYANWYY,+,2354,2361
h4_chr10_110104373_110108468,Initiator,promoter,YYANWYY,+,2387,2394
h4_chr10_110104373_110108468,Initiator,promoter,YYANWYY,+,2651,2658
h4_chr10_110104373_110108468,Initiator,promoter,YYANWYY,+,2660,2667
h4_chr10_110104373_110108468,Initiator,promoter,YYANWYY,+,2669,2676
h4_chr10_110104373_110108468,Initiator,promoter,YYANWYY,+,2766,2773
h4_chr10_110104373_110108468,Initiator,promoter,YYANWYY,+,3158,3165
h4_chr10_110104373_110108468,Initiator,promoter,YYANWYY,+,3203,3210
h4_chr10_110104373_110108468,Initiator,promoter,YYANWYY,+,3253,3260
h4_chr10_110104373_110108468,Initiator,promoter,YYANWYY,+,3260,3267
h4_chr10_110104373_110108468,Initiator,promoter,YYANWYY,+,3318,3325
h4_chr10_110104373_110108468,Initiator,promoter,YYANWYY,+,3451,3458
h4_chr10_110104373_110108468,Initiator,promoter,YYANWYY,+,3495,3502
h4_chr10_110104373_110108468,Initiator,promoter,YYANWYY,+,3503,3510
h4_chr10_110104373_110108468,Initiator,promoter,YYANWYY,+,3680,3687
h4_chr10_110104373_110108468,Initiator,promoter,YYANWYY,+,3718,3725
h4_chr10_110104373_110108468,Initiator,promoter,YYANWYY,+,3745,3752
h4_chr10_110104373_110108468,Initiator,promoter,YYANWYY,+,3901,3908
h4_chr10_110104373_110108468,Initiator,promoter,YYANWYY,+,3932,3939
h4_chr10_110104373_110108468,Initiator,promoter,YYANWYY,+,4036,4043
h4_chr10_110104373_110108468,Initiator,promoter,YYANWYY,+,4050,4057
h4_chr10_110104373_110108468,Initiator,promoter,YYANWYY,-,126,133
h4_chr10_110104373_110108468,Initiator,promoter,YYANWYY,-,206,213
h4_chr10_110104373_110108468,Initiator,promoter,YYANWYY,-,281,288
h4_chr10_110104373_110108468,Initiator,promoter,YYANWYY,-,309,316
h4_chr10_110104373_110108468,Initiator,promoter,YYANWYY,-,325,332
h4_chr10_110104373_110108468,Initiator,promoter,YYANWYY,-,439,446
h4_chr10_110104373_110108468,Initiator,promoter,YYANWYY,-,495,502
h4_chr10_110104373_110108468,Initiator,promoter,YYANWYY,-,506,513
h4_chr10_110104373_110108468,Initiator,promoter,YYANWYY,-,679,686
h4_chr10_110104373_110108468,Initiator,promoter,YYANWYY,-,685,692
h4_chr10_110104373_110108468,Initiator,promoter,YYANWYY,-,691,698
h4_chr10_110104373_110108468,Initiator,promoter,YYANWYY,-,733,740
h4_chr10_110104373_110108468,Initiator,promoter,YYANWYY,-,818,825
h4_chr10_110104373_110108468,Initiator,promoter,YYANWYY,-,858,865
h4_chr10_110104373_110108468,Initiator,promoter,YYANWYY,-,863,870
h4_chr10_110104373_110108468,Initiator,promoter,YYANWYY,-,977,984
h4_chr10_110104373_110108468,Initiator,promoter,YYANWYY,-,1015,1022
h4_chr10_110104373_110108468,Initiator,promoter,YYANWYY,-,1023,1030
h4_chr10_110104373_110108468,Initiator,promoter,YYANWYY,-,1088,1095
h4_chr10_110104373_110108468,Initiator,promoter,YYANWYY,-,1209,1216
h4_chr10_110104373_110108468,Initiator,promoter,YYANWYY,-,1214,1221
h4_chr10_110104373_110108468,Initiator,promoter,YYANWYY,-,1249,1256
h4_chr10_110104373_110108468,Initiator,promoter,YYANWYY,-,1390,1397
h4_chr10_110104373_110108468,Initiator,promoter,YYANWYY,-,1427,1434
h4_chr10_110104373_110108468,Initiator,promoter,YYANWYY,-,1466,1473
h4_chr10_110104373_110108468,Initiator,promoter,YYANWYY,-,1593,1600
h4_chr10_110104373_110108468,Initiator,promoter,YYANWYY,-,1831,1838
h4_chr10_110104373_110108468,Initiator,promoter,YYANWYY,-,1890,1897
h4_chr10_110104373_110108468,Initiator,promoter,YYANWYY,-,1954,1961
h4_chr10_110104373_110108468,Initiator,promoter,YYANWYY,-,1991,1998
h4_chr10_110104373_110108468,Initiator,promoter,YYANWYY,-,2076,2083
h4_chr10_110104373_110108468,Initiator,promoter,YYANWYY,-,2265,2272
h4_chr10_110104373_110108468,Initiator,promoter,YYANWYY,-,2275,2282
h4_chr10_110104373_110108468,Initiator,promoter,YYANWYY,-,2410,2417
h4_chr10_110104373_110108468,Initiator,promoter,YYANWYY,-,2447,2454
h4_chr10_110104373_110108468,Initiator,promoter,YYANWYY,-,2507,2514
h4_chr10_110104373_110108468,Initiator,promoter,YYANWYY,-,2576,2583
h4_chr10_110104373_110108468,Initiator,promoter,YYANWYY,-,2611,2618
h4_chr10_110104373_110108468,Initiator,promoter,YYANWYY,-,2642,2649
h4_chr10_110104373_110108468,Initiator,promoter,YYANWYY,-,2680,2687
h4_chr10_110104373_110108468,Initiator,promoter,YYANWYY,-,2740,2747
h4_chr10_110104373_110108468,Initiator,promoter,YYANWYY,-,2748,2755
h4_chr10_110104373_110108468,Initiator,promoter,YYANWYY,-,2779,2786
h4_chr10_110104373_110108468,Initiator,promoter,YYANWYY,-,2784,2791
h4_chr10_110104373_110108468,Initiator,promoter,YYANWYY,-,2800,2807
h4_chr10_110104373_110108468,Initiator,promoter,YYANWYY,-,2840,2847
h4_chr10_110104373_110108468,Initiator,promoter,YYANWYY,-,2845,2852
h4_chr10_110104373_110108468,Initiator,promoter,YYANWYY,-,2868,2875
h4_chr10_110104373_110108468,Initiator,promoter,YYANWYY,-,3012,3019
h4_chr10_110104373_110108468,Initiator,promoter,YYANWYY,-,3244,3251
h4_chr10_110104373_110108468,Initiator,promoter,YYANWYY,-,3335,3342
h4_chr10_110104373_110108468,Initiator,promoter,YYANWYY,-,3375,3382
h4_chr10_110104373_110108468,Initiator,promoter,YYANWYY,-,3453,3460
h4_chr10_110104373_110108468,Initiator,promoter,YYANWYY,-,3577,3584
h4_chr10_110104373_110108468,Initiator,promoter,YYANWYY,-,3720,3727
h4_chr10_110104373_110108468,Initiator,promoter,YYANWYY,-,3890,3897
h4_chr10_110104373_110108468,Initiator,promoter,YYANWYY,-,3903,3910
h4_chr10_110104373_110108468,Initiator,promoter,YYANWYY,-,3991,3998
h4_chr10_110104373_110108468,Initiator,promoter,YYANWYY,-,4001,4008
h4_chr10_110104373_110108468,GATA,tfbs,WGATAR,+,1909,1915
h4_chr10_110104373_110108468,GATA,tfbs,WGATAR,+,2253,2259
h4_chr10_110104373_110108468,GATA,tfbs,WGATAR,+,2287,2293
h4_chr10_110104373_110108468,GATA,tfbs,WGATAR,+,2580,2586
h4_chr10_110104373_110108468,GATA,tfbs,WGATAR,+,2775,2781
h4_chr10_110104373_110108468,GATA,tfbs,WGATAR,+,3102,3108
h4_chr10_110104373_110108468,GATA,tfbs,WGATAR,-,830,836
h4_chr10_110104373_110108468,GATA,tfbs,WGATAR,-,1871,1877
h4_chr10_110104373_110108468,GATA,tfbs,WGATAR,-,1883,1889
h4_chr10_110104373_110108468,GATA,tfbs,WGATAR,-,1963,1969
h4_chr10_110104373_110108468,GATA,tfbs,WGATAR,-,2023,2029
h4_chr10_110104373_110108468,GATA,tfbs,WGATAR,-,3876,3882
h4_chr10_110104373_110108468,RUNX,tfbs,TGTGGT,+,497,503
h4_chr10_110104373_110108468,RUNX,tfbs,TGTGGT,+,1266,1272
h4_chr10_110104373_110108468,RUNX,tfbs,TGTGGT,+,1451,1457
h4_chr10_110104373_110108468,YY1,tfbs,CCATNTT,+,3158,3165
h4_chr10_110104373_110108468,YY1,tfbs,CCATNTT,+,3203,3210
h4_chr10_110104373_110108468,YY1,tfbs,CCATNTT,+,4036,4043
h4_chr10_110104373_110108468,YY1,tfbs,CCATNTT,-,1593,1600
h4_chr10_110104373_110108468,YY1,tfbs,CCATNTT,-,1922,1929
h4_chr10_110104373_110108468,YY1,tfbs,CCATNTT,-,2779,2786
h4_chr10_110104373_110108468,YY1,tfbs,CCATNTT,-,3335,3342
h4_chr10_19287595_19291690,TATA_box,promoter,TATAWAWR,+,3735,3743
h4_chr10_19287595_19291690,TATA_box,promoter,TATAWAWR,+,3737,3745
h4_chr10_19287595_19291690,TATA_box,promoter,TATAWAWR,-,806,814
h4_chr10_19287595_19291690,TATA_box,promoter,TATAWAWR,-,2352,2360
h4_chr10_19287595_19291690,TATA_box,promoter,TATAWAWR,-,2651,2659
h4_chr10_19287595_19291690,TATA_box,promoter,TATAWAWR,-,3733,3741
h4_chr10_19287595_19291690,TATA_box,promoter,TATAWAWR,-,3735,3743
h4_chr10_19287595_19291690,Initiator,promoter,YYANWYY,+,11,18
h4_chr10_19287595_19291690,Initiator,promoter,YYANWYY,+,115,122
h4_chr10_19287595_19291690,Initiator,promoter,YYANWYY,+,195,202
h4_chr10_19287595_19291690,Initiator,promoter,YYANWYY,+,306,313
h4_chr10_19287595_19291690,Initiator,promoter,YYANWYY,+,480,487
h4_chr10_19287595_19291690,Initiator,promoter,YYANWYY,+,490,497
h4_chr10_19287595_19291690,Initiator,promoter,YYANWYY,+,511,518
h4_chr10_19287595_19291690,Initiator,promoter,YYANWYY,+,543,550
h4_chr10_19287595_19291690,Initiator,promoter,YYANWYY,+,566,573
h4_chr10_19287595_19291690,Initiator,promoter,YYANWYY,+,572,579
h4_chr10_19287595_19291690,Initiator,promoter,YYANWYY,+,654,661
h4_chr10_19287595_19291690,Initiator,promoter,YYANWYY,+,719,726
h4_chr10_19287595_19291690,Initiator,promoter,YYANWYY,+,728,735
h4_chr10_19287595_19291690,Initiator,promoter,YYANWYY,+,793,800
h4_chr10_19287595_19291690,Initiator,promoter,YYANWYY,+,802,809
h4_chr10_19287595_19291690,Initiator,promoter,YYANWYY,+,809,816
h4_chr10_19287595_19291690,Initiator,promoter,YYANWYY,+,900,907
h4_chr10_19287595_19291690,Initiator,promoter,YYANWYY,+,909,916
h4_chr10_19287595_19291690,Initiator,promoter,YYANWYY,+,956,963
h4_chr10_19287595_19291690,Initiator,promoter,YYANWYY,+,982,989
h4_chr10_19287595_19291690,Initiator,promoter,YYANWYY,+,1001,1008
h4_chr10_19287595_19291690,Initiator,promoter,YYANWYY,+,1115,1122
h4_chr10_19287595_19291690,Initiator,promoter,YYANWYY,+,1155,1162
h4_chr10_19287595_19291690,Initiator,promoter,YYANWYY,+,1225,1232
h4_chr10_19287595_19291690,Initiator,promoter,YYANWYY,+,1306,1313
h4_chr10_19287595_19291690,Initiator,promoter,YYANWYY,+,1343,1350
h4_chr10_19287595_19291690,Initiator,promoter,YYANWYY,+,1423,1430
h4_chr10_19287595_19291690,Initiator,promoter,YYANWYY,+,1445,1452
h4_chr10_19287595_19291690,Initiator,promoter,YYANWYY,+,1481,1488
h4_chr10_19287595_19291690,Initiator,promoter,YYANWYY,+,1552,1559
h4_chr10_19287595_19291690,Initiator,promoter,YYANWYY,+,1565,1572
h4_chr10_19287595_19291690,Initiator,promoter,YYANWYY,+,1695,1702
h4_chr10_19287595_19291690,Initiator,promoter,YYANWYY,+,1760,1767
h4_chr10_19287595_19291690,Initiator,promoter,YYANWYY,+,1882,1889
h4_chr10_19287595_19291690,Initiator,promoter,YYANWYY,+,1970,1977
h4_chr10_19287595_19291690,Initiator,promoter,YYANWYY,+,2007,2014
h4_chr10_19287595_19291690,Initiator,promoter,YYANWYY,+,2035,2042
h4_chr10_19287595_19291690,Initiator,promoter,YYANWYY,+,2077,2084
h4_chr10_19287595_19291690,Initiator,promoter,YYANWYY,+,2108,2115
h4_chr10_19287595_19291690,Initiator,promoter,YYANWYY,+,2116,2123
h4_chr10_19287595_19291690,Initiator,promoter,YYANWYY,+,2152,2159
h4_chr10_19287595_19291690,Initiator,promoter,YYANWYY,+,2158,2165
h4_chr10_19287595_19291690,Initiator,promoter,YYANWYY,+,2246,2253
h4_chr10_19287595_19291690,Initiator,promoter,YYANWYY,+,2274,2281
h4_chr10_19287595_19291690,Initiator,promoter,YYANWYY,+,2562,2569
h4_chr10_19287595_19291690,Initiator,promoter,YYANWYY,+,2647,2654
h4_chr10_19287595_19291690,Initiator,promoter,YYANWYY,+,2678,2685
h4_chr10_19287595_19291690,Initiator,promoter,YYANWYY,+,2691,2698
h4_chr10_19287595_19291690,Initiator,promoter,YYANWYY,+,2699,2706
h4_chr10_19287595_19291690,Initiator,promoter,YYANWYY,+,2969,2976
h4_chr10_19287595_19291690,Initiator,promoter,YYANWYY,+,2978,2985
h4_chr10_19287595_19291690,Initiator,promoter,YYANWYY,+,3215,3222
h4_chr10_19287595_19291690,Initiator,promoter,YYANWYY,+,3273,3280
h4_chr10_19287595_19291690,Initiator,promoter,YYANWYY,+,3324,3331
h4_chr10_19287595_19291690,Initiator,promoter,YYANWYY,+,3411,3418
h4_chr10_19287595_19291690,Initiator,promoter,YYANWYY,+,3446,3453
h4_chr10_19287595_19291690,Initiator,promoter,YYANWYY,+,3451,3458
h4_chr10_19287595_19291690,Initiator,promoter,YYANWYY,+,3511,3518
h4_chr10_19287595_19291690,Initiator,promoter,YYANWYY,+,3526,3533
h4_chr10_19287595_19291690,Initiator,promoter,YYANWYY,+,3578,3585
h4_chr10_19287595_19291690,Initiator,promoter,YYANWYY,+,3605,3612
h4_chr10_19287595_19291690,Initiator,promoter,YYANWYY,+,3821,3828
h4_chr10_19287595_19291690,Initiator,promoter,YYANWYY,+,4087,4094
h4_chr10_19287595_19291690,Initiator,promoter,YYANWYY,-,41,48
h4_chr10_19287595_19291690,Initiator,promoter,YYANWYY,-,105,112
h4_chr10_19287595_19291690,Initiator,promoter,YYANWYY,-,283,290
h4_chr10_19287595_19291690,Initiator,promoter,YYANWYY,-,392,399
h4_chr10_19287595_19291690,Initiator,promoter,YYANWYY,-,401,408
h4_chr10_19287595_19291690,Initiator,promoter,YYANWYY,-,422,429
h4_chr10_19287595_19291690,Initiator,promoter,YYANWYY,-,427,434
h4_chr10_19287595_19291690,Initiator,promoter,YYANWYY,-,1253,1260
h4_chr10_19287595_19291690,Initiator,promoter,YYANWYY,-,1606,1613
h4_chr10_19287595_19291690,Initiator,promoter,YYANWYY,-,1639,1646
h4_chr10_19287595_19291690,Initiator,promoter,YYANWYY,-,1706,1713
h4_chr10_19287595_19291690,Initiator,promoter,YYANWYY,-,1811,1818
h4_chr10_19287595_19291690,Initiator,promoter,YYANWYY,-,1872,1879
h4_chr10_19287595_19291690,Initiator,promoter,YYANWYY,-,2160,2167
h4_chr10_19287595_19291690,Initiator,promoter,YYANWYY,-,2196,2203
h4_chr10_19287595_19291690,Initiator,promoter,YYANWYY,-,2230,2237
h4_chr10_19287595_19291690,Initiator,promoter,YYANWYY,-,2243,2250
h4_chr10_19287595_19291690,Initiator,promoter,YYANWYY,-,2256,2263
h4_chr10_19287595_19291690,Initiator,promoter,YYANWYY,-,2341,2348
h4_chr10_19287595_19291690,Initiator,promoter,YYANWYY,-,2364,2371
h4_chr10_19287595_19291690,Initiator,promoter,YYANWYY,-,2440,2447
h4_chr10_19287595_19291690,Initiator,promoter,YYANWYY,-,2456,2463
h4_chr10_19287595_19291690,Initiator,promoter,YYANWYY,-,2538,2545
h4_chr10_19287595_19291690,Initiator,promoter,YYANWYY,-,2582,2589
h4_chr10_19287595_19291690,Initiator,promoter,YYANWYY,-,2610,2617
h4_chr10_19287595_19291690,Initiator,promoter,YYANWYY,-,2624,2631
h4_chr10_19287595_19291690,Initiator,promoter,YYANWYY,-,2630,2637
h4_chr10_19287595_19291690,Initiator,promoter,YYANWYY,-,2669,2676
h4_chr10_19287595_19291690,Initiator,promoter,YYANWYY,-,2712,2719
h4_chr10_19287595_19291690,Initiator,promoter,YYANWYY,-,2820,2827
h4_chr10_19287595_19291690,Initiator,promoter,YYANWYY,-,2892,2899
h4_chr10_19287595_19291690,Initiator,promoter,YYANWYY,-,2947,2954
h4_chr10_19287595_19291690,Initiator,promoter,YYANWYY,-,3048,3055
h4_chr10_19287595_19291690,Initiator,promoter,YYANWYY,-,3063,3070
h4_chr10_19287595_19291690,Initiator,promoter,YYANWYY,-,3198,3205
h4_chr10_19287595_19291690,Initiator,promoter,YYANWYY,-,3326,3333
h4_chr10_19287595_19291690,Initiator,promoter,YYANWYY,-,3375,3382
h4_chr10_19287595_19291690,Initiator,promoter,YYANWYY,-,3467,3474
h4_chr10_19287595_19291690,Initiator,promoter,YYANWYY,-,3569,3576
h4_chr10_19287595_19291690,Initiator,promoter,YYANWYY,-,3592,3599
h4_chr10_19287595_19291690,Initiator,promoter,YYANWYY,-,3622,3629
h4_chr10_19287595_19291690,Initiator,promoter,YYANWYY,-,3706,3713
h4_chr10_19287595_19291690,Initiator,promoter,YYANWYY,-,3713,3720
h4_chr10_19287595_19291690,Initiator,promoter,YYANWYY,-,3783,3790
h4_chr10_19287595_19291690,Initiator,promoter,YYANWYY,-,3798,3805
h4_chr10_19287595_19291690,Initiator,promoter,YYANWYY,-,3876,3883
h4_chr10_19287595_19291690,Initiator,promoter,YYANWYY,-,3930,3937
h4_chr10_19287595_19291690,Initiator,promoter,YYANWYY,-,3969,3976
h4_chr10_19287595_19291690,Initiator,promoter,YYANWYY,-,4046,4053
h4_chr10_19287595_19291690,AP1,tfbs,TGASTCA,+,373,380
h4_chr10_19287595_19291690,AP1,tfbs,TGASTCA,+,1506,1513
h4_chr10_19287595_19291690,GATA,tfbs,WGATAR,+,756,762
h4_chr10_19287595_19291690,GATA,tfbs,WGATAR,+,1905,1911
h4_chr10_19287595_19291690,GATA,tfbs,WGATAR,+,2888,2894
h4_chr10_19287595_19291690,GATA,tfbs,WGATAR,-,3165,3171
h4_chr10_19287595_19291690,GATA,tfbs,WGATAR,-,3417,3423
h4_chr10_19287595_19291690,GATA,tfbs,WGATAR,-,3941,3947
h4_chr10_19287595_19291690,YY1,tfbs,CCATNTT,+,451,458
h4_chr10_19287595_19291690,YY1,tfbs,CCATNTT,-,1414,1421
h4_chr10_19287595_19291690,YY1,tfbs,CCATNTT,-,3706,3713
h4_chr10_4663039_4667134,TATA_box,promoter,TATAWAWR,+,1197,1205
h4_chr10_4663039_4667134,TATA_box,promoter,TATAWAWR,+,1458,1466
h4_chr10_4663039_4667134,TATA_box,promoter,TATAWAWR,+,2751,2759
h4_chr10_4663039_4667134,TATA_box,promoter,TATAWAWR,+,3142,3150
h4_chr10_4663039_4667134,TATA_box,promoter,TATAWAWR,-,2120,2128
h4_chr10_4663039_4667134,TATA_box,promoter,TATAWAWR,-,2972,2980
h4_chr10_4663039_4667134,TATA_box,promoter,TATAWAWR,-,3478,3486
h4_chr10_4663039_4667134,Initiator,promoter,YYANWYY,+,30,37
h4_chr10_4663039_4667134,Initiator,promoter,YYANWYY,+,105,112
h4_chr10_4663039_4667134,Initiator,promoter,YYANWYY,+,134,141
h4_chr10_4663039_4667134,Initiator,promoter,YYANWYY,+,268,275
h4_chr10_4663039_4667134,Initiator,promoter,YYANWYY,+,391,398
h4_chr10_4663039_4667134,Initiator,promoter,YYANWYY,+,412,419
h4_chr10_4663039_4667134,Initiator,promoter,YYANWYY,+,418,425
h4_chr10_4663039_4667134,Initiator,promoter,YYANWYY,+,554,561
h4_chr10_4663039_4667134,Initiator,promoter,YYANWYY,+,609,616
h4_chr10_4663039_4667134,Initiator,promoter,YYANWYY,+,664,671
h4_chr10_4663039_4667134,Initiator,promoter,YYANWYY,+,680,687
h4_chr10_4663039_4667134,Initiator,promoter,YYANWYY,+,740,747
h4_chr10_4663039_4667134,Initiator,promoter,YYANWYY,+,745,752
h4_chr10_4663039_4667134,Initiator,promoter,YYANWYY,+,848,855
h4_chr10_4663039_4667134,Initiator,promoter,YYANWYY,+,1101,1108
h4_chr10_4663039_4667134,Initiator,promoter,YYANWYY,+,1237,1244
h4_chr10_4663039_4667134,Initiator,promoter,YYANWYY,+,1312,1319
h4_chr10_4663039_4667134,Initiator,promoter,YYANWYY,+,1431,1438
h4_chr10_4663039_4667134,Initiator,promoter,YYANWYY,+,1447,1454
h4_chr10_4663039_4667134,Initiator,promoter,YYANWYY,+,1482,1489
h4_chr10_4663039_4667134,Initiator,promoter,YYANWYY,+,1493,1500
h4_chr10_4663039_4667134,Initiator,promoter,YYANWYY,+,1619,1626
h4_chr10_4663039_4667134,Initiator,promoter,YYANWYY,+,1680,1687
h4_chr10_4663039_4667134,Initiator,promoter,YYANWYY,+,1742,1749
h4_chr10_4663039_4667134,Initiator,promoter,YYANWYY,+,1755,1762
h4_chr10_4663039_4667134,Initiator,promoter,YYANWYY,+,1802,1809
h4_chr10_4663039_4667134,Initiator,promoter,YYANWYY,+,1922,1929
h4_chr10_4663039_4667134,Initiator,promoter,YYANWYY,+,2025,2032
h4_chr10_4663039_4667134,Initiator,promoter,YYANWYY,+,2070,2077
h4_chr10_4663039_4667134,Initiator,promoter,YYANWYY,+,2075,2082
h4_chr10_4663039_4667134,Initiator,promoter,YYANWYY,+,2099,2106
h4_chr10_4663039_4667134,Initiator,promoter,YYANWYY,+,2114,2121
h4_chr10_4663039_4667134,Initiator,promoter,YYANWYY,+,2123,2130
h4_chr10_4663039_4667134,Initiator,promoter,YYANWYY,+,2262,2269
h4_chr10_4663039_4667134,Initiator,promoter,YYANWYY,+,2294,2301
h4_chr10_4663039_4667134,Initiator,promoter,YYANWYY,+,2305,2312
h4_chr10_4663039_4667134,Initiator,promoter,YYANWYY,+,2324,2331
h4_chr10_4663039_4667134,Initiator,promoter,YYANWYY,+,2399,2406
h4_chr10_4663039_4667134,Initiator,promoter,YYANWYY,+,2451,2458
h4_chr10_4663039_4667134,Initiator,promoter,YYANWYY,+,2471,2478
h4_chr10_4663039_4667134,Initiator,promoter,YYANWYY,+,2497,2504
h4_chr10_4663039_4667134,Initiator,promoter,YYANWYY,+,2531,2538
h4_chr10_4663039_4667134,Initiator,promoter,YYANWYY,+,2657,2664
h4_chr10_4663039_4667134,Initiator,promoter,YYANWYY,+,2679,2686
h4_chr10_4663039_4667134,Initiator,promoter,YYANWYY,+,2718,2725
h4_chr10_4663039_4667134,Initiator,promoter,YYANWYY,+,2817,2824
h4_chr10_4663039_4667134,Initiator,promoter,YYANWYY,+,2839,2846
h4_chr10_4663039_4667134,Initiator,promoter,YYANWYY,+,2874,2881
h4_chr10_4663039_4667134,Initiator,promoter,YYANWYY,+,2890,2897
h4_chr10_4663039_4667134,Initiator,promoter,YYANWYY,+,2899,2906
h4_chr10_4663039_4667134,Initiator,promoter,YYANWYY,+,2932,2939
h4_chr10_4663039_4667134,Initiator,promoter,YYANWYY,+,2937,2944
h4_chr10_4663039_4667134,Initiator,promoter,YYANWYY,+,2954,2961
h4_chr10_4663039_4667134,Initiator,promoter,YYANWYY,+,2975,2982
h4_chr10_4663039_4667134,Initiator,promoter,YYANWYY,+,3003,3010
h4_chr10_4663039_4667134,Initiator,promoter,YYANWYY,+,3054,3061
h4_chr10_4663039_4667134,Initiator,promoter,YYANWYY,+,3175,3182
h4_chr10_4663039_4667134,Initiator,promoter,YYANWYY,+,3183,3190
h4_chr10_4663039_4667134,Initiator,promoter,YYANWYY,+,3216,3223
h4_chr10_4663039_4667134,Initiator,promoter,YYANWYY,+,3358,3365
h4_chr10_4663039_4667134,Initiator,promoter,YYANWYY,+,3399,3406
h4_chr10_4663039_4667134,Initiator,promoter,YYANWYY,+,3565,3572
h4_chr10_4663039_4667134,Initiator,promoter,YYANWYY,+,3602,3609
h4_chr10_4663039_4667134,Initiator,promoter,YYANWYY,+,3637,3644
h4_chr10_4663039_4667134,Initiator,promoter,YYANWYY,+,3643,3650
h4_chr10_4663039_4667134,Initiator,promoter,YYANWYY,+,3695,3702
h4_chr10_4663039_4667134,Initiator,promoter,YYANWYY,+,3701,3708
h4_chr10_4663039_4667134,Initiator,promoter,YYANWYY,+,3719,3726
h4_chr10_4663039_4667134,Initiator,promoter,YYANWYY,+,3744,3751
h4_chr10_4663039_4667134,Initiator,promoter,YYANWYY,+,4030,4037
h4_chr10_4663039_4667134,Initiator,promoter,YYANWYY,+,4061,4068
h4_chr10_4663039_4667134,Initiator,promoter,YYANWYY,-,146,153
h4_chr10_4663039_4667134,Initiator,promoter,YYANWYY,-,170,177
h4_chr10_4663039_4667134,Initiator,promoter,YYANWYY,-,307,314
h4_chr10_4663039_4667134,Initiator,promoter,YYANWYY,-,450,457
h4_chr10_4663039_4667134,Initiator,promoter,YYANWYY,-,717,724
h4_chr10_4663039_4667134,Initiator,promoter,YYANWYY,-,784,791
h4_chr10_4663039_4667134,Initiator,promoter,YYANWYY,-,797,804
h4_chr10_4663039_4667134,Initiator,promoter,YYANWYY,-,864,871
h4_chr10_4663039_4667134,Initiator,promoter,YYANWYY,-,876,883
h4_chr10_4663039_4667134,Initiator,promoter,YYANWYY,-,883,890
h4_chr10_4663039_4667134,Initiator,promoter,YYANWYY,-,1025,1032
h4_chr10_4663039_4667134,Initiator,promoter,YYANWYY,-,1031,1038
h4_chr10_4663039_4667134,Initiator,promoter,YYANWYY,-,1039,1046
h4_chr10_4663039_4667134,Initiator,promoter,YYANWYY,-,1045,1052
h4_chr10_4663039_4667134,Initiator,promoter,YYANWYY,-,1126,1133
h4_chr10_4663039_4667134,Initiator,promoter,YYANWYY,-,1148,1155
h4_chr10_4663039_4667134,Initiator,promoter,YYANWYY,-,1176,1183
h4_chr10_4663039_4667134,Initiator,promoter,YYANWYY,-,1181,1188
h4_chr10_4663039_4667134,Initiator,promoter,YYANWYY,-,1186,1193
h4_chr10_4663039_4667134,Initiator,promoter,YYANWYY,-,1240,1247
h4_chr10_4663039_4667134,Initiator,promoter,YYANWYY,-,1386,1393
h4_chr10_4663039_4667134,Initiator,promoter,YYANWYY,-,1393,1400
h4_chr10_4663039_4667134,Initiator,promoter,YYANWYY,-,1421,1428
h4_chr10_4663039_4667134,Initiator,promoter,YYANWYY,-,1765,1772
h4_chr10_4663039_4667134,Initiator,promoter,YYANWYY,-,1861,1868
h4_chr10_4663039_4667134,Initiator,promoter,YYANWYY,-,1914,1921
h4_chr10_4663039_4667134,Initiator,promoter,YYANWYY,-,2072,2079
h4_chr10_4663039_4667134,Initiator,promoter,YYANWYY,-,2423,2430
h4_chr10_4663039_4667134,Initiator,promoter,YYANWYY,-,2453,2460
h4_chr10_4663039_4667134,Initiator,promoter,YYANWYY,-,2473,2480
h4_chr10_4663039_4667134,Initiator,promoter,YYANWYY,-,2597,2604
h4_chr10_4663039_4667134,Initiator,promoter,YYANWYY,-,2602,2609
h4_chr10_4663039_4667134,Initiator,promoter,YYANWYY,-,3147,3154
h4_chr10_4663039_4667134,Initiator,promoter,YYANWYY,-,3341,3348
h4_chr10_4663039_4667134,Initiator,promoter,YYANWYY,-,3419,3426
h4_chr10_4663039_4667134,Initiator,promoter,YYANWYY,-,3614,3621
h4_chr10_4663039_4667134,Initiator,promoter,YYANWYY,-,3621,3628
h4_chr10_4663039_4667134,Initiator,promoter,YYANWYY,-,3825,3832
h4_chr10_4663039_4667134,BREu,promoter,SSRCGCC,-,1659,1666
h4_chr10_4663039_4667134,E_box,tfbs,CACGTG,+,254,260
h4_chr10_4663039_4667134,AP1,tfbs,TGASTCA,+,293,300
h4_chr10_4663039_4667134,NFkB,tfbs,GGGRNNYYCC,+,1773,1783
h4_chr10_4663039_4667134,NFkB,tfbs,GGGRNNYYCC,-,1773,1783
h4_chr10_4663039_4667134,GATA,tfbs,WGATAR,+,226,232
h4_chr10_4663039_4667134,GATA,tfbs,WGATAR,+,1464,1470
h4_chr10_4663039_4667134,GATA,tfbs,WGATAR,+,1897,1903
h4_chr10_4663039_4667134,GATA,tfbs,WGATAR,+,2669,2675
h4_chr10_4663039_4667134,GATA,tfbs,WGATAR,+,2695,2701
h4_chr10_4663039_4667134,GATA,tfbs,WGATAR,+,3514,3520
h4_chr10_4663039_4667134,GATA,tfbs,WGATAR,+,4085,4091
h4_chr10_4663039_4667134,GATA,tfbs,WGATAR,-,2146,2152
h4_chr10_4663039_4667134,GATA,tfbs,WGATAR,-,2684,2690
h4_chr10_4663039_4667134,GATA,tfbs,WGATAR,-,2724,2730
h4_chr10_4663039_4667134,GATA,tfbs,WGATAR,-,2787,2793
h4_chr10_4663039_4667134,GATA,tfbs,WGATAR,-,2895,2901
h4_chr10_4663039_4667134,GATA,tfbs,WGATAR,-,3000,3006
h4_chr10_4663039_4667134,GATA,tfbs,WGATAR,-,3155,3161
h4_chr10_4663039_4667134,GATA,tfbs,WGATAR,-,3473,3479
h4_chr10_4663039_4667134,GATA,tfbs,WGATAR,-,3599,3605
h4_chr10_4663039_4667134,GATA,tfbs,WGATAR,-,4000,4006
h4_chr10_4663039_4667134,RUNX,tfbs,TGTGGT,+,3827,3833
h4_chr10_4663039_4667134,RUNX,tfbs,TGTGGT,-,3226,3232
h4_chr10_4663039_4667134,YY1,tfbs,CCATNTT,+,6,13
h4_chr10_4663039_4667134,YY1,tfbs,CCATNTT,+,105,112
h4_chr10_4663039_4667134,YY1,tfbs,CCATNTT,+,1782,1789
h4_chr10_4663039_4667134,YY1,tfbs,CCATNTT,+,1922,1929
h4_chr10_4663039_4667134,YY1,tfbs,CCATNTT,+,2497,2504
h4_chr10_4663039_4667134,YY1,tfbs,CCATNTT,-,1126,1133
h4_chr10_4663039_4667134,YY1,tfbs,CCATNTT,-,3272,3279
h4_chr1_117801428_117805523,TATA_box,promoter,TATAWAWR,+,1508,1516
h4_chr1_117801428_117805523,TATA_box,promoter,TATAWAWR,+,3302,3310
h4_chr1_117801428_117805523,TATA_box,promoter,TATAWAWR,+,3884,3892
h4_chr1_117801428_117805523,TATA_box,promoter,TATAWAWR,-,1147,1155
h4_chr1_117801428_117805523,Initiator,promoter,YYANWYY,+,133,140
h4_chr1_117801428_117805523,Initiator,promoter,YYANWYY,+,231,238
h4_chr1_117801428_117805523,Initiator,promoter,YYANWYY,+,283,290
h4_chr1_117801428_117805523,Initiator,promoter,YYANWYY,+,301,308
h4_chr1_117801428_117805523,Initiator,promoter,YYANWYY,+,382,389
h4_chr1_117801428_117805523,Initiator,promoter,YYANWYY,+,388,395
h4_chr1_117801428_117805523,Initiator,promoter,YYANWYY,+,489,496
h4_chr1_117801428_117805523,Initiator,promoter,YYANWYY,+,647,654
h4_chr1_117801428_117805523,Initiator,promoter,YYANWYY,+,657,664
h4_chr1_117801428_117805523,Initiator,promoter,YYANWYY,+,692,699
h4_chr1_117801428_117805523,Initiator,promoter,YYANWYY,+,775,782
h4_chr1_117801428_117805523,Initiator,promoter,YYANWYY,+,856,863
h4_chr1_117801428_117805523,Initiator,promoter,YYANWYY,+,958,965
h4_chr1_117801428_117805523,Initiator,promoter,YYANWYY,+,979,986
h4_chr1_117801428_117805523,Initiator,promoter,YYANWYY,+,1080,1087
h4_chr1_117801428_117805523,Initiator,promoter,YYANWYY,+,1096,1103
h4_chr1_117801428_117805523,Initiator,promoter,YYANWYY,+,1130,1137
h4_chr1_117801428_117805523,Initiator,promoter,YYANWYY,+,1135,1142
h4_chr1_117801428_117805523,Initiator,promoter,YYANWYY,+,1188,1195
h4_chr1_117801428_117805523,Initiator,promoter,YYANWYY,+,1237,1244
h4_chr1_117801428_117805523,Initiator,promoter,YYANWYY,+,1379,1386
h4_chr1_117801428_117805523,Initiator,promoter,YYANWYY,+,1458,1465
h4_chr1_117801428_117805523,Initiator,promoter,YYANWYY,+,1464,1471
h4_chr1_117801428_117805523,Initiator,promoter,YYANWYY,+,1517,1524
h4_chr1_117801428_117805523,Initiator,promoter,YYANWYY,+,1534,1541
h4_chr1_117801428_117805523,Initiator,promoter,YYANWYY,+,1731,1738
h4_chr1_117801428_117805523,Initiator,promoter,YYANWYY,+,1748,1755
h4_chr1_117801428_117805523,Initiator,promoter,YYANWYY,+,1860,1867
h4_chr1_117801428_117805523,Initiator,promoter,YYANWYY,+,1888,1895
h4_chr1_117801428_117805523,Initiator,promoter,YYANWYY,+,1972,1979
h4_chr1_117801428_117805523,Initiator,promoter,YYANWYY,+,2001,2008
h4_chr1_117801428_117805523,Initiator,promoter,YYANWYY,+,2010,2017
h4_chr1_117801428_117805523,Initiator,promoter,YYANWYY,+,2050,2057
h4_chr1_117801428_117805523,Initiator,promoter,YYANWYY,+,2089,2096
h4_chr1_117801428_117805523,Initiator,promoter,YYANWYY,+,2106,2113
h4_chr1_117801428_117805523,Initiator,promoter,YYANWYY,+,2182,2189
h4_chr1_117801428_117805523,Initiator,promoter,YYANWYY,+,2306,2313
h4_chr1_117801428_117805523,Initiator,promoter,YYANWYY,+,2399,2406
h4_chr1_117801428_117805523,Initiator,promoter,YYANWYY,+,2668,2675
h4_chr1_117801428_117805523,Initiator,promoter,YYANWYY,+,2975,2982
h4_chr1_117801428_117805523,Initiator,promoter,YYANWYY,+,3051,3058
h4_chr1_117801428_117805523,Initiator,promoter,YYANWYY,+,3141,3148
h4_chr1_117801428_117805523,Initiator,promoter,YYANWYY,+,3263,3270
h4_chr1_117801428_117805523,Initiator,promoter,YYANWYY,+,3346,3353
h4_chr1_117801428_117805523,Initiator,promoter,YYANWYY,+,3420,3427
h4_chr1_117801428_117805523,Initiator,promoter,YYANWYY,+,3531,3538
h4_chr1_117801428_117805523,Initiator,promoter,YYANWYY,+,3536,3543
h4_chr1_117801428_117805523,Initiator,promoter,YYANWYY,+,3558,3565
h4_chr1_117801428_117805523,Initiator,promoter,YYANWYY,+,3593,3600
h4_chr1_117801428_117805523,Initiator,promoter,YYANWYY,+,3744,3751
h4_chr1_117801428_117805523,Initiator,promoter,YYANWYY,+,3865,3872
h4_chr1_117801428_117805523,Initiator,promoter,YYANWYY,+,3870,3877
h4_chr1_117801428_117805523,Initiator,promoter,YYANWYY,+,3875,3882
h4_chr1_117801428_117805523,Initiator,promoter,YYANWYY,-,67,74
h4_chr1_117801428_117805523,Initiator,promoter,YYANWYY,-,82,89
h4_chr1_117801428_117805523,Initiator,promoter,YYANWYY,-,135,142
h4_chr1_117801428_117805523,Initiator,promoter,YYANWYY,-,165,172
h4_chr1_117801428_117805523,Initiator,promoter,YYANWYY,-,244,251
h4_chr1_117801428_117805523,Initiator,promoter,YYANWYY,-,573,580
h4_chr1_117801428_117805523,Initiator,promoter,YYANWYY,-,784,791
h4_chr1_117801428_117805523,Initiator,promoter,YYANWYY,-,792,799
h4_chr1_117801428_117805523,Initiator,promoter,YYANWYY,-,803,810
h4_chr1_117801428_117805523,Initiator,promoter,YYANWYY,-,832,839
h4_chr1_117801428_117805523,Initiator,promoter,YYANWYY,-,892,899
h4_chr1_117801428_117805523,Initiator,promoter,YYANWYY,-,916,923
h4_chr1_117801428_117805523,Initiator,promoter,YYANWYY,-,1466,1473
h4_chr1_117801428_117805523,Initiator,promoter,YYANWYY,-,1531,1538
h4_chr1_117801428_117805523,Initiator,promoter,YYANWYY,-,1546,1553
h4_chr1_117801428_117805523,Initiator,promoter,YYANWYY,-,1607,1614
h4_chr1_117801428_117805523,Initiator,promoter,YYANWYY,-,1649,1656
h4_chr1_117801428_117805523,Initiator,promoter,YYANWYY,-,1733,1740
h4_chr1_117801428_117805523,Initiator,promoter,YYANWYY,-,1814,1821
h4_chr1_117801428_117805523,Initiator,promoter,YYANWYY,-,1819,1826
h4_chr1_117801428_117805523,Initiator,promoter,YYANWYY,-,2047,2054
h4_chr1_117801428_117805523,Initiator,promoter,YYANWYY,-,2052,2059
h4_chr1_117801428_117805523,Initiator,promoter,YYANWYY,-,2108,2115
h4_chr1_117801428_117805523,Initiator,promoter,YYANWYY,-,2122,2129
h4_chr1_117801428_117805523,Initiator,promoter,YYANWYY,-,2148,2155
h4_chr1_117801428_117805523,Initiator,promoter,YYANWYY,-,2153,2160
h4_chr1_117801428_117805523,Initiator,promoter,YYANWYY,-,2235,2242
h4_chr1_117801428_117805523,Initiator,promoter,YYANWYY,-,2368,2375
h4_chr1_117801428_117805523,Initiator,promoter,YYANWYY,-,2375,2382
h4_chr1_117801428_117805523,Initiator,promoter,YYANWYY,-,2412,2419
h4_chr1_117801428_117805523,Initiator,promoter,YYANWYY,-,2555,2562
h4_chr1_117801428_117805523,Initiator,promoter,YYANWYY,-,2565,2572
h4_chr1_117801428_117805523,Initiator,promoter,YYANWYY,-,2689,2696
h4_chr1_117801428_117805523,Initiator,promoter,YYANWYY,-,2986,2993
h4_chr1_117801428_117805523,Initiator,promoter,YYANWYY,-,3044,3051
h4_chr1_117801428_117805523,Initiator,promoter,YYANWYY,-,3069,3076
h4_chr1_117801428_117805523,Initiator,promoter,YYANWYY,-,3074,3081
h4_chr1_117801428_117805523,Initiator,promoter,YYANWYY,-,3091,3098
h4_chr1_117801428_117805523,Initiator,promoter,YYANWYY,-,3106,3113
h4_chr1_117801428_117805523,Initiator,promoter,YYANWYY,-,3130,3137
h4_chr1_117801428_117805523,Initiator,promoter,YYANWYY,-,3169,3176
h4_chr1_117801428_117805523,Initiator,promoter,YYANWYY,-,3185,3192
h4_chr1_117801428_117805523,Initiator,promoter,YYANWYY,-,3360,3367
h4_chr1_117801428_117805523,Initiator,promoter,YYANWYY,-,3485,3492
h4_chr1_117801428_117805523,Initiator,promoter,YYANWYY,-,3547,3554
h4_chr1_117801428_117805523,Initiator,promoter,YYANWYY,-,3625,3632
h4_chr1_117801428_117805523,Initiator,promoter,YYANWYY,-,3650,3657
h4_chr1_117801428_117805523,Initiator,promoter,YYANWYY,-,3675,3682
h4_chr1_117801428_117805523,Initiator,promoter,YYANWYY,-,3808,3815
h4_chr1_117801428_117805523,GATA,tfbs,WGATAR,+,248,254
h4_chr1_117801428_117805523,GATA,tfbs,WGATAR,+,311,317
h4_chr1_117801428_117805523,GATA,tfbs,WGATAR,+,434,440
h4_chr1_117801428_117805523,GATA,tfbs,WGATAR,+,638,644
h4_chr1_117801428_117805523,GATA,tfbs,WGATAR,+,2865,2871
h4_chr1_117801428_117805523,GATA,tfbs,WGATAR,+,3851,3857
h4_chr1_117801428_117805523,GATA,tfbs,WGATAR,-,602,608
h4_chr1_117801428_117805523,GATA,tfbs,WGATAR,-,861,867
h4_chr1_117801428_117805523,GATA,tfbs,WGATAR,-,1522,1528
h4_chr1_117801428_117805523,GATA,tfbs,WGATAR,-,3478,3484
h4_chr1_117801428_117805523,RUNX,tfbs,TGTGGT,+,2567,2573
h4_chr1_117801428_117805523,RUNX,tfbs,TGTGGT,-,2291,2297
h4_chr1_117801428_117805523,RUNX,tfbs,TGTGGT,-,3262,3268
h4_chr1_117801428_117805523,YY1,tfbs,CCATNTT,+,231,238
h4_chr1_117801428_117805523,YY1,tfbs,CCATNTT,+,3420,3427
h4_chr1_117801428_117805523,YY1,tfbs,CCATNTT,-,986,993
h4_chr1_117801428_117805523,YY1,tfbs,CCATNTT,-,2520,2527
h4_chr1_117801428_117805523,YY1,tfbs,CCATNTT,-,3231,3238
h4_chr1_188000709_188004804,TATA_box,promoter,TATAWAWR,-,2626,2634
h4_chr1_188000709_188004804,TATA_box,promoter,TATAWAWR,-,3935,3943
h4_chr1_188000709_188004804,Initiator,promoter,YYANWYY,+,49,56
h4_chr1_188000709_188004804,Initiator,promoter,YYANWYY,+,57,64
h4_chr1_188000709_188004804,Initiator,promoter,YYANWYY,+,71,78
h4_chr1_188000709_188004804,Initiator,promoter,YYANWYY,+,126,133
h4_chr1_188000709_188004804,Initiator,promoter,YYANWYY,+,131,138
h4_chr1_188000709_188004804,Initiator,promoter,YYANWYY,+,501,508
h4_chr1_188000709_188004804,Initiator,promoter,YYANWYY,+,516,523
h4_chr1_188000709_188004804,Initiator,promoter,YYANWYY,+,532,539
h4_chr1_188000709_188004804,Initiator,promoter,YYANWYY,+,546,553
h4_chr1_188000709_188004804,Initiator,promoter,YYANWYY,+,556,563
h4_chr1_188000709_188004804,Initiator,promoter,YYANWYY,+,768,775
h4_chr1_188000709_188004804,Initiator,promoter,YYANWYY,+,788,795
h4_chr1_188000709_188004804,Initiator,promoter,YYANWYY,+,812,819
h4_chr1_188000709_188004804,Initiator,promoter,YYANWYY,+,834,841
h4_chr1_188000709_188004804,Initiator,promoter,YYANWYY,+,859,866
h4_chr1_188000709_188004804,Initiator,promoter,YYANWYY,+,941,948
h4_chr1_188000709_188004804,Initiator,promoter,YYANWYY,+,946,953
h4_chr1_188000709_188004804,Initiator,promoter,YYANWYY,+,952,959
h4_chr1_188000709_188004804,Initiator,promoter,YYANWYY,+,960,967
h4_chr1_188000709_188004804,Initiator,promoter,YYANWYY,+,986,993
h4_chr1_188000709_188004804,Initiator,promoter,YYANWYY,+,1082,1089
h4_chr1_188000709_188004804,Initiator,promoter,YYANWYY,+,1110,1117
h4_chr1_188000709_188004804,Initiator,promoter,YYANWYY,+,1152,1159
h4_chr1_188000709_188004804,Initiator,promoter,YYANWYY,+,1157,1164
h4_chr1_188000709_188004804,Initiator,promoter,YYANWYY,+,1187,1194
h4_chr1_188000709_188004804,Initiator,promoter,YYANWYY,+,1221,1228
h4_chr1_188000709_188004804,Initiator,promoter,YYANWYY,+,1229,1236
h4_chr1_188000709_188004804,Initiator,promoter,YYANWYY,+,1294,1301
h4_chr1_188000709_188004804,Initiator,promoter,YYANWYY,+,1391,1398
h4_chr1_188000709_188004804,Initiator,promoter,YYANWYY,+,1500,1507
h4_chr1_188000709_188004804,Initiator,promoter,YYANWYY,+,1534,1541
h4_chr1_188000709_188004804,Initiator,promoter,YYANWYY,+,1539,1546
h4_chr1_188000709_188004804,Initiator,promoter,YYANWYY,+,1546,1553
h4_chr1_188000709_188004804,Initiator,promoter,YYANWYY,+,1565,1572
h4_chr1_188000709_188004804,Initiator,promoter,YYANWYY,+,1604,1611
h4_chr1_188000709_188004804,Initiator,promoter,YYANWYY,+,1610,1617
h4_chr1_188000709_188004804,Initiator,promoter,YYANWYY,+,1650,1657
h4_chr1_188000709_188004804,Initiator,promoter,YYANWYY,+,1688,1695
h4_chr1_188000709_188004804,Initiator,promoter,YYANWYY,+,1726,1733
h4_chr1_188000709_188004804,Initiator,promoter,YYANWYY,+,1789,1796
h4_chr1_188000709_188004804,Initiator,promoter,YYANWYY,+,1905,1912
h4_chr1_188000709_188004804,Initiator,promoter,YYANWYY,+,1917,1924
h4_chr1_188000709_188004804,Initiator,promoter,YYANWYY,+,1944,1951
h4_chr1_188000709_188004804,Initiator,promoter,YYANWYY,+,2082,2089
h4_chr1_188000709_188004804,Initiator,promoter,YYANWYY,+,2142,2149
h4_chr1_188000709_188004804,Initiator,promoter,YYANWYY,+,2148,2155
h4_chr1_188000709_188004804,Initiator,promoter,YYANWYY,+,2170,2177
h4_chr1_188000709_188004804,Initiator,promoter,YYANWYY,+,2212,2219
h4_chr1_188000709_188004804,Initiator,promoter,YYANWYY,+,2267,2274
h4_chr1_188000709_188004804,Initiator,promoter,YYANWYY,+,2282,2289
h4_chr1_188000709_188004804,Initiator,promoter,YYANWYY,+,2287,2294
h4_chr1_188000709_188004804,Initiator,promoter,YYANWYY,+,2312,2319
h4_chr1_188000709_188004804,Initiator,promoter,YYANWYY,+,2317,2324
h4_chr1_188000709_188004804,Initiator,promoter,YYANWYY,+,2324,2331
h4_chr1_188000709_188004804,Initiator,promoter,YYANWYY,+,2343,2350
h4_chr1_188000709_188004804,Initiator,promoter,YYANWYY,+,2481,2488
h4_chr1_188000709_188004804,Initiator,promoter,YYANWYY,+,2574,2581
h4_chr1_188000709_188004804,Initiator,promoter,YYANWYY,+,2623,2630
h4_chr1_188000709_188004804,Initiator,promoter,YYANWYY,+,2629,2636
h4_chr1_188000709_188004804,Initiator,promoter,YYANWYY,+,2640,2647
h4_chr1_188000709_188004804,Initiator,promoter,YYANWYY,+,2701,2708
h4_chr1_188000709_188004804,Initiator,promoter,YYANWYY,+,2784,2791
h4_chr1_188000709_188004804,Initiator,promoter,YYANWYY,+,2840,2847
h4_chr1_188000709_188004804,Initiator,promoter,YYANWYY,+,2858,2865
h4_chr1_188000709_188004804,Initiator,promoter,YYANWYY,+,3136,3143
h4_chr1_188000709_188004804,Initiator,promoter,YYANWYY,+,3187,3194
h4_chr1_188000709_188004804,Initiator,promoter,YYANWYY,+,3228,3235
h4_chr1_188000709_188004804,Initiator,promoter,YYANWYY,+,3244,3251
h4_chr1_188000709_188004804,Initiator,promoter,YYANWYY,+,3265,3272
h4_chr1_188000709_188004804,Initiator,promoter,YYANWYY,+,3333,3340
h4_chr1_188000709_188004804,Initiator,promoter,YYANWYY,+,3412,3419
h4_chr1_188000709_188004804,Initiator,promoter,YYANWYY,+,3439,3446
h4_chr1_188000709_188004804,Initiator,promoter,YYANWYY,+,3554,3561
h4_chr1_188000709_188004804,Initiator,promoter,YYANWYY,+,3577,3584
h4_chr1_188000709_188004804,Initiator,promoter,YYANWYY,+,3670,3677
h4_chr1_188000709_188004804,Initiator,promoter,YYANWYY,+,3724,3731
h4_chr1_188000709_188004804,Initiator,promoter,YYANWYY,+,3737,3744
h4_chr1_188000709_188004804,Initiator,promoter,YYANWYY,+,3770,3777
h4_chr1_188000709_188004804,Initiator,promoter,YYANWYY,+,3810,3817
h4_chr1_188000709_188004804,Initiator,promoter,YYANWYY,+,3824,3831
h4_chr1_188000709_188004804,Initiator,promoter,YYANWYY,+,3898,3905
h4_chr1_188000709_188004804,Initiator,promoter,YYANWYY,+,3938,3945
h4_chr1_188000709_188004804,Initiator,promoter,YYANWYY,+,3985,3992
h4_chr1_188000709_188004804,Initiator,promoter,YYANWYY,+,4015,4022
h4_chr1_188000709_188004804,Initiator,promoter,YYANWYY,-,59,66
h4_chr1_188000709_188004804,Initiator,promoter,YYANWYY,-,73,80
h4_chr1_188000709_188004804,Initiator,promoter,YYANWYY,-,312,319
h4_chr1_188000709_188004804,Initiator,promoter,YYANWYY,-,373,380
h4_chr1_188000709_188004804,Initiator,promoter,YYANWYY,-,803,810
h4_chr1_188000709_188004804,Initiator,promoter,YYANWYY,-,872,879
h4_chr1_188000709_188004804,Initiator,promoter,YYANWYY,-,877,884
h4_chr1_188000709_188004804,Initiator,promoter,YYANWYY,-,884,891
h4_chr1_188000709_188004804,Initiator,promoter,YYANWYY,-,930,937
h4_chr1_188000709_188004804,Initiator,promoter,YYANWYY,-,1251,1258
h4_chr1_188000709_188004804,Initiator,promoter,YYANWYY,-,1581,1588
h4_chr1_188000709_188004804,Initiator,promoter,YYANWYY,-,1661,1668
h4_chr1_188000709_188004804,Initiator,promoter,YYANWYY,-,1946,1953
h4_chr1_188000709_188004804,Initiator,promoter,YYANWYY,-,2085,2092
h4_chr1_188000709_188004804,Initiator,promoter,YYANWYY,-,2124,2131
h4_chr1_188000709_188004804,Initiator,promoter,YYANWYY,-,2669,2676
h4_chr1_188000709_188004804,Initiator,promoter,YYANWYY,-,2681,2688
h4_chr1_188000709_188004804,Initiator,promoter,YYANWYY,-,2758,2765
h4_chr1_188000709_188004804,Initiator,promoter,YYANWYY,-,2796,2803
h4_chr1_188000709_188004804,Initiator,promoter,YYANWYY,-,2837,2844
h4_chr1_188000709_188004804,Initiator,promoter,YYANWYY,-,2842,2849
h4_chr1_188000709_188004804,Initiator,promoter,YYANWYY,-,2851,2858
h4_chr1_188000709_188004804,Initiator,promoter,YYANWYY,-,3139,3146
h4_chr1_188000709_188004804,Initiator,promoter,YYANWYY,-,3210,3217
h4_chr1_188000709_188004804,Initiator,promoter,YYANWYY,-,3230,3237
h4_chr1_188000709_188004804,Initiator,promoter,YYANWYY,-,3295,3302
h4_chr1_188000709_188004804,Initiator,promoter,YYANWYY,-,3301,3308
h4_chr1_188000709_188004804,Initiator,promoter,YYANWYY,-,3310,3317
h4_chr1_188000709_188004804,Initiator,promoter,YYANWYY,-,3372,3379
h4_chr1_188000709_188004804,Initiator,promoter,YYANWYY,-,3688,3695
h4_chr1_188000709_188004804,Initiator,promoter,YYANWYY,-,3693,3700
h4_chr1_188000709_188004804,Initiator,promoter,YYANWYY,-,3727,3734
h4_chr1_188000709_188004804,Initiator,promoter,YYANWYY,-,3759,3766
h4_chr1_188000709_188004804,Initiator,promoter,YYANWYY,-,3840,3847
h4_chr1_188000709_188004804,Initiator,promoter,YYANWYY,-,4043,4050
h4_chr1_188000709_188004804,BREu,promoter,SSRCGCC,+,333,340
h4_chr1_188000709_188004804,BREu,promoter,SSRCGCC,+,2467,2474
h4_chr1_188000709_188004804,BREu,promoter,SSRCGCC,-,188,195
h4_chr1_188000709_188004804,GC_box,promoter,GGGCGG,+,236,242
h4_chr1_188000709_188004804,GATA,tfbs,WGATAR,+,1707,1713
h4_chr1_188000709_188004804,GATA,tfbs,WGATAR,+,2685,2691
h4_chr1_188000709_188004804,GATA,tfbs,WGATAR,-,164,170
h4_chr1_188000709_188004804,GATA,tfbs,WGATAR,-,897,903
h4_chr1_188000709_188004804,GATA,tfbs,WGATAR,-,908,914
h4_chr1_188000709_188004804,GATA,tfbs,WGATAR,-,912,918
h4_chr1_188000709_188004804,GATA,tfbs,WGATAR,-,916,922
h4_chr1_188000709_188004804,GATA,tfbs,WGATAR,-,924,930
h4_chr1_188000709_188004804,GATA,tfbs,WGATAR,-,938,944
h4_chr1_188000709_188004804,GATA,tfbs,WGATAR,-,2051,2057
h4_chr1_188000709_188004804,GATA,tfbs,WGATAR,-,2882,2888
h4_chr1_188000709_188004804,GATA,tfbs,WGATAR,-,3461,3467
h4_chr1_188000709_188004804,GATA,tfbs,WGATAR,-,3483,3489
h4_chr1_188000709_188004804,GATA,tfbs,WGATAR,-,3582,3588
h4_chr1_188000709_188004804,GATA,tfbs,WGATAR,-,3626,3632
h4_chr1_188000709_188004804,GATA,tfbs,WGATAR,-,3705,3711
h4_chr1_188000709_188004804,RUNX,tfbs,TGTGGT,+,1681,1687
h4_chr1_188000709_188004804,RUNX,tfbs,TGTGGT,+,2161,2167
h4_chr1_188000709_188004804,YY1,tfbs,CCATNTT,+,2101,2108
h4_chr1_188000709_188004804,YY1,tfbs,CCATNTT,-,2124,2131
h4_chr1_236620149_236624244,TATA_box,promoter,TATAWAWR,+,41,49
h4_chr1_236620149_236624244,TATA_box,promoter,TATAWAWR,+,1396,1404
h4_chr1_236620149_236624244,TATA_box,promoter,TATAWAWR,+,2070,2078
h4_chr1_236620149_236624244,TATA_box,promoter,TATAWAWR,+,2072,2080
h4_chr1_236620149_236624244,TATA_box,promoter,TATAWAWR,-,2070,2078
h4_chr1_236620149_236624244,TATA_box,promoter,TATAWAWR,-,3590,3598
h4_chr1_236620149_236624244,Initiator,promoter,YYANWYY,+,219,226
h4_chr1_236620149_236624244,Initiator,promoter,YYANWYY,+,254,261
h4_chr1_236620149_236624244,Initiator,promoter,YYANWYY,+,275,282
h4_chr1_236620149_236624244,Initiator,promoter,YYANWYY,+,327,334
h4_chr1_236620149_236624244,Initiator,promoter,YYANWYY,+,460,467
h4_chr1_236620149_236624244,Initiator,promoter,YYANWYY,+,465,472
h4_chr1_236620149_236624244,Initiator,promoter,YYANWYY,+,610,617
h4_chr1_236620149_236624244,Initiator,promoter,YYANWYY,+,690,697
h4_chr1_236620149_236624244,Initiator,promoter,YYANWYY,+,707,714
h4_chr1_236620149_236624244,Initiator,promoter,YYANWYY,+,794,801
h4_chr1_236620149_236624244,Initiator,promoter,YYANWYY,+,817,824
h4_chr1_236620149_236624244,Initiator,promoter,YYANWYY,+,829,836
h4_chr1_236620149_236624244,Initiator,promoter,YYANWYY,+,875,882
h4_chr1_236620149_236624244,Initiator,promoter,YYANWYY,+,896,903
h4_chr1_236620149_236624244,Initiator,promoter,YYANWYY,+,1094,1101
h4_chr1_236620149_236624244,Initiator,promoter,YYANWYY,+,1099,1106
h4_chr1_236620149_236624244,Initiator,promoter,YYANWYY,+,1300,1307
h4_chr1_236620149_236624244,Initiator,promoter,YYANWYY,+,1373,1380
h4_chr1_236620149_236624244,Initiator,promoter,YYANWYY,+,1554,1561
h4_chr1_236620149_236624244,Initiator,promoter,YYANWYY,+,1661,1668
h4_chr1_236620149_236624244,Initiator,promoter,YYANWYY,+,1667,1674
h4_chr1_236620149_236624244,Initiator,promoter,YYANWYY,+,1673,1680
h4_chr1_236620149_236624244,Initiator,promoter,YYANWYY,+,1889,1896
h4_chr1_236620149_236624244,Initiator,promoter,YYANWYY,+,2083,2090
h4_chr1_236620149_236624244,Initiator,promoter,YYANWYY,+,2205,2212
h4_chr1_236620149_236624244,Initiator,promoter,YYANWYY,+,2809,2816
h4_chr1_236620149_236624244,Initiator,promoter,YYANWYY,+,3368,3375
h4_chr1_236620149_236624244,Initiator,promoter,YYANWYY,+,3377,3384
h4_chr1_236620149_236624244,Initiator,promoter,YYANWYY,+,3508,3515
h4_chr1_236620149_236624244,Initiator,promoter,YYANWYY,+,3593,3600
h4_chr1_236620149_236624244,Initiator,promoter,YYANWYY,+,3602,3609
h4_chr1_236620149_236624244,Initiator,promoter,YYANWYY,+,3651,3658
h4_chr1_236620149_236624244,Initiator,promoter,YYANWYY,+,3659,3666
h4_chr1_236620149_236624244,Initiator,promoter,YYANWYY,+,3721,3728
h4_chr1_236620149_236624244,Initiator,promoter,YYANWYY,+,3726,3733
h4_chr1_236620149_236624244,Initiator,promoter,YYANWYY,+,3858,3865
h4_chr1_236620149_236624244,Initiator,promoter,YYANWYY,-,46,53
h4_chr1_236620149_236624244,Initiator,promoter,YYANWYY,-,65,72
h4_chr1_236620149_236624244,Initiator,promoter,YYANWYY,-,189,196
h4_chr1_236620149_236624244,Initiator,promoter,YYANWYY,-,216,223
h4_chr1_236620149_236624244,Initiator,promoter,YYANWYY,-,256,263
h4_chr1_236620149_236624244,Initiator,promoter,YYANWYY,-,309,316
h4_chr1_236620149_236624244,Initiator,promoter,YYANWYY,-,489,496
h4_chr1_236620149_236624244,Initiator,promoter,YYANWYY,-,494,501
h4_chr1_236620149_236624244,Initiator,promoter,YYANWYY,-,519,526
h4_chr1_236620149_236624244,Initiator,promoter,YYANWYY,-,621,628
h4_chr1_236620149_236624244,Initiator,promoter,YYANWYY,-,723,730
h4_chr1_236620149_236624244,Initiator,promoter,YYANWYY,-,728,735
h4_chr1_236620149_236624244,Initiator,promoter,YYANWYY,-,762,769
h4_chr1_236620149_236624244,Initiator,promoter,YYANWYY,-,776,783
h4_chr1_236620149_236624244,Initiator,promoter,YYANWYY,-,857,864
h4_chr1_236620149_236624244,Initiator,promoter,YYANWYY,-,950,957
h4_chr1_236620149_236624244,Initiator,promoter,YYANWYY,-,988,995
h4_chr1_236620149_236624244,Initiator,promoter,YYANWYY,-,1005,1012
h4_chr1_236620149_236624244,Initiator,promoter,YYANWYY,-,1018,1025
h4_chr1_236620149_236624244,Initiator,promoter,YYANWYY,-,1060,1067
h4_chr1_236620149_236624244,Initiator,promoter,YYANWYY,-,1238,1245
h4_chr1_236620149_236624244,Initiator,promoter,YYANWYY,-,1284,1291
h4_chr1_236620149_236624244,Initiator,promoter,YYANWYY,-,1334,1341
h4_chr1_236620149_236624244,Initiator,promoter,YYANWYY,-,1366,1373
h4_chr1_236620149_236624244,Initiator,promoter,YYANWYY,-,1417,1424
h4_chr1_236620149_236624244,Initiator,promoter,YYANWYY,-,1508,1515
h4_chr1_236620149_236624244,Initiator,promoter,YYANWYY,-,1575,1582
h4_chr1_236620149_236624244,Initiator,promoter,YYANWYY,-,1693,1700
h4_chr1_236620149_236624244,Initiator,promoter,YYANWYY,-,1886,1893
h4_chr1_236620149_236624244,Initiator,promoter,YYANWYY,-,2225,2232
h4_chr1_236620149_236624244,Initiator,promoter,YYANWYY,-,2460,2467
h4_chr1_236620149_236624244,Initiator,promoter,YYANWYY,-,2484,2491
h4_chr1_236620149_236624244,Initiator,promoter,YYANWYY,-,2497,2504
h4_chr1_236620149_236624244,Initiator,promoter,YYANWYY,-,2596,2603
h4_chr1_236620149_236624244,Initiator,promoter,YYANWYY,-,2636,2643
h4_chr1_236620149_236624244,Initiator,promoter,YYANWYY,-,2653,2660
h4_chr1_236620149_236624244,Initiator,promoter,YYANWYY,-,2666,2673
h4_chr1_236620149_236624244,Initiator,promoter,YYANWYY,-,2695,2702
h4_chr1_236620149_236624244,Initiator,promoter,YYANWYY,-,2831,2838
h4_chr1_236620149_236624244,Initiator,promoter,YYANWYY,-,2850,2857
h4_chr1_236620149_236624244,Initiator,promoter,YYANWYY,-,2861,2868
h4_chr1_236620149_236624244,Initiator,promoter,YYANWYY,-,2874,2881
h4_chr1_236620149_236624244,Initiator,promoter,YYANWYY,-,2908,2915
h4_chr1_236620149_236624244,Initiator,promoter,YYANWYY,-,2978,2985
h4_chr1_236620149_236624244,Initiator,promoter,YYANWYY,-,3010,3017
h4_chr1_236620149_236624244,Initiator,promoter,YYANWYY,-,3113,3120
h4_chr1_236620149_236624244,Initiator,promoter,YYANWYY,-,3148,3155
h4_chr1_236620149_236624244,Initiator,promoter,YYANWYY,-,3235,3242
h4_chr1_236620149_236624244,Initiator,promoter,YYANWYY,-,3254,3261
h4_chr1_236620149_236624244,Initiator,promoter,YYANWYY,-,3351,3358
h4_chr1_236620149_236624244,Initiator,promoter,YYANWYY,-,3525,3532
h4_chr1_236620149_236624244,Initiator,promoter,YYANWYY,-,3672,3679
h4_chr1_236620149_236624244,Initiator,promoter,YYANWYY,-,3679,3686
h4_chr1_236620149_236624244,Initiator,promoter,YYANWYY,-,3723,3730
h4_chr1_236620149_236624244,Initiator,promoter,YYANWYY,-,3750,3757
h4_chr1_236620149_236624244,Initiator,promoter,YYANWYY,-,3890,3897
h4_chr1_236620149_236624244,Initiator,promoter,YYANWYY,-,3961,3968
h4_chr1_236620149_236624244,Initiator,promoter,YYANWYY,-,3968,3975
h4_chr1_236620149_236624244,Initiator,promoter,YYANWYY,-,3982,3989
h4_chr1_236620149_236624244,AP1,tfbs,TGASTCA,+,3453,3460
h4_chr1_236620149_236624244,AP1,tfbs,TGASTCA,+,3854,3861
h4_chr1_236620149_236624244,GATA,tfbs,WGATAR,+,783,789
h4_chr1_236620149_236624244,GATA,tfbs,WGATAR,+,1196,1202
h4_chr1_236620149_236624244,GATA,tfbs,WGATAR,+,1288,1294
h4_chr1_236620149_236624244,GATA,tfbs,WGATAR,+,2971,2977
h4_chr1_236620149_236624244,GATA,tfbs,WGATAR,+,3017,3023
h4_chr1_236620149_236624244,GATA,tfbs,WGATAR,+,3250,3256
h4_chr1_236620149_236624244,GATA,tfbs,WGATAR,+,3691,3697
h4_chr1_236620149_236624244,GATA,tfbs,WGATAR,+,3793,3799
h4_chr1_236620149_236624244,GATA,tfbs,WGATAR,+,3812,3818
h4_chr1_236620149_236624244,GATA,tfbs,WGATAR,-,1350,1356
h4_chr1_236620149_236624244,RUNX,tfbs,TGTGGT,+,67,73
h4_chr1_236620149_236624244,RUNX,tfbs,TGTGGT,+,594,600
h4_chr1_236620149_236624244,RUNX,tfbs,TGTGGT,+,947,953
h4_chr1_236620149_236624244,RUNX,tfbs,TGTGGT,-,2244,2250
h4_chr1_236620149_236624244,YY1,tfbs,CCATNTT,+,2107,2114
h4_chr1_236620149_236624244,YY1,tfbs,CCATNTT,-,20,27
h4_chr14_101543080_101547175,Initiator,promoter,YYANWYY,+,544,551
h4_chr14_101543080_101547175,Initiator,promoter,YYANWYY,+,572,579
h4_chr14_101543080_101547175,Initiator,promoter,YYANWYY,+,1010,1017
h4_chr14_101543080_101547175,Initiator,promoter,YYANWYY,+,1052,1059
h4_chr14_101543080_101547175,Initiator,promoter,YYANWYY,+,1134,1141
h4_chr14_101543080_101547175,Initiator,promoter,YYANWYY,+,1142,1149
h4_chr14_101543080_101547175,Initiator,promoter,YYANWYY,+,1453,1460
h4_chr14_101543080_101547175,Initiator,promoter,YYANWYY,+,1458,1465
h4_chr14_101543080_101547175,Initiator,promoter,YYANWYY,+,1499,1506
h4_chr14_101543080_101547175,Initiator,promoter,YYANWYY,+,1522,1529
h4_chr14_101543080_101547175,Initiator,promoter,YYANWYY,+,1553,1560
h4_chr14_101543080_101547175,Initiator,promoter,YYANWYY,+,1574,1581
h4_chr14_101543080_101547175,Initiator,promoter,YYANWYY,+,1942,1949
h4_chr14_101543080_101547175,Initiator,promoter,YYANWYY,+,1978,1985
h4_chr14_101543080_101547175,Initiator,promoter,YYANWYY,+,1983,1990
h4_chr14_101543080_101547175,Initiator,promoter,YYANWYY,+,2024,2031
h4_chr14_101543080_101547175,Initiator,promoter,YYANWYY,+,2074,2081
h4_chr14_101543080_101547175,Initiator,promoter,YYANWYY,+,2392,2399
h4_chr14_101543080_101547175,Initiator,promoter,YYANWYY,+,2514,2521
h4_chr14_101543080_101547175,Initiator,promoter,YYANWYY,+,2582,2589
h4_chr14_101543080_101547175,Initiator,promoter,YYANWYY,+,2600,2607
h4_chr14_101543080_101547175,Initiator,promoter,YYANWYY,+,2674,2681
h4_chr14_101543080_101547175,Initiator,promoter,YYANWYY,+,2884,2891
h4_chr14_101543080_101547175,Initiator,promoter,YYANWYY,+,2922,2929
h4_chr14_101543080_101547175,Initiator,promoter,YYANWYY,+,3146,3153
h4_chr14_101543080_101547175,Initiator,promoter,YYANWYY,+,3166,3173
h4_chr14_101543080_101547175,Initiator,promoter,YYANWYY,+,3250,3257
h4_chr14_101543080_101547175,Initiator,promoter,YYANWYY,+,3371,3378
h4_chr14_101543080_101547175,Initiator,promoter,YYANWYY,+,3870,3877
h4_chr14_101543080_101547175,Initiator,promoter,YYANWYY,-,49,56
h4_chr14_101543080_101547175,Initiator,promoter,YYANWYY,-,66,73
h4_chr14_101543080_101547175,Initiator,promoter,YYANWYY,-,101,108
h4_chr14_101543080_101547175,Initiator,promoter,YYANWYY,-,141,148
h4_chr14_101543080_101547175,Initiator,promoter,YYANWYY,-,337,344
h4_chr14_101543080_101547175,Initiator,promoter,YYANWYY,-,471,478
h4_chr14_101543080_101547175,Initiator,promoter,YYANWYY,-,604,611
h4_chr14_101543080_101547175,Initiator,promoter,YYANWYY,-,624,631
h4_chr14_101543080_101547175,Initiator,promoter,YYANWYY,-,656,663
h4_chr14_101543080_101547175,Initiator,promoter,YYANWYY,-,661,668
h4_chr14_101543080_101547175,Initiator,promoter,YYANWYY,-,666,673
h4_chr14_101543080_101547175,Initiator,promoter,YYANWYY,-,687,694
h4_chr14_101543080_101547175,Initiator,promoter,YYANWYY,-,706,713
h4_chr14_101543080_101547175,Initiator,promoter,YYANWYY,-,712,719
h4_chr14_101543080_101547175,Initiator,promoter,YYANWYY,-,717,724
h4_chr14_101543080_101547175,Initiator,promoter,YYANWYY,-,884,891
h4_chr14_101543080_101547175,Initiator,promoter,YYANWYY,-,900,907
h4_chr14_101543080_101547175,Initiator,promoter,YYANWYY,-,982,989
h4_chr14_101543080_101547175,Initiator,promoter,YYANWYY,-,1171,1178
h4_chr14_101543080_101547175,Initiator,promoter,YYANWYY,-,1187,1194
h4_chr14_101543080_101547175,Initiator,promoter,YYANWYY,-,1224,1231
h4_chr14_101543080_101547175,Initiator,promoter,YYANWYY,-,1258,1265
h4_chr14_101543080_101547175,Initiator,promoter,YYANWYY,-,1362,1369
h4_chr14_101543080_101547175,Initiator,promoter,YYANWYY,-,1455,1462
h4_chr14_101543080_101547175,Initiator,promoter,YYANWYY,-,1555,1562
h4_chr14_101543080_101547175,Initiator,promoter,YYANWYY,-,1560,1567
h4_chr14_101543080_101547175,Initiator,promoter,YYANWYY,-,1735,1742
h4_chr14_101543080_101547175,Initiator,promoter,YYANWYY,-,1825,1832
h4_chr14_101543080_101547175,Initiator,promoter,YYANWYY,-,1958,1965
h4_chr14_101543080_101547175,Initiator,promoter,YYANWYY,-,2213,2220
h4_chr14_101543080_101547175,Initiator,promoter,YYANWYY,-,2235,2242
h4_chr14_101543080_101547175,Initiator,promoter,YYANWYY,-,2424,2431
h4_chr14_101543080_101547175,Initiator,promoter,YYANWYY,-,2602,2609
h4_chr14_101543080_101547175,Initiator,promoter,YYANWYY,-,2964,2971
h4_chr14_101543080_101547175,Initiator,promoter,YYANWYY,-,2973,2980
h4_chr14_101543080_101547175,Initiator,promoter,YYANWYY,-,3042,3049
h4_chr14_101543080_101547175,Initiator,promoter,YYANWYY,-,3275,3282
h4_chr14_101543080_101547175,Initiator,promoter,YYANWYY,-,3956,3963
h4_chr14_101543080_101547175,Initiator,promoter,YYANWYY,-,4073,4080
h4_chr14_101543080_101547175,BREu,promoter,SSRCGCC,+,1789,1796
h4_chr14_101543080_101547175,BREu,promoter,SSRCGCC,+,1863,1870
h4_chr14_101543080_101547175,BREu,promoter,SSRCGCC,+,2769,2776
h4_chr14_101543080_101547175,BREu,promoter,SSRCGCC,+,2843,2850
h4_chr14_101543080_101547175,E_box,tfbs,CACGTG,+,3341,3347
h4_chr14_101543080_101547175,GC_box,promoter,GGGCGG,+,171,177
h4_chr14_101543080_101547175,GC_box,promoter,GGGCGG,+,3856,3862
h4_chr14_101543080_101547175,GC_box,promoter,GGGCGG,-,3007,3013
h4_chr14_101543080_101547175,GC_box,promoter,GGGCGG,-,3011,3017
h4_chr14_101543080_101547175,NFkB,tfbs,GGGRNNYYCC,+,2366,2376
h4_chr14_101543080_101547175,NFkB,tfbs,GGGRNNYYCC,+,2564,2574
h4_chr14_101543080_101547175,NFkB,tfbs,GGGRNNYYCC,-,2366,2376
h4_chr14_101543080_101547175,GATA,tfbs,WGATAR,+,1829,1835
h4_chr14_101543080_101547175,GATA,tfbs,WGATAR,+,3284,3290
h4_chr14_101543080_101547175,GATA,tfbs,WGATAR,-,1353,1359
h4_chr14_101543080_101547175,GATA,tfbs,WGATAR,-,1480,1486
h4_chr14_101543080_101547175,GATA,tfbs,WGATAR,-,1620,1626
h4_chr14_101543080_101547175,GATA,tfbs,WGATAR,-,2912,2918
h4_chr14_101543080_101547175,RUNX,tfbs,TGTGGT,+,886,892
h4_chr14_101543080_101547175,RUNX,tfbs,TGTGGT,-,495,501
h4_chr14_101543080_101547175,RUNX,tfbs,TGTGGT,-,1402,1408
h4_chr14_101543080_101547175,RUNX,tfbs,TGTGGT,-,1753,1759
h4_chr14_101543080_101547175,RUNX,tfbs,TGTGGT,-,2819,2825
h4_chr14_101543080_101547175,YY1,tfbs,CCATNTT,+,2334,2341
h4_chr14_101543080_101547175,YY1,tfbs,CCATNTT,-,900,907
h4_chr14_101543080_101547175,YY1,tfbs,CCATNTT,-,1224,1231
h4_chr14_101543080_101547175,YY1,tfbs,CCATNTT,-,1362,1369
h4_chr14_26677340_26681435,TATA_box,promoter,TATAWAWR,-,3081,3089
h4_chr14_26677340_26681435,Initiator,promoter,YYANWYY,+,36,43
h4_chr14_26677340_26681435,Initiator,promoter,YYANWYY,+,68,75
h4_chr14_26677340_26681435,Initiator,promoter,YYANWYY,+,84,91
h4_chr14_26677340_26681435,Initiator,promoter,YYANWYY,+,218,225
h4_chr14_26677340_26681435,Initiator,promoter,YYANWYY,+,242,249
h4_chr14_26677340_26681435,Initiator,promoter,YYANWYY,+,309,316
h4_chr14_26677340_26681435,Initiator,promoter,YYANWYY,+,353,360
h4_chr14_26677340_26681435,Initiator,promoter,YYANWYY,+,384,391
h4_chr14_26677340_26681435,Initiator,promoter,YYANWYY,+,422,429
h4_chr14_26677340_26681435,Initiator,promoter,YYANWYY,+,428,435
h4_chr14_26677340_26681435,Initiator,promoter,YYANWYY,+,533,540
h4_chr14_26677340_26681435,Initiator,promoter,YYANWYY,+,601,608
h4_chr14_26677340_26681435,Initiator,promoter,YYANWYY,+,651,658
h4_chr14_26677340_26681435,Initiator,promoter,YYANWYY,+,673,680
h4_chr14_26677340_26681435,Initiator,promoter,YYANWYY,+,683,690
h4_chr14_26677340_26681435,Initiator,promoter,YYANWYY,+,697,704
h4_chr14_26677340_26681435,Initiator,promoter,YYANWYY,+,716,723
h4_chr14_26677340_26681435,Initiator,promoter,YYANWYY,+,725,732
h4_chr14_26677340_26681435,Initiator,promoter,YYANWYY,+,860,867
h4_chr14_26677340_26681435,Initiator,promoter,YYANWYY,+,881,888
h4_chr14_26677340_26681435,Initiator,promoter,YYANWYY,+,988,995
h4_chr14_26677340_26681435,Initiator,promoter,YYANWYY,+,1072,1079
h4_chr14_26677340_26681435,Initiator,promoter,YYANWYY,+,1115,1122
h4_chr14_26677340_26681435,Initiator,promoter,YYANWYY,+,1181,1188
h4_chr14_26677340_26681435,Initiator,promoter,YYANWYY,+,1339,1346
h4_chr14_26677340_26681435,Initiator,promoter,YYANWYY,+,1508,1515
h4_chr14_26677340_26681435,Initiator,promoter,YYANWYY,+,1604,1611
h4_chr14_26677340_26681435,Initiator,promoter,YYANWYY,+,2077,2084
h4_chr14_26677340_26681435,Initiator,promoter,YYANWYY,+,2103,2110
h4_chr14_26677340_26681435,Initiator,promoter,YYANWYY,+,2204,2211
h4_chr14_26677340_26681435,Initiator,promoter,YYANWYY,+,2212,2219
h4_chr14_26677340_26681435,Initiator,promoter,YYANWYY,+,2238,2245
h4_chr14_26677340_26681435,Initiator,promoter,YYANWYY,+,2300,2307
h4_chr14_26677340_26681435,Initiator,promoter,YYANWYY,+,2367,2374
h4_chr14_26677340_26681435,Initiator,promoter,YYANWYY,+,2394,2401
h4_chr14_26677340_26681435,Initiator,promoter,YYANWYY,+,2400,2407
h4_chr14_26677340_26681435,Initiator,promoter,YYANWYY,+,2405,2412
h4_chr14_26677340_26681435,Initiator,promoter,YYANWYY,+,2413,2420
h4_chr14_26677340_26681435,Initiator,promoter,YYANWYY,+,2457,2464
h4_chr14_26677340_26681435,Initiator,promoter,YYANWYY,+,2496,2503
h4_chr14_26677340_26681435,Initiator,promoter,YYANWYY,+,2507,2514
h4_chr14_26677340_26681435,Initiator,promoter,YYANWYY,+,2522,2529
h4_chr14_26677340_26681435,Initiator,promoter,YYANWYY,+,2529,2536
h4_chr14_26677340_26681435,Initiator,promoter,YYANWYY,+,2536,2543
h4_chr14_26677340_26681435,Initiator,promoter,YYANWYY,+,2556,2563
h4_chr14_26677340_26681435,Initiator,promoter,YYANWYY,+,2583,2590
h4_chr14_26677340_26681435,Initiator,promoter,YYANWYY,+,2610,2617
h4_chr14_26677340_26681435,Initiator,promoter,YYANWYY,+,2633,2640
h4_chr14_26677340_26681435,Initiator,promoter,YYANWYY,+,2667,2674
h4_chr14_26677340_26681435,Initiator,promoter,YYANWYY,+,2681,2688
h4_chr14_26677340_26681435,Initiator,promoter,YYANWYY,+,2697,2704
h4_chr14_26677340_26681435,Initiator,promoter,YYANWYY,+,2757,2764
h4_chr14_26677340_26681435,Initiator,promoter,YYANWYY,+,2795,2802
h4_chr14_26677340_26681435,Initiator,promoter,YYANWYY,+,2873,2880
h4_chr14_26677340_26681435,Initiator,promoter,YYANWYY,+,2879,2886
h4_chr14_26677340_26681435,Initiator,promoter,YYANWYY,+,3118,3125
h4_chr14_26677340_26681435,Initiator,promoter,YYANWYY,+,3131,3138
h4_chr14_26677340_26681435,Initiator,promoter,YYANWYY,+,3223,3230
h4_chr14_26677340_26681435,Initiator,promoter,YYANWYY,+,3302,3309
h4_chr14_26677340_26681435,Initiator,promoter,YYANWYY,+,3379,3386
h4_chr14_26677340_26681435,Initiator,promoter,YYANWYY,+,3404,3411
h4_chr14_26677340_26681435,Initiator,promoter,YYANWYY,+,3504,3511
h4_chr14_26677340_26681435,Initiator,promoter,YYANWYY,+,3600,3607
h4_chr14_26677340_26681435,Initiator,promoter,YYANWYY,+,3624,3631
h4_chr14_26677340_26681435,Initiator,promoter,YYANWYY,+,3717,3724
h4_chr14_26677340_26681435,Initiator,promoter,YYANWYY,+,3726,3733
h4_chr14_26677340_26681435,Initiator,promoter,YYANWYY,+,3737,3744
h4_chr14_26677340_26681435,Initiator,promoter,YYANWYY,+,3801,3808
h4_chr14_26677340_26681435,Initiator,promoter,YYANWYY,+,3806,3813
h4_chr14_26677340_26681435,Initiator,promoter,YYANWYY,+,3882,3889
h4_chr14_26677340_26681435,Initiator,promoter,YYANWYY,+,3955,3962
h4_chr14_26677340_26681435,Initiator,promoter,YYANWYY,+,4017,4024
h4_chr14_26677340_26681435,Initiator,promoter,YYANWYY,+,4066,4073
h4_chr14_26677340_26681435,Initiator,promoter,YYANWYY,-,5,12
h4_chr14_26677340_26681435,Initiator,promoter,YYANWYY,-,244,251
h4_chr14_26677340_26681435,Initiator,promoter,YYANWYY,-,254,261
h4_chr14_26677340_26681435,Initiator,promoter,YYANWYY,-,355,362
h4_chr14_26677340_26681435,Initiator,promoter,YYANWYY,-,439,446
h4_chr14_26677340_26681435,Initiator,promoter,YYANWYY,-,510,517
h4_chr14_26677340_26681435,Initiator,promoter,YYANWYY,-,535,542
h4_chr14_26677340_26681435,Initiator,promoter,YYANWYY,-,629,636
h4_chr14_26677340_26681435,Initiator,promoter,YYANWYY,-,918,925
h4_chr14_26677340_26681435,Initiator,promoter,YYANWYY,-,942,949
h4_chr14_26677340_26681435,Initiator,promoter,YYANWYY,-,947,954
h4_chr14_26677340_26681435,Initiator,promoter,YYANWYY,-,1158,1165
h4_chr14_26677340_26681435,Initiator,promoter,YYANWYY,-,1238,1245
h4_chr14_26677340_26681435,Initiator,promoter,YYANWYY,-,1595,1602
h4_chr14_26677340_26681435,Initiator,promoter,YYANWYY,-,1696,1703
h4_chr14_26677340_26681435,Initiator,promoter,YYANWYY,-,2053,2060
h4_chr14_26677340_26681435,Initiator,promoter,YYANWYY,-,2089,2096
h4_chr14_26677340_26681435,Initiator,promoter,YYANWYY,-,2100,2107
h4_chr14_26677340_26681435,Initiator,promoter,YYANWYY,-,2376,2383
h4_chr14_26677340_26681435,Initiator,promoter,YYANWYY,-,2498,2505
h4_chr14_26677340_26681435,Initiator,promoter,YYANWYY,-,2569,2576
h4_chr14_26677340_26681435,Initiator,promoter,YYANWYY,-,2722,2729
h4_chr14_26677340_26681435,Initiator,promoter,YYANWYY,-,3023,3030
h4_chr14_26677340_26681435,Initiator,promoter,YYANWYY,-,3102,3109
h4_chr14_26677340_26681435,Initiator,promoter,YYANWYY,-,3241,3248
h4_chr14_26677340_26681435,Initiator,promoter,YYANWYY,-,3495,3502
h4_chr14_26677340_26681435,Initiator,promoter,YYANWYY,-,3562,3569
h4_chr14_26677340_26681435,Initiator,promoter,YYANWYY,-,3567,3574
h4_chr14_26677340_26681435,Initiator,promoter,YYANWYY,-,3626,3633
h4_chr14_26677340_26681435,Initiator,promoter,YYANWYY,-,3644,3651
h4_chr14_26677340_26681435,Initiator,promoter,YYANWYY,-,3714,3721
h4_chr14_26677340_26681435,Initiator,promoter,YYANWYY,-,3744,3751
h4_chr14_26677340_26681435,Initiator,promoter,YYANWYY,-,3753,3760
h4_chr14_26677340_26681435,Initiator,promoter,YYANWYY,-,3831,3838
h4_chr14_26677340_26681435,BREu,promoter,SSRCGCC,+,1561,1568
h4_chr14_26677340_26681435,BREu,promoter,SSRCGCC,-,1562,1569
h4_chr14_26677340_26681435,NFkB,tfbs,GGGRNNYYCC,+,1808,1818
h4_chr14_26677340_26681435,NFkB,tfbs,GGGRNNYYCC,-,1808,1818
h4_chr14_26677340_26681435,GATA,tfbs,WGATAR,+,1918,1924
h4_chr14_26677340_26681435,GATA,tfbs,WGATAR,+,3044,3050
h4_chr14_26677340_26681435,GATA,tfbs,WGATAR,+,3618,3624
h4_chr14_26677340_26681435,GATA,tfbs,WGATAR,-,1111,1117
h4_chr14_26677340_26681435,GATA,tfbs,WGATAR,-,2044,2050
h4_chr14_26677340_26681435,GATA,tfbs,WGATAR,-,2345,2351
h4_chr14_26677340_26681435,GATA,tfbs,WGATAR,-,3167,3173
h4_chr14_26677340_26681435,GATA,tfbs,WGATAR,-,3490,3496
h4_chr14_26677340_26681435,GATA,tfbs,WGATAR,-,3541,3547
h4_chr14_26677340_26681435,GATA,tfbs,WGATAR,-,3655,3661
h4_chr14_26677340_26681435,RUNX,tfbs,TGTGGT,+,487,493
h4_chr14_26677340_26681435,RUNX,tfbs,TGTGGT,+,1104,1110
h4_chr14_26677340_26681435,RUNX,tfbs,TGTGGT,+,1706,1712
h4_chr14_26677340_26681435,RUNX,tfbs,TGTGGT,+,3583,3589
h4_chr14_26677340_26681435,RUNX,tfbs,TGTGGT,-,3599,3605
h4_chr14_26677340_26681435,YY1,tfbs,CCATNTT,+,131,138
h4_chr14_26677340_26681435,YY1,tfbs,CCATNTT,+,651,658
h4_chr14_26677340_26681435,YY1,tfbs,CCATNTT,+,1097,1104
h4_chr14_26677340_26681435,YY1,tfbs,CCATNTT,+,2016,2023
h4_chr14_26677340_26681435,YY1,tfbs,CCATNTT,+,2212,2219
h4_chr14_26677340_26681435,YY1,tfbs,CCATNTT,-,4037,4044
h4_chr14_33378322_33382417,TATA_box,promoter,TATAWAWR,+,802,810
h4_chr14_33378322_33382417,TATA_box,promoter,TATAWAWR,+,2521,2529
h4_chr14_33378322_33382417,TATA_box,promoter,TATAWAWR,-,1098,1106
h4_chr14_33378322_33382417,Initiator,promoter,YYANWYY,+,11,18
h4_chr14_33378322_33382417,Initiator,promoter,YYANWYY,+,55,62
h4_chr14_33378322_33382417,Initiator,promoter,YYANWYY,+,282,289
h4_chr14_33378322_33382417,Initiator,promoter,YYANWYY,+,375,382
h4_chr14_33378322_33382417,Initiator,promoter,YYANWYY,+,545,552
h4_chr14_33378322_33382417,Initiator,promoter,YYANWYY,+,583,590
h4_chr14_33378322_33382417,Initiator,promoter,YYANWYY,+,605,612
h4_chr14_33378322_33382417,Initiator,promoter,YYANWYY,+,820,827
h4_chr14_33378322_33382417,Initiator,promoter,YYANWYY,+,875,882
h4_chr14_33378322_33382417,Initiator,promoter,YYANWYY,+,914,921
h4_chr14_33378322_33382417,Initiator,promoter,YYANWYY,+,980,987
h4_chr14_33378322_33382417,Initiator,promoter,YYANWYY,+,1022,1029
h4_chr14_33378322_33382417,Initiator,promoter,YYANWYY,+,1101,1108
h4_chr14_33378322_33382417,Initiator,promoter,YYANWYY,+,1144,1151
h4_chr14_33378322_33382417,Initiator,promoter,YYANWYY,+,1197,1204
h4_chr14_33378322_33382417,Initiator,promoter,YYANWYY,+,1313,1320
h4_chr14_33378322_33382417,Initiator,promoter,YYANWYY,+,1339,1346
h4_chr14_33378322_33382417,Initiator,promoter,YYANWYY,+,1345,1352
h4_chr14_33378322_33382417,Initiator,promoter,YYANWYY,+,1405,1412
h4_chr14_33378322_33382417,Initiator,promoter,YYANWYY,+,1497,1504
h4_chr14_33378322_33382417,Initiator,promoter,YYANWYY,+,1508,1515
h4_chr14_33378322_33382417,Initiator,promoter,YYANWYY,+,1543,1550
h4_chr14_33378322_33382417,Initiator,promoter,YYANWYY,+,1568,1575
h4_chr14_33378322_33382417,Initiator,promoter,YYANWYY,+,1581,1588
h4_chr14_33378322_33382417,Initiator,promoter,YYANWYY,+,1594,1601
h4_chr14_33378322_33382417,Initiator,promoter,YYANWYY,+,1948,1955
h4_chr14_33378322_33382417,Initiator,promoter,YYANWYY,+,2070,2077
h4_chr14_33378322_33382417,Initiator,promoter,YYANWYY,+,2136,2143
h4_chr14_33378322_33382417,Initiator,promoter,YYANWYY,+,2168,2175
h4_chr14_33378322_33382417,Initiator,promoter,YYANWYY,+,2185,2192
h4_chr14_33378322_33382417,Initiator,promoter,YYANWYY,+,2203,2210
h4_chr14_33378322_33382417,Initiator,promoter,YYANWYY,+,2258,2265
h4_chr14_33378322_33382417,Initiator,promoter,YYANWYY,+,2309,2316
h4_chr14_33378322_33382417,Initiator,promoter,YYANWYY,+,2508,2515
h4_chr14_33378322_33382417,Initiator,promoter,YYANWYY,+,2576,2583
h4_chr14_33378322_33382417,Initiator,promoter,YYANWYY,+,2584,2591
h4_chr14_33378322_33382417,Initiator,promoter,YYANWYY,+,2589,2596
h4_chr14_33378322_33382417,Initiator,promoter,YYANWYY,+,2638,2645
h4_chr14_33378322_33382417,Initiator,promoter,YYANWYY,+,2750,2757
h4_chr14_33378322_33382417,Initiator,promoter,YYANWYY,+,2767,2774
h4_chr14_33378322_33382417,Initiator,promoter,YYANWYY,+,2796,2803
h4_chr14_33378322_33382417,Initiator,promoter,YYANWYY,+,2801,2808
h4_chr14_33378322_33382417,Initiator,promoter,YYANWYY,+,2891,2898
h4_chr14_33378322_33382417,Initiator,promoter,YYANWYY,+,2920,2927
h4_chr14_33378322_33382417,Initiator,promoter,YYANWYY,+,2943,2950
h4_chr14_33378322_33382417,Initiator,promoter,YYANWYY,+,3035,3042
h4_chr14_33378322_33382417,Initiator,promoter,YYANWYY,+,3066,3073
h4_chr14_33378322_33382417,Initiator,promoter,YYANWYY,+,3099,3106
h4_chr14_33378322_33382417,Initiator,promoter,YYANWYY,+,3104,3111
h4_chr14_33378322_33382417,Initiator,promoter,YYANWYY,+,3131,3138
h4_chr14_33378322_33382417,Initiator,promoter,YYANWYY,+,3360,3367
h4_chr14_33378322_33382417,Initiator,promoter,YYANWYY,+,3365,3372
h4_chr14_33378322_33382417,Initiator,promoter,YYANWYY,+,3493,3500
h4_chr14_33378322_33382417,Initiator,promoter,YYANWYY,+,3498,3505
h4_chr14_33378322_33382417,Initiator,promoter,YYANWYY,+,3552,3559
h4_chr14_33378322_33382417,Initiator,promoter,YYANWYY,+,3580,3587
h4_chr14_33378322_33382417,Initiator,promoter,YYANWYY,+,3693,3700
h4_chr14_33378322_33382417,Initiator,promoter,YYANWYY,+,3800,3807
h4_chr14_33378322_33382417,Initiator,promoter,YYANWYY,+,3858,3865
h4_chr14_33378322_33382417,Initiator,promoter,YYANWYY,+,3937,3944
h4_chr14_33378322_33382417,Initiator,promoter,YYANWYY,+,3989,3996
h4_chr14_33378322_33382417,Initiator,promoter,YYANWYY,+,4005,4012
h4_chr14_33378322_33382417,Initiator,promoter,YYANWYY,+,4010,4017
h4_chr14_33378322_33382417,Initiator,promoter,YYANWYY,+,4026,4033
h4_chr14_33378322_33382417,Initiator,promoter,YYANWYY,+,4034,4041
h4_chr14_33378322_33382417,Initiator,promoter,YYANWYY,-,83,90
h4_chr14_33378322_33382417,Initiator,promoter,YYANWYY,-,162,169
h4_chr14_33378322_33382417,Initiator,promoter,YYANWYY,-,172,179
h4_chr14_33378322_33382417,Initiator,promoter,YYANWYY,-,318,325
h4_chr14_33378322_33382417,Initiator,promoter,YYANWYY,-,327,334
h4_chr14_33378322_33382417,Initiator,promoter,YYANWYY,-,334,341
h4_chr14_33378322_33382417,Initiator,promoter,YYANWYY,-,340,347
h4_chr14_33378322_33382417,Initiator,promoter,YYANWYY,-,414,421
h4_chr14_33378322_33382417,Initiator,promoter,YYANWYY,-,500,507
h4_chr14_33378322_33382417,Initiator,promoter,YYANWYY,-,538,545
h4_chr14_33378322_33382417,Initiator,promoter,YYANWYY,-,558,565
h4_chr14_33378322_33382417,Initiator,promoter,YYANWYY,-,563,570
h4_chr14_33378322_33382417,Initiator,promoter,YYANWYY,-,607,614
h4_chr14_33378322_33382417,Initiator,promoter,YYANWYY,-,715,722
h4_chr14_33378322_33382417,Initiator,promoter,YYANWYY,-,782,789
h4_chr14_33378322_33382417,Initiator,promoter,YYANWYY,-,800,807
h4_chr14_33378322_33382417,Initiator,promoter,YYANWYY,-,1171,1178
h4_chr14_33378322_33382417,Initiator,promoter,YYANWYY,-,1224,1231
h4_chr14_33378322_33382417,Initiator,promoter,YYANWYY,-,1234,1241
h4_chr14_33378322_33382417,Initiator,promoter,YYANWYY,-,1287,1294
h4_chr14_33378322_33382417,Initiator,promoter,YYANWYY,-,1407,1414
h4_chr14_33378322_33382417,Initiator,promoter,YYANWYY,-,1447,1454
h4_chr14_33378322_33382417,Initiator,promoter,YYANWYY,-,1480,1487
h4_chr14_33378322_33382417,Initiator,promoter,YYANWYY,-,1545,1552
h4_chr14_33378322_33382417,Initiator,promoter,YYANWYY,-,1711,1718
h4_chr14_33378322_33382417,Initiator,promoter,YYANWYY,-,1738,1745
h4_chr14_33378322_33382417,Initiator,promoter,YYANWYY,-,1771,1778
h4_chr14_33378322_33382417,Initiator,promoter,YYANWYY,-,1778,1785
h4_chr14_33378322_33382417,Initiator,promoter,YYANWYY,-,1810,1817
h4_chr14_33378322_33382417,Initiator,promoter,YYANWYY,-,2044,2051
h4_chr14_33378322_33382417,Initiator,promoter,YYANWYY,-,2205,2212
h4_chr14_33378322_33382417,Initiator,promoter,YYANWYY,-,2212,2219
h4_chr14_33378322_33382417,Initiator,promoter,YYANWYY,-,2342,2349
h4_chr14_33378322_33382417,Initiator,promoter,YYANWYY,-,2359,2366
h4_chr14_33378322_33382417,Initiator,promoter,YYANWYY,-,2519,2526
h4_chr14_33378322_33382417,Initiator,promoter,YYANWYY,-,2568,2575
h4_chr14_33378322_33382417,Initiator,promoter,YYANWYY,-,2628,2635
h4_chr14_33378322_33382417,Initiator,promoter,YYANWYY,-,2635,2642
h4_chr14_33378322_33382417,Initiator,promoter,YYANWYY,-,2652,2659
h4_chr14_33378322_33382417,Initiator,promoter,YYANWYY,-,2903,2910
h4_chr14_33378322_33382417,Initiator,promoter,YYANWYY,-,2909,2916
h4_chr14_33378322_33382417,Initiator,promoter,YYANWYY,-,2977,2984
h4_chr14_33378322_33382417,Initiator,promoter,YYANWYY,-,3081,3088
h4_chr14_33378322_33382417,Initiator,promoter,YYANWYY,-,3133,3140
h4_chr14_33378322_33382417,Initiator,promoter,YYANWYY,-,3233,3240
h4_chr14_33378322_33382417,Initiator,promoter,YYANWYY,-,3312,3319
h4_chr14_33378322_33382417,Initiator,promoter,YYANWYY,-,3320,3327
h4_chr14_33378322_33382417,Initiator,promoter,YYANWYY,-,3522,3529
h4_chr14_33378322_33382417,Initiator,promoter,YYANWYY,-,3664,3671
h4_chr14_33378322_33382417,Initiator,promoter,YYANWYY,-,3890,3897
h4_chr14_33378322_33382417,Initiator,promoter,YYANWYY,-,4036,4043
h4_chr14_33378322_33382417,E_box,tfbs,CACGTG,+,182,188
h4_chr14_33378322_33382417,E_box,tfbs,CACGTG,+,686,692
h4_chr14_33378322_33382417,E_box,tfbs,CACGTG,+,1471,1477
h4_chr14_33378322_33382417,AP1,tfbs,TGASTCA,+,386,393
h4_chr14_33378322_33382417,NFkB,tfbs,GGGRNNYYCC,-,356,366
h4_chr14_33378322_33382417,GATA,tfbs,WGATAR,+,1386,1392
h4_chr14_33378322_33382417,GATA,tfbs,WGATAR,+,1754,1760
h4_chr14_33378322_33382417,GATA,tfbs,WGATAR,+,2735,2741
h4_chr14_33378322_33382417,GATA,tfbs,WGATAR,+,2830,2836
h4_chr14_33378322_33382417,GATA,tfbs,WGATAR,+,4083,4089
h4_chr14_33378322_33382417,GATA,tfbs,WGATAR,-,141,147
h4_chr14_33378322_33382417,GATA,tfbs,WGATAR,-,1256,1262
h4_chr14_33378322_33382417,GATA,tfbs,WGATAR,-,1263,1269
h4_chr14_33378322_33382417,GATA,tfbs,WGATAR,-,2060,2066
h4_chr14_33378322_33382417,GATA,tfbs,WGATAR,-,3018,3024
h4_chr14_33378322_33382417,GATA,tfbs,WGATAR,-,3171,3177
h4_chr14_33378322_33382417,RUNX,tfbs,TGTGGT,+,3406,3412
h4_chr14_33378322_33382417,RUNX,tfbs,TGTGGT,-,2550,2556
h4_chr14_33378322_33382417,YY1,tfbs,CCATNTT,+,2309,2316
h4_chr14_33378322_33382417,YY1,tfbs,CCATNTT,+,3552,3559
h4_chr14_33378322_33382417,YY1,tfbs,CCATNTT,-,127,134
h4_chr17_22742263_22746358,TATA_box,promoter,TATAWAWR,+,302,310
h4_chr17_22742263_22746358,TATA_box,promoter,TATAWAWR,+,1845,1853
h4_chr17_22742263_22746358,Initiator,promoter,YYANWYY,+,353,360
h4_chr17_22742263_22746358,Initiator,promoter,YYANWYY,+,447,454
h4_chr17_22742263_22746358,Initiator,promoter,YYANWYY,+,558,565
h4_chr17_22742263_22746358,Initiator,promoter,YYANWYY,+,696,703
h4_chr17_22742263_22746358,Initiator,promoter,YYANWYY,+,721,728
h4_chr17_22742263_22746358,Initiator,promoter,YYANWYY,+,886,893
h4_chr17_22742263_22746358,Initiator,promoter,YYANWYY,+,1560,1567
h4_chr17_22742263_22746358,Initiator,promoter,YYANWYY,+,2048,2055
h4_chr17_22742263_22746358,Initiator,promoter,YYANWYY,+,2086,2093
h4_chr17_22742263_22746358,Initiator,promoter,YYANWYY,+,2161,2168
h4_chr17_22742263_22746358,Initiator,promoter,YYANWYY,+,2242,2249
h4_chr17_22742263_22746358,Initiator,promoter,YYANWYY,+,2595,2602
h4_chr17_22742263_22746358,Initiator,promoter,YYANWYY,+,2912,2919
h4_chr17_22742263_22746358,Initiator,promoter,YYANWYY,+,3309,3316
h4_chr17_22742263_22746358,Initiator,promoter,YYANWYY,+,3390,3397
h4_chr17_22742263_22746358,Initiator,promoter,YYANWYY,+,3479,3486
h4_chr17_22742263_22746358,Initiator,promoter,YYANWYY,+,3650,3657
h4_chr17_22742263_22746358,Initiator,promoter,YYANWYY,-,45,52
h4_chr17_22742263_22746358,Initiator,promoter,YYANWYY,-,51,58
h4_chr17_22742263_22746358,Initiator,promoter,YYANWYY,-,76,83
h4_chr17_22742263_22746358,Initiator,promoter,YYANWYY,-,217,224
h4_chr17_22742263_22746358,Initiator,promoter,YYANWYY,-,307,314
h4_chr17_22742263_22746358,Initiator,promoter,YYANWYY,-,389,396
h4_chr17_22742263_22746358,Initiator,promoter,YYANWYY,-,437,444
h4_chr17_22742263_22746358,Initiator,promoter,YYANWYY,-,478,485
h4_chr17_22742263_22746358,Initiator,promoter,YYANWYY,-,560,567
h4_chr17_22742263_22746358,Initiator,promoter,YYANWYY,-,650,657
h4_chr17_22742263_22746358,Initiator,promoter,YYANWYY,-,723,730
h4_chr17_22742263_22746358,Initiator,promoter,YYANWYY,-,800,807
h4_chr17_22742263_22746358,Initiator,promoter,YYANWYY,-,877,884
h4_chr17_22742263_22746358,Initiator,promoter,YYANWYY,-,904,911
h4_chr17_22742263_22746358,Initiator,promoter,YYANWYY,-,994,1001
h4_chr17_22742263_22746358,Initiator,promoter,YYANWYY,-,1076,1083
h4_chr17_22742263_22746358,Initiator,promoter,YYANWYY,-,1295,1302
h4_chr17_22742263_22746358,Initiator,promoter,YYANWYY,-,1312,1319
h4_chr17_22742263_22746358,Initiator,promoter,YYANWYY,-,1319,1326
h4_chr17_22742263_22746358,Initiator,promoter,YYANWYY,-,1336,1343
h4_chr17_22742263_22746358,Initiator,promoter,YYANWYY,-,1378,1385
h4_chr17_22742263_22746358,Initiator,promoter,YYANWYY,-,1442,1449
h4_chr17_22742263_22746358,Initiator,promoter,YYANWYY,-,1467,1474
h4_chr17_22742263_22746358,Initiator,promoter,YYANWYY,-,1508,1515
h4_chr17_22742263_22746358,Initiator,promoter,YYANWYY,-,1563,1570
h4_chr17_22742263_22746358,Initiator,promoter,YYANWYY,-,1589,1596
h4_chr17_22742263_22746358,Initiator,promoter,YYANWYY,-,1809,1816
h4_chr17_22742263_22746358,Initiator,promoter,YYANWYY,-,1850,1857
h4_chr17_22742263_22746358,Initiator,promoter,YYANWYY,-,2022,2029
h4_chr17_22742263_22746358,Initiator,promoter,YYANWYY,-,2103,2110
h4_chr17_22742263_22746358,Initiator,promoter,YYANWYY,-,2172,2179
h4_chr17_22742263_22746358,Initiator,promoter,YYANWYY,-,2193,2200
h4_chr17_22742263_22746358,Initiator,promoter,YYANWYY,-,2275,2282
h4_chr17_22742263_22746358,Initiator,promoter,YYANWYY,-,2306,2313
h4_chr17_22742263_22746358,Initiator,promoter,YYANWYY,-,2343,2350
h4_chr17_22742263_22746358,Initiator,promoter,YYANWYY,-,2365,2372
h4_chr17_22742263_22746358,Initiator,promoter,YYANWYY,-,2445,2452
h4_chr17_22742263_22746358,Initiator,promoter,YYANWYY,-,2535,2542
h4_chr17_22742263_22746358,Initiator,promoter,YYANWYY,-,2761,2768
h4_chr17_22742263_22746358,Initiator,promoter,YYANWYY,-,2787,2794
h4_chr17_22742263_22746358,Initiator,promoter,YYANWYY,-,2836,2843
h4_chr17_22742263_22746358,Initiator,promoter,YYANWYY,-,2980,2987
h4_chr17_22742263_22746358,Initiator,promoter,YYANWYY,-,3007,3014
h4_chr17_22742263_22746358,Initiator,promoter,YYANWYY,-,3045,3052
h4_chr17_22742263_22746358,Initiator,promoter,YYANWYY,-,3096,3103
h4_chr17_22742263_22746358,Initiator,promoter,YYANWYY,-,3139,3146
h4_chr17_22742263_22746358,Initiator,promoter,YYANWYY,-,3179,3186
h4_chr17_22742263_22746358,Initiator,promoter,YYANWYY,-,3433,3440
h4_chr17_22742263_22746358,Initiator,promoter,YYANWYY,-,3604,3611
h4_chr17_22742263_22746358,Initiator,promoter,YYANWYY,-,3775,3782
h4_chr17_22742263_22746358,GATA,tfbs,WGATAR,+,2930,2936
h4_chr17_22742263_22746358,GATA,tfbs,WGATAR,+,3335,3341
h4_chr17_22742263_22746358,RUNX,tfbs,TGTGGT,+,3555,3561
h4_chr17_22742263_22746358,RUNX,tfbs,TGTGGT,+,3745,3751
h4_chr17_22742263_22746358,RUNX,tfbs,TGTGGT,+,4087,4093
h4_chr17_22742263_22746358,RUNX,tfbs,TGTGGT,-,824,830
h4_chr17_22742263_22746358,RUNX,tfbs,TGTGGT,-,2241,2247
h4_chr17_22742263_22746358,YY1,tfbs,CCATNTT,+,1256,1263
h4_chr17_35243344_35247439,TATA_box,promoter,TATAWAWR,+,2867,2875
h4_chr17_35243344_35247439,TATA_box,promoter,TATAWAWR,-,2867,2875
h4_chr17_35243344_35247439,Initiator,promoter,YYANWYY,+,75,82
h4_chr17_35243344_35247439,Initiator,promoter,YYANWYY,+,90,97
h4_chr17_35243344_35247439,Initiator,promoter,YYANWYY,+,213,220
h4_chr17_35243344_35247439,Initiator,promoter,YYANWYY,+,273,280
h4_chr17_35243344_35247439,Initiator,promoter,YYANWYY,+,280,287
h4_chr17_35243344_35247439,Initiator,promoter,YYANWYY,+,367,374
h4_chr17_35243344_35247439,Initiator,promoter,YYANWYY,+,446,453
h4_chr17_35243344_35247439,Initiator,promoter,YYANWYY,+,523,530
h4_chr17_35243344_35247439,Initiator,promoter,YYANWYY,+,567,574
h4_chr17_35243344_35247439,Initiator,promoter,YYANWYY,+,670,677
h4_chr17_35243344_35247439,Initiator,promoter,YYANWYY,+,675,682
h4_chr17_35243344_35247439,Initiator,promoter,YYANWYY,+,690,697
h4_chr17_35243344_35247439,Initiator,promoter,YYANWYY,+,737,744
h4_chr17_35243344_35247439,Initiator,promoter,YYANWYY,+,774,781
h4_chr17_35243344_35247439,Initiator,promoter,YYANWYY,+,821,828
h4_chr17_35243344_35247439,Initiator,promoter,YYANWYY,+,1191,1198
h4_chr17_35243344_35247439,Initiator,promoter,YYANWYY,+,1557,1564
h4_chr17_35243344_35247439,Initiator,promoter,YYANWYY,+,1592,1599
h4_chr17_35243344_35247439,Initiator,promoter,YYANWYY,+,1632,1639
h4_chr17_35243344_35247439,Initiator,promoter,YYANWYY,+,1678,1685
h4_chr17_35243344_35247439,Initiator,promoter,YYANWYY,+,1753,1760
h4_chr17_35243344_35247439,Initiator,promoter,YYANWYY,+,1760,1767
h4_chr17_35243344_35247439,Initiator,promoter,YYANWYY,+,1782,1789
h4_chr17_35243344_35247439,Initiator,promoter,YYANWYY,+,1859,1866
h4_chr17_35243344_35247439,Initiator,promoter,YYANWYY,+,2086,2093
h4_chr17_35243344_35247439,Initiator,promoter,YYANWYY,+,2199,2206
h4_chr17_35243344_35247439,Initiator,promoter,YYANWYY,+,2286,2293
h4_chr17_35243344_35247439,Initiator,promoter,YYANWYY,+,2415,2422
h4_chr17_35243344_35247439,Initiator,promoter,YYANWYY,+,2572,2579
h4_chr17_35243344_35247439,Initiator,promoter,YYANWYY,+,2603,2610
h4_chr17_35243344_35247439,Initiator,promoter,YYANWYY,+,2634,2641
h4_chr17_35243344_35247439,Initiator,promoter,YYANWYY,+,2642,2649
h4_chr17_35243344_35247439,Initiator,promoter,YYANWYY,+,2673,2680
h4_chr17_35243344_35247439,Initiator,promoter,YYANWYY,+,2682,2689
h4_chr17_35243344_35247439,Initiator,promoter,YYANWYY,+,2823,2830
h4_chr17_35243344_35247439,Initiator,promoter,YYANWYY,+,2829,2836
h4_chr17_35243344_35247439,Initiator,promoter,YYANWYY,+,2850,2857
h4_chr17_35243344_35247439,Initiator,promoter,YYANWYY,+,2936,2943
h4_chr17_35243344_35247439,Initiator,promoter,YYANWYY,+,2954,2961
h4_chr17_35243344_35247439,Initiator,promoter,YYANWYY,+,2962,2969
h4_chr17_35243344_35247439,Initiator,promoter,YYANWYY,+,3088,3095
h4_chr17_35243344_35247439,Initiator,promoter,YYANWYY,+,3141,3148
h4_chr17_35243344_35247439,Initiator,promoter,YYANWYY,+,3149,3156
h4_chr17_35243344_35247439,Initiator,promoter,YYANWYY,+,3527,3534
h4_chr17_35243344_35247439,Initiator,promoter,YYANWYY,+,3593,3600
h4_chr17_35243344_35247439,Initiator,promoter,YYANWYY,+,3778,3785
h4_chr17_35243344_35247439,Initiator,promoter,YYANWYY,+,3797,3804
h4_chr17_35243344_35247439,Initiator,promoter,YYANWYY,+,3835,3842
h4_chr17_35243344_35247439,Initiator,promoter,YYANWYY,+,3857,3864
h4_chr17_35243344_35247439,Initiator,promoter,YYANWYY,+,3906,3913
h4_chr17_35243344_35247439,Initiator,promoter,YYANWYY,+,3911,3918
h4_chr17_35243344_35247439,Initiator,promoter,YYANWYY,+,3941,3948
h4_chr17_35243344_35247439,Initiator,promoter,YYANWYY,+,4073,4080
h4_chr17_35243344_35247439,Initiator,promoter,YYANWYY,-,392,399
h4_chr17_35243344_35247439,Initiator,promoter,YYANWYY,-,588,595
h4_chr17_35243344_35247439,Initiator,promoter,YYANWYY,-,617,624
h4_chr17_35243344_35247439,Initiator,promoter,YYANWYY,-,852,859
h4_chr17_35243344_35247439,Initiator,promoter,YYANWYY,-,1072,1079
h4_chr17_35243344_35247439,Initiator,promoter,YYANWYY,-,1252,1259
h4_chr17_35243344_35247439,Initiator,promoter,YYANWYY,-,1447,1454
h4_chr17_35243344_35247439,Initiator,promoter,YYANWYY,-,1457,1464
h4_chr17_35243344_35247439,Initiator,promoter,YYANWYY,-,1554,1561
h4_chr17_35243344_35247439,Initiator,promoter,YYANWYY,-,1576,1583
h4_chr17_35243344_35247439,Initiator,promoter,YYANWYY,-,1869,1876
h4_chr17_35243344_35247439,Initiator,promoter,YYANWYY,-,1887,1894
h4_chr17_35243344_35247439,Initiator,promoter,YYANWYY,-,1925,1932
h4_chr17_35243344_35247439,Initiator,promoter,YYANWYY,-,1997,2004
h4_chr17_35243344_35247439,Initiator,promoter,YYANWYY,-,2024,2031
h4_chr17_35243344_35247439,Initiator,promoter,YYANWYY,-,2058,2065
h4_chr17_35243344_35247439,Initiator,promoter,YYANWYY,-,2117,2124
h4_chr17_35243344_35247439,Initiator,promoter,YYANWYY,-,2189,2196
h4_chr17_35243344_35247439,Initiator,promoter,YYANWYY,-,2224,2231
h4_chr17_35243344_35247439,Initiator,promoter,YYANWYY,-,2517,2524
h4_chr17_35243344_35247439,Initiator,promoter,YYANWYY,-,2522,2529
h4_chr17_35243344_35247439,Initiator,promoter,YYANWYY,-,2586,2593
h4_chr17_35243344_35247439,Initiator,promoter,YYANWYY,-,2831,2838
h4_chr17_35243344_35247439,Initiator,promoter,YYANWYY,-,3304,3311
h4_chr17_35243344_35247439,Initiator,promoter,YYANWYY,-,3459,3466
h4_chr17_35243344_35247439,Initiator,promoter,YYANWYY,-,3665,3672
h4_chr17_35243344_35247439,Initiator,promoter,YYANWYY,-,3799,3806
h4_chr17_35243344_35247439,Initiator,promoter,YYANWYY,-,3837,3844
h4_chr17_35243344_35247439,Initiator,promoter,YYANWYY,-,3977,3984
h4_chr17_35243344_35247439,BREu,promoter,SSRCGCC,+,1304,1311
h4_chr17_35243344_35247439,BREu,promoter,SSRCGCC,-,56,63
h4_chr17_35243344_35247439,BREu,promoter,SSRCGCC,-,1305,1312
h4_chr17_35243344_35247439,BREu,promoter,SSRCGCC,-,3369,3376
h4_chr17_35243344_35247439,E_box,tfbs,CACGTG,+,1361,1367
h4_chr17_35243344_35247439,E_box,tfbs,CACGTG,+,1660,1666
h4_chr17_35243344_35247439,GC_box,promoter,GGGCGG,+,1145,1151
h4_chr17_35243344_35247439,GC_box,promoter,GGGCGG,+,1371,1377
h4_chr17_35243344_35247439,NFkB,tfbs,GGGRNNYYCC,+,3495,3505
h4_chr17_35243344_35247439,GATA,tfbs,WGATAR,+,1256,1262
h4_chr17_35243344_35247439,GATA,tfbs,WGATAR,+,2159,2165
h4_chr17_35243344_35247439,GATA,tfbs,WGATAR,+,3011,3017
h4_chr17_35243344_35247439,GATA,tfbs,WGATAR,-,2182,2188
h4_chr17_35243344_35247439,GATA,tfbs,WGATAR,-,2844,2850
h4_chr17_35243344_35247439,GATA,tfbs,WGATAR,-,2892,2898
h4_chr17_35243344_35247439,GATA,tfbs,WGATAR,-,3938,3944
h4_chr17_35243344_35247439,RUNX,tfbs,TGTGGT,+,2131,2137
h4_chr17_35243344_35247439,YY1,tfbs,CCATNTT,-,1412,1419
h4_chr17_35243344_35247439,YY1,tfbs,CCATNTT,-,2586,2593
h4_chr17_35243344_35247439,YY1,tfbs,CCATNTT,-,3324,3331
h4_chr17_72349260_72353355,TATA_box,promoter,TATAWAWR,+,518,526
h4_chr17_72349260_72353355,Initiator,promoter,YYANWYY,+,61,68
h4_chr17_72349260_72353355,Initiator,promoter,YYANWYY,+,485,492
h4_chr17_72349260_72353355,Initiator,promoter,YYANWYY,+,573,580
h4_chr17_72349260_72353355,Initiator,promoter,YYANWYY,+,578,585
h4_chr17_72349260_72353355,Initiator,promoter,YYANWYY,+,632,639
h4_chr17_72349260_72353355,Initiator,promoter,YYANWYY,+,780,787
h4_chr17_72349260_72353355,Initiator,promoter,YYANWYY,+,986,993
h4_chr17_72349260_72353355,Initiator,promoter,YYANWYY,+,1116,1123
h4_chr17_72349260_72353355,Initiator,promoter,YYANWYY,+,1154,1161
h4_chr17_72349260_72353355,Initiator,promoter,YYANWYY,+,1189,1196
h4_chr17_72349260_72353355,Initiator,promoter,YYANWYY,+,1194,1201
h4_chr17_72349260_72353355,Initiator,promoter,YYANWYY,+,1199,1206
h4_chr17_72349260_72353355,Initiator,promoter,YYANWYY,+,1375,1382
h4_chr17_72349260_72353355,Initiator,promoter,YYANWYY,+,1397,1404
h4_chr17_72349260_72353355,Initiator,promoter,YYANWYY,+,1500,1507
h4_chr17_72349260_72353355,Initiator,promoter,YYANWYY,+,1581,1588
h4_chr17_72349260_72353355,Initiator,promoter,YYANWYY,+,1640,1647
h4_chr17_72349260_72353355,Initiator,promoter,YYANWYY,+,1679,1686
h4_chr17_72349260_72353355,Initiator,promoter,YYANWYY,+,2132,2139
h4_chr17_72349260_72353355,Initiator,promoter,YYANWYY,+,2234,2241
h4_chr17_72349260_72353355,Initiator,promoter,YYANWYY,+,2244,2251
h4_chr17_72349260_72353355,Initiator,promoter,YYANWYY,+,2269,2276
h4_chr17_72349260_72353355,Initiator,promoter,YYANWYY,+,2323,2330
h4_chr17_72349260_72353355,Initiator,promoter,YYANWYY,+,2330,2337
h4_chr17_72349260_72353355,Initiator,promoter,YYANWYY,+,2359,2366
h4_chr17_72349260_72353355,Initiator,promoter,YYANWYY,+,2466,2473
h4_chr17_72349260_72353355,Initiator,promoter,YYANWYY,+,2515,2522
h4_chr17_72349260_72353355,Initiator,promoter,YYANWYY,+,2545,2552
h4_chr17_72349260_72353355,Initiator,promoter,YYANWYY,+,2559,2566
h4_chr17_72349260_72353355,Initiator,promoter,YYANWYY,+,2642,2649
h4_chr17_72349260_72353355,Initiator,promoter,YYANWYY,+,2725,2732
h4_chr17_72349260_72353355,Initiator,promoter,YYANWYY,+,2855,2862
h4_chr17_72349260_72353355,Initiator,promoter,YYANWYY,+,3167,3174
h4_chr17_72349260_72353355,Initiator,promoter,YYANWYY,+,3258,3265
h4_chr17_72349260_72353355,Initiator,promoter,YYANWYY,+,3309,3316
h4_chr17_72349260_72353355,Initiator,promoter,YYANWYY,+,3532,3539
h4_chr17_72349260_72353355,Initiator,promoter,YYANWYY,+,3630,3637
h4_chr17_72349260_72353355,Initiator,promoter,YYANWYY,+,3672,3679
h4_chr17_72349260_72353355,Initiator,promoter,YYANWYY,+,3740,3747
h4_chr17_72349260_72353355,Initiator,promoter,YYANWYY,+,3800,3807
h4_chr17_72349260_72353355,Initiator,promoter,YYANWYY,+,3863,3870
h4_chr17_72349260_72353355,Initiator,promoter,YYANWYY,+,3883,3890
h4_chr17_72349260_72353355,Initiator,promoter,YYANWYY,+,3894,3901
h4_chr17_72349260_72353355,Initiator,promoter,YYANWYY,+,3919,3926
h4_chr17_72349260_72353355,Initiator,promoter,YYANWYY,+,3974,3981
h4_chr17_72349260_72353355,Initiator,promoter,YYANWYY,+,4051,4058
h4_chr17_72349260_72353355,Initiator,promoter,YYANWYY,-,228,235
h4_chr17_72349260_72353355,Initiator,promoter,YYANWYY,-,988,995
h4_chr17_72349260_72353355,Initiator,promoter,YYANWYY,-,1002,1009
h4_chr17_72349260_72353355,Initiator,promoter,YYANWYY,-,1040,1047
h4_chr17_72349260_72353355,Initiator,promoter,YYANWYY,-,1101,1108
h4_chr17_72349260_72353355,Initiator,promoter,YYANWYY,-,1270,1277
h4_chr17_72349260_72353355,Initiator,promoter,YYANWYY,-,1277,1284
h4_chr17_72349260_72353355,Initiator,promoter,YYANWYY,-,1290,1297
h4_chr17_72349260_72353355,Initiator,promoter,YYANWYY,-,1302,1309
h4_chr17_72349260_72353355,Initiator,promoter,YYANWYY,-,1350,1357
h4_chr17_72349260_72353355,Initiator,promoter,YYANWYY,-,1368,1375
h4_chr17_72349260_72353355,Initiator,promoter,YYANWYY,-,1642,1649
h4_chr17_72349260_72353355,Initiator,promoter,YYANWYY,-,1784,1791
h4_chr17_72349260_72353355,Initiator,promoter,YYANWYY,-,1790,1797
h4_chr17_72349260_72353355,Initiator,promoter,YYANWYY,-,1962,1969
h4_chr17_72349260_72353355,Initiator,promoter,YYANWYY,-,1991,1998
h4_chr17_72349260_72353355,Initiator,promoter,YYANWYY,-,2195,2202
h4_chr17_72349260_72353355,Initiator,promoter,YYANWYY,-,2583,2590
h4_chr17_72349260_72353355,Initiator,promoter,YYANWYY,-,2914,2921
h4_chr17_72349260_72353355,Initiator,promoter,YYANWYY,-,3126,3133
h4_chr17_72349260_72353355,Initiator,promoter,YYANWYY,-,3319,3326
h4_chr17_72349260_72353355,Initiator,promoter,YYANWYY,-,3437,3444
h4_chr17_72349260_72353355,Initiator,promoter,YYANWYY,-,3617,3624
h4_chr17_72349260_72353355,Initiator,promoter,YYANWYY,-,3724,3731
h4_chr17_72349260_72353355,Initiator,promoter,YYANWYY,-,3752,3759
h4_chr17_72349260_72353355,BREu,promoter,SSRCGCC,-,142,149
h4_chr17_72349260_72353355,BREu,promoter,SSRCGCC,-,240,247
h4_chr17_72349260_72353355,E_box,tfbs,CACGTG,+,2424,2430
h4_chr17_72349260_72353355,GC_box,promoter,GGGCGG,-,2974,2980
h4_chr17_72349260_72353355,AP1,tfbs,TGASTCA,+,1061,1068
h4_chr17_72349260_72353355,NFkB,tfbs,GGGRNNYYCC,+,1628,1638
h4_chr17_72349260_72353355,NFkB,tfbs,GGGRNNYYCC,-,1628,1638
h4_chr17_72349260_72353355,GATA,tfbs,WGATAR,+,2020,2026
h4_chr17_72349260_72353355,GATA,tfbs,WGATAR,+,3332,3338
h4_chr17_72349260_72353355,GATA,tfbs,WGATAR,+,3905,3911
h4_chr17_72349260_72353355,GATA,tfbs,WGATAR,+,3930,3936
h4_chr17_72349260_72353355,GATA,tfbs,WGATAR,-,1224,1230
h4_chr17_72349260_72353355,GATA,tfbs,WGATAR,-,2866,2872
h4_chr17_72349260_72353355,GATA,tfbs,WGATAR,-,3786,3792
h4_chr17_72349260_72353355,RUNX,tfbs,TGTGGT,-,2358,2364
h4_chr17_72349260_72353355,YY1,tfbs,CCATNTT,+,485,492
h4_chr17_72349260_72353355,YY1,tfbs,CCATNTT,+,1457,1464
h4_chr17_72349260_72353355,YY1,tfbs,CCATNTT,-,220,227
h4_chr17_72349260_72353355,YY1,tfbs,CCATNTT,-,2444,2451
h4_chr17_72349260_72353355,YY1,tfbs,CCATNTT,-,3319,3326
h4_chr21_12003041_12007136,TATA_box,promoter,TATAWAWR,+,2055,2063
h4_chr21_12003041_12007136,Initiator,promoter,YYANWYY,+,721,728
h4_chr21_12003041_12007136,Initiator,promoter,YYANWYY,+,775,782
h4_chr21_12003041_12007136,Initiator,promoter,YYANWYY,+,1030,1037
h4_chr21_12003041_12007136,Initiator,promoter,YYANWYY,+,1035,1042
h4_chr21_12003041_12007136,Initiator,promoter,YYANWYY,+,2334,2341
h4_chr21_12003041_12007136,Initiator,promoter,YYANWYY,+,2394,2401
h4_chr21_12003041_12007136,Initiator,promoter,YYANWYY,+,2399,2406
h4_chr21_12003041_12007136,Initiator,promoter,YYANWYY,+,3760,3767
h4_chr21_12003041_12007136,Initiator,promoter,YYANWYY,-,15,22
h4_chr21_12003041_12007136,Initiator,promoter,YYANWYY,-,99,106
h4_chr21_12003041_12007136,Initiator,promoter,YYANWYY,-,434,441
h4_chr21_12003041_12007136,Initiator,promoter,YYANWYY,-,440,447
h4_chr21_12003041_12007136,Initiator,promoter,YYANWYY,-,469,476
h4_chr21_12003041_12007136,Initiator,promoter,YYANWYY,-,528,535
h4_chr21_12003041_12007136,Initiator,promoter,YYANWYY,-,807,814
h4_chr21_12003041_12007136,Initiator,promoter,YYANWYY,-,866,873
h4_chr21_12003041_12007136,Initiator,promoter,YYANWYY,-,922,929
h4_chr21_12003041_12007136,Initiator,promoter,YYANWYY,-,996,1003
h4_chr21_12003041_12007136,Initiator,promoter,YYANWYY,-,1038,1045
h4_chr21_12003041_12007136,Initiator,promoter,YYANWYY,-,1380,1387
h4_chr21_12003041_12007136,Initiator,promoter,YYANWYY,-,1463,1470
h4_chr21_12003041_12007136,Initiator,promoter,YYANWYY,-,1492,1499
h4_chr21_12003041_12007136,Initiator,promoter,YYANWYY,-,1510,1517
h4_chr21_12003041_12007136,Initiator,promoter,YYANWYY,-,1799,1806
h4_chr21_12003041_12007136,Initiator,promoter,YYANWYY,-,1805,1812
h4_chr21_12003041_12007136,Initiator,promoter,YYANWYY,-,1834,1841
h4_chr21_12003041_12007136,Initiator,promoter,YYANWYY,-,1893,1900
h4_chr21_12003041_12007136,Initiator,promoter,YYANWYY,-,2060,2067
h4_chr21_12003041_12007136,Initiator,promoter,YYANWYY,-,2172,2179
h4_chr21_12003041_12007136,Initiator,promoter,YYANWYY,-,2231,2238
h4_chr21_12003041_12007136,Initiator,promoter,YYANWYY,-,2361,2368
h4_chr21_12003041_12007136,Initiator,promoter,YYANWYY,-,2402,2409
h4_chr21_12003041_12007136,Initiator,promoter,YYANWYY,-,2743,2750
h4_chr21_12003041_12007136,Initiator,promoter,YYANWYY,-,2827,2834
h4_chr21_12003041_12007136,Initiator,promoter,YYANWYY,-,2856,2863
h4_chr21_12003041_12007136,Initiator,promoter,YYANWYY,-,2874,2881
h4_chr21_12003041_12007136,Initiator,promoter,YYANWYY,-,3164,3171
h4_chr21_12003041_12007136,Initiator,promoter,YYANWYY,-,3170,3177
h4_chr21_12003041_12007136,Initiator,promoter,YYANWYY,-,3199,3206
h4_chr21_12003041_12007136,Initiator,promoter,YYANWYY,-,3258,3265
h4_chr21_12003041_12007136,Initiator,promoter,YYANWYY,-,3538,3545
h4_chr21_12003041_12007136,Initiator,promoter,YYANWYY,-,3597,3604
h4_chr21_12003041_12007136,Initiator,promoter,YYANWYY,-,3727,3734
h4_chr21_12003041_12007136,Initiator,promoter,YYANWYY,-,3768,3775
h4_chr21_12003041_12007136,GATA,tfbs,WGATAR,+,162,168
h4_chr21_12003041_12007136,GATA,tfbs,WGATAR,+,939,945
h4_chr21_12003041_12007136,GATA,tfbs,WGATAR,+,1526,1532
h4_chr21_12003041_12007136,GATA,tfbs,WGATAR,+,2304,2310
h4_chr21_12003041_12007136,GATA,tfbs,WGATAR,+,2890,2896
h4_chr21_12003041_12007136,GATA,tfbs,WGATAR,+,3670,3676
h4_chr21_19112010_19116105,TATA_box,promoter,TATAWAWR,-,625,633
h4_chr21_19112010_19116105,Initiator,promoter,YYANWYY,+,14,21
h4_chr21_19112010_19116105,Initiator,promoter,YYANWYY,+,81,88
h4_chr21_19112010_19116105,Initiator,promoter,YYANWYY,+,130,137
h4_chr21_19112010_19116105,Initiator,promoter,YYANWYY,+,171,178
h4_chr21_19112010_19116105,Initiator,promoter,YYANWYY,+,296,303
h4_chr21_19112010_19116105,Initiator,promoter,YYANWYY,+,410,417
h4_chr21_19112010_19116105,Initiator,promoter,YYANWYY,+,460,467
h4_chr21_19112010_19116105,Initiator,promoter,YYANWYY,+,482,489
h4_chr21_19112010_19116105,Initiator,promoter,YYANWYY,+,529,536
h4_chr21_19112010_19116105,Initiator,promoter,YYANWYY,+,555,562
h4_chr21_19112010_19116105,Initiator,promoter,YYANWYY,+,568,575
h4_chr21_19112010_19116105,Initiator,promoter,YYANWYY,+,609,616
h4_chr21_19112010_19116105,Initiator,promoter,YYANWYY,+,782,789
h4_chr21_19112010_19116105,Initiator,promoter,YYANWYY,+,826,833
h4_chr21_19112010_19116105,Initiator,promoter,YYANWYY,+,857,864
h4_chr21_19112010_19116105,Initiator,promoter,YYANWYY,+,929,936
h4_chr21_19112010_19116105,Initiator,promoter,YYANWYY,+,934,941
h4_chr21_19112010_19116105,Initiator,promoter,YYANWYY,+,1026,1033
h4_chr21_19112010_19116105,Initiator,promoter,YYANWYY,+,1152,1159
h4_chr21_19112010_19116105,Initiator,promoter,YYANWYY,+,1174,1181
h4_chr21_19112010_19116105,Initiator,promoter,YYANWYY,+,1298,1305
h4_chr21_19112010_19116105,Initiator,promoter,YYANWYY,+,1378,1385
h4_chr21_19112010_19116105,Initiator,promoter,YYANWYY,+,1428,1435
h4_chr21_19112010_19116105,Initiator,promoter,YYANWYY,+,1559,1566
h4_chr21_19112010_19116105,Initiator,promoter,YYANWYY,+,1695,1702
h4_chr21_19112010_19116105,Initiator,promoter,YYANWYY,+,1744,1751
h4_chr21_19112010_19116105,Initiator,promoter,YYANWYY,+,1750,1757
h4_chr21_19112010_19116105,Initiator,promoter,YYANWYY,+,1906,1913
h4_chr21_19112010_19116105,Initiator,promoter,YYANWYY,+,1931,1938
h4_chr21_19112010_19116105,Initiator,promoter,YYANWYY,+,2051,2058
h4_chr21_19112010_19116105,Initiator,promoter,YYANWYY,+,2161,2168
h4_chr21_19112010_19116105,Initiator,promoter,YYANWYY,+,2302,2309
h4_chr21_19112010_19116105,Initiator,promoter,YYANWYY,+,2346,2353
h4_chr21_19112010_19116105,Initiator,promoter,YYANWYY,+,2393,2400
h4_chr21_19112010_19116105,Initiator,promoter,YYANWYY,+,2462,2469
h4_chr21_19112010_19116105,Initiator,promoter,YYANWYY,+,2503,2510
h4_chr21_19112010_19116105,Initiator,promoter,YYANWYY,+,2532,2539
h4_chr21_19112010_19116105,Initiator,promoter,YYANWYY,+,2811,2818
h4_chr21_19112010_19116105,Initiator,promoter,YYANWYY,+,2862,2869
h4_chr21_19112010_19116105,Initiator,promoter,YYANWYY,+,2872,2879
h4_chr21_19112010_19116105,Initiator,promoter,YYANWYY,+,2907,2914
h4_chr21_19112010_19116105,Initiator,promoter,YYANWYY,+,2945,2952
h4_chr21_19112010_19116105,Initiator,promoter,YYANWYY,+,2968,2975
h4_chr21_19112010_19116105,Initiator,promoter,YYANWYY,+,3013,3020
h4_chr21_19112010_19116105,Initiator,promoter,YYANWYY,+,3116,3123
h4_chr21_19112010_19116105,Initiator,promoter,YYANWYY,+,3253,3260
h4_chr21_19112010_19116105,Initiator,promoter,YYANWYY,+,3333,3340
h4_chr21_19112010_19116105,Initiator,promoter,YYANWYY,+,3429,3436
h4_chr21_19112010_19116105,Initiator,promoter,YYANWYY,+,3514,3521
h4_chr21_19112010_19116105,Initiator,promoter,YYANWYY,+,3536,3543
h4_chr21_19112010_19116105,Initiator,promoter,YYANWYY,+,3558,3565
h4_chr21_19112010_19116105,Initiator,promoter,YYANWYY,+,3585,3592
h4_chr21_19112010_19116105,Initiator,promoter,YYANWYY,+,3590,3597
h4_chr21_19112010_19116105,Initiator,promoter,YYANWYY,+,3614,3621
h4_chr21_19112010_19116105,Initiator,promoter,YYANWYY,+,3671,3678
h4_chr21_19112010_19116105,Initiator,promoter,YYANWYY,+,3769,3776
h4_chr21_19112010_19116105,Initiator,promoter,YYANWYY,+,3778,3785
h4_chr21_19112010_19116105,Initiator,promoter,YYANWYY,+,3830,3837
h4_chr21_19112010_19116105,Initiator,promoter,YYANWYY,+,3919,3926
h4_chr21_19112010_19116105,Initiator,promoter,YYANWYY,+,3925,3932
h4_chr21_19112010_19116105,Initiator,promoter,YYANWYY,+,3949,3956
h4_chr21_19112010_19116105,Initiator,promoter,YYANWYY,+,3954,3961
h4_chr21_19112010_19116105,Initiator,promoter,YYANWYY,+,3993,4000
h4_chr21_19112010_19116105,Initiator,promoter,YYANWYY,+,4011,4018
h4_chr21_19112010_19116105,Initiator,promoter,YYANWYY,+,4033,4040
h4_chr21_19112010_19116105,Initiator,promoter,YYANWYY,-,139,146
h4_chr21_19112010_19116105,Initiator,promoter,YYANWYY,-,213,220
h4_chr21_19112010_19116105,Initiator,promoter,YYANWYY,-,219,226
h4_chr21_19112010_19116105,Initiator,promoter,YYANWYY,-,327,334
h4_chr21_19112010_19116105,Initiator,promoter,YYANWYY,-,343,350
h4_chr21_19112010_19116105,Initiator,promoter,YYANWYY,-,375,382
h4_chr21_19112010_19116105,Initiator,promoter,YYANWYY,-,462,469
h4_chr21_19112010_19116105,Initiator,promoter,YYANWYY,-,543,550
h4_chr21_19112010_19116105,Initiator,promoter,YYANWYY,-,557,564
h4_chr21_19112010_19116105,Initiator,promoter,YYANWYY,-,576,583
h4_chr21_19112010_19116105,Initiator,promoter,YYANWYY,-,602,609
h4_chr21_19112010_19116105,Initiator,promoter,YYANWYY,-,634,641
h4_chr21_19112010_19116105,Initiator,promoter,YYANWYY,-,639,646
h4_chr21_19112010_19116105,Initiator,promoter,YYANWYY,-,653,660
h4_chr21_19112010_19116105,Initiator,promoter,YYANWYY,-,860,867
h4_chr21_19112010_19116105,Initiator,promoter,YYANWYY,-,884,891
h4_chr21_19112010_19116105,Initiator,promoter,YYANWYY,-,893,900
h4_chr21_19112010_19116105,Initiator,promoter,YYANWYY,-,931,938
h4_chr21_19112010_19116105,Initiator,promoter,YYANWYY,-,937,944
h4_chr21_19112010_19116105,Initiator,promoter,YYANWYY,-,986,993
h4_chr21_19112010_19116105,Initiator,promoter,YYANWYY,-,992,999
h4_chr21_19112010_19116105,Initiator,promoter,YYANWYY,-,997,1004
h4_chr21_19112010_19116105,Initiator,promoter,YYANWYY,-,1092,1099
h4_chr21_19112010_19116105,Initiator,promoter,YYANWYY,-,1100,1107
h4_chr21_19112010_19116105,Initiator,promoter,YYANWYY,-,1128,1135
h4_chr21_19112010_19116105,Initiator,promoter,YYANWYY,-,1194,1201
h4_chr21_19112010_19116105,Initiator,promoter,YYANWYY,-,1213,1220
h4_chr21_19112010_19116105,Initiator,promoter,YYANWYY,-,1224,1231
h4_chr21_19112010_19116105,Initiator,promoter,YYANWYY,-,1263,1270
h4_chr21_19112010_19116105,Initiator,promoter,YYANWYY,-,1269,1276
h4_chr21_19112010_19116105,Initiator,promoter,YYANWYY,-,1274,1281
h4_chr21_19112010_19116105,Initiator,promoter,YYANWYY,-,1279,1286
h4_chr21_19112010_19116105,Initiator,promoter,YYANWYY,-,1291,1298
h4_chr21_19112010_19116105,Initiator,promoter,YYANWYY,-,1354,1361
h4_chr21_19112010_19116105,Initiator,promoter,YYANWYY,-,1362,1369
h4_chr21_19112010_19116105,Initiator,promoter,YYANWYY,-,1456,1463
h4_chr21_19112010_19116105,Initiator,promoter,YYANWYY,-,1470,1477
h4_chr21_19112010_19116105,Initiator,promoter,YYANWYY,-,1517,1524
h4_chr21_19112010_19116105,Initiator,promoter,YYANWYY,-,1523,1530
h4_chr21_19112010_19116105,Initiator,promoter,YYANWYY,-,1639,1646
h4_chr21_19112010_19116105,Initiator,promoter,YYANWYY,-,1644,1651
h4_chr21_19112010_19116105,Initiator,promoter,YYANWYY,-,1767,1774
h4_chr21_19112010_19116105,Initiator,promoter,YYANWYY,-,1783,1790
h4_chr21_19112010_19116105,Initiator,promoter,YYANWYY,-,1825,1832
h4_chr21_19112010_19116105,Initiator,promoter,YYANWYY,-,1850,1857
h4_chr21_19112010_19116105,Initiator,promoter,YYANWYY,-,2190,2197
h4_chr21_19112010_19116105,Initiator,promoter,YYANWYY,-,2381,2388
h4_chr21_19112010_19116105,Initiator,promoter,YYANWYY,-,2557,2564
h4_chr21_19112010_19116105,Initiator,promoter,YYANWYY,-,2695,2702
h4_chr21_19112010_19116105,Initiator,promoter,YYANWYY,-,2700,2707
h4_chr21_19112010_19116105,Initiator,promoter,YYANWYY,-,2775,2782
h4_chr21_19112010_19116105,Initiator,promoter,YYANWYY,-,2832,2839
h4_chr21_19112010_19116105,Initiator,promoter,YYANWYY,-,2980,2987
h4_chr21_19112010_19116105,Initiator,promoter,YYANWYY,-,3031,3038
h4_chr21_19112010_19116105,Initiator,promoter,YYANWYY,-,3051,3058
h4_chr21_19112010_19116105,Initiator,promoter,YYANWYY,-,3089,3096
h4_chr21_19112010_19116105,Initiator,promoter,YYANWYY,-,3113,3120
h4_chr21_19112010_19116105,Initiator,promoter,YYANWYY,-,3155,3162
h4_chr21_19112010_19116105,Initiator,promoter,YYANWYY,-,3199,3206
h4_chr21_19112010_19116105,Initiator,promoter,YYANWYY,-,3214,3221
h4_chr21_19112010_19116105,Initiator,promoter,YYANWYY,-,3320,3327
h4_chr21_19112010_19116105,Initiator,promoter,YYANWYY,-,3389,3396
h4_chr21_19112010_19116105,Initiator,promoter,YYANWYY,-,3525,3532
h4_chr21_19112010_19116105,Initiator,promoter,YYANWYY,-,3607,3614
h4_chr21_19112010_19116105,Initiator,promoter,YYANWYY,-,3629,3636
h4_chr21_19112010_19116105,Initiator,promoter,YYANWYY,-,3889,3896
h4_chr21_19112010_19116105,Initiator,promoter,YYANWYY,-,3934,3941
h4_chr21_19112010_19116105,Initiator,promoter,YYANWYY,-,4042,4049
h4_chr21_19112010_19116105,GATA,tfbs,WGATAR,+,1096,1102
h4_chr21_19112010_19116105,GATA,tfbs,WGATAR,+,1315,1321
h4_chr21_19112010_19116105,GATA,tfbs,WGATAR,+,1810,1816
h4_chr21_19112010_19116105,GATA,tfbs,WGATAR,+,1921,1927
h4_chr21_19112010_19116105,GATA,tfbs,WGATAR,+,2456,2462
h4_chr21_19112010_19116105,GATA,tfbs,WGATAR,+,4066,4072
h4_chr21_19112010_19116105,GATA,tfbs,WGATAR,-,304,310
h4_chr21_19112010_19116105,GATA,tfbs,WGATAR,-,744,750
h4_chr21_19112010_19116105,GATA,tfbs,WGATAR,-,1966,1972
h4_chr21_19112010_19116105,GATA,tfbs,WGATAR,-,2637,2643
h4_chr21_19112010_19116105,GATA,tfbs,WGATAR,-,2805,2811
h4_chr21_19112010_19116105,GATA,tfbs,WGATAR,-,3426,3432
h4_chr21_19112010_19116105,YY1,tfbs,CCATNTT,+,2051,2058
h4_chr21_19112010_19116105,YY1,tfbs,CCATNTT,+,3949,3956
h4_chr21_38658585_38662680,TATA_box,promoter,TATAWAWR,+,239,247
h4_chr21_38658585_38662680,TATA_box,promoter,TATAWAWR,-,275,283
h4_chr21_38658585_38662680,Initiator,promoter,YYANWYY,+,328,335
h4_chr21_38658585_38662680,Initiator,promoter,YYANWYY,+,336,343
h4_chr21_38658585_38662680,Initiator,promoter,YYANWYY,+,354,361
h4_chr21_38658585_38662680,Initiator,promoter,YYANWYY,+,414,421
h4_chr21_38658585_38662680,Initiator,promoter,YYANWYY,+,419,426
h4_chr21_38658585_38662680,Initiator,promoter,YYANWYY,+,542,549
h4_chr21_38658585_38662680,Initiator,promoter,YYANWYY,+,574,581
h4_chr21_38658585_38662680,Initiator,promoter,YYANWYY,+,758,765
h4_chr21_38658585_38662680,Initiator,promoter,YYANWYY,+,913,920
h4_chr21_38658585_38662680,Initiator,promoter,YYANWYY,+,1018,1025
h4_chr21_38658585_38662680,Initiator,promoter,YYANWYY,+,1094,1101
h4_chr21_38658585_38662680,Initiator,promoter,YYANWYY,+,1122,1129
h4_chr21_38658585_38662680,Initiator,promoter,YYANWYY,+,1143,1150
h4_chr21_38658585_38662680,Initiator,promoter,YYANWYY,+,1149,1156
h4_chr21_38658585_38662680,Initiator,promoter,YYANWYY,+,1174,1181
h4_chr21_38658585_38662680,Initiator,promoter,YYANWYY,+,1332,1339
h4_chr21_38658585_38662680,Initiator,promoter,YYANWYY,+,1529,1536
h4_chr21_38658585_38662680,Initiator,promoter,YYANWYY,+,1571,1578
h4_chr21_38658585_38662680,Initiator,promoter,YYANWYY,+,1584,1591
h4_chr21_38658585_38662680,Initiator,promoter,YYANWYY,+,1610,1617
h4_chr21_38658585_38662680,Initiator,promoter,YYANWYY,+,1628,1635
h4_chr21_38658585_38662680,Initiator,promoter,YYANWYY,+,1705,1712
h4_chr21_38658585_38662680,Initiator,promoter,YYANWYY,+,3175,3182
h4_chr21_38658585_38662680,Initiator,promoter,YYANWYY,+,3215,3222
h4_chr21_38658585_38662680,Initiator,promoter,YYANWYY,+,3314,3321
h4_chr21_38658585_38662680,Initiator,promoter,YYANWYY,+,3463,3470
h4_chr21_38658585_38662680,Initiator,promoter,YYANWYY,+,3484,3491
h4_chr21_38658585_38662680,Initiator,promoter,YYANWYY,+,3499,3506
h4_chr21_38658585_38662680,Initiator,promoter,YYANWYY,+,3732,3739
h4_chr21_38658585_38662680,Initiator,promoter,YYANWYY,+,4043,4050
h4_chr21_38658585_38662680,Initiator,promoter,YYANWYY,-,43,50
h4_chr21_38658585_38662680,Initiator,promoter,YYANWYY,-,85,92
h4_chr21_38658585_38662680,Initiator,promoter,YYANWYY,-,208,215
h4_chr21_38658585_38662680,Initiator,promoter,YYANWYY,-,237,244
h4_chr21_38658585_38662680,Initiator,promoter,YYANWYY,-,285,292
h4_chr21_38658585_38662680,Initiator,promoter,YYANWYY,-,351,358
h4_chr21_38658585_38662680,Initiator,promoter,YYANWYY,-,377,384
h4_chr21_38658585_38662680,Initiator,promoter,YYANWYY,-,435,442
h4_chr21_38658585_38662680,Initiator,promoter,YYANWYY,-,440,447
h4_chr21_38658585_38662680,Initiator,promoter,YYANWYY,-,471,478
h4_chr21_38658585_38662680,Initiator,promoter,YYANWYY,-,720,727
h4_chr21_38658585_38662680,Initiator,promoter,YYANWYY,-,740,747
h4_chr21_38658585_38662680,Initiator,promoter,YYANWYY,-,755,762
h4_chr21_38658585_38662680,Initiator,promoter,YYANWYY,-,928,935
h4_chr21_38658585_38662680,Initiator,promoter,YYANWYY,-,945,952
h4_chr21_38658585_38662680,Initiator,promoter,YYANWYY,-,998,1005
h4_chr21_38658585_38662680,Initiator,promoter,YYANWYY,-,1064,1071
h4_chr21_38658585_38662680,Initiator,promoter,YYANWYY,-,1124,1131
h4_chr21_38658585_38662680,Initiator,promoter,YYANWYY,-,1188,1195
h4_chr21_38658585_38662680,Initiator,promoter,YYANWYY,-,1374,1381
h4_chr21_38658585_38662680,Initiator,promoter,YYANWYY,-,1411,1418
h4_chr21_38658585_38662680,Initiator,promoter,YYANWYY,-,1428,1435
h4_chr21_38658585_38662680,Initiator,promoter,YYANWYY,-,1434,1441
h4_chr21_38658585_38662680,Initiator,promoter,YYANWYY,-,1440,1447
h4_chr21_38658585_38662680,Initiator,promoter,YYANWYY,-,1836,1843
h4_chr21_38658585_38662680,Initiator,promoter,YYANWYY,-,2087,2094
h4_chr21_38658585_38662680,Initiator,promoter,YYANWYY,-,2289,2296
h4_chr21_38658585_38662680,Initiator,promoter,YYANWYY,-,2354,2361
h4_chr21_38658585_38662680,Initiator,promoter,YYANWYY,-,2380,2387
h4_chr21_38658585_38662680,Initiator,promoter,YYANWYY,-,2596,2603
h4_chr21_38658585_38662680,Initiator,promoter,YYANWYY,-,2657,2664
h4_chr21_38658585_38662680,Initiator,promoter,YYANWYY,-,2702,2709
h4_chr21_38658585_38662680,Initiator,promoter,YYANWYY,-,2711,2718
h4_chr21_38658585_38662680,Initiator,promoter,YYANWYY,-,2745,2752
h4_chr21_38658585_38662680,Initiator,promoter,YYANWYY,-,2778,2785
h4_chr21_38658585_38662680,Initiator,promoter,YYANWYY,-,2898,2905
h4_chr21_38658585_38662680,Initiator,promoter,YYANWYY,-,3299,3306
h4_chr21_38658585_38662680,Initiator,promoter,YYANWYY,-,3316,3323
h4_chr21_38658585_38662680,Initiator,promoter,YYANWYY,-,3323,3330
h4_chr21_38658585_38662680,Initiator,promoter,YYANWYY,-,3422,3429
h4_chr21_38658585_38662680,Initiator,promoter,YYANWYY,-,3454,3461
h4_chr21_38658585_38662680,Initiator,promoter,YYANWYY,-,3496,3503
h4_chr21_38658585_38662680,Initiator,promoter,YYANWYY,-,3587,3594
h4_chr21_38658585_38662680,Initiator,promoter,YYANWYY,-,3636,3643
h4_chr21_38658585_38662680,Initiator,promoter,YYANWYY,-,3659,3666
h4_chr21_38658585_38662680,Initiator,promoter,YYANWYY,-,3756,3763
h4_chr21_38658585_38662680,Initiator,promoter,YYANWYY,-,3761,3768
h4_chr21_38658585_38662680,Initiator,promoter,YYANWYY,-,3781,3788
h4_chr21_38658585_38662680,Initiator,promoter,YYANWYY,-,3845,3852
h4_chr21_38658585_38662680,Initiator,promoter,YYANWYY,-,3861,3868
h4_chr21_38658585_38662680,Initiator,promoter,YYANWYY,-,4022,4029
h4_chr21_38658585_38662680,Initiator,promoter,YYANWYY,-,4040,4047
h4_chr21_38658585_38662680,BREu,promoter,SSRCGCC,+,1796,1803
h4_chr21_38658585_38662680,BREu,promoter,SSRCGCC,+,1813,1820
h4_chr21_38658585_38662680,BREu,promoter,SSRCGCC,+,1997,2004
h4_chr21_38658585_38662680,BREu,promoter,SSRCGCC,+,2034,2041
h4_chr21_38658585_38662680,BREu,promoter,SSRCGCC,+,2064,2071
h4_chr21_38658585_38662680,BREu,promoter,SSRCGCC,+,2092,2099
h4_chr21_38658585_38662680,BREu,promoter,SSRCGCC,+,2176,2183
h4_chr21_38658585_38662680,BREu,promoter,SSRCGCC,+,2316,2323
h4_chr21_38658585_38662680,BREu,promoter,SSRCGCC,-,1515,1522
h4_chr21_38658585_38662680,BREu,promoter,SSRCGCC,-,1814,1821
h4_chr21_38658585_38662680,BREu,promoter,SSRCGCC,-,2065,2072
h4_chr21_38658585_38662680,BREu,promoter,SSRCGCC,-,2093,2100
h4_chr21_38658585_38662680,BREu,promoter,SSRCGCC,-,2816,2823
h4_chr21_38658585_38662680,E_box,tfbs,CACGTG,+,1976,1982
h4_chr21_38658585_38662680,GC_box,promoter,GGGCGG,+,2138,2144
h4_chr21_38658585_38662680,GC_box,promoter,GGGCGG,+,2185,2191
h4_chr21_38658585_38662680,GC_box,promoter,GGGCGG,+,2204,2210
h4_chr21_38658585_38662680,GC_box,promoter,GGGCGG,-,2144,2150
h4_chr21_38658585_38662680,GC_box,promoter,GGGCGG,-,2924,2930
h4_chr21_38658585_38662680,GC_box,promoter,GGGCGG,-,3273,3279
h4_chr21_38658585_38662680,NFkB,tfbs,GGGRNNYYCC,+,1713,1723
h4_chr21_38658585_38662680,NFkB,tfbs,GGGRNNYYCC,+,2106,2116
h4_chr21_38658585_38662680,NFkB,tfbs,GGGRNNYYCC,-,1713,1723
h4_chr21_38658585_38662680,NFkB,tfbs,GGGRNNYYCC,-,3625,3635
h4_chr21_38658585_38662680,GATA,tfbs,WGATAR,+,385,391
h4_chr21_38658585_38662680,GATA,tfbs,WGATAR,+,1104,1110
h4_chr21_38658585_38662680,GATA,tfbs,WGATAR,+,1231,1237
h4_chr21_38658585_38662680,GATA,tfbs,WGATAR,+,1318,1324
h4_chr21_38658585_38662680,GATA,tfbs,WGATAR,-,1116,1122
h4_chr21_38658585_38662680,RUNX,tfbs,TGTGGT,+,3493,3499
h4_chr21_38658585_38662680,RUNX,tfbs,TGTGGT,-,181,187
h4_chr21_38658585_38662680,YY1,tfbs,CCATNTT,+,1174,1181
h4_chr21_38658585_38662680,YY1,tfbs,CCATNTT,-,3761,3768
h4_chr21_38658585_38662680,YY1,tfbs,CCATNTT,-,3898,3905
h4_chr3_108979737_108983832,TATA_box,promoter,TATAWAWR,+,1666,1674
h4_chr3_108979737_108983832,TATA_box,promoter,TATAWAWR,+,2987,2995
h4_chr3_108979737_108983832,Initiator,promoter,YYANWYY,+,106,113
h4_chr3_108979737_108983832,Initiator,promoter,YYANWYY,+,112,119
h4_chr3_108979737_108983832,Initiator,promoter,YYANWYY,+,178,185
h4_chr3_108979737_108983832,Initiator,promoter,YYANWYY,+,233,240
h4_chr3_108979737_108983832,Initiator,promoter,YYANWYY,+,353,360
h4_chr3_108979737_108983832,Initiator,promoter,YYANWYY,+,386,393
h4_chr3_108979737_108983832,Initiator,promoter,YYANWYY,+,393,400
h4_chr3_108979737_108983832,Initiator,promoter,YYANWYY,+,409,416
h4_chr3_108979737_108983832,Initiator,promoter,YYANWYY,+,417,424
h4_chr3_108979737_108983832,Initiator,promoter,YYANWYY,+,647,654
h4_chr3_108979737_108983832,Initiator,promoter,YYANWYY,+,775,782
h4_chr3_108979737_108983832,Initiator,promoter,YYANWYY,+,821,828
h4_chr3_108979737_108983832,Initiator,promoter,YYANWYY,+,859,866
h4_chr3_108979737_108983832,Initiator,promoter,YYANWYY,+,868,875
h4_chr3_108979737_108983832,Initiator,promoter,YYANWYY,+,873,880
h4_chr3_108979737_108983832,Initiator,promoter,YYANWYY,+,893,900
h4_chr3_108979737_108983832,Initiator,promoter,YYANWYY,+,982,989
h4_chr3_108979737_108983832,Initiator,promoter,YYANWYY,+,994,1001
h4_chr3_108979737_108983832,Initiator,promoter,YYANWYY,+,1429,1436
h4_chr3_108979737_108983832,Initiator,promoter,YYANWYY,+,1574,1581
h4_chr3_108979737_108983832,Initiator,promoter,YYANWYY,+,1623,1630
h4_chr3_108979737_108983832,Initiator,promoter,YYANWYY,+,1779,1786
h4_chr3_108979737_108983832,Initiator,promoter,YYANWYY,+,1839,1846
h4_chr3_108979737_108983832,Initiator,promoter,YYANWYY,+,1866,1873
h4_chr3_108979737_108983832,Initiator,promoter,YYANWYY,+,1982,1989
h4_chr3_108979737_108983832,Initiator,promoter,YYANWYY,+,2178,2185
h4_chr3_108979737_108983832,Initiator,promoter,YYANWYY,+,2474,2481
h4_chr3_108979737_108983832,Initiator,promoter,YYANWYY,+,2552,2559
h4_chr3_108979737_108983832,Initiator,promoter,YYANWYY,+,2576,2583
h4_chr3_108979737_108983832,Initiator,promoter,YYANWYY,+,3036,3043
h4_chr3_108979737_108983832,Initiator,promoter,YYANWYY,+,3095,3102
h4_chr3_108979737_108983832,Initiator,promoter,YYANWYY,+,3106,3113
h4_chr3_108979737_108983832,Initiator,promoter,YYANWYY,+,3112,3119
h4_chr3_108979737_108983832,Initiator,promoter,YYANWYY,+,3127,3134
h4_chr3_108979737_108983832,Initiator,promoter,YYANWYY,+,3152,3159
h4_chr3_108979737_108983832,Initiator,promoter,YYANWYY,+,3192,3199
h4_chr3_108979737_108983832,Initiator,promoter,YYANWYY,+,3257,3264
h4_chr3_108979737_108983832,Initiator,promoter,YYANWYY,+,3378,3385
h4_chr3_108979737_108983832,Initiator,promoter,YYANWYY,+,3396,3403
h4_chr3_108979737_108983832,Initiator,promoter,YYANWYY,+,3483,3490
h4_chr3_108979737_108983832,Initiator,promoter,YYANWYY,+,3537,3544
h4_chr3_108979737_108983832,Initiator,promoter,YYANWYY,+,3579,3586
h4_chr3_108979737_108983832,Initiator,promoter,YYANWYY,+,3753,3760
h4_chr3_108979737_108983832,Initiator,promoter,YYANWYY,+,3910,3917
h4_chr3_108979737_108983832,Initiator,promoter,YYANWYY,-,164,171
h4_chr3_108979737_108983832,Initiator,promoter,YYANWYY,-,324,331
h4_chr3_108979737_108983832,Initiator,promoter,YYANWYY,-,372,379
h4_chr3_108979737_108983832,Initiator,promoter,YYANWYY,-,531,538
h4_chr3_108979737_108983832,Initiator,promoter,YYANWYY,-,795,802
h4_chr3_108979737_108983832,Initiator,promoter,YYANWYY,-,848,855
h4_chr3_108979737_108983832,Initiator,promoter,YYANWYY,-,927,934
h4_chr3_108979737_108983832,Initiator,promoter,YYANWYY,-,984,991
h4_chr3_108979737_108983832,Initiator,promoter,YYANWYY,-,1019,1026
h4_chr3_108979737_108983832,Initiator,promoter,YYANWYY,-,1040,1047
h4_chr3_108979737_108983832,Initiator,promoter,YYANWYY,-,1069,1076
h4_chr3_108979737_108983832,Initiator,promoter,YYANWYY,-,1109,1116
h4_chr3_108979737_108983832,Initiator,promoter,YYANWYY,-,1191,1198
h4_chr3_108979737_108983832,Initiator,promoter,YYANWYY,-,1212,1219
h4_chr3_108979737_108983832,Initiator,promoter,YYANWYY,-,1257,1264
h4_chr3_108979737_108983832,Initiator,promoter,YYANWYY,-,1299,1306
h4_chr3_108979737_108983832,Initiator,promoter,YYANWYY,-,1336,1343
h4_chr3_108979737_108983832,Initiator,promoter,YYANWYY,-,1377,1384
h4_chr3_108979737_108983832,Initiator,promoter,YYANWYY,-,1400,1407
h4_chr3_108979737_108983832,Initiator,promoter,YYANWYY,-,1503,1510
h4_chr3_108979737_108983832,Initiator,promoter,YYANWYY,-,1559,1566
h4_chr3_108979737_108983832,Initiator,promoter,YYANWYY,-,1653,1660
h4_chr3_108979737_108983832,Initiator,promoter,YYANWYY,-,1671,1678
h4_chr3_108979737_108983832,Initiator,promoter,YYANWYY,-,1940,1947
h4_chr3_108979737_108983832,Initiator,promoter,YYANWYY,-,1957,1964
h4_chr3_108979737_108983832,Initiator,promoter,YYANWYY,-,2156,2163
h4_chr3_108979737_108983832,Initiator,promoter,YYANWYY,-,2171,2178
h4_chr3_108979737_108983832,Initiator,promoter,YYANWYY,-,2180,2187
h4_chr3_108979737_108983832,Initiator,promoter,YYANWYY,-,2219,2226
h4_chr3_108979737_108983832,Initiator,promoter,YYANWYY,-,2239,2246
h4_chr3_108979737_108983832,Initiator,promoter,YYANWYY,-,2323,2330
h4_chr3_108979737_108983832,Initiator,promoter,YYANWYY,-,2343,2350
h4_chr3_108979737_108983832,Initiator,promoter,YYANWYY,-,2356,2363
h4_chr3_108979737_108983832,Initiator,promoter,YYANWYY,-,2485,2492
h4_chr3_108979737_108983832,Initiator,promoter,YYANWYY,-,2529,2536
h4_chr3_108979737_108983832,Initiator,promoter,YYANWYY,-,2568,2575
h4_chr3_108979737_108983832,Initiator,promoter,YYANWYY,-,2573,2580
h4_chr3_108979737_108983832,Initiator,promoter,YYANWYY,-,2599,2606
h4_chr3_108979737_108983832,Initiator,promoter,YYANWYY,-,2618,2625
h4_chr3_108979737_108983832,Initiator,promoter,YYANWYY,-,2624,2631
h4_chr3_108979737_108983832,Initiator,promoter,YYANWYY,-,2985,2992
h4_chr3_108979737_108983832,Initiator,promoter,YYANWYY,-,3329,3336
h4_chr3_108979737_108983832,Initiator,promoter,YYANWYY,-,3523,3530
h4_chr3_108979737_108983832,Initiator,promoter,YYANWYY,-,3611,3618
h4_chr3_108979737_108983832,Initiator,promoter,YYANWYY,-,3620,3627
h4_chr3_108979737_108983832,Initiator,promoter,YYANWYY,-,3635,3642
h4_chr3_108979737_108983832,Initiator,promoter,YYANWYY,-,3642,3649
h4_chr3_108979737_108983832,Initiator,promoter,YYANWYY,-,3655,3662
h4_chr3_108979737_108983832,Initiator,promoter,YYANWYY,-,3681,3688
h4_chr3_108979737_108983832,Initiator,promoter,YYANWYY,-,3705,3712
h4_chr3_108979737_108983832,Initiator,promoter,YYANWYY,-,3726,3733
h4_chr3_108979737_108983832,Initiator,promoter,YYANWYY,-,3740,3747
h4_chr3_108979737_108983832,Initiator,promoter,YYANWYY,-,3921,3928
h4_chr3_108979737_108983832,Initiator,promoter,YYANWYY,-,3951,3958
h4_chr3_108979737_108983832,Initiator,promoter,YYANWYY,-,3993,4000
h4_chr3_108979737_108983832,Initiator,promoter,YYANWYY,-,4038,4045
h4_chr3_108979737_108983832,AP1,tfbs,TGASTCA,+,3527,3534
h4_chr3_108979737_108983832,GATA,tfbs,WGATAR,+,171,177
h4_chr3_108979737_108983832,GATA,tfbs,WGATAR,+,685,691
h4_chr3_108979737_108983832,GATA,tfbs,WGATAR,+,752,758
h4_chr3_108979737_108983832,GATA,tfbs,WGATAR,+,2034,2040
h4_chr3_108979737_108983832,GATA,tfbs,WGATAR,+,3719,3725
h4_chr3_108979737_108983832,GATA,tfbs,WGATAR,+,3868,3874
h4_chr3_108979737_108983832,GATA,tfbs,WGATAR,-,2006,2012
h4_chr3_108979737_108983832,GATA,tfbs,WGATAR,-,3139,3145
h4_chr3_108979737_108983832,RUNX,tfbs,TGTGGT,+,929,935
h4_chr3_108979737_108983832,RUNX,tfbs,TGTGGT,-,2455,2461
h4_chr3_108979737_108983832,YY1,tfbs,CCATNTT,+,353,360
h4_chr3_108979737_108983832,YY1,tfbs,CCATNTT,+,1779,1786
h4_chr3_108979737_108983832,YY1,tfbs,CCATNTT,-,2921,2928
h4_chr3_108979737_108983832,YY1,tfbs,CCATNTT,-,3642,3649
h4_chr3_127665795_127669890,Initiator,promoter,YYANWYY,+,78,85
h4_chr3_127665795_127669890,Initiator,promoter,YYANWYY,+,87,94
h4_chr3_127665795_127669890,Initiator,promoter,YYANWYY,+,225,232
h4_chr3_127665795_127669890,Initiator,promoter,YYANWYY,+,310,317
h4_chr3_127665795_127669890,Initiator,promoter,YYANWYY,+,316,323
h4_chr3_127665795_127669890,Initiator,promoter,YYANWYY,+,366,373
h4_chr3_127665795_127669890,Initiator,promoter,YYANWYY,+,389,396
h4_chr3_127665795_127669890,Initiator,promoter,YYANWYY,+,641,648
h4_chr3_127665795_127669890,Initiator,promoter,YYANWYY,+,766,773
h4_chr3_127665795_127669890,Initiator,promoter,YYANWYY,+,776,783
h4_chr3_127665795_127669890,Initiator,promoter,YYANWYY,+,915,922
h4_chr3_127665795_127669890,Initiator,promoter,YYANWYY,+,966,973
h4_chr3_127665795_127669890,Initiator,promoter,YYANWYY,+,1011,1018
h4_chr3_127665795_127669890,Initiator,promoter,YYANWYY,+,1021,1028
h4_chr3_127665795_127669890,Initiator,promoter,YYANWYY,+,1234,1241
h4_chr3_127665795_127669890,Initiator,promoter,YYANWYY,+,1323,1330
h4_chr3_127665795_127669890,Initiator,promoter,YYANWYY,+,1351,1358
h4_chr3_127665795_127669890,Initiator,promoter,YYANWYY,+,1426,1433
h4_chr3_127665795_127669890,Initiator,promoter,YYANWYY,+,1862,1869
h4_chr3_127665795_127669890,Initiator,promoter,YYANWYY,+,1873,1880
h4_chr3_127665795_127669890,Initiator,promoter,YYANWYY,+,1951,1958
h4_chr3_127665795_127669890,Initiator,promoter,YYANWYY,+,2118,2125
h4_chr3_127665795_127669890,Initiator,promoter,YYANWYY,+,2178,2185
h4_chr3_127665795_127669890,Initiator,promoter,YYANWYY,+,2261,2268
h4_chr3_127665795_127669890,Initiator,promoter,YYANWYY,+,2274,2281
h4_chr3_127665795_127669890,Initiator,promoter,YYANWYY,+,2477,2484
h4_chr3_127665795_127669890,Initiator,promoter,YYANWYY,+,3314,3321
h4_chr3_127665795_127669890,Initiator,promoter,YYANWYY,+,3488,3495
h4_chr3_127665795_127669890,Initiator,promoter,YYANWYY,+,4051,4058
h4_chr3_127665795_127669890,Initiator,promoter,YYANWYY,+,4064,4071
h4_chr3_127665795_127669890,Initiator,promoter,YYANWYY,-,80,87
h4_chr3_127665795_127669890,Initiator,promoter,YYANWYY,-,136,143
h4_chr3_127665795_127669890,Initiator,promoter,YYANWYY,-,143,150
h4_chr3_127665795_127669890,Initiator,promoter,YYANWYY,-,205,212
h4_chr3_127665795_127669890,Initiator,promoter,YYANWYY,-,214,221
h4_chr3_127665795_127669890,Initiator,promoter,YYANWYY,-,386,393
h4_chr3_127665795_127669890,Initiator,promoter,YYANWYY,-,411,418
h4_chr3_127665795_127669890,Initiator,promoter,YYANWYY,-,543,550
h4_chr3_127665795_127669890,Initiator,promoter,YYANWYY,-,620,627
h4_chr3_127665795_127669890,Initiator,promoter,YYANWYY,-,992,999
h4_chr3_127665795_127669890,Initiator,promoter,YYANWYY,-,1253,1260
h4_chr3_127665795_127669890,Initiator,promoter,YYANWYY,-,1271,1278
h4_chr3_127665795_127669890,Initiator,promoter,YYANWYY,-,1502,1509
h4_chr3_127665795_127669890,Initiator,promoter,YYANWYY,-,1507,1514
h4_chr3_127665795_127669890,Initiator,promoter,YYANWYY,-,1707,1714
h4_chr3_127665795_127669890,Initiator,promoter,YYANWYY,-,1714,1721
h4_chr3_127665795_127669890,Initiator,promoter,YYANWYY,-,1778,1785
h4_chr3_127665795_127669890,Initiator,promoter,YYANWYY,-,2440,2447
h4_chr3_127665795_127669890,Initiator,promoter,YYANWYY,-,2921,2928
h4_chr3_127665795_127669890,Initiator,promoter,YYANWYY,-,2988,2995
h4_chr3_127665795_127669890,Initiator,promoter,YYANWYY,-,2995,3002
h4_chr3_127665795_127669890,Initiator,promoter,YYANWYY,-,3029,3036
h4_chr3_127665795_127669890,Initiator,promoter,YYANWYY,-,3072,3079
h4_chr3_127665795_127669890,Initiator,promoter,YYANWYY,-,3225,3232
h4_chr3_127665795_127669890,Initiator,promoter,YYANWYY,-,3509,3516
h4_chr3_127665795_127669890,Initiator,promoter,YYANWYY,-,3652,3659
h4_chr3_127665795_127669890,Initiator,promoter,YYANWYY,-,3706,3713
h4_chr3_127665795_127669890,BREu,promoter,SSRCGCC,+,3912,3919
h4_chr3_127665795_127669890,BREu,promoter,SSRCGCC,-,3846,3853
h4_chr3_127665795_127669890,E_box,tfbs,CACGTG,+,26,32
h4_chr3_127665795_127669890,E_box,tfbs,CACGTG,+,711,717
h4_chr3_127665795_127669890,GC_box,promoter,GGGCGG,+,1209,1215
h4_chr3_127665795_127669890,GC_box,promoter,GGGCGG,+,2850,2856
h4_chr3_127665795_127669890,GC_box,promoter,GGGCGG,-,2188,2194
h4_chr3_127665795_127669890,GC_box,promoter,GGGCGG,-,2358,2364
h4_chr3_127665795_127669890,NFkB,tfbs,GGGRNNYYCC,+,56,66
h4_chr3_127665795_127669890,GATA,tfbs,WGATAR,+,3320,3326
h4_chr3_127665795_127669890,RUNX,tfbs,TGTGGT,+,3031,3037
h4_chr3_127665795_127669890,RUNX,tfbs,TGTGGT,-,749,755
h4_chr3_127665795_127669890,YY1,tfbs,CCATNTT,+,525,532
h4_chr3_127665795_127669890,YY1,tfbs,CCATNTT,+,1313,1320
h4_chr3_127665795_127669890,YY1,tfbs,CCATNTT,+,3941,3948
h4_chr3_127665795_127669890,YY1,tfbs,CCATNTT,-,214,221
h4_chr3_127665795_127669890,YY1,tfbs,CCATNTT,-,1078,1085
h4_chr3_17001367_17005462,TATA_box,promoter,TATAWAWR,-,723,731
h4_chr3_17001367_17005462,TATA_box,promoter,TATAWAWR,-,3530,3538
h4_chr3_17001367_17005462,Initiator,promoter,YYANWYY,+,13,20
h4_chr3_17001367_17005462,Initiator,promoter,YYANWYY,+,123,130
h4_chr3_17001367_17005462,Initiator,promoter,YYANWYY,+,137,144
h4_chr3_17001367_17005462,Initiator,promoter,YYANWYY,+,142,149
h4_chr3_17001367_17005462,Initiator,promoter,YYANWYY,+,183,190
h4_chr3_17001367_17005462,Initiator,promoter,YYANWYY,+,189,196
h4_chr3_17001367_17005462,Initiator,promoter,YYANWYY,+,308,315
h4_chr3_17001367_17005462,Initiator,promoter,YYANWYY,+,512,519
h4_chr3_17001367_17005462,Initiator,promoter,YYANWYY,+,548,555
h4_chr3_17001367_17005462,Initiator,promoter,YYANWYY,+,561,568
h4_chr3_17001367_17005462,Initiator,promoter,YYANWYY,+,593,600
h4_chr3_17001367_17005462,Initiator,promoter,YYANWYY,+,650,657
h4_chr3_17001367_17005462,Initiator,promoter,YYANWYY,+,670,677
h4_chr3_17001367_17005462,Initiator,promoter,YYANWYY,+,692,699
h4_chr3_17001367_17005462,Initiator,promoter,YYANWYY,+,704,711
h4_chr3_17001367_17005462,Initiator,promoter,YYANWYY,+,710,717
h4_chr3_17001367_17005462,Initiator,promoter,YYANWYY,+,720,727
h4_chr3_17001367_17005462,Initiator,promoter,YYANWYY,+,786,793
h4_chr3_17001367_17005462,Initiator,promoter,YYANWYY,+,838,845
h4_chr3_17001367_17005462,Initiator,promoter,YYANWYY,+,875,882
h4_chr3_17001367_17005462,Initiator,promoter,YYANWYY,+,904,911
h4_chr3_17001367_17005462,Initiator,promoter,YYANWYY,+,957,964
h4_chr3_17001367_17005462,Initiator,promoter,YYANWYY,+,967,974
h4_chr3_17001367_17005462,Initiator,promoter,YYANWYY,+,1004,1011
h4_chr3_17001367_17005462,Initiator,promoter,YYANWYY,+,1073,1080
h4_chr3_17001367_17005462,Initiator,promoter,YYANWYY,+,1258,1265
h4_chr3_17001367_17005462,Initiator,promoter,YYANWYY,+,1505,1512
h4_chr3_17001367_17005462,Initiator,promoter,YYANWYY,+,1581,1588
h4_chr3_17001367_17005462,Initiator,promoter,YYANWYY,+,1639,1646
h4_chr3_17001367_17005462,Initiator,promoter,YYANWYY,+,1651,1658
h4_chr3_17001367_17005462,Initiator,promoter,YYANWYY,+,1683,1690
h4_chr3_17001367_17005462,Initiator,promoter,YYANWYY,+,1720,1727
h4_chr3_17001367_17005462,Initiator,promoter,YYANWYY,+,1798,1805
h4_chr3_17001367_17005462,Initiator,promoter,YYANWYY,+,1989,1996
h4_chr3_17001367_17005462,Initiator,promoter,YYANWYY,+,2221,2228
h4_chr3_17001367_17005462,Initiator,promoter,YYANWYY,+,2227,2234
h4_chr3_17001367_17005462,Initiator,promoter,YYANWYY,+,2309,2316
h4_chr3_17001367_17005462,Initiator,promoter,YYANWYY,+,2359,2366
h4_chr3_17001367_17005462,Initiator,promoter,YYANWYY,+,2512,2519
h4_chr3_17001367_17005462,Initiator,promoter,YYANWYY,+,2610,2617
h4_chr3_17001367_17005462,Initiator,promoter,YYANWYY,+,2676,2683
h4_chr3_17001367_17005462,Initiator,promoter,YYANWYY,+,2699,2706
h4_chr3_17001367_17005462,Initiator,promoter,YYANWYY,+,2725,2732
h4_chr3_17001367_17005462,Initiator,promoter,YYANWYY,+,2748,2755
h4_chr3_17001367_17005462,Initiator,promoter,YYANWYY,+,2899,2906
h4_chr3_17001367_17005462,Initiator,promoter,YYANWYY,+,2916,2923
h4_chr3_17001367_17005462,Initiator,promoter,YYANWYY,+,3148,3155
h4_chr3_17001367_17005462,Initiator,promoter,YYANWYY,+,3153,3160
h4_chr3_17001367_17005462,Initiator,promoter,YYANWYY,+,3158,3165
h4_chr3_17001367_17005462,Initiator,promoter,YYANWYY,+,3168,3175
h4_chr3_17001367_17005462,Initiator,promoter,YYANWYY,+,3173,3180
h4_chr3_17001367_17005462,Initiator,promoter,YYANWYY,+,3178,3185
h4_chr3_17001367_17005462,Initiator,promoter,YYANWYY,+,3216,3223
h4_chr3_17001367_17005462,Initiator,promoter,YYANWYY,+,3320,3327
h4_chr3_17001367_17005462,Initiator,promoter,YYANWYY,+,3328,3335
h4_chr3_17001367_17005462,Initiator,promoter,YYANWYY,+,3420,3427
h4_chr3_17001367_17005462,Initiator,promoter,YYANWYY,+,3462,3469
h4_chr3_17001367_17005462,Initiator,promoter,YYANWYY,+,3476,3483
h4_chr3_17001367_17005462,Initiator,promoter,YYANWYY,+,3482,3489
h4_chr3_17001367_17005462,Initiator,promoter,YYANWYY,+,3533,3540
h4_chr3_17001367_17005462,Initiator,promoter,YYANWYY,+,3540,3547
h4_chr3_17001367_17005462,Initiator,promoter,YYANWYY,+,3595,3602
h4_chr3_17001367_17005462,Initiator,promoter,YYANWYY,+,3600,3607
h4_chr3_17001367_17005462,Initiator,promoter,YYANWYY,+,3613,3620
h4_chr3_17001367_17005462,Initiator,promoter,YYANWYY,+,3634,3641
h4_chr3_17001367_17005462,Initiator,promoter,YYANWYY,+,3647,3654
h4_chr3_17001367_17005462,Initiator,promoter,YYANWYY,+,3665,3672
h4_chr3_17001367_17005462,Initiator,promoter,YYANWYY,+,3715,3722
h4_chr3_17001367_17005462,Initiator,promoter,YYANWYY,+,3935,3942
h4_chr3_17001367_17005462,Initiator,promoter,YYANWYY,+,3993,4000
h4_chr3_17001367_17005462,Initiator,promoter,YYANWYY,-,149,156
h4_chr3_17001367_17005462,Initiator,promoter,YYANWYY,-,180,187
h4_chr3_17001367_17005462,Initiator,promoter,YYANWYY,-,281,288
h4_chr3_17001367_17005462,Initiator,promoter,YYANWYY,-,415,422
h4_chr3_17001367_17005462,Initiator,promoter,YYANWYY,-,550,557
h4_chr3_17001367_17005462,Initiator,promoter,YYANWYY,-,572,579
h4_chr3_17001367_17005462,Initiator,promoter,YYANWYY,-,740,747
h4_chr3_17001367_17005462,Initiator,promoter,YYANWYY,-,917,924
h4_chr3_17001367_17005462,Initiator,promoter,YYANWYY,-,949,956
h4_chr3_17001367_17005462,Initiator,promoter,YYANWYY,-,969,976
h4_chr3_17001367_17005462,Initiator,promoter,YYANWYY,-,1040,1047
h4_chr3_17001367_17005462,Initiator,promoter,YYANWYY,-,1050,1057
h4_chr3_17001367_17005462,Initiator,promoter,YYANWYY,-,1115,1122
h4_chr3_17001367_17005462,Initiator,promoter,YYANWYY,-,1203,1210
h4_chr3_17001367_17005462,Initiator,promoter,YYANWYY,-,1545,1552
h4_chr3_17001367_17005462,Initiator,promoter,YYANWYY,-,1730,1737
h4_chr3_17001367_17005462,Initiator,promoter,YYANWYY,-,1808,1815
h4_chr3_17001367_17005462,Initiator,promoter,YYANWYY,-,1854,1861
h4_chr3_17001367_17005462,Initiator,promoter,YYANWYY,-,1859,1866
h4_chr3_17001367_17005462,Initiator,promoter,YYANWYY,-,1878,1885
h4_chr3_17001367_17005462,Initiator,promoter,YYANWYY,-,1919,1926
h4_chr3_17001367_17005462,Initiator,promoter,YYANWYY,-,1942,1949
h4_chr3_17001367_17005462,Initiator,promoter,YYANWYY,-,2261,2268
h4_chr3_17001367_17005462,Initiator,promoter,YYANWYY,-,2334,2341
h4_chr3_17001367_17005462,Initiator,promoter,YYANWYY,-,2856,2863
h4_chr3_17001367_17005462,Initiator,promoter,YYANWYY,-,2954,2961
h4_chr3_17001367_17005462,Initiator,promoter,YYANWYY,-,3187,3194
h4_chr3_17001367_17005462,Initiator,promoter,YYANWYY,-,3199,3206
h4_chr3_17001367_17005462,Initiator,promoter,YYANWYY,-,3542,3549
h4_chr3_17001367_17005462,Initiator,promoter,YYANWYY,-,3654,3661
h4_chr3_17001367_17005462,Initiator,promoter,YYANWYY,-,3697,3704
h4_chr3_17001367_17005462,Initiator,promoter,YYANWYY,-,3739,3746
h4_chr3_17001367_17005462,Initiator,promoter,YYANWYY,-,3754,3761
h4_chr3_17001367_17005462,Initiator,promoter,YYANWYY,-,3822,3829
h4_chr3_17001367_17005462,Initiator,promoter,YYANWYY,-,3979,3986
h4_chr3_17001367_17005462,AP1,tfbs,TGASTCA,+,1716,1723
h4_chr3_17001367_17005462,AP1,tfbs,TGASTCA,+,1923,1930
h4_chr3_17001367_17005462,GATA,tfbs,WGATAR,+,173,179
h4_chr3_17001367_17005462,GATA,tfbs,WGATAR,+,534,540
h4_chr3_17001367_17005462,GATA,tfbs,WGATAR,+,554,560
h4_chr3_17001367_17005462,GATA,tfbs,WGATAR,+,1370,1376
h4_chr3_17001367_17005462,GATA,tfbs,WGATAR,+,2346,2352
h4_chr3_17001367_17005462,GATA,tfbs,WGATAR,+,3494,3500
h4_chr3_17001367_17005462,GATA,tfbs,WGATAR,+,3574,3580
h4_chr3_17001367_17005462,GATA,tfbs,WGATAR,-,667,673
h4_chr3_17001367_17005462,GATA,tfbs,WGATAR,-,732,738
h4_chr3_17001367_17005462,GATA,tfbs,WGATAR,-,846,852
h4_chr3_17001367_17005462,GATA,tfbs,WGATAR,-,872,878
h4_chr3_17001367_17005462,GATA,tfbs,WGATAR,-,1296,1302
h4_chr3_17001367_17005462,GATA,tfbs,WGATAR,-,1324,1330
h4_chr3_17001367_17005462,GATA,tfbs,WGATAR,-,1468,1474
h4_chr3_17001367_17005462,GATA,tfbs,WGATAR,-,1522,1528
h4_chr3_17001367_17005462,GATA,tfbs,WGATAR,-,1751,1757
h4_chr3_17001367_17005462,GATA,tfbs,WGATAR,-,2642,2648
h4_chr3_17001367_17005462,GATA,tfbs,WGATAR,-,3865,3871
h4_chr3_17001367_17005462,YY1,tfbs,CCATNTT,+,142,149
h4_chr3_17001367_17005462,YY1,tfbs,CCATNTT,+,1581,1588
h4_chr3_17001367_17005462,YY1,tfbs,CCATNTT,+,1597,1604
h4_chr3_17001367_17005462,YY1,tfbs,CCATNTT,+,2130,2137
h4_chr3_17001367_17005462,YY1,tfbs,CCATNTT,-,1050,1057
h4_chr3_17001367_17005462,YY1,tfbs,CCATNTT,-,3499,3506
h4_chr3_17001367_17005462,YY1,tfbs,CCATNTT,-,3754,3761
h4_chr7_120066194_120070289,TATA_box,promoter,TATAWAWR,-,2942,2950
h4_chr7_120066194_120070289,Initiator,promoter,YYANWYY,+,14,21
h4_chr7_120066194_120070289,Initiator,promoter,YYANWYY,+,22,29
h4_chr7_120066194_120070289,Initiator,promoter,YYANWYY,+,40,47
h4_chr7_120066194_120070289,Initiator,promoter,YYANWYY,+,189,196
h4_chr7_120066194_120070289,Initiator,promoter,YYANWYY,+,227,234
h4_chr7_120066194_120070289,Initiator,promoter,YYANWYY,+,293,300
h4_chr7_120066194_120070289,Initiator,promoter,YYANWYY,+,311,318
h4_chr7_120066194_120070289,Initiator,promoter,YYANWYY,+,371,378
h4_chr7_120066194_120070289,Initiator,promoter,YYANWYY,+,741,748
h4_chr7_120066194_120070289,Initiator,promoter,YYANWYY,+,765,772
h4_chr7_120066194_120070289,Initiator,promoter,YYANWYY,+,805,812
h4_chr7_120066194_120070289,Initiator,promoter,YYANWYY,+,1030,1037
h4_chr7_120066194_120070289,Initiator,promoter,YYANWYY,+,1239,1246
h4_chr7_120066194_120070289,Initiator,promoter,YYANWYY,+,1632,1639
h4_chr7_120066194_120070289,Initiator,promoter,YYANWYY,+,1683,1690
h4_chr7_120066194_120070289,Initiator,promoter,YYANWYY,+,1859,1866
h4_chr7_120066194_120070289,Initiator,promoter,YYANWYY,+,1936,1943
h4_chr7_120066194_120070289,Initiator,promoter,YYANWYY,+,2119,2126
h4_chr7_120066194_120070289,Initiator,promoter,YYANWYY,+,2270,2277
h4_chr7_120066194_120070289,Initiator,promoter,YYANWYY,+,2462,2469
h4_chr7_120066194_120070289,Initiator,promoter,YYANWYY,+,2472,2479
h4_chr7_120066194_120070289,Initiator,promoter,YYANWYY,+,2561,2568
h4_chr7_120066194_120070289,Initiator,promoter,YYANWYY,+,2670,2677
h4_chr7_120066194_120070289,Initiator,promoter,YYANWYY,+,2703,2710
h4_chr7_120066194_120070289,Initiator,promoter,YYANWYY,+,2956,2963
h4_chr7_120066194_120070289,Initiator,promoter,YYANWYY,+,3125,3132
h4_chr7_120066194_120070289,Initiator,promoter,YYANWYY,+,3165,3172
h4_chr7_120066194_120070289,Initiator,promoter,YYANWYY,+,3202,3209
h4_chr7_120066194_120070289,Initiator,promoter,YYANWYY,+,3262,3269
h4_chr7_120066194_120070289,Initiator,promoter,YYANWYY,+,3312,3319
h4_chr7_120066194_120070289,Initiator,promoter,YYANWYY,+,3332,3339
h4_chr7_120066194_120070289,Initiator,promoter,YYANWYY,+,3348,3355
h4_chr7_120066194_120070289,Initiator,promoter,YYANWYY,+,3729,3736
h4_chr7_120066194_120070289,Initiator,promoter,YYANWYY,+,3849,3856
h4_chr7_120066194_120070289,Initiator,promoter,YYANWYY,+,3894,3901
h4_chr7_120066194_120070289,Initiator,promoter,YYANWYY,+,3995,4002
h4_chr7_120066194_120070289,Initiator,promoter,YYANWYY,+,4059,4066
h4_chr7_120066194_120070289,Initiator,promoter,YYANWYY,-,129,136
h4_chr7_120066194_120070289,Initiator,promoter,YYANWYY,-,150,157
h4_chr7_120066194_120070289,Initiator,promoter,YYANWYY,-,186,193
h4_chr7_120066194_120070289,Initiator,promoter,YYANWYY,-,191,198
h4_chr7_120066194_120070289,Initiator,promoter,YYANWYY,-,211,218
h4_chr7_120066194_120070289,Initiator,promoter,YYANWYY,-,218,225
h4_chr7_120066194_120070289,Initiator,promoter,YYANWYY,-,325,332
h4_chr7_120066194_120070289,Initiator,promoter,YYANWYY,-,338,345
h4_chr7_120066194_120070289,Initiator,promoter,YYANWYY,-,400,407
h4_chr7_120066194_120070289,Initiator,promoter,YYANWYY,-,414,421
h4_chr7_120066194_120070289,Initiator,promoter,YYANWYY,-,496,503
h4_chr7_120066194_120070289,Initiator,promoter,YYANWYY,-,531,538
h4_chr7_120066194_120070289,Initiator,promoter,YYANWYY,-,580,587
h4_chr7_120066194_120070289,Initiator,promoter,YYANWYY,-,626,633
h4_chr7_120066194_120070289,Initiator,promoter,YYANWYY,-,720,727
h4_chr7_120066194_120070289,Initiator,promoter,YYANWYY,-,798,805
h4_chr7_120066194_120070289,Initiator,promoter,YYANWYY,-,865,872
h4_chr7_120066194_120070289,Initiator,promoter,YYANWYY,-,873,880
h4_chr7_120066194_120070289,Initiator,promoter,YYANWYY,-,880,887
h4_chr7_120066194_120070289,Initiator,promoter,YYANWYY,-,932,939
h4_chr7_120066194_120070289,Initiator,promoter,YYANWYY,-,1080,1087
h4_chr7_120066194_120070289,Initiator,promoter,YYANWYY,-,1094,1101
h4_chr7_120066194_120070289,Initiator,promoter,YYANWYY,-,1125,1132
h4_chr7_120066194_120070289,Initiator,promoter,YYANWYY,-,1161,1168
h4_chr7_120066194_120070289,Initiator,promoter,YYANWYY,-,1171,1178
h4_chr7_120066194_120070289,Initiator,promoter,YYANWYY,-,1200,1207
h4_chr7_120066194_120070289,Initiator,promoter,YYANWYY,-,1210,1217
h4_chr7_120066194_120070289,Initiator,promoter,YYANWYY,-,1264,1271
h4_chr7_120066194_120070289,Initiator,promoter,YYANWYY,-,1323,1330
h4_chr7_120066194_120070289,Initiator,promoter,YYANWYY,-,1547,1554
h4_chr7_120066194_120070289,Initiator,promoter,YYANWYY,-,1644,1651
h4_chr7_120066194_120070289,Initiator,promoter,YYANWYY,-,1735,1742
h4_chr7_120066194_120070289,Initiator,promoter,YYANWYY,-,1810,1817
h4_chr7_120066194_120070289,Initiator,promoter,YYANWYY,-,1820,1827
h4_chr7_120066194_120070289,Initiator,promoter,YYANWYY,-,1913,1920
h4_chr7_120066194_120070289,Initiator,promoter,YYANWYY,-,1919,1926
h4_chr7_120066194_120070289,Initiator,promoter,YYANWYY,-,2040,2047
h4_chr7_120066194_120070289,Initiator,promoter,YYANWYY,-,2128,2135
h4_chr7_120066194_120070289,Initiator,promoter,YYANWYY,-,2286,2293
h4_chr7_120066194_120070289,Initiator,promoter,YYANWYY,-,2292,2299
h4_chr7_120066194_120070289,Initiator,promoter,YYANWYY,-,2304,2311
h4_chr7_120066194_120070289,Initiator,promoter,YYANWYY,-,2335,2342
h4_chr7_120066194_120070289,Initiator,promoter,YYANWYY,-,2410,2417
h4_chr7_120066194_120070289,Initiator,promoter,YYANWYY,-,2455,2462
h4_chr7_120066194_120070289,Initiator,promoter,YYANWYY,-,2552,2559
h4_chr7_120066194_120070289,Initiator,promoter,YYANWYY,-,2603,2610
h4_chr7_120066194_120070289,Initiator,promoter,YYANWYY,-,2611,2618
h4_chr7_120066194_120070289,Initiator,promoter,YYANWYY,-,2618,2625
h4_chr7_120066194_120070289,Initiator,promoter,YYANWYY,-,2638,2645
h4_chr7_120066194_120070289,Initiator,promoter,YYANWYY,-,2793,2800
h4_chr7_120066194_120070289,Initiator,promoter,YYANWYY,-,2808,2815
h4_chr7_120066194_120070289,Initiator,promoter,YYANWYY,-,2858,2865
h4_chr7_120066194_120070289,Initiator,promoter,YYANWYY,-,3090,3097
h4_chr7_120066194_120070289,Initiator,promoter,YYANWYY,-,3178,3185
h4_chr7_120066194_120070289,Initiator,promoter,YYANWYY,-,3243,3250
h4_chr7_120066194_120070289,Initiator,promoter,YYANWYY,-,3269,3276
h4_chr7_120066194_120070289,Initiator,promoter,YYANWYY,-,3334,3341
h4_chr7_120066194_120070289,Initiator,promoter,YYANWYY,-,3339,3346
h4_chr7_120066194_120070289,Initiator,promoter,YYANWYY,-,3390,3397
h4_chr7_120066194_120070289,Initiator,promoter,YYANWYY,-,3558,3565
h4_chr7_120066194_120070289,Initiator,promoter,YYANWYY,-,3633,3640
h4_chr7_120066194_120070289,Initiator,promoter,YYANWYY,-,3683,3690
h4_chr7_120066194_120070289,Initiator,promoter,YYANWYY,-,3706,3713
h4_chr7_120066194_120070289,Initiator,promoter,YYANWYY,-,3782,3789
h4_chr7_120066194_120070289,Initiator,promoter,YYANWYY,-,3829,3836
h4_chr7_120066194_120070289,Initiator,promoter,YYANWYY,-,4032,4039
h4_chr7_120066194_120070289,Initiator,promoter,YYANWYY,-,4062,4069
h4_chr7_120066194_120070289,GC_box,promoter,GGGCGG,+,2744,2750
h4_chr7_120066194_120070289,NFkB,tfbs,GGGRNNYYCC,+,1924,1934
h4_chr7_120066194_120070289,GATA,tfbs,WGATAR,+,67,73
h4_chr7_120066194_120070289,GATA,tfbs,WGATAR,+,360,366
h4_chr7_120066194_120070289,GATA,tfbs,WGATAR,+,382,388
h4_chr7_120066194_120070289,GATA,tfbs,WGATAR,+,714,720
h4_chr7_120066194_120070289,GATA,tfbs,WGATAR,+,843,849
h4_chr7_120066194_120070289,GATA,tfbs,WGATAR,+,1551,1557
h4_chr7_120066194_120070289,GATA,tfbs,WGATAR,+,2315,2321
h4_chr7_120066194_120070289,GATA,tfbs,WGATAR,+,2771,2777
h4_chr7_120066194_120070289,GATA,tfbs,WGATAR,-,368,374
h4_chr7_120066194_120070289,GATA,tfbs,WGATAR,-,1048,1054
h4_chr7_120066194_120070289,RUNX,tfbs,TGTGGT,+,1879,1885
h4_chr7_120066194_120070289,RUNX,tfbs,TGTGGT,-,2256,2262
h4_chr7_120066194_120070289,YY1,tfbs,CCATNTT,+,2703,2710
h4_chr7_120066194_120070289,YY1,tfbs,CCATNTT,-,414,421
h4_chr7_120066194_120070289,YY1,tfbs,CCATNTT,-,880,887
h4_chr7_120066194_120070289,YY1,tfbs,CCATNTT,-,1125,1132
h4_chr7_120066194_120070289,YY1,tfbs,CCATNTT,-,1644,1651
h4_chr7_120066194_120070289,YY1,tfbs,CCATNTT,-,1810,1817
h4_chr7_120066194_120070289,YY1,tfbs,CCATNTT,-,2808,2815
h4_chr7_120066194_120070289,YY1,tfbs,CCATNTT,-,3558,3565
h4_chr7_120066194_120070289,YY1,tfbs,CCATNTT,-,4032,4039
h4_chr7_137924469_137928564,TATA_box,promoter,TATAWAWR,+,1499,1507
h4_chr7_137924469_137928564,TATA_box,promoter,TATAWAWR,+,3038,3046
h4_chr7_137924469_137928564,Initiator,promoter,YYANWYY,+,320,327
h4_chr7_137924469_137928564,Initiator,promoter,YYANWYY,+,439,446
h4_chr7_137924469_137928564,Initiator,promoter,YYANWYY,+,527,534
h4_chr7_137924469_137928564,Initiator,promoter,YYANWYY,+,810,817
h4_chr7_137924469_137928564,Initiator,promoter,YYANWYY,+,854,861
h4_chr7_137924469_137928564,Initiator,promoter,YYANWYY,+,917,924
h4_chr7_137924469_137928564,Initiator,promoter,YYANWYY,+,951,958
h4_chr7_137924469_137928564,Initiator,promoter,YYANWYY,+,1282,1289
h4_chr7_137924469_137928564,Initiator,promoter,YYANWYY,+,1292,1299
h4_chr7_137924469_137928564,Initiator,promoter,YYANWYY,+,1650,1657
h4_chr7_137924469_137928564,Initiator,promoter,YYANWYY,+,1674,1681
h4_chr7_137924469_137928564,Initiator,promoter,YYANWYY,+,2034,2041
h4_chr7_137924469_137928564,Initiator,promoter,YYANWYY,+,2388,2395
h4_chr7_137924469_137928564,Initiator,promoter,YYANWYY,+,2394,2401
h4_chr7_137924469_137928564,Initiator,promoter,YYANWYY,+,2458,2465
h4_chr7_137924469_137928564,Initiator,promoter,YYANWYY,+,2508,2515
h4_chr7_137924469_137928564,Initiator,promoter,YYANWYY,+,2643,2650
h4_chr7_137924469_137928564,Initiator,promoter,YYANWYY,+,3024,3031
h4_chr7_137924469_137928564,Initiator,promoter,YYANWYY,+,3138,3145
h4_chr7_137924469_137928564,Initiator,promoter,YYANWYY,+,3156,3163
h4_chr7_137924469_137928564,Initiator,promoter,YYANWYY,+,3615,3622
h4_chr7_137924469_137928564,Initiator,promoter,YYANWYY,+,3923,3930
h4_chr7_137924469_137928564,Initiator,promoter,YYANWYY,-,8,15
h4_chr7_137924469_137928564,Initiator,promoter,YYANWYY,-,267,274
h4_chr7_137924469_137928564,Initiator,promoter,YYANWYY,-,476,483
h4_chr7_137924469_137928564,Initiator,promoter,YYANWYY,-,483,490
h4_chr7_137924469_137928564,Initiator,promoter,YYANWYY,-,488,495
h4_chr7_137924469_137928564,Initiator,promoter,YYANWYY,-,506,513
h4_chr7_137924469_137928564,Initiator,promoter,YYANWYY,-,515,522
h4_chr7_137924469_137928564,Initiator,promoter,YYANWYY,-,580,587
h4_chr7_137924469_137928564,Initiator,promoter,YYANWYY,-,775,782
h4_chr7_137924469_137928564,Initiator,promoter,YYANWYY,-,856,863
h4_chr7_137924469_137928564,Initiator,promoter,YYANWYY,-,903,910
h4_chr7_137924469_137928564,Initiator,promoter,YYANWYY,-,992,999
h4_chr7_137924469_137928564,Initiator,promoter,YYANWYY,-,999,1006
h4_chr7_137924469_137928564,Initiator,promoter,YYANWYY,-,1050,1057
h4_chr7_137924469_137928564,Initiator,promoter,YYANWYY,-,1103,1110
h4_chr7_137924469_137928564,Initiator,promoter,YYANWYY,-,1123,1130
h4_chr7_137924469_137928564,Initiator,promoter,YYANWYY,-,1168,1175
h4_chr7_137924469_137928564,Initiator,promoter,YYANWYY,-,1188,1195
h4_chr7_137924469_137928564,Initiator,promoter,YYANWYY,-,1233,1240
h4_chr7_137924469_137928564,Initiator,promoter,YYANWYY,-,1361,1368
h4_chr7_137924469_137928564,Initiator,promoter,YYANWYY,-,1527,1534
h4_chr7_137924469_137928564,Initiator,promoter,YYANWYY,-,1581,1588
h4_chr7_137924469_137928564,Initiator,promoter,YYANWYY,-,1600,1607
h4_chr7_137924469_137928564,Initiator,promoter,YYANWYY,-,1666,1673
h4_chr7_137924469_137928564,Initiator,promoter,YYANWYY,-,1671,1678
h4_chr7_137924469_137928564,Initiator,promoter,YYANWYY,-,1697,1704
h4_chr7_137924469_137928564,Initiator,promoter,YYANWYY,-,1716,1723
h4_chr7_137924469_137928564,Initiator,promoter,YYANWYY,-,1880,1887
h4_chr7_137924469_137928564,Initiator,promoter,YYANWYY,-,1895,1902
h4_chr7_137924469_137928564,Initiator,promoter,YYANWYY,-,1939,1946
h4_chr7_137924469_137928564,Initiator,promoter,YYANWYY,-,1998,2005
h4_chr7_137924469_137928564,Initiator,promoter,YYANWYY,-,2208,2215
h4_chr7_137924469_137928564,Initiator,promoter,YYANWYY,-,2304,2311
h4_chr7_137924469_137928564,Initiator,promoter,YYANWYY,-,2310,2317
h4_chr7_137924469_137928564,Initiator,promoter,YYANWYY,-,2317,2324
h4_chr7_137924469_137928564,Initiator,promoter,YYANWYY,-,2333,2340
h4_chr7_137924469_137928564,Initiator,promoter,YYANWYY,-,2346,2353
h4_chr7_137924469_137928564,Initiator,promoter,YYANWYY,-,2385,2392
h4_chr7_137924469_137928564,Initiator,promoter,YYANWYY,-,2391,2398
h4_chr7_137924469_137928564,Initiator,promoter,YYANWYY,-,2521,2528
h4_chr7_137924469_137928564,Initiator,promoter,YYANWYY,-,2527,2534
h4_chr7_137924469_137928564,Initiator,promoter,YYANWYY,-,2536,2543
h4_chr7_137924469_137928564,Initiator,promoter,YYANWYY,-,2546,2553
h4_chr7_137924469_137928564,Initiator,promoter,YYANWYY,-,2711,2718
h4_chr7_137924469_137928564,Initiator,promoter,YYANWYY,-,2745,2752
h4_chr7_137924469_137928564,Initiator,promoter,YYANWYY,-,3054,3061
h4_chr7_137924469_137928564,Initiator,promoter,YYANWYY,-,3094,3101
h4_chr7_137924469_137928564,Initiator,promoter,YYANWYY,-,3135,3142
h4_chr7_137924469_137928564,Initiator,promoter,YYANWYY,-,3204,3211
h4_chr7_137924469_137928564,Initiator,promoter,YYANWYY,-,3224,3231
h4_chr7_137924469_137928564,Initiator,promoter,YYANWYY,-,3263,3270
h4_chr7_137924469_137928564,Initiator,promoter,YYANWYY,-,3301,3308
h4_chr7_137924469_137928564,Initiator,promoter,YYANWYY,-,3330,3337
h4_chr7_137924469_137928564,Initiator,promoter,YYANWYY,-,3374,3381
h4_chr7_137924469_137928564,Initiator,promoter,YYANWYY,-,3445,3452
h4_chr7_137924469_137928564,Initiator,promoter,YYANWYY,-,3494,3501
h4_chr7_137924469_137928564,Initiator,promoter,YYANWYY,-,3502,3509
h4_chr7_137924469_137928564,Initiator,promoter,YYANWYY,-,3600,3607
h4_chr7_137924469_137928564,Initiator,promoter,YYANWYY,-,3706,3713
h4_chr7_137924469_137928564,Initiator,promoter,YYANWYY,-,3748,3755
h4_chr7_137924469_137928564,Initiator,promoter,YYANWYY,-,3941,3948
h4_chr7_137924469_137928564,Initiator,promoter,YYANWYY,-,3989,3996
h4_chr7_137924469_137928564,BREu,promoter,SSRCGCC,-,3776,3783
h4_chr7_137924469_137928564,NFkB,tfbs,GGGRNNYYCC,+,784,794
h4_chr7_137924469_137928564,GATA,tfbs,WGATAR,+,520,526
h4_chr7_137924469_137928564,GATA,tfbs,WGATAR,+,576,582
h4_chr7_137924469_137928564,GATA,tfbs,WGATAR,+,584,590
h4_chr7_137924469_137928564,GATA,tfbs,WGATAR,+,984,990
h4_chr7_137924469_137928564,GATA,tfbs,WGATAR,+,1377,1383
h4_chr7_137924469_137928564,GATA,tfbs,WGATAR,+,1876,1882
h4_chr7_137924469_137928564,GATA,tfbs,WGATAR,+,2164,2170
h4_chr7_137924469_137928564,GATA,tfbs,WGATAR,+,3387,3393
h4_chr7_137924469_137928564,GATA,tfbs,WGATAR,-,929,935
h4_chr7_137924469_137928564,GATA,tfbs,WGATAR,-,969,975
h4_chr7_137924469_137928564,GATA,tfbs,WGATAR,-,1079,1085
h4_chr7_137924469_137928564,RUNX,tfbs,TGTGGT,+,37,43
h4_chr7_137924469_137928564,RUNX,tfbs,TGTGGT,+,342,348
h4_chr7_137924469_137928564,RUNX,tfbs,TGTGGT,-,3155,3161
h4_chr7_137924469_137928564,YY1,tfbs,CCATNTT,-,3330,3337
h4_chr7_4391321_4395416,TATA_box,promoter,TATAWAWR,+,3546,3554
h4_chr7_4391321_4395416,Initiator,promoter,YYANWYY,+,253,260
h4_chr7_4391321_4395416,Initiator,promoter,YYANWYY,+,849,856
h4_chr7_4391321_4395416,Initiator,promoter,YYANWYY,+,987,994
h4_chr7_4391321_4395416,Initiator,promoter,YYANWYY,+,1088,1095
h4_chr7_4391321_4395416,Initiator,promoter,YYANWYY,+,1102,1109
h4_chr7_4391321_4395416,Initiator,promoter,YYANWYY,+,1131,1138
h4_chr7_4391321_4395416,Initiator,promoter,YYANWYY,+,1156,1163
h4_chr7_4391321_4395416,Initiator,promoter,YYANWYY,+,1383,1390
h4_chr7_4391321_4395416,Initiator,promoter,YYANWYY,+,1594,1601
h4_chr7_4391321_4395416,Initiator,promoter,YYANWYY,+,1701,1708
h4_chr7_4391321_4395416,Initiator,promoter,YYANWYY,+,2056,2063
h4_chr7_4391321_4395416,Initiator,promoter,YYANWYY,+,2138,2145
h4_chr7_4391321_4395416,Initiator,promoter,YYANWYY,+,2277,2284
h4_chr7_4391321_4395416,Initiator,promoter,YYANWYY,+,2282,2289
h4_chr7_4391321_4395416,Initiator,promoter,YYANWYY,+,2316,2323
h4_chr7_4391321_4395416,Initiator,promoter,YYANWYY,+,2321,2328
h4_chr7_4391321_4395416,Initiator,promoter,YYANWYY,+,2326,2333
h4_chr7_4391321_4395416,Initiator,promoter,YYANWYY,+,2758,2765
h4_chr7_4391321_4395416,Initiator,promoter,YYANWYY,+,2907,2914
h4_chr7_4391321_4395416,Initiator,promoter,YYANWYY,+,2964,2971
h4_chr7_4391321_4395416,Initiator,promoter,YYANWYY,+,2977,2984
h4_chr7_4391321_4395416,Initiator,promoter,YYANWYY,+,3011,3018
h4_chr7_4391321_4395416,Initiator,promoter,YYANWYY,+,3069,3076
h4_chr7_4391321_4395416,Initiator,promoter,YYANWYY,+,3085,3092
h4_chr7_4391321_4395416,Initiator,promoter,YYANWYY,+,3122,3129
h4_chr7_4391321_4395416,Initiator,promoter,YYANWYY,+,3139,3146
h4_chr7_4391321_4395416,Initiator,promoter,YYANWYY,+,3152,3159
h4_chr7_4391321_4395416,Initiator,promoter,YYANWYY,+,3165,3172
h4_chr7_4391321_4395416,Initiator,promoter,YYANWYY,+,3178,3185
h4_chr7_4391321_4395416,Initiator,promoter,YYANWYY,+,3451,3458
h4_chr7_4391321_4395416,Initiator,promoter,YYANWYY,+,3480,3487
h4_chr7_4391321_4395416,Initiator,promoter,YYANWYY,+,3525,3532
h4_chr7_4391321_4395416,Initiator,promoter,YYANWYY,+,3574,3581
h4_chr7_4391321_4395416,Initiator,promoter,YYANWYY,+,3650,3657
h4_chr7_4391321_4395416,Initiator,promoter,YYANWYY,+,3712,3719
h4_chr7_4391321_4395416,Initiator,promoter,YYANWYY,+,3887,3894
h4_chr7_4391321_4395416,Initiator,promoter,YYANWYY,+,3931,3938
h4_chr7_4391321_4395416,Initiator,promoter,YYANWYY,+,3966,3973
h4_chr7_4391321_4395416,Initiator,promoter,YYANWYY,-,114,121
h4_chr7_4391321_4395416,Initiator,promoter,YYANWYY,-,158,165
h4_chr7_4391321_4395416,Initiator,promoter,YYANWYY,-,242,249
h4_chr7_4391321_4395416,Initiator,promoter,YYANWYY,-,255,262
h4_chr7_4391321_4395416,Initiator,promoter,YYANWYY,-,344,351
h4_chr7_4391321_4395416,Initiator,promoter,YYANWYY,-,361,368
h4_chr7_4391321_4395416,Initiator,promoter,YYANWYY,-,404,411
h4_chr7_4391321_4395416,Initiator,promoter,YYANWYY,-,531,538
h4_chr7_4391321_4395416,Initiator,promoter,YYANWYY,-,540,547
h4_chr7_4391321_4395416,Initiator,promoter,YYANWYY,-,550,557
h4_chr7_4391321_4395416,Initiator,promoter,YYANWYY,-,619,626
h4_chr7_4391321_4395416,Initiator,promoter,YYANWYY,-,752,759
h4_chr7_4391321_4395416,Initiator,promoter,YYANWYY,-,898,905
h4_chr7_4391321_4395416,Initiator,promoter,YYANWYY,-,966,973
h4_chr7_4391321_4395416,Initiator,promoter,YYANWYY,-,972,979
h4_chr7_4391321_4395416,Initiator,promoter,YYANWYY,-,1147,1154
h4_chr7_4391321_4395416,Initiator,promoter,YYANWYY,-,1217,1224
h4_chr7_4391321_4395416,Initiator,promoter,YYANWYY,-,1374,1381
h4_chr7_4391321_4395416,Initiator,promoter,YYANWYY,-,1391,1398
h4_chr7_4391321_4395416,Initiator,promoter,YYANWYY,-,1403,1410
h4_chr7_4391321_4395416,Initiator,promoter,YYANWYY,-,1416,1423
h4_chr7_4391321_4395416,Initiator,promoter,YYANWYY,-,1574,1581
h4_chr7_4391321_4395416,Initiator,promoter,YYANWYY,-,1623,1630
h4_chr7_4391321_4395416,Initiator,promoter,YYANWYY,-,1719,1726
h4_chr7_4391321_4395416,Initiator,promoter,YYANWYY,-,1724,1731
h4_chr7_4391321_4395416,Initiator,promoter,YYANWYY,-,1760,1767
h4_chr7_4391321_4395416,Initiator,promoter,YYANWYY,-,1890,1897
h4_chr7_4391321_4395416,Initiator,promoter,YYANWYY,-,1941,1948
h4_chr7_4391321_4395416,Initiator,promoter,YYANWYY,-,1958,1965
h4_chr7_4391321_4395416,Initiator,promoter,YYANWYY,-,1980,1987
h4_chr7_4391321_4395416,Initiator,promoter,YYANWYY,-,2058,2065
h4_chr7_4391321_4395416,Initiator,promoter,YYANWYY,-,2121,2128
h4_chr7_4391321_4395416,Initiator,promoter,YYANWYY,-,2164,2171
h4_chr7_4391321_4395416,Initiator,promoter,YYANWYY,-,2169,2176
h4_chr7_4391321_4395416,Initiator,promoter,YYANWYY,-,2218,2225
h4_chr7_4391321_4395416,Initiator,promoter,YYANWYY,-,2223,2230
h4_chr7_4391321_4395416,Initiator,promoter,YYANWYY,-,2374,2381
h4_chr7_4391321_4395416,Initiator,promoter,YYANWYY,-,2517,2524
h4_chr7_4391321_4395416,Initiator,promoter,YYANWYY,-,2588,2595
h4_chr7_4391321_4395416,Initiator,promoter,YYANWYY,-,2651,2658
h4_chr7_4391321_4395416,Initiator,promoter,YYANWYY,-,2708,2715
h4_chr7_4391321_4395416,Initiator,promoter,YYANWYY,-,2727,2734
h4_chr7_4391321_4395416,Initiator,promoter,YYANWYY,-,2782,2789
h4_chr7_4391321_4395416,Initiator,promoter,YYANWYY,-,2835,2842
h4_chr7_4391321_4395416,Initiator,promoter,YYANWYY,-,3638,3645
h4_chr7_4391321_4395416,Initiator,promoter,YYANWYY,-,3669,3676
h4_chr7_4391321_4395416,Initiator,promoter,YYANWYY,-,3772,3779
h4_chr7_4391321_4395416,Initiator,promoter,YYANWYY,-,3795,3802
h4_chr7_4391321_4395416,Initiator,promoter,YYANWYY,-,3940,3947
h4_chr7_4391321_4395416,Initiator,promoter,YYANWYY,-,3945,3952
h4_chr7_4391321_4395416,Initiator,promoter,YYANWYY,-,4009,4016
h4_chr7_4391321_4395416,Initiator,promoter,YYANWYY,-,4076,4083
h4_chr7_4391321_4395416,BREu,promoter,SSRCGCC,-,2535,2542
h4_chr7_4391321_4395416,GATA,tfbs,WGATAR,+,195,201
h4_chr7_4391321_4395416,GATA,tfbs,WGATAR,+,1637,1643
h4_chr7_4391321_4395416,GATA,tfbs,WGATAR,+,2306,2312
h4_chr7_4391321_4395416,GATA,tfbs,WGATAR,+,3768,3774
h4_chr7_4391321_4395416,GATA,tfbs,WGATAR,+,3790,3796
h4_chr7_4391321_4395416,GATA,tfbs,WGATAR,-,132,138
h4_chr7_4391321_4395416,GATA,tfbs,WGATAR,-,250,256
h4_chr7_4391321_4395416,GATA,tfbs,WGATAR,-,1919,1925
h4_chr7_4391321_4395416,GATA,tfbs,WGATAR,-,2881,2887
h4_chr7_4391321_4395416,GATA,tfbs,WGATAR,-,2891,2897
h4_chr7_4391321_4395416,GATA,tfbs,WGATAR,-,2895,2901
h4_chr7_4391321_4395416,GATA,tfbs,WGATAR,-,2903,2909
h4_chr7_4391321_4395416,GATA,tfbs,WGATAR,-,2947,2953
h4_chr7_4391321_4395416,GATA,tfbs,WGATAR,-,2960,2966
h4_chr7_4391321_4395416,GATA,tfbs,WGATAR,-,2973,2979
h4_chr7_4391321_4395416,GATA,tfbs,WGATAR,-,2986,2992
h4_chr7_4391321_4395416,GATA,tfbs,WGATAR,-,2997,3003
h4_chr7_4391321_4395416,GATA,tfbs,WGATAR,-,3017,3023
h4_chr7_4391321_4395416,GATA,tfbs,WGATAR,-,3021,3027
h4_chr7_4391321_4395416,GATA,tfbs,WGATAR,-,3043,3049
h4_chr7_4391321_4395416,GATA,tfbs,WGATAR,-,3047,3053
h4_chr7_4391321_4395416,GATA,tfbs,WGATAR,-,3056,3062
h4_chr7_4391321_4395416,GATA,tfbs,WGATAR,-,3065,3071
h4_chr7_4391321_4395416,GATA,tfbs,WGATAR,-,3091,3097
h4_chr7_4391321_4395416,GATA,tfbs,WGATAR,-,3098,3104
h4_chr7_4391321_4395416,GATA,tfbs,WGATAR,-,3118,3124
h4_chr7_4391321_4395416,GATA,tfbs,WGATAR,-,3148,3154
h4_chr7_4391321_4395416,GATA,tfbs,WGATAR,-,3161,3167
h4_chr7_4391321_4395416,GATA,tfbs,WGATAR,-,3187,3193
h4_chr7_4391321_4395416,GATA,tfbs,WGATAR,-,3198,3204
h4_chr7_4391321_4395416,GATA,tfbs,WGATAR,-,3205,3211
h4_chr7_4391321_4395416,GATA,tfbs,WGATAR,-,3209,3215
h4_chr7_4391321_4395416,GATA,tfbs,WGATAR,-,3216,3222
h4_chr7_4391321_4395416,GATA,tfbs,WGATAR,-,3222,3228
h4_chr7_4391321_4395416,GATA,tfbs,WGATAR,-,3248,3254
h4_chr7_4391321_4395416,GATA,tfbs,WGATAR,-,3271,3277
h4_chr7_4391321_4395416,GATA,tfbs,WGATAR,-,3298,3304
h4_chr7_4391321_4395416,GATA,tfbs,WGATAR,-,3324,3330
h4_chr7_4391321_4395416,GATA,tfbs,WGATAR,-,3331,3337
h4_chr7_4391321_4395416,GATA,tfbs,WGATAR,-,3368,3374
h4_chr7_4391321_4395416,GATA,tfbs,WGATAR,-,3375,3381
h4_chr7_4391321_4395416,GATA,tfbs,WGATAR,-,3390,3396
h4_chr7_4391321_4395416,GATA,tfbs,WGATAR,-,3425,3431
h4_chr7_4391321_4395416,GATA,tfbs,WGATAR,-,3436,3442
h4_chr7_4391321_4395416,GATA,tfbs,WGATAR,-,3607,3613
h4_chr7_4391321_4395416,GATA,tfbs,WGATAR,-,3884,3890
h4_chr7_4391321_4395416,RUNX,tfbs,TGTGGT,+,244,250
h4_chr7_4391321_4395416,RUNX,tfbs,TGTGGT,+,552,558
h4_chr7_4391321_4395416,RUNX,tfbs,TGTGGT,-,261,267
h4_chr7_4391321_4395416,RUNX,tfbs,TGTGGT,-,2757,2763
h4_chr7_4391321_4395416,YY1,tfbs,CCATNTT,-,502,509
h4_chrX_127567034_127571129,TATA_box,promoter,TATAWAWR,+,804,812
h4_chrX_127567034_127571129,TATA_box,promoter,TATAWAWR,+,806,814
h4_chrX_127567034_127571129,TATA_box,promoter,TATAWAWR,+,808,816
h4_chrX_127567034_127571129,TATA_box,promoter,TATAWAWR,+,810,818
h4_chrX_127567034_127571129,TATA_box,promoter,TATAWAWR,+,812,820
h4_chrX_127567034_127571129,TATA_box,promoter,TATAWAWR,+,814,822
h4_chrX_127567034_127571129,TATA_box,promoter,TATAWAWR,+,816,824
h4_chrX_127567034_127571129,TATA_box,promoter,TATAWAWR,+,818,826
h4_chrX_127567034_127571129,TATA_box,promoter,TATAWAWR,+,820,828
h4_chrX_127567034_127571129,TATA_box,promoter,TATAWAWR,+,822,830
h4_chrX_127567034_127571129,TATA_box,promoter,TATAWAWR,+,824,832
h4_chrX_127567034_127571129,TATA_box,promoter,TATAWAWR,+,826,834
h4_chrX_127567034_127571129,TATA_box,promoter,TATAWAWR,+,828,836
h4_chrX_127567034_127571129,TATA_box,promoter,TATAWAWR,+,830,838
h4_chrX_127567034_127571129,TATA_box,promoter,TATAWAWR,+,832,840
h4_chrX_127567034_127571129,TATA_box,promoter,TATAWAWR,+,904,912
h4_chrX_127567034_127571129,TATA_box,promoter,TATAWAWR,+,932,940
h4_chrX_127567034_127571129,TATA_box,promoter,TATAWAWR,+,942,950
h4_chrX_127567034_127571129,TATA_box,promoter,TATAWAWR,+,1620,1628
h4_chrX_127567034_127571129,TATA_box,promoter,TATAWAWR,-,804,812
h4_chrX_127567034_127571129,TATA_box,promoter,TATAWAWR,-,806,814
h4_chrX_127567034_127571129,TATA_box,promoter,TATAWAWR,-,808,816
h4_chrX_127567034_127571129,TATA_box,promoter,TATAWAWR,-,810,818
h4_chrX_127567034_127571129,TATA_box,promoter,TATAWAWR,-,812,820
h4_chrX_127567034_127571129,TATA_box,promoter,TATAWAWR,-,814,822
h4_chrX_127567034_127571129,TATA_box,promoter,TATAWAWR,-,816,824
h4_chrX_127567034_127571129,TATA_box,promoter,TATAWAWR,-,818,826
h4_chrX_127567034_127571129,TATA_box,promoter,TATAWAWR,-,820,828
h4_chrX_127567034_127571129,TATA_box,promoter,TATAWAWR,-,822,830
h4_chrX_127567034_127571129,TATA_box,promoter,TATAWAWR,-,824,832
h4_chrX_127567034_127571129,TATA_box,promoter,TATAWAWR,-,826,834
h4_chrX_127567034_127571129,TATA_box,promoter,TATAWAWR,-,828,836
h4_chrX_127567034_127571129,TATA_box,promoter,TATAWAWR,-,830,838
h4_chrX_127567034_127571129,TATA_box,promoter,TATAWAWR,-,832,840
h4_chrX_127567034_127571129,TATA_box,promoter,TATAWAWR,-,860,868
h4_chrX_127567034_127571129,TATA_box,promoter,TATAWAWR,-,902,910
h4_chrX_127567034_127571129,TATA_box,promoter,TATAWAWR,-,904,912
h4_chrX_127567034_127571129,TATA_box,promoter,TATAWAWR,-,930,938
h4_chrX_127567034_127571129,TATA_box,promoter,TATAWAWR,-,942,950
h4_chrX_127567034_127571129,Initiator,promoter,YYANWYY,+,100,107
h4_chrX_127567034_127571129,Initiator,promoter,YYANWYY,+,107,114
h4_chrX_127567034_127571129,Initiator,promoter,YYANWYY,+,148,155
h4_chrX_127567034_127571129,Initiator,promoter,YYANWYY,+,153,160
h4_chrX_127567034_127571129,Initiator,promoter,YYANWYY,+,278,285
h4_chrX_127567034_127571129,Initiator,promoter,YYANWYY,+,294,301
h4_chrX_127567034_127571129,Initiator,promoter,YYANWYY,+,376,383
h4_chrX_127567034_127571129,Initiator,promoter,YYANWYY,+,437,444
h4_chrX_127567034_127571129,Initiator,promoter,YYANWYY,+,576,583
h4_chrX_127567034_127571129,Initiator,promoter,YYANWYY,+,683,690
h4_chrX_127567034_127571129,Initiator,promoter,YYANWYY,+,759,766
h4_chrX_127567034_127571129,Initiator,promoter,YYANWYY,+,798,805
h4_chrX_127567034_127571129,Initiator,promoter,YYANWYY,+,975,982
h4_chrX_127567034_127571129,Initiator,promoter,YYANWYY,+,999,1006
h4_chrX_127567034_127571129,Initiator,promoter,YYANWYY,+,1073,1080
h4_chrX_127567034_127571129,Initiator,promoter,YYANWYY,+,1099,1106
h4_chrX_127567034_127571129,Initiator,promoter,YYANWYY,+,1104,1111
h4_chrX_127567034_127571129,Initiator,promoter,YYANWYY,+,1200,1207
h4_chrX_127567034_127571129,Initiator,promoter,YYANWYY,+,1393,1400
h4_chrX_127567034_127571129,Initiator,promoter,YYANWYY,+,1416,1423
h4_chrX_127567034_127571129,Initiator,promoter,YYANWYY,+,1437,1444
h4_chrX_127567034_127571129,Initiator,promoter,YYANWYY,+,1447,1454
h4_chrX_127567034_127571129,Initiator,promoter,YYANWYY,+,1569,1576
h4_chrX_127567034_127571129,Initiator,promoter,YYANWYY,+,1607,1614
h4_chrX_127567034_127571129,Initiator,promoter,YYANWYY,+,1643,1650
h4_chrX_127567034_127571129,Initiator,promoter,YYANWYY,+,1679,1686
h4_chrX_127567034_127571129,Initiator,promoter,YYANWYY,+,1728,1735
h4_chrX_127567034_127571129,Initiator,promoter,YYANWYY,+,1750,1757
h4_chrX_127567034_127571129,Initiator,promoter,YYANWYY,+,1772,1779
h4_chrX_127567034_127571129,Initiator,promoter,YYANWYY,+,1779,1786
h4_chrX_127567034_127571129,Initiator,promoter,YYANWYY,+,1793,1800
h4_chrX_127567034_127571129,Initiator,promoter,YYANWYY,+,1803,1810
h4_chrX_127567034_127571129,Initiator,promoter,YYANWYY,+,1856,1863
h4_chrX_127567034_127571129,Initiator,promoter,YYANWYY,+,1880,1887
h4_chrX_127567034_127571129,Initiator,promoter,YYANWYY,+,1910,1917
h4_chrX_127567034_127571129,Initiator,promoter,YYANWYY,+,1915,1922
h4_chrX_127567034_127571129,Initiator,promoter,YYANWYY,+,1921,1928
h4_chrX_127567034_127571129,Initiator,promoter,YYANWYY,+,1960,1967
h4_chrX_127567034_127571129,Initiator,promoter,YYANWYY,+,2008,2015
h4_chrX_127567034_127571129,Initiator,promoter,YYANWYY,+,2101,2108
h4_chrX_127567034_127571129,Initiator,promoter,YYANWYY,+,2380,2387
h4_chrX_127567034_127571129,Initiator,promoter,YYANWYY,+,2672,2679
h4_chrX_127567034_127571129,Initiator,promoter,YYANWYY,+,2884,2891
h4_chrX_127567034_127571129,Initiator,promoter,YYANWYY,+,3060,3067
h4_chrX_127567034_127571129,Initiator,promoter,YYANWYY,+,3242,3249
h4_chrX_127567034_127571129,Initiator,promoter,YYANWYY,+,3347,3354
h4_chrX_127567034_127571129,Initiator,promoter,YYANWYY,+,3402,3409
h4_chrX_127567034_127571129,Initiator,promoter,YYANWYY,+,3473,3480
h4_chrX_127567034_127571129,Initiator,promoter,YYANWYY,+,3898,3905
h4_chrX_127567034_127571129,Initiator,promoter,YYANWYY,-,71,78
h4_chrX_127567034_127571129,Initiator,promoter,YYANWYY,-,79,86
h4_chrX_127567034_127571129,Initiator,promoter,YYANWYY,-,84,91
h4_chrX_127567034_127571129,Initiator,promoter,YYANWYY,-,140,147
h4_chrX_127567034_127571129,Initiator,promoter,YYANWYY,-,271,278
h4_chrX_127567034_127571129,Initiator,promoter,YYANWYY,-,318,325
h4_chrX_127567034_127571129,Initiator,promoter,YYANWYY,-,346,353
h4_chrX_127567034_127571129,Initiator,promoter,YYANWYY,-,355,362
h4_chrX_127567034_127571129,Initiator,promoter,YYANWYY,-,405,412
h4_chrX_127567034_127571129,Initiator,promoter,YYANWYY,-,414,421
h4_chrX_127567034_127571129,Initiator,promoter,YYANWYY,-,419,426
h4_chrX_127567034_127571129,Initiator,promoter,YYANWYY,-,477,484
h4_chrX_127567034_127571129,Initiator,promoter,YYANWYY,-,496,503
h4_chrX_127567034_127571129,Initiator,promoter,YYANWYY,-,583,590
h4_chrX_127567034_127571129,Initiator,promoter,YYANWYY,-,654,661
h4_chrX_127567034_127571129,Initiator,promoter,YYANWYY,-,670,677
h4_chrX_127567034_127571129,Initiator,promoter,YYANWYY,-,707,714
h4_chrX_127567034_127571129,Initiator,promoter,YYANWYY,-,1055,1062
h4_chrX_127567034_127571129,Initiator,promoter,YYANWYY,-,1066,1073
h4_chrX_127567034_127571129,Initiator,promoter,YYANWYY,-,1169,1176
h4_chrX_127567034_127571129,Initiator,promoter,YYANWYY,-,1208,1215
h4_chrX_127567034_127571129,Initiator,promoter,YYANWYY,-,1272,1279
h4_chrX_127567034_127571129,Initiator,promoter,YYANWYY,-,1281,1288
h4_chrX_127567034_127571129,Initiator,promoter,YYANWYY,-,1296,1303
h4_chrX_127567034_127571129,Initiator,promoter,YYANWYY,-,1301,1308
h4_chrX_127567034_127571129,Initiator,promoter,YYANWYY,-,1350,1357
h4_chrX_127567034_127571129,Initiator,promoter,YYANWYY,-,1366,1373
h4_chrX_127567034_127571129,Initiator,promoter,YYANWYY,-,1375,1382
h4_chrX_127567034_127571129,Initiator,promoter,YYANWYY,-,1485,1492
h4_chrX_127567034_127571129,Initiator,promoter,YYANWYY,-,1795,1802
h4_chrX_127567034_127571129,Initiator,promoter,YYANWYY,-,1800,1807
h4_chrX_127567034_127571129,Initiator,promoter,YYANWYY,-,2089,2096
h4_chrX_127567034_127571129,Initiator,promoter,YYANWYY,-,2120,2127
h4_chrX_127567034_127571129,Initiator,promoter,YYANWYY,-,2146,2153
h4_chrX_127567034_127571129,Initiator,promoter,YYANWYY,-,2151,2158
h4_chrX_127567034_127571129,Initiator,promoter,YYANWYY,-,2156,2163
h4_chrX_127567034_127571129,Initiator,promoter,YYANWYY,-,2210,2217
h4_chrX_127567034_127571129,Initiator,promoter,YYANWYY,-,2263,2270
h4_chrX_127567034_127571129,Initiator,promoter,YYANWYY,-,2321,2328
h4_chrX_127567034_127571129,Initiator,promoter,YYANWYY,-,2338,2345
h4_chrX_127567034_127571129,Initiator,promoter,YYANWYY,-,2431,2438
h4_chrX_127567034_127571129,Initiator,promoter,YYANWYY,-,2437,2444
h4_chrX_127567034_127571129,Initiator,promoter,YYANWYY,-,2444,2451
h4_chrX_127567034_127571129,Initiator,promoter,YYANWYY,-,2452,2459
h4_chrX_127567034_127571129,Initiator,promoter,YYANWYY,-,2461,2468
h4_chrX_127567034_127571129,Initiator,promoter,YYANWYY,-,2472,2479
h4_chrX_127567034_127571129,Initiator,promoter,YYANWYY,-,2543,2550
h4_chrX_127567034_127571129,Initiator,promoter,YYANWYY,-,2548,2555
h4_chrX_127567034_127571129,Initiator,promoter,YYANWYY,-,2562,2569
h4_chrX_127567034_127571129,Initiator,promoter,YYANWYY,-,2568,2575
h4_chrX_127567034_127571129,Initiator,promoter,YYANWYY,-,2636,2643
h4_chrX_127567034_127571129,Initiator,promoter,YYANWYY,-,2763,2770
h4_chrX_127567034_127571129,Initiator,promoter,YYANWYY,-,2834,2841
h4_chrX_127567034_127571129,Initiator,promoter,YYANWYY,-,2856,2863
h4_chrX_127567034_127571129,Initiator,promoter,YYANWYY,-,2874,2881
h4_chrX_127567034_127571129,Initiator,promoter,YYANWYY,-,2881,2888
h4_chrX_127567034_127571129,Initiator,promoter,YYANWYY,-,2898,2905
h4_chrX_127567034_127571129,Initiator,promoter,YYANWYY,-,2929,2936
h4_chrX_127567034_127571129,Initiator,promoter,YYANWYY,-,2939,2946
h4_chrX_127567034_127571129,Initiator,promoter,YYANWYY,-,3053,3060
h4_chrX_127567034_127571129,Initiator,promoter,YYANWYY,-,3081,3088
h4_chrX_127567034_127571129,Initiator,promoter,YYANWYY,-,3168,3175
h4_chrX_127567034_127571129,Initiator,promoter,YYANWYY,-,3191,3198
h4_chrX_127567034_127571129,Initiator,promoter,YYANWYY,-,3404,3411
h4_chrX_127567034_127571129,Initiator,promoter,YYANWYY,-,3431,3438
h4_chrX_127567034_127571129,Initiator,promoter,YYANWYY,-,3531,3538
h4_chrX_127567034_127571129,Initiator,promoter,YYANWYY,-,3591,3598
h4_chrX_127567034_127571129,Initiator,promoter,YYANWYY,-,3606,3613
h4_chrX_127567034_127571129,Initiator,promoter,YYANWYY,-,3620,3627
h4_chrX_127567034_127571129,Initiator,promoter,YYANWYY,-,3625,3632
h4_chrX_127567034_127571129,Initiator,promoter,YYANWYY,-,3778,3785
h4_chrX_127567034_127571129,Initiator,promoter,YYANWYY,-,3900,3907
h4_chrX_127567034_127571129,Initiator,promoter,YYANWYY,-,3913,3920
h4_chrX_127567034_127571129,Initiator,promoter,YYANWYY,-,3987,3994
h4_chrX_127567034_127571129,Initiator,promoter,YYANWYY,-,4037,4044
h4_chrX_127567034_127571129,Initiator,promoter,YYANWYY,-,4045,4052
h4_chrX_127567034_127571129,BREu,promoter,SSRCGCC,-,3654,3661
h4_chrX_127567034_127571129,BREu,promoter,SSRCGCC,-,3788,3795
h4_chrX_127567034_127571129,E_box,tfbs,CACGTG,+,1862,1868
h4_chrX_127567034_127571129,GC_box,promoter,GGGCGG,+,3702,3708
h4_chrX_127567034_127571129,AP1,tfbs,TGASTCA,+,1817,1824
h4_chrX_127567034_127571129,NFkB,tfbs,GGGRNNYYCC,+,2359,2369
h4_chrX_127567034_127571129,NFkB,tfbs,GGGRNNYYCC,+,2360,2370
h4_chrX_127567034_127571129,NFkB,tfbs,GGGRNNYYCC,-,2360,2370
h4_chrX_127567034_127571129,GATA,tfbs,WGATAR,+,46,52
h4_chrX_127567034_127571129,GATA,tfbs,WGATAR,+,409,415
h4_chrX_127567034_127571129,GATA,tfbs,WGATAR,+,449,455
h4_chrX_127567034_127571129,GATA,tfbs,WGATAR,+,465,471
h4_chrX_127567034_127571129,GATA,tfbs,WGATAR,+,3003,3009
h4_chrX_127567034_127571129,GATA,tfbs,WGATAR,-,94,100
h4_chrX_127567034_127571129,GATA,tfbs,WGATAR,-,228,234
h4_chrX_127567034_127571129,GATA,tfbs,WGATAR,-,1135,1141
h4_chrX_127567034_127571129,GATA,tfbs,WGATAR,-,1550,1556
h4_chrX_127567034_127571129,GATA,tfbs,WGATAR,-,1688,1694
h4_chrX_127567034_127571129,GATA,tfbs,WGATAR,-,1971,1977
h4_chrX_127567034_127571129,GATA,tfbs,WGATAR,-,1979,1985
h4_chrX_127567034_127571129,GATA,tfbs,WGATAR,-,3451,3457
h4_chrX_127567034_127571129,RUNX,tfbs,TGTGGT,-,1959,1965
h4_chrX_127567034_127571129,YY1,tfbs,CCATNTT,+,278,285
h4_chrX_127567034_127571129,YY1,tfbs,CCATNTT,-,414,421
h4_chrX_127567034_127571129,YY1,tfbs,CCATNTT,-,2042,2049
h4_chrX_127567034_127571129,YY1,tfbs,CCATNTT,-,3744,3751
h4_chrX_130740848_130744943,TATA_box,promoter,TATAWAWR,+,429,437
h4_chrX_130740848_130744943,TATA_box,promoter,TATAWAWR,+,431,439
h4_chrX_130740848_130744943,TATA_box,promoter,TATAWAWR,+,1479,1487
h4_chrX_130740848_130744943,TATA_box,promoter,TATAWAWR,+,1806,1814
h4_chrX_130740848_130744943,TATA_box,promoter,TATAWAWR,+,3588,3596
h4_chrX_130740848_130744943,TATA_box,promoter,TATAWAWR,-,218,226
h4_chrX_130740848_130744943,TATA_box,promoter,TATAWAWR,-,429,437
h4_chrX_130740848_130744943,TATA_box,promoter,TATAWAWR,-,3586,3594
h4_chrX_130740848_130744943,Initiator,promoter,YYANWYY,+,78,85
h4_chrX_130740848_130744943,Initiator,promoter,YYANWYY,+,215,222
h4_chrX_130740848_130744943,Initiator,promoter,YYANWYY,+,285,292
h4_chrX_130740848_130744943,Initiator,promoter,YYANWYY,+,297,304
h4_chrX_130740848_130744943,Initiator,promoter,YYANWYY,+,400,407
h4_chrX_130740848_130744943,Initiator,promoter,YYANWYY,+,566,573
h4_chrX_130740848_130744943,Initiator,promoter,YYANWYY,+,1079,1086
h4_chrX_130740848_130744943,Initiator,promoter,YYANWYY,+,1174,1181
h4_chrX_130740848_130744943,Initiator,promoter,YYANWYY,+,1196,1203
h4_chrX_130740848_130744943,Initiator,promoter,YYANWYY,+,1211,1218
h4_chrX_130740848_130744943,Initiator,promoter,YYANWYY,+,1246,1253
h4_chrX_130740848_130744943,Initiator,promoter,YYANWYY,+,1504,1511
h4_chrX_130740848_130744943,Initiator,promoter,YYANWYY,+,1913,1920
h4_chrX_130740848_130744943,Initiator,promoter,YYANWYY,+,1942,1949
h4_chrX_130740848_130744943,Initiator,promoter,YYANWYY,+,1961,1968
h4_chrX_130740848_130744943,Initiator,promoter,YYANWYY,+,1999,2006
h4_chrX_130740848_130744943,Initiator,promoter,YYANWYY,+,2076,2083
h4_chrX_130740848_130744943,Initiator,promoter,YYANWYY,+,2159,2166
h4_chrX_130740848_130744943,Initiator,promoter,YYANWYY,+,2211,2218
h4_chrX_130740848_130744943,Initiator,promoter,YYANWYY,+,2242,2249
h4_chrX_130740848_130744943,Initiator,promoter,YYANWYY,+,2367,2374
h4_chrX_130740848_130744943,Initiator,promoter,YYANWYY,+,2391,2398
h4_chrX_130740848_130744943,Initiator,promoter,YYANWYY,+,2531,2538
h4_chrX_130740848_130744943,Initiator,promoter,YYANWYY,+,2609,2616
h4_chrX_130740848_130744943,Initiator,promoter,YYANWYY,+,2653,2660
h4_chrX_130740848_130744943,Initiator,promoter,YYANWYY,+,2777,2784
h4_chrX_130740848_130744943,Initiator,promoter,YYANWYY,+,2787,2794
h4_chrX_130740848_130744943,Initiator,promoter,YYANWYY,+,3029,3036
h4_chrX_130740848_130744943,Initiator,promoter,YYANWYY,+,3050,3057
h4_chrX_130740848_130744943,Initiator,promoter,YYANWYY,+,3153,3160
h4_chrX_130740848_130744943,Initiator,promoter,YYANWYY,+,3208,3215
h4_chrX_130740848_130744943,Initiator,promoter,YYANWYY,+,3262,3269
h4_chrX_130740848_130744943,Initiator,promoter,YYANWYY,+,3313,3320
h4_chrX_130740848_130744943,Initiator,promoter,YYANWYY,+,3436,3443
h4_chrX_130740848_130744943,Initiator,promoter,YYANWYY,+,3574,3581
h4_chrX_130740848_130744943,Initiator,promoter,YYANWYY,+,3580,3587
h4_chrX_130740848_130744943,Initiator,promoter,YYANWYY,+,3670,3677
h4_chrX_130740848_130744943,Initiator,promoter,YYANWYY,+,3682,3689
h4_chrX_130740848_130744943,Initiator,promoter,YYANWYY,+,3752,3759
h4_chrX_130740848_130744943,Initiator,promoter,YYANWYY,+,4057,4064
h4_chrX_130740848_130744943,Initiator,promoter,YYANWYY,-,10,17
h4_chrX_130740848_130744943,Initiator,promoter,YYANWYY,-,95,102
h4_chrX_130740848_130744943,Initiator,promoter,YYANWYY,-,183,190
h4_chrX_130740848_130744943,Initiator,promoter,YYANWYY,-,252,259
h4_chrX_130740848_130744943,Initiator,promoter,YYANWYY,-,264,271
h4_chrX_130740848_130744943,Initiator,promoter,YYANWYY,-,341,348
h4_chrX_130740848_130744943,Initiator,promoter,YYANWYY,-,374,381
h4_chrX_130740848_130744943,Initiator,promoter,YYANWYY,-,402,409
h4_chrX_130740848_130744943,Initiator,promoter,YYANWYY,-,502,509
h4_chrX_130740848_130744943,Initiator,promoter,YYANWYY,-,598,605
h4_chrX_130740848_130744943,Initiator,promoter,YYANWYY,-,652,659
h4_chrX_130740848_130744943,Initiator,promoter,YYANWYY,-,671,678
h4_chrX_130740848_130744943,Initiator,promoter,YYANWYY,-,713,720
h4_chrX_130740848_130744943,Initiator,promoter,YYANWYY,-,718,725
h4_chrX_130740848_130744943,Initiator,promoter,YYANWYY,-,758,765
h4_chrX_130740848_130744943,Initiator,promoter,YYANWYY,-,845,852
h4_chrX_130740848_130744943,Initiator,promoter,YYANWYY,-,863,870
h4_chrX_130740848_130744943,Initiator,promoter,YYANWYY,-,981,988
h4_chrX_130740848_130744943,Initiator,promoter,YYANWYY,-,989,996
h4_chrX_130740848_130744943,Initiator,promoter,YYANWYY,-,1108,1115
h4_chrX_130740848_130744943,Initiator,promoter,YYANWYY,-,1152,1159
h4_chrX_130740848_130744943,Initiator,promoter,YYANWYY,-,1297,1304
h4_chrX_130740848_130744943,Initiator,promoter,YYANWYY,-,1336,1343
h4_chrX_130740848_130744943,Initiator,promoter,YYANWYY,-,1360,1367
h4_chrX_130740848_130744943,Initiator,promoter,YYANWYY,-,1377,1384
h4_chrX_130740848_130744943,Initiator,promoter,YYANWYY,-,1441,1448
h4_chrX_130740848_130744943,Initiator,promoter,YYANWYY,-,1496,1503
h4_chrX_130740848_130744943,Initiator,promoter,YYANWYY,-,1559,1566
h4_chrX_130740848_130744943,Initiator,promoter,YYANWYY,-,1574,1581
h4_chrX_130740848_130744943,Initiator,promoter,YYANWYY,-,1585,1592
h4_chrX_130740848_130744943,Initiator,promoter,YYANWYY,-,1743,1750
h4_chrX_130740848_130744943,Initiator,promoter,YYANWYY,-,1763,1770
h4_chrX_130740848_130744943,Initiator,promoter,YYANWYY,-,1842,1849
h4_chrX_130740848_130744943,Initiator,promoter,YYANWYY,-,1849,1856
h4_chrX_130740848_130744943,Initiator,promoter,YYANWYY,-,1996,2003
h4_chrX_130740848_130744943,Initiator,promoter,YYANWYY,-,2035,2042
h4_chrX_130740848_130744943,Initiator,promoter,YYANWYY,-,2120,2127
h4_chrX_130740848_130744943,Initiator,promoter,YYANWYY,-,2125,2132
h4_chrX_130740848_130744943,Initiator,promoter,YYANWYY,-,2257,2264
h4_chrX_130740848_130744943,Initiator,promoter,YYANWYY,-,2266,2273
h4_chrX_130740848_130744943,Initiator,promoter,YYANWYY,-,2301,2308
h4_chrX_130740848_130744943,Initiator,promoter,YYANWYY,-,2332,2339
h4_chrX_130740848_130744943,Initiator,promoter,YYANWYY,-,2337,2344
h4_chrX_130740848_130744943,Initiator,promoter,YYANWYY,-,2348,2355
h4_chrX_130740848_130744943,Initiator,promoter,YYANWYY,-,2388,2395
h4_chrX_130740848_130744943,Initiator,promoter,YYANWYY,-,2439,2446
h4_chrX_130740848_130744943,Initiator,promoter,YYANWYY,-,2497,2504
h4_chrX_130740848_130744943,Initiator,promoter,YYANWYY,-,2581,2588
h4_chrX_130740848_130744943,Initiator,promoter,YYANWYY,-,2909,2916
h4_chrX_130740848_130744943,Initiator,promoter,YYANWYY,-,2949,2956
h4_chrX_130740848_130744943,Initiator,promoter,YYANWYY,-,3026,3033
h4_chrX_130740848_130744943,Initiator,promoter,YYANWYY,-,3037,3044
h4_chrX_130740848_130744943,Initiator,promoter,YYANWYY,-,3091,3098
h4_chrX_130740848_130744943,Initiator,promoter,YYANWYY,-,3118,3125
h4_chrX_130740848_130744943,Initiator,promoter,YYANWYY,-,3255,3262
h4_chrX_130740848_130744943,Initiator,promoter,YYANWYY,-,3315,3322
h4_chrX_130740848_130744943,Initiator,promoter,YYANWYY,-,3384,3391
h4_chrX_130740848_130744943,Initiator,promoter,YYANWYY,-,3414,3421
h4_chrX_130740848_130744943,Initiator,promoter,YYANWYY,-,3600,3607
h4_chrX_130740848_130744943,Initiator,promoter,YYANWYY,-,3649,3656
h4_chrX_130740848_130744943,Initiator,promoter,YYANWYY,-,3705,3712
h4_chrX_130740848_130744943,Initiator,promoter,YYANWYY,-,3737,3744
h4_chrX_130740848_130744943,Initiator,promoter,YYANWYY,-,3781,3788
h4_chrX_130740848_130744943,Initiator,promoter,YYANWYY,-,3790,3797
h4_chrX_130740848_130744943,Initiator,promoter,YYANWYY,-,3857,3864
h4_chrX_130740848_130744943,Initiator,promoter,YYANWYY,-,3915,3922
h4_chrX_130740848_130744943,Initiator,promoter,YYANWYY,-,3944,3951
h4_chrX_130740848_130744943,Initiator,promoter,YYANWYY,-,3972,3979
h4_chrX_130740848_130744943,GATA,tfbs,WGATAR,+,121,127
h4_chrX_130740848_130744943,GATA,tfbs,WGATAR,+,1387,1393
h4_chrX_130740848_130744943,GATA,tfbs,WGATAR,+,1511,1517
h4_chrX_130740848_130744943,GATA,tfbs,WGATAR,+,1703,1709
h4_chrX_130740848_130744943,GATA,tfbs,WGATAR,+,3137,3143
h4_chrX_130740848_130744943,GATA,tfbs,WGATAR,+,3491,3497
h4_chrX_130740848_130744943,GATA,tfbs,WGATAR,+,3611,3617
h4_chrX_130740848_130744943,GATA,tfbs,WGATAR,+,3727,3733
h4_chrX_130740848_130744943,GATA,tfbs,WGATAR,-,45,51
h4_chrX_130740848_130744943,GATA,tfbs,WGATAR,-,533,539
h4_chrX_130740848_130744943,GATA,tfbs,WGATAR,-,3441,3447
h4_chrX_130740848_130744943,RUNX,tfbs,TGTGGT,-,2080,2086
h4_chrX_130740848_130744943,RUNX,tfbs,TGTGGT,-,2776,2782
h4_chrX_130740848_130744943,YY1,tfbs,CCATNTT,+,1196,1203
h4_chrX_130740848_130744943,YY1,tfbs,CCATNTT,+,2830,2837
h4_chrX_130740848_130744943,YY1,tfbs,CCATNTT,-,95,102
h4_chrX_130740848_130744943,YY1,tfbs,CCATNTT,-,1486,1493
h4_chrX_130740848_130744943,YY1,tfbs,CCATNTT,-,1763,1770
h4_chrX_83970161_83974256,TATA_box,promoter,TATAWAWR,+,696,704
h4_chrX_83970161_83974256,TATA_box,promoter,TATAWAWR,+,698,706
h4_chrX_83970161_83974256,TATA_box,promoter,TATAWAWR,+,765,773
h4_chrX_83970161_83974256,TATA_box,promoter,TATAWAWR,+,1389,1397
h4_chrX_83970161_83974256,TATA_box,promoter,TATAWAWR,+,3040,3048
h4_chrX_83970161_83974256,TATA_box,promoter,TATAWAWR,+,3439,3447
h4_chrX_83970161_83974256,TATA_box,promoter,TATAWAWR,-,696,704
h4_chrX_83970161_83974256,TATA_box,promoter,TATAWAWR,-,3185,3193
h4_chrX_83970161_83974256,Initiator,promoter,YYANWYY,+,28,35
h4_chrX_83970161_83974256,Initiator,promoter,YYANWYY,+,50,57
h4_chrX_83970161_83974256,Initiator,promoter,YYANWYY,+,205,212
h4_chrX_83970161_83974256,Initiator,promoter,YYANWYY,+,400,407
h4_chrX_83970161_83974256,Initiator,promoter,YYANWYY,+,486,493
h4_chrX_83970161_83974256,Initiator,promoter,YYANWYY,+,717,724
h4_chrX_83970161_83974256,Initiator,promoter,YYANWYY,+,741,748
h4_chrX_83970161_83974256,Initiator,promoter,YYANWYY,+,1241,1248
h4_chrX_83970161_83974256,Initiator,promoter,YYANWYY,+,1256,1263
h4_chrX_83970161_83974256,Initiator,promoter,YYANWYY,+,1294,1301
h4_chrX_83970161_83974256,Initiator,promoter,YYANWYY,+,1369,1376
h4_chrX_83970161_83974256,Initiator,promoter,YYANWYY,+,1419,1426
h4_chrX_83970161_83974256,Initiator,promoter,YYANWYY,+,1520,1527
h4_chrX_83970161_83974256,Initiator,promoter,YYANWYY,+,1689,1696
h4_chrX_83970161_83974256,Initiator,promoter,YYANWYY,+,1760,1767
h4_chrX_83970161_83974256,Initiator,promoter,YYANWYY,+,1851,1858
h4_chrX_83970161_83974256,Initiator,promoter,YYANWYY,+,1899,1906
h4_chrX_83970161_83974256,Initiator,promoter,YYANWYY,+,2020,2027
h4_chrX_83970161_83974256,Initiator,promoter,YYANWYY,+,2256,2263
h4_chrX_83970161_83974256,Initiator,promoter,YYANWYY,+,2295,2302
h4_chrX_83970161_83974256,Initiator,promoter,YYANWYY,+,2384,2391
h4_chrX_83970161_83974256,Initiator,promoter,YYANWYY,+,2391,2398
h4_chrX_83970161_83974256,Initiator,promoter,YYANWYY,+,2396,2403
h4_chrX_83970161_83974256,Initiator,promoter,YYANWYY,+,2624,2631
h4_chrX_83970161_83974256,Initiator,promoter,YYANWYY,+,2679,2686
h4_chrX_83970161_83974256,Initiator,promoter,YYANWYY,+,2964,2971
h4_chrX_83970161_83974256,Initiator,promoter,YYANWYY,+,3188,3195
h4_chrX_83970161_83974256,Initiator,promoter,YYANWYY,+,3212,3219
h4_chrX_83970161_83974256,Initiator,promoter,YYANWYY,+,3398,3405
h4_chrX_83970161_83974256,Initiator,promoter,YYANWYY,+,3909,3916
h4_chrX_83970161_83974256,Initiator,promoter,YYANWYY,+,3933,3940
h4_chrX_83970161_83974256,Initiator,promoter,YYANWYY,-,279,286
h4_chrX_83970161_83974256,Initiator,promoter,YYANWYY,-,408,415
h4_chrX_83970161_83974256,Initiator,promoter,YYANWYY,-,426,433
h4_chrX_83970161_83974256,Initiator,promoter,YYANWYY,-,447,454
h4_chrX_83970161_83974256,Initiator,promoter,YYANWYY,-,452,459
h4_chrX_83970161_83974256,Initiator,promoter,YYANWYY,-,519,526
h4_chrX_83970161_83974256,Initiator,promoter,YYANWYY,-,601,608
h4_chrX_83970161_83974256,Initiator,promoter,YYANWYY,-,631,638
h4_chrX_83970161_83974256,Initiator,promoter,YYANWYY,-,772,779
h4_chrX_83970161_83974256,Initiator,promoter,YYANWYY,-,819,826
h4_chrX_83970161_83974256,Initiator,promoter,YYANWYY,-,834,841
h4_chrX_83970161_83974256,Initiator,promoter,YYANWYY,-,913,920
h4_chrX_83970161_83974256,Initiator,promoter,YYANWYY,-,921,928
h4_chrX_83970161_83974256,Initiator,promoter,YYANWYY,-,980,987
h4_chrX_83970161_83974256,Initiator,promoter,YYANWYY,-,1015,1022
h4_chrX_83970161_83974256,Initiator,promoter,YYANWYY,-,1037,1044
h4_chrX_83970161_83974256,Initiator,promoter,YYANWYY,-,1055,1062
h4_chrX_83970161_83974256,Initiator,promoter,YYANWYY,-,1091,1098
h4_chrX_83970161_83974256,Initiator,promoter,YYANWYY,-,1143,1150
h4_chrX_83970161_83974256,Initiator,promoter,YYANWYY,-,1266,1273
h4_chrX_83970161_83974256,Initiator,promoter,YYANWYY,-,1387,1394
h4_chrX_83970161_83974256,Initiator,promoter,YYANWYY,-,1531,1538
h4_chrX_83970161_83974256,Initiator,promoter,YYANWYY,-,1572,1579
h4_chrX_83970161_83974256,Initiator,promoter,YYANWYY,-,1588,1595
h4_chrX_83970161_83974256,Initiator,promoter,YYANWYY,-,1622,1629
h4_chrX_83970161_83974256,Initiator,promoter,YYANWYY,-,1649,1656
h4_chrX_83970161_83974256,Initiator,promoter,YYANWYY,-,1810,1817
h4_chrX_83970161_83974256,Initiator,promoter,YYANWYY,-,1817,1824
h4_chrX_83970161_83974256,Initiator,promoter,YYANWYY,-,1962,1969
h4_chrX_83970161_83974256,Initiator,promoter,YYANWYY,-,2060,2067
h4_chrX_83970161_83974256,Initiator,promoter,YYANWYY,-,2207,2214
h4_chrX_83970161_83974256,Initiator,promoter,YYANWYY,-,2225,2232
h4_chrX_83970161_83974256,Initiator,promoter,YYANWYY,-,2282,2289
h4_chrX_83970161_83974256,Initiator,promoter,YYANWYY,-,2419,2426
h4_chrX_83970161_83974256,Initiator,promoter,YYANWYY,-,2467,2474
h4_chrX_83970161_83974256,Initiator,promoter,YYANWYY,-,2482,2489
h4_chrX_83970161_83974256,Initiator,promoter,YYANWYY,-,2580,2587
h4_chrX_83970161_83974256,Initiator,promoter,YYANWYY,-,2602,2609
h4_chrX_83970161_83974256,Initiator,promoter,YYANWYY,-,2608,2615
h4_chrX_83970161_83974256,Initiator,promoter,YYANWYY,-,2654,2661
h4_chrX_83970161_83974256,Initiator,promoter,YYANWYY,-,2682,2689
h4_chrX_83970161_83974256,Initiator,promoter,YYANWYY,-,2706,2713
h4_chrX_83970161_83974256,Initiator,promoter,YYANWYY,-,2788,2795
h4_chrX_83970161_83974256,Initiator,promoter,YYANWYY,-,2802,2809
h4_chrX_83970161_83974256,Initiator,promoter,YYANWYY,-,2811,2818
h4_chrX_83970161_83974256,Initiator,promoter,YYANWYY,-,2858,2865
h4_chrX_83970161_83974256,Initiator,promoter,YYANWYY,-,2918,2925
h4_chrX_83970161_83974256,Initiator,promoter,YYANWYY,-,2977,2984
h4_chrX_83970161_83974256,Initiator,promoter,YYANWYY,-,3119,3126
h4_chrX_83970161_83974256,Initiator,promoter,YYANWYY,-,3204,3211
h4_chrX_83970161_83974256,Initiator,promoter,YYANWYY,-,3209,3216
h4_chrX_83970161_83974256,Initiator,promoter,YYANWYY,-,3235,3242
h4_chrX_83970161_83974256,Initiator,promoter,YYANWYY,-,3254,3261
h4_chrX_83970161_83974256,Initiator,promoter,YYANWYY,-,3314,3321
h4_chrX_83970161_83974256,Initiator,promoter,YYANWYY,-,3432,3439
h4_chrX_83970161_83974256,Initiator,promoter,YYANWYY,-,3535,3542
h4_chrX_83970161_83974256,Initiator,promoter,YYANWYY,-,3679,3686
h4_chrX_83970161_83974256,Initiator,promoter,YYANWYY,-,3804,3811
h4_chrX_83970161_83974256,Initiator,promoter,YYANWYY,-,3820,3827
h4_chrX_83970161_83974256,Initiator,promoter,YYANWYY,-,3871,3878
h4_chrX_83970161_83974256,Initiator,promoter,YYANWYY,-,3935,3942
h4_chrX_83970161_83974256,Initiator,promoter,YYANWYY,-,3964,3971
h4_chrX_83970161_83974256,Initiator,promoter,YYANWYY,-,4007,4014
h4_chrX_83970161_83974256,Initiator,promoter,YYANWYY,-,4031,4038
h4_chrX_83970161_83974256,Initiator,promoter,YYANWYY,-,4055,4062
h4_chrX_83970161_83974256,GATA,tfbs,WGATAR,+,89,95
h4_chrX_83970161_83974256,GATA,tfbs,WGATAR,+,329,335
h4_chrX_83970161_83974256,GATA,tfbs,WGATAR,+,850,856
h4_chrX_83970161_83974256,GATA,tfbs,WGATAR,+,984,990
h4_chrX_83970161_83974256,GATA,tfbs,WGATAR,+,1376,1382
h4_chrX_83970161_83974256,GATA,tfbs,WGATAR,+,1583,1589
h4_chrX_83970161_83974256,GATA,tfbs,WGATAR,+,1833,1839
h4_chrX_83970161_83974256,GATA,tfbs,WGATAR,+,1929,1935
h4_chrX_83970161_83974256,GATA,tfbs,WGATAR,+,2184,2190
h4_chrX_83970161_83974256,GATA,tfbs,WGATAR,+,3371,3377
h4_chrX_83970161_83974256,GATA,tfbs,WGATAR,+,3413,3419
h4_chrX_83970161_83974256,GATA,tfbs,WGATAR,+,3714,3720
h4_chrX_83970161_83974256,GATA,tfbs,WGATAR,+,4020,4026
h4_chrX_83970161_83974256,GATA,tfbs,WGATAR,-,1517,1523
h4_chrX_83970161_83974256,GATA,tfbs,WGATAR,-,1555,1561
h4_chrX_83970161_83974256,GATA,tfbs,WGATAR,-,1856,1862
h4_chrX_83970161_83974256,GATA,tfbs,WGATAR,-,2850,2856
h4_chrX_83970161_83974256,GATA,tfbs,WGATAR,-,3103,3109
h4_chrX_83970161_83974256,RUNX,tfbs,TGTGGT,+,3237,3243
h4_chrX_83970161_83974256,RUNX,tfbs,TGTGGT,-,490,496
h4_chrX_83970161_83974256,RUNX,tfbs,TGTGGT,-,541,547
h4_chrX_83970161_83974256,RUNX,tfbs,TGTGGT,-,1546,1552
h4_chrX_83970161_83974256,RUNX,tfbs,TGTGGT,-,2490,2496
h4_chrX_83970161_83974256,YY1,tfbs,CCATNTT,-,77,84
h4_chrX_83970161_83974256,YY1,tfbs,CCATNTT,-,2207,2214
h4_chrX_83970161_83974256,YY1,tfbs,CCATNTT,-,2649,2656
