label,rank,i,j,i_bp,j_bp,distance,score,i_motifs,j_motifs,i_groups,j_groups,motif_pair,same_motif_pair
h0_chr10_110104373_110108468,1,479,3257,479,3257,2778,0.6876238584518433,,Initiator,,promoter,False,False
h0_chr10_110104373_110108468,2,2716,2770,2716,2770,54,0.6754220128059387,,Initiator,,promoter,False,False
h0_chr10_110104373_110108468,3,2719,2770,2719,2770,51,0.6518594622612,,Initiator,,promoter,False,False
h0_chr10_110104373_110108468,4,2717,2770,2717,2770,53,0.6336181163787842,,Initiator,,promoter,False,False
h0_chr10_110104373_110108468,5,2617,2753,2617,2753,136,0.6238899230957031,Initiator,Initiator,promoter,promoter,True,True
h0_chr10_110104373_110108468,6,2458,3054,2458,3054,596,0.6092982888221741,,,,,False,False
h0_chr10_110104373_110108468,7,900,1234,900,1234,334,0.6048927903175354,,,,,False,False
h0_chr10_110104373_110108468,8,1841,2617,1841,2617,776,0.6040647625923157,,Initiator,,promoter,False,False
h0_chr10_110104373_110108468,9,2617,3054,2617,3054,437,0.6039419174194336,Initiator,,promoter,,False,False
h0_chr10_110104373_110108468,10,1234,1329,1234,1329,95,0.6012929081916809,,,,,False,False
h0_chr10_110104373_110108468,11,1593,2617,1593,2617,1024,0.6007553935050964,,Initiator,,promoter,False,False
h0_chr10_110104373_110108468,12,1974,2458,1974,2458,484,0.600459098815918,,,,,False,False
h0_chr10_110104373_110108468,13,900,1133,900,1133,233,0.599041223526001,,,,,False,False
h0_chr10_110104373_110108468,14,1239,2269,1239,2269,1030,0.5989186763763428,,Initiator,,promoter,False,False
h0_chr10_110104373_110108468,15,2702,2774,2702,2774,72,0.597427487373352,,,,,False,False
h0_chr10_110104373_110108468,16,1239,3027,1239,3027,1788,0.5971630811691284,,,,,False,False
h0_chr10_110104373_110108468,17,1265,1329,1265,1329,64,0.5891062021255493,,,,,False,False
h0_chr10_110104373_110108468,18,2458,3013,2458,3013,555,0.5886754989624023,,Initiator,,promoter,False,False
h0_chr10_110104373_110108468,19,1239,3373,1239,3373,2134,0.5866022109985352,,,,,False,False
h0_chr10_110104373_110108468,20,940,2617,940,2617,1677,0.5856370329856873,,Initiator,,promoter,False,False
h0_chr10_110104373_110108468,21,2458,2615,2458,2615,157,0.5855354070663452,,Initiator,,promoter,False,False
h0_chr10_110104373_110108468,22,2720,2774,2720,2774,54,0.5850080251693726,,,,,False,False
h0_chr10_110104373_110108468,23,896,2458,896,2458,1562,0.5815786719322205,,,,,False,False
h0_chr10_110104373_110108468,24,892,2458,892,2458,1566,0.5809640884399414,,,,,False,False
h0_chr10_110104373_110108468,25,2752,2807,2752,2807,55,0.5802863836288452,Initiator,Initiator,promoter,promoter,True,True
h0_chr10_110104373_110108468,26,1354,3054,1354,3054,1700,0.578461229801178,,,,,False,False
h0_chr10_110104373_110108468,27,1928,2555,1928,2555,627,0.5773546695709229,YY1,,tfbs,,False,False
h0_chr10_110104373_110108468,28,2715,2770,2715,2770,55,0.576177716255188,,Initiator,,promoter,False,False
h0_chr10_110104373_110108468,29,1302,2617,1302,2617,1315,0.5757916569709778,,Initiator,,promoter,False,False
h0_chr10_110104373_110108468,30,2718,2774,2718,2774,56,0.5753929615020752,,,,,False,False
h0_chr10_110104373_110108468,31,2615,3013,2615,3013,398,0.5745423436164856,Initiator,Initiator,promoter,promoter,True,True
h0_chr10_110104373_110108468,32,1239,2228,1239,2228,989,0.5729200839996338,,,,,False,False
h0_chr10_110104373_110108468,33,2691,2749,2691,2749,58,0.5717610716819763,,Initiator,,promoter,False,False
h0_chr10_110104373_110108468,34,2258,2457,2258,2457,199,0.5713428854942322,GATA,,tfbs,,False,False
h0_chr10_110104373_110108468,35,900,1265,900,1265,365,0.5711272954940796,,,,,False,False
h0_chr10_110104373_110108468,36,1651,2617,1651,2617,966,0.5710927844047546,,Initiator,,promoter,False,False
h0_chr10_110104373_110108468,37,1841,2457,1841,2457,616,0.57096928358078,,,,,False,False
h0_chr10_110104373_110108468,38,2721,2813,2721,2813,92,0.5701983571052551,,,,,False,False
h0_chr10_110104373_110108468,39,2581,3027,2581,3027,446,0.5691635608673096,GATA;Initiator,,promoter;tfbs,,False,False
h0_chr10_110104373_110108468,40,831,1271,831,1271,440,0.5691123008728027,GATA,RUNX,tfbs,tfbs,True,False
h0_chr10_110104373_110108468,41,2258,2617,2258,2617,359,0.5690556764602661,GATA,Initiator,tfbs,promoter,True,False
h0_chr10_110104373_110108468,42,900,2228,900,2228,1328,0.5690039396286011,,,,,False,False
h0_chr10_110104373_110108468,43,1651,2457,1651,2457,806,0.5674192309379578,,,,,False,False
h0_chr10_110104373_110108468,44,2269,2581,2269,2581,312,0.565355658531189,Initiator,GATA;Initiator,promoter,promoter;tfbs,True,True
h0_chr10_110104373_110108468,45,940,4040,940,4040,3100,0.5629488229751587,,Initiator;YY1,,promoter;tfbs,False,False
h0_chr10_110104373_110108468,46,976,2228,976,2228,1252,0.5621100068092346,,,,,False,False
h0_chr10_110104373_110108468,47,521,1239,521,1239,718,0.5617291331291199,,,,,False,False
h0_chr10_110104373_110108468,48,1354,1479,1354,1479,125,0.5609263181686401,,,,,False,False
h0_chr10_110104373_110108468,49,1974,3013,1974,3013,1039,0.5606328248977661,,Initiator,,promoter,False,False
h0_chr10_110104373_110108468,50,309,3054,309,3054,2745,0.5601767301559448,,,,,False,False
h0_chr10_110104373_110108468,51,2237,3002,2237,3002,765,0.5601085424423218,,,,,False,False
h0_chr10_110104373_110108468,52,1593,2457,1593,2457,864,0.5597511529922485,,,,,False,False
h0_chr10_110104373_110108468,53,1593,2458,1593,2458,865,0.5589295625686646,,,,,False,False
h0_chr10_110104373_110108468,54,2252,2458,2252,2458,206,0.5587571859359741,,,,,False,False
h0_chr10_110104373_110108468,55,765,1265,765,1265,500,0.5584529638290405,,,,,False,False
h0_chr10_110104373_110108468,56,900,4040,900,4040,3140,0.5580574870109558,,Initiator;YY1,,promoter;tfbs,False,False
h0_chr10_110104373_110108468,57,2457,3054,2457,3054,597,0.5578506588935852,,,,,False,False
h0_chr10_110104373_110108468,58,2132,2617,2132,2617,485,0.5573778748512268,,Initiator,,promoter,False,False
h0_chr10_110104373_110108468,59,2457,2555,2457,2555,98,0.5571064949035645,,,,,False,False
h0_chr10_110104373_110108468,60,2717,2814,2717,2814,97,0.5565584301948547,,,,,False,False
h0_chr10_110104373_110108468,61,1142,1234,1142,1234,92,0.5564127564430237,,,,,False,False
h0_chr10_110104373_110108468,62,659,900,659,900,241,0.5540805459022522,,,,,False,False
h0_chr10_110104373_110108468,63,2613,2691,2613,2691,78,0.5533567070960999,Initiator,,promoter,,False,False
h0_chr10_110104373_110108468,64,892,3013,892,3013,2121,0.5533095002174377,,Initiator,,promoter,False,False
h0_chr10_110104373_110108468,65,545,3027,545,3027,2482,0.552881121635437,,,,,False,False
h0_chr10_110104373_110108468,66,841,1354,841,1354,513,0.5527231693267822,,,,,False,False
h0_chr10_110104373_110108468,67,1354,3373,1354,3373,2019,0.5522873997688293,,,,,False,False
h0_chr10_110104373_110108468,68,940,2260,940,2260,1320,0.5517332553863525,,,,,False,False
h0_chr10_110104373_110108468,69,2457,3013,2457,3013,556,0.5480812788009644,,Initiator,,promoter,False,False
h0_chr10_110104373_110108468,70,2555,2617,2555,2617,62,0.5478324294090271,,Initiator,,promoter,False,False
h0_chr10_110104373_110108468,71,2712,2807,2712,2807,95,0.5470572710037231,,Initiator,,promoter,False,False
h0_chr10_110104373_110108468,72,659,1142,659,1142,483,0.5470078587532043,,,,,False,False
h0_chr10_110104373_110108468,73,117,2228,117,2228,2111,0.5467907190322876,,,,,False,False
h0_chr10_110104373_110108468,74,117,3027,117,3027,2910,0.545926034450531,,,,,False,False
h0_chr10_110104373_110108468,75,1329,2189,1329,2189,860,0.5452185869216919,,,,,False,False
h0_chr10_110104373_110108468,76,2702,2766,2702,2766,64,0.544493556022644,,,,,False,False
h0_chr10_110104373_110108468,77,380,3975,380,3975,3595,0.5439646244049072,,,,,False,False
h0_chr10_110104373_110108468,78,2617,3373,2617,3373,756,0.5438316464424133,Initiator,,promoter,,False,False
h0_chr10_110104373_110108468,79,1354,2258,1354,2258,904,0.5418295860290527,,GATA,,tfbs,False,False
h0_chr10_110104373_110108468,80,1593,3013,1593,3013,1420,0.5414406657218933,,Initiator,,promoter,False,False
h0_chr10_110104373_110108468,81,2114,2458,2114,2458,344,0.540191650390625,,,,,False,False
h0_chr10_110104373_110108468,82,940,2228,940,2228,1288,0.5401043891906738,,,,,False,False
h0_chr10_110104373_110108468,83,2715,2814,2715,2814,99,0.5398809313774109,,,,,False,False
h0_chr10_110104373_110108468,84,1354,1651,1354,1651,297,0.539077877998352,,,,,False,False
h0_chr10_110104373_110108468,85,1354,1593,1354,1593,239,0.539064347743988,,,,,False,False
h0_chr10_110104373_110108468,86,900,2617,900,2617,1717,0.5385711193084717,,Initiator,,promoter,False,False
h0_chr10_110104373_110108468,87,1651,2458,1651,2458,807,0.5379774570465088,,,,,False,False
h0_chr10_110104373_110108468,88,380,677,380,677,297,0.5364906787872314,,,,,False,False
h0_chr10_110104373_110108468,89,2260,2457,2260,2457,197,0.5358908176422119,,,,,False,False
h0_chr10_110104373_110108468,90,15,2799,15,2799,2784,0.535755455493927,Initiator,,promoter,,False,False
h0_chr10_110104373_110108468,91,896,3013,896,3013,2117,0.535750150680542,,Initiator,,promoter,False,False
h0_chr10_110104373_110108468,92,765,1234,765,1234,469,0.5356007814407349,,,,,False,False
h0_chr10_110104373_110108468,93,516,3027,516,3027,2511,0.5355738997459412,Initiator,,promoter,,False,False
h0_chr10_110104373_110108468,94,117,2799,117,2799,2682,0.5353454351425171,,,,,False,False
h0_chr10_110104373_110108468,95,1651,2581,1651,2581,930,0.5351660251617432,,GATA;Initiator,,promoter;tfbs,False,False
h0_chr10_110104373_110108468,96,995,1142,995,1142,147,0.5348494052886963,,,,,False,False
h0_chr10_110104373_110108468,97,2716,2810,2716,2810,94,0.5336360931396484,,,,,False,False
h0_chr10_110104373_110108468,98,1928,2258,1928,2258,330,0.5334780216217041,YY1,GATA,tfbs,tfbs,True,False
h0_chr10_110104373_110108468,99,1651,2228,1651,2228,577,0.5329046845436096,,,,,False,False
h0_chr10_110104373_110108468,100,940,2189,940,2189,1249,0.5328794717788696,,,,,False,False
h0_chr10_110104373_110108468,101,2457,2851,2457,2851,394,0.5328648686408997,,Initiator,,promoter,False,False
h0_chr10_110104373_110108468,102,2717,2774,2717,2774,57,0.5327174663543701,,,,,False,False
h0_chr10_110104373_110108468,103,2617,3387,2617,3387,770,0.5317919254302979,Initiator,,promoter,,False,False
h0_chr10_110104373_110108468,104,976,3027,976,3027,2051,0.5315365791320801,,,,,False,False
h0_chr10_110104373_110108468,105,2572,2851,2572,2851,279,0.5310989618301392,,Initiator,,promoter,False,False
h0_chr10_110104373_110108468,106,1354,3387,1354,3387,2033,0.5309914350509644,,,,,False,False
h0_chr10_110104373_110108468,107,940,1234,940,1234,294,0.5306907892227173,,,,,False,False
h0_chr10_110104373_110108468,108,2114,3013,2114,3013,899,0.5304802060127258,,Initiator,,promoter,False,False
h0_chr10_110104373_110108468,109,2717,2810,2717,2810,93,0.5300466418266296,,,,,False,False
h0_chr10_110104373_110108468,110,516,2269,516,2269,1753,0.5298627018928528,Initiator,Initiator,promoter,promoter,True,True
h0_chr10_110104373_110108468,111,661,940,661,940,279,0.5287001132965088,,,,,False,False
h0_chr10_110104373_110108468,112,2617,2851,2617,2851,234,0.5284539461135864,Initiator,Initiator,promoter,promoter,True,True
h0_chr10_110104373_110108468,113,117,1271,117,1271,1154,0.5279678106307983,,RUNX,,tfbs,False,False
h0_chr10_110104373_110108468,114,117,545,117,545,428,0.5277057886123657,,,,,False,False
h0_chr10_110104373_110108468,115,2715,2810,2715,2810,95,0.5272207260131836,,,,,False,False
h0_chr10_110104373_110108468,116,1242,2617,1242,2617,1375,0.527169406414032,Initiator,Initiator,promoter,promoter,True,True
h0_chr10_110104373_110108468,117,1306,2269,1306,2269,963,0.5270956754684448,,Initiator,,promoter,False,False
h0_chr10_110104373_110108468,118,309,1593,309,1593,1284,0.52601158618927,,,,,False,False
h0_chr10_110104373_110108468,119,1750,3013,1750,3013,1263,0.5257145762443542,,Initiator,,promoter,False,False
h0_chr10_110104373_110108468,120,940,2020,940,2020,1080,0.5256130695343018,,,,,False,False
h0_chr10_110104373_110108468,121,2424,2617,2424,2617,193,0.5248878002166748,,Initiator,,promoter,False,False
h0_chr10_110104373_110108468,122,2752,2814,2752,2814,62,0.5247904062271118,Initiator,,promoter,,False,False
h0_chr10_110104373_110108468,123,976,2269,976,2269,1293,0.524601399898529,,Initiator,,promoter,False,False
h0_chr10_110104373_110108468,124,1928,2260,1928,2260,332,0.5245100855827332,YY1,,tfbs,,False,False
h0_chr10_110104373_110108468,125,1354,1750,1354,1750,396,0.5244946479797363,,,,,False,False
h0_chr10_110104373_110108468,126,940,1389,940,1389,449,0.5244793891906738,,,,,False,False
h0_chr10_110104373_110108468,127,15,1271,15,1271,1256,0.5244196653366089,Initiator,RUNX,promoter,tfbs,True,False
h0_chr10_110104373_110108468,128,1928,2228,1928,2228,300,0.5243204236030579,YY1,,tfbs,,False,False
h0_chr10_110104373_110108468,129,940,1265,940,1265,325,0.5242293477058411,,,,,False,False
h0_chr10_110104373_110108468,130,2260,2617,2260,2617,357,0.5240204334259033,,Initiator,,promoter,False,False
h0_chr10_110104373_110108468,131,1354,2424,1354,2424,1070,0.5239232182502747,,,,,False,False
h0_chr10_110104373_110108468,132,2572,2700,2572,2700,128,0.52372145652771,,,,,False,False
h0_chr10_110104373_110108468,133,1841,2458,1841,2458,617,0.5231645703315735,,,,,False,False
h0_chr10_110104373_110108468,134,2228,3013,2228,3013,785,0.5229179263114929,,Initiator,,promoter,False,False
h0_chr10_110104373_110108468,135,545,2269,545,2269,1724,0.522870659828186,,Initiator,,promoter,False,False
h0_chr10_110104373_110108468,136,2710,2772,2710,2772,62,0.5227681994438171,,Initiator,,promoter,False,False
h0_chr10_110104373_110108468,137,940,993,940,993,53,0.5226122140884399,,,,,False,False
h0_chr10_110104373_110108468,138,17,2271,17,2271,2254,0.5224064588546753,,Initiator,,promoter,False,False
h0_chr10_110104373_110108468,139,2528,2613,2528,2613,85,0.5223801732063293,,Initiator,,promoter,False,False
h0_chr10_110104373_110108468,140,2708,2764,2708,2764,56,0.5222650766372681,,,,,False,False
h0_chr10_110104373_110108468,141,566,2228,566,2228,1662,0.5222551822662354,,,,,False,False
h0_chr10_110104373_110108468,142,2617,3381,2617,3381,764,0.5221526622772217,Initiator,Initiator,promoter,promoter,True,True
h0_chr10_110104373_110108468,143,2395,2458,2395,2458,63,0.5217066407203674,,,,,False,False
h0_chr10_110104373_110108468,144,516,2228,516,2228,1712,0.5211362242698669,Initiator,,promoter,,False,False
h0_chr10_110104373_110108468,145,659,1234,659,1234,575,0.5205851793289185,,,,,False,False
h0_chr10_110104373_110108468,146,2714,2813,2714,2813,99,0.5205715894699097,,,,,False,False
h0_chr10_110104373_110108468,147,545,900,545,900,355,0.5203903913497925,,,,,False,False
h0_chr10_110104373_110108468,148,2424,2572,2424,2572,148,0.5203588008880615,,,,,False,False
h0_chr10_110104373_110108468,149,900,3373,900,3373,2473,0.5201425552368164,,,,,False,False
h0_chr10_110104373_110108468,150,2457,2613,2457,2613,156,0.5194511413574219,,Initiator,,promoter,False,False
h0_chr10_110104373_110108468,151,655,1379,655,1379,724,0.5193889737129211,,,,,False,False
h0_chr10_110104373_110108468,152,2710,2774,2710,2774,64,0.5193259119987488,,,,,False,False
h0_chr10_110104373_110108468,153,1593,2572,1593,2572,979,0.5192376375198364,,,,,False,False
h0_chr10_110104373_110108468,154,1651,2572,1651,2572,921,0.5191560983657837,,,,,False,False
h0_chr10_110104373_110108468,155,507,1239,507,1239,732,0.5182505249977112,Initiator,,promoter,,False,False
h0_chr10_110104373_110108468,156,1389,2237,1389,2237,848,0.5172420144081116,,,,,False,False
h0_chr10_110104373_110108468,157,1142,2020,1142,2020,878,0.5170246958732605,,,,,False,False
h0_chr10_110104373_110108468,158,2685,2939,2685,2939,254,0.5170031785964966,Initiator,,promoter,,False,False
h0_chr10_110104373_110108468,159,2528,2749,2528,2749,221,0.516545295715332,,Initiator,,promoter,False,False
h0_chr10_110104373_110108468,160,2395,2617,2395,2617,222,0.5165404677391052,,Initiator,,promoter,False,False
h0_chr10_110104373_110108468,161,2709,2813,2709,2813,104,0.5163016319274902,,,,,False,False
h0_chr10_110104373_110108468,162,1354,3339,1354,3339,1985,0.5162855386734009,,Initiator;YY1,,promoter;tfbs,False,False
h0_chr10_110104373_110108468,163,900,2020,900,2020,1120,0.5155245065689087,,,,,False,False
h0_chr10_110104373_110108468,164,117,2617,117,2617,2500,0.5153341293334961,,Initiator,,promoter,False,False
h0_chr10_110104373_110108468,165,2458,2566,2458,2566,108,0.5152395963668823,,,,,False,False
h0_chr10_110104373_110108468,166,1320,3029,1320,3029,1709,0.5144340395927429,,,,,False,False
h0_chr10_110104373_110108468,167,2457,2615,2457,2615,158,0.5142228007316589,,Initiator,,promoter,False,False
h0_chr10_110104373_110108468,168,2528,2851,2528,2851,323,0.5138656497001648,,Initiator,,promoter,False,False
h0_chr10_110104373_110108468,169,1406,2069,1406,2069,663,0.5137559175491333,,,,,False,False
h0_chr10_110104373_110108468,170,765,2020,765,2020,1255,0.513711154460907,,,,,False,False
h0_chr10_110104373_110108468,171,1078,1174,1078,1174,96,0.5137014985084534,,,,,False,False
h0_chr10_110104373_110108468,172,2710,2813,2710,2813,103,0.5132578015327454,,,,,False,False
h0_chr10_110104373_110108468,173,519,2458,519,2458,1939,0.5130575299263,,,,,False,False
h0_chr10_110104373_110108468,174,1750,2617,1750,2617,867,0.5128986239433289,,Initiator,,promoter,False,False
h0_chr10_110104373_110108468,175,17,519,17,519,502,0.5128424167633057,,,,,False,False
h0_chr10_110104373_110108468,176,1142,1329,1142,1329,187,0.5123707056045532,,,,,False,False
h0_chr10_110104373_110108468,177,896,2457,896,2457,1561,0.512062132358551,,,,,False,False
h0_chr10_110104373_110108468,178,1020,2441,1020,2441,1421,0.5120593309402466,Initiator,,promoter,,False,False
h0_chr10_110104373_110108468,179,2712,2770,2712,2770,58,0.5119624137878418,,Initiator,,promoter,False,False
h0_chr10_110104373_110108468,180,2774,2827,2774,2827,53,0.5119383335113525,,,,,False,False
h0_chr10_110104373_110108468,181,1354,3381,1354,3381,2027,0.5118961930274963,,Initiator,,promoter,False,False
h0_chr10_110104373_110108468,182,117,2269,117,2269,2152,0.5116992592811584,,Initiator,,promoter,False,False
h0_chr10_110104373_110108468,183,309,2260,309,2260,1951,0.5116862654685974,,,,,False,False
h0_chr10_110104373_110108468,184,1479,2617,1479,2617,1138,0.5116806030273438,,Initiator,,promoter,False,False
h0_chr10_110104373_110108468,185,15,2617,15,2617,2602,0.5116161108016968,Initiator,Initiator,promoter,promoter,True,True
h0_chr10_110104373_110108468,186,1928,2851,1928,2851,923,0.511589527130127,YY1,Initiator,tfbs,promoter,True,False
h0_chr10_110104373_110108468,187,1354,2271,1354,2271,917,0.5112030506134033,,Initiator,,promoter,False,False
h0_chr10_110104373_110108468,188,900,993,900,993,93,0.5110822916030884,,,,,False,False
h0_chr10_110104373_110108468,189,1234,1389,1234,1389,155,0.510819137096405,,,,,False,False
h0_chr10_110104373_110108468,190,2572,3054,2572,3054,482,0.5106827020645142,,,,,False,False
h0_chr10_110104373_110108468,191,2237,3975,2237,3975,1738,0.510667085647583,,,,,False,False
h0_chr10_110104373_110108468,192,1823,2572,1823,2572,749,0.5103801488876343,,,,,False,False
h0_chr10_110104373_110108468,193,2710,2768,2710,2768,58,0.5098092555999756,,Initiator,,promoter,False,False
h0_chr10_110104373_110108468,194,2457,3387,2457,3387,930,0.5095991492271423,,,,,False,False
h0_chr10_110104373_110108468,195,2395,2457,2395,2457,62,0.5093132853507996,,,,,False,False
h0_chr10_110104373_110108468,196,2702,2771,2702,2771,69,0.5092335939407349,,Initiator,,promoter,False,False
h0_chr10_110104373_110108468,197,892,2457,892,2457,1565,0.5090588331222534,,,,,False,False
h0_chr10_110104373_110108468,198,387,468,387,468,81,0.5088655948638916,Initiator,,promoter,,False,False
h0_chr10_110104373_110108468,199,1651,2753,1651,2753,1102,0.5085522532463074,,Initiator,,promoter,False,False
h0_chr10_110104373_110108468,200,1354,1823,1354,1823,469,0.5084437727928162,,,,,False,False
h0_chr10_19287595_19291690,1,660,748,660,748,88,0.847675085067749,Initiator,,promoter,,False,False
h0_chr10_19287595_19291690,2,607,744,607,744,137,0.8438177108764648,,,,,False,False
h0_chr10_19287595_19291690,3,591,748,591,748,157,0.8382489085197449,,,,,False,False
h0_chr10_19287595_19291690,4,502,744,502,744,242,0.8344760537147522,,,,,False,False
h0_chr10_19287595_19291690,5,578,660,578,660,82,0.8344089388847351,Initiator,Initiator,promoter,promoter,True,True
h0_chr10_19287595_19291690,6,580,748,580,748,168,0.8337116241455078,,,,,False,False
h0_chr10_19287595_19291690,7,607,766,607,766,159,0.8336983919143677,,,,,False,False
h0_chr10_19287595_19291690,8,660,744,660,744,84,0.8335988521575928,Initiator,,promoter,,False,False
h0_chr10_19287595_19291690,9,578,748,578,748,170,0.8329967260360718,Initiator,,promoter,,False,False
h0_chr10_19287595_19291690,10,591,744,591,744,153,0.8317424654960632,,,,,False,False
h0_chr10_19287595_19291690,11,591,660,591,660,69,0.8310003280639648,,Initiator,,promoter,False,False
h0_chr10_19287595_19291690,12,581,744,581,744,163,0.8274886608123779,,,,,False,False
h0_chr10_19287595_19291690,13,580,660,580,660,80,0.8221119046211243,,Initiator,,promoter,False,False
h0_chr10_19287595_19291690,14,578,744,578,744,166,0.8219320178031921,Initiator,,promoter,,False,False
h0_chr10_19287595_19291690,15,581,766,581,766,185,0.8198574781417847,,,,,False,False
h0_chr10_19287595_19291690,16,607,748,607,748,141,0.8192569613456726,,,,,False,False
h0_chr10_19287595_19291690,17,622,748,622,748,126,0.81785649061203,,,,,False,False
h0_chr10_19287595_19291690,18,591,3832,591,3832,3241,0.8175452947616577,,,,,False,False
h0_chr10_19287595_19291690,19,607,3837,607,3837,3230,0.8170865178108215,,,,,False,False
h0_chr10_19287595_19291690,20,578,628,578,628,50,0.8166361451148987,Initiator,,promoter,,False,False
h0_chr10_19287595_19291690,21,607,660,607,660,53,0.8159305453300476,,Initiator,,promoter,False,False
h0_chr10_19287595_19291690,22,580,744,580,744,164,0.8150850534439087,,,,,False,False
h0_chr10_19287595_19291690,23,630,748,630,748,118,0.8140988349914551,,,,,False,False
h0_chr10_19287595_19291690,24,748,3837,748,3837,3089,0.8135709166526794,,,,,False,False
h0_chr10_19287595_19291690,25,607,3835,607,3835,3228,0.8127594590187073,,,,,False,False
h0_chr10_19287595_19291690,26,585,748,585,748,163,0.8109999895095825,,,,,False,False
h0_chr10_19287595_19291690,27,591,766,591,766,175,0.8093368411064148,,,,,False,False
h0_chr10_19287595_19291690,28,578,630,578,630,52,0.8083316087722778,Initiator,,promoter,,False,False
h0_chr10_19287595_19291690,29,587,748,587,748,161,0.8060176968574524,,,,,False,False
h0_chr10_19287595_19291690,30,587,660,587,660,73,0.8058689832687378,,Initiator,,promoter,False,False
h0_chr10_19287595_19291690,31,585,660,585,660,75,0.8056450486183167,,Initiator,,promoter,False,False
h0_chr10_19287595_19291690,32,607,3809,607,3809,3202,0.8044887185096741,,,,,False,False
h0_chr10_19287595_19291690,33,578,766,578,766,188,0.802375853061676,Initiator,,promoter,,False,False
h0_chr10_19287595_19291690,34,516,744,516,744,228,0.8022648692131042,Initiator,,promoter,,False,False
h0_chr10_19287595_19291690,35,630,782,630,782,152,0.8012610673904419,,,,,False,False
h0_chr10_19287595_19291690,36,580,766,580,766,186,0.8001150488853455,,,,,False,False
h0_chr10_19287595_19291690,37,630,792,630,792,162,0.8000046610832214,,,,,False,False
h0_chr10_19287595_19291690,38,619,744,619,744,125,0.7994993925094604,,,,,False,False
h0_chr10_19287595_19291690,39,609,3809,609,3809,3200,0.7994058728218079,,,,,False,False
h0_chr10_19287595_19291690,40,628,748,628,748,120,0.7989596128463745,,,,,False,False
h0_chr10_19287595_19291690,41,748,3835,748,3835,3087,0.7988045811653137,,,,,False,False
h0_chr10_19287595_19291690,42,517,607,517,607,90,0.7985315918922424,Initiator,,promoter,,False,False
h0_chr10_19287595_19291690,43,748,3832,748,3832,3084,0.7976740002632141,,,,,False,False
h0_chr10_19287595_19291690,44,748,3811,748,3811,3063,0.7970645427703857,,,,,False,False
h0_chr10_19287595_19291690,45,502,3837,502,3837,3335,0.7969092726707458,,,,,False,False
h0_chr10_19287595_19291690,46,509,3832,509,3832,3323,0.7963810563087463,,,,,False,False
h0_chr10_19287595_19291690,47,660,766,660,766,106,0.7950230240821838,Initiator,,promoter,,False,False
h0_chr10_19287595_19291690,48,630,3833,630,3833,3203,0.7949774861335754,,,,,False,False
h0_chr10_19287595_19291690,49,628,744,628,744,116,0.7947775721549988,,,,,False,False
h0_chr10_19287595_19291690,50,660,3811,660,3811,3151,0.7932417392730713,Initiator,,promoter,,False,False
h0_chr10_19287595_19291690,51,502,766,502,766,264,0.7922158241271973,,,,,False,False
h0_chr10_19287595_19291690,52,766,3834,766,3834,3068,0.7916997671127319,,,,,False,False
h0_chr10_19287595_19291690,53,591,3837,591,3837,3246,0.7916305065155029,,,,,False,False
h0_chr10_19287595_19291690,54,615,3809,615,3809,3194,0.7913126349449158,,,,,False,False
h0_chr10_19287595_19291690,55,622,3809,622,3809,3187,0.7897660732269287,,,,,False,False
h0_chr10_19287595_19291690,56,773,3809,773,3809,3036,0.788824200630188,,,,,False,False
h0_chr10_19287595_19291690,57,748,3809,748,3809,3061,0.788062572479248,,,,,False,False
h0_chr10_19287595_19291690,58,660,3832,660,3832,3172,0.7879781723022461,Initiator,,promoter,,False,False
h0_chr10_19287595_19291690,59,616,711,616,711,95,0.7868802547454834,,,,,False,False
h0_chr10_19287595_19291690,60,611,782,611,782,171,0.786409318447113,,,,,False,False
h0_chr10_19287595_19291690,61,584,782,584,782,198,0.7862083911895752,,,,,False,False
h0_chr10_19287595_19291690,62,517,660,517,660,143,0.7858420610427856,Initiator,Initiator,promoter,promoter,True,True
h0_chr10_19287595_19291690,63,580,630,580,630,50,0.7852432131767273,,,,,False,False
h0_chr10_19287595_19291690,64,607,3808,607,3808,3201,0.7847744226455688,,,,,False,False
h0_chr10_19287595_19291690,65,581,3837,581,3837,3256,0.7847354412078857,,,,,False,False
h0_chr10_19287595_19291690,66,592,3833,592,3833,3241,0.7843820452690125,,,,,False,False
h0_chr10_19287595_19291690,67,578,3837,578,3837,3259,0.7841173410415649,Initiator,,promoter,,False,False
h0_chr10_19287595_19291690,68,585,3809,585,3809,3224,0.784063458442688,,,,,False,False
h0_chr10_19287595_19291690,69,580,3809,580,3809,3229,0.7838790416717529,,,,,False,False
h0_chr10_19287595_19291690,70,517,578,517,578,61,0.7836195826530457,Initiator,Initiator,promoter,promoter,True,True
h0_chr10_19287595_19291690,71,517,581,517,581,64,0.7835694551467896,Initiator,,promoter,,False,False
h0_chr10_19287595_19291690,72,636,3833,636,3833,3197,0.7834482192993164,,,,,False,False
h0_chr10_19287595_19291690,73,744,3834,744,3834,3090,0.783423662185669,,,,,False,False
h0_chr10_19287595_19291690,74,636,748,636,748,112,0.7828755974769592,,,,,False,False
h0_chr10_19287595_19291690,75,607,3832,607,3832,3225,0.7826203107833862,,,,,False,False
h0_chr10_19287595_19291690,76,628,3832,628,3832,3204,0.7825297713279724,,,,,False,False
h0_chr10_19287595_19291690,77,580,3815,580,3815,3235,0.7821417450904846,,,,,False,False
h0_chr10_19287595_19291690,78,580,3832,580,3832,3252,0.7817212343215942,,,,,False,False
h0_chr10_19287595_19291690,79,744,794,744,794,50,0.7815925478935242,,Initiator,,promoter,False,False
h0_chr10_19287595_19291690,80,630,731,630,731,101,0.7810978293418884,,Initiator,,promoter,False,False
h0_chr10_19287595_19291690,81,517,748,517,748,231,0.781051754951477,Initiator,,promoter,,False,False
h0_chr10_19287595_19291690,82,628,3811,628,3811,3183,0.7807450294494629,,,,,False,False
h0_chr10_19287595_19291690,83,766,3831,766,3831,3065,0.7807310819625854,,,,,False,False
h0_chr10_19287595_19291690,84,616,731,616,731,115,0.7804759740829468,,Initiator,,promoter,False,False
h0_chr10_19287595_19291690,85,592,782,592,782,190,0.7799556255340576,,,,,False,False
h0_chr10_19287595_19291690,86,591,3815,591,3815,3224,0.7795289158821106,,,,,False,False
h0_chr10_19287595_19291690,87,622,3832,622,3832,3210,0.7789592742919922,,,,,False,False
h0_chr10_19287595_19291690,88,589,748,589,748,159,0.7788541913032532,,,,,False,False
h0_chr10_19287595_19291690,89,605,3809,605,3809,3204,0.7785664200782776,,,,,False,False
h0_chr10_19287595_19291690,90,502,3835,502,3835,3333,0.7782713174819946,,,,,False,False
h0_chr10_19287595_19291690,91,585,782,585,782,197,0.7781292200088501,,,,,False,False
h0_chr10_19287595_19291690,92,591,3811,591,3811,3220,0.7778140306472778,,,,,False,False
h0_chr10_19287595_19291690,93,591,3809,591,3809,3218,0.777791440486908,,,,,False,False
h0_chr10_19287595_19291690,94,502,3809,502,3809,3307,0.7772948741912842,,,,,False,False
h0_chr10_19287595_19291690,95,744,3831,744,3831,3087,0.7766676545143127,,,,,False,False
h0_chr10_19287595_19291690,96,636,3832,636,3832,3196,0.77655029296875,,,,,False,False
h0_chr10_19287595_19291690,97,622,782,622,782,160,0.7765215635299683,,,,,False,False
h0_chr10_19287595_19291690,98,578,636,578,636,58,0.7762331962585449,Initiator,,promoter,,False,False
h0_chr10_19287595_19291690,99,660,3837,660,3837,3177,0.7758705019950867,Initiator,,promoter,,False,False
h0_chr10_19287595_19291690,100,630,3832,630,3832,3202,0.7757879495620728,,,,,False,False
h0_chr10_19287595_19291690,101,611,792,611,792,181,0.7751806378364563,,,,,False,False
h0_chr10_19287595_19291690,102,616,792,616,792,176,0.7747718691825867,,,,,False,False
h0_chr10_19287595_19291690,103,660,3809,660,3809,3149,0.774341881275177,Initiator,,promoter,,False,False
h0_chr10_19287595_19291690,104,578,3809,578,3809,3231,0.7742748260498047,Initiator,,promoter,,False,False
h0_chr10_19287595_19291690,105,517,591,517,591,74,0.773330569267273,Initiator,,promoter,,False,False
h0_chr10_19287595_19291690,106,740,3809,740,3809,3069,0.7724554538726807,,,,,False,False
h0_chr10_19287595_19291690,107,589,660,589,660,71,0.7722645998001099,,Initiator,,promoter,False,False
h0_chr10_19287595_19291690,108,611,731,611,731,120,0.7721874713897705,,Initiator,,promoter,False,False
h0_chr10_19287595_19291690,109,592,3832,592,3832,3240,0.7718280553817749,,,,,False,False
h0_chr10_19287595_19291690,110,616,782,616,782,166,0.7710815668106079,,,,,False,False
h0_chr10_19287595_19291690,111,594,744,594,744,150,0.7709656953811646,,,,,False,False
h0_chr10_19287595_19291690,112,660,3835,660,3835,3175,0.7709556221961975,Initiator,,promoter,,False,False
h0_chr10_19287595_19291690,113,581,3809,581,3809,3228,0.7708670496940613,,,,,False,False
h0_chr10_19287595_19291690,114,517,628,517,628,111,0.7707433104515076,Initiator,,promoter,,False,False
h0_chr10_19287595_19291690,115,516,766,516,766,250,0.7704889178276062,Initiator,,promoter,,False,False
h0_chr10_19287595_19291690,116,605,748,605,748,143,0.7701538801193237,,,,,False,False
h0_chr10_19287595_19291690,117,605,660,605,660,55,0.77013099193573,,Initiator,,promoter,False,False
h0_chr10_19287595_19291690,118,615,3808,615,3808,3193,0.7700521945953369,,,,,False,False
h0_chr10_19287595_19291690,119,609,3808,609,3808,3199,0.7695593237876892,,,,,False,False
h0_chr10_19287595_19291690,120,509,3833,509,3833,3324,0.7692767977714539,,,,,False,False
h0_chr10_19287595_19291690,121,622,3833,622,3833,3211,0.7690102458000183,,,,,False,False
h0_chr10_19287595_19291690,122,636,3820,636,3820,3184,0.7689033150672913,,,,,False,False
h0_chr10_19287595_19291690,123,580,3811,580,3811,3231,0.7688241004943848,,,,,False,False
h0_chr10_19287595_19291690,124,578,3832,578,3832,3254,0.7688074111938477,Initiator,,promoter,,False,False
h0_chr10_19287595_19291690,125,580,3837,580,3837,3257,0.7687528729438782,,,,,False,False
h0_chr10_19287595_19291690,126,771,3809,771,3809,3038,0.7687512040138245,,,,,False,False
h0_chr10_19287595_19291690,127,609,700,609,700,91,0.7686113119125366,,,,,False,False
h0_chr10_19287595_19291690,128,584,3832,584,3832,3248,0.7685449123382568,,,,,False,False
h0_chr10_19287595_19291690,129,587,744,587,744,157,0.7678685784339905,,,,,False,False
h0_chr10_19287595_19291690,130,585,3832,585,3832,3247,0.7677375674247742,,,,,False,False
h0_chr10_19287595_19291690,131,771,3837,771,3837,3066,0.7676080465316772,,,,,False,False
h0_chr10_19287595_19291690,132,584,3833,584,3833,3249,0.7675302028656006,,,,,False,False
h0_chr10_19287595_19291690,133,585,636,585,636,51,0.7673087120056152,,,,,False,False
h0_chr10_19287595_19291690,134,628,3837,628,3837,3209,0.7669559717178345,,,,,False,False
h0_chr10_19287595_19291690,135,622,792,622,792,170,0.766940176486969,,,,,False,False
h0_chr10_19287595_19291690,136,628,3809,628,3809,3181,0.7668922543525696,,,,,False,False
h0_chr10_19287595_19291690,137,748,3808,748,3808,3060,0.7667133212089539,,,,,False,False
h0_chr10_19287595_19291690,138,584,792,584,792,208,0.7664724588394165,,,,,False,False
h0_chr10_19287595_19291690,139,748,3815,748,3815,3067,0.7663755416870117,,,,,False,False
h0_chr10_19287595_19291690,140,622,3808,622,3808,3186,0.7661004066467285,,,,,False,False
h0_chr10_19287595_19291690,141,609,660,609,660,51,0.7660233974456787,,Initiator,,promoter,False,False
h0_chr10_19287595_19291690,142,579,744,579,744,165,0.7657227516174316,Initiator,,promoter,,False,False
h0_chr10_19287595_19291690,143,516,3837,516,3837,3321,0.765707790851593,Initiator,,promoter,,False,False
h0_chr10_19287595_19291690,144,595,3806,595,3806,3211,0.7652323842048645,,,,,False,False
h0_chr10_19287595_19291690,145,750,3837,750,3837,3087,0.765156090259552,,,,,False,False
h0_chr10_19287595_19291690,146,585,3833,585,3833,3248,0.7651022672653198,,,,,False,False
h0_chr10_19287595_19291690,147,782,3806,782,3806,3024,0.7649564146995544,,,,,False,False
h0_chr10_19287595_19291690,148,580,3835,580,3835,3255,0.7648494243621826,,,,,False,False
h0_chr10_19287595_19291690,149,509,782,509,782,273,0.7648060321807861,,,,,False,False
h0_chr10_19287595_19291690,150,611,3832,611,3832,3221,0.7647322416305542,,,,,False,False
h0_chr10_19287595_19291690,151,616,3833,616,3833,3217,0.7647186517715454,,,,,False,False
h0_chr10_19287595_19291690,152,527,3832,527,3832,3305,0.7645939588546753,,,,,False,False
h0_chr10_19287595_19291690,153,699,3808,699,3808,3109,0.7645102143287659,,,,,False,False
h0_chr10_19287595_19291690,154,578,3835,578,3835,3257,0.7642261385917664,Initiator,,promoter,,False,False
h0_chr10_19287595_19291690,155,591,3835,591,3835,3244,0.764167308807373,,,,,False,False
h0_chr10_19287595_19291690,156,527,3833,527,3833,3306,0.7640904188156128,,,,,False,False
h0_chr10_19287595_19291690,157,587,3832,587,3832,3245,0.763848066329956,,,,,False,False
h0_chr10_19287595_19291690,158,592,792,592,792,200,0.7637683153152466,,,,,False,False
h0_chr10_19287595_19291690,159,585,3808,585,3808,3223,0.7637508511543274,,,,,False,False
h0_chr10_19287595_19291690,160,699,3809,699,3809,3110,0.7637262940406799,,,,,False,False
h0_chr10_19287595_19291690,161,699,3837,699,3837,3138,0.7635270953178406,,,,,False,False
h0_chr10_19287595_19291690,162,757,3837,757,3837,3080,0.7634572386741638,GATA,,tfbs,,False,False
h0_chr10_19287595_19291690,163,585,3811,585,3811,3226,0.7634425163269043,,,,,False,False
h0_chr10_19287595_19291690,164,777,3837,777,3837,3060,0.7633163332939148,,,,,False,False
h0_chr10_19287595_19291690,165,611,3833,611,3833,3222,0.7632057070732117,,,,,False,False
h0_chr10_19287595_19291690,166,527,595,527,595,68,0.7629055976867676,,,,,False,False
h0_chr10_19287595_19291690,167,527,782,527,782,255,0.7626831531524658,,,,,False,False
h0_chr10_19287595_19291690,168,585,792,585,792,207,0.7622602581977844,,,,,False,False
h0_chr10_19287595_19291690,169,581,3835,581,3835,3254,0.7618117332458496,,,,,False,False
h0_chr10_19287595_19291690,170,594,766,594,766,172,0.7617592215538025,,,,,False,False
h0_chr10_19287595_19291690,171,630,3820,630,3820,3190,0.7616192102432251,,,,,False,False
h0_chr10_19287595_19291690,172,748,3812,748,3812,3064,0.7615510821342468,,,,,False,False
h0_chr10_19287595_19291690,173,580,636,580,636,56,0.7614497542381287,,,,,False,False
h0_chr10_19287595_19291690,174,585,731,585,731,146,0.7614408731460571,,Initiator,,promoter,False,False
h0_chr10_19287595_19291690,175,615,3837,615,3837,3222,0.7611532807350159,,,,,False,False
h0_chr10_19287595_19291690,176,622,3812,622,3812,3190,0.7610335350036621,,,,,False,False
h0_chr10_19287595_19291690,177,609,748,609,748,139,0.7609469890594482,,,,,False,False
h0_chr10_19287595_19291690,178,607,3815,607,3815,3208,0.7609014511108398,,,,,False,False
h0_chr10_19287595_19291690,179,592,731,592,731,139,0.7603520750999451,,Initiator,,promoter,False,False
h0_chr10_19287595_19291690,180,777,3809,777,3809,3032,0.7602603435516357,,,,,False,False
h0_chr10_19287595_19291690,181,700,3832,700,3832,3132,0.760235607624054,,,,,False,False
h0_chr10_19287595_19291690,182,630,711,630,711,81,0.7602250576019287,,,,,False,False
h0_chr10_19287595_19291690,183,579,766,579,766,187,0.7599731087684631,Initiator,,promoter,,False,False
h0_chr10_19287595_19291690,184,605,3808,605,3808,3203,0.7599294781684875,,,,,False,False
h0_chr10_19287595_19291690,185,794,3837,794,3837,3043,0.7597835063934326,Initiator,,promoter,,False,False
h0_chr10_19287595_19291690,186,628,3812,628,3812,3184,0.7596402168273926,,,,,False,False
h0_chr10_19287595_19291690,187,599,711,599,711,112,0.7594103217124939,,,,,False,False
h0_chr10_19287595_19291690,188,636,3809,636,3809,3173,0.759397566318512,,,,,False,False
h0_chr10_19287595_19291690,189,622,3811,622,3811,3189,0.759389340877533,,,,,False,False
h0_chr10_19287595_19291690,190,750,3835,750,3835,3085,0.7591299414634705,,,,,False,False
h0_chr10_19287595_19291690,191,599,731,599,731,132,0.758938193321228,,Initiator,,promoter,False,False
h0_chr10_19287595_19291690,192,527,3820,527,3820,3293,0.7587767839431763,,,,,False,False
h0_chr10_19287595_19291690,193,516,3809,516,3809,3293,0.7586048245429993,Initiator,,promoter,,False,False
h0_chr10_19287595_19291690,194,578,3811,578,3811,3233,0.758516252040863,Initiator,,promoter,,False,False
h0_chr10_19287595_19291690,195,628,766,628,766,138,0.7585132718086243,,,,,False,False
h0_chr10_19287595_19291690,196,660,3812,660,3812,3152,0.7581802606582642,Initiator,,promoter,,False,False
h0_chr10_19287595_19291690,197,660,3808,660,3808,3148,0.7581114768981934,Initiator,,promoter,,False,False
h0_chr10_19287595_19291690,198,636,782,636,782,146,0.7578102350234985,,,,,False,False
h0_chr10_19287595_19291690,199,622,3820,622,3820,3198,0.7577953338623047,,,,,False,False
h0_chr10_19287595_19291690,200,594,3809,594,3809,3215,0.7575734257698059,,,,,False,False
h0_chr10_4663039_4667134,1,699,3989,699,3989,3290,0.7576984763145447,,,,,False,False
h0_chr10_4663039_4667134,2,383,3989,383,3989,3606,0.7495321035385132,,,,,False,False
h0_chr10_4663039_4667134,3,833,3517,833,3517,2684,0.7424111366271973,,GATA,,tfbs,False,False
h0_chr10_4663039_4667134,4,3671,3963,3671,3963,292,0.7384822368621826,,,,,False,False
h0_chr10_4663039_4667134,5,3435,3621,3435,3621,186,0.7357228398323059,,Initiator,,promoter,False,False
h0_chr10_4663039_4667134,6,2987,3782,2987,3782,795,0.7348516583442688,,,,,False,False
h0_chr10_4663039_4667134,7,1581,3989,1581,3989,2408,0.7314191460609436,,,,,False,False
h0_chr10_4663039_4667134,8,3429,3671,3429,3671,242,0.7311347126960754,,,,,False,False
h0_chr10_4663039_4667134,9,732,3989,732,3989,3257,0.7293503880500793,,,,,False,False
h0_chr10_4663039_4667134,10,895,3517,895,3517,2622,0.7285367250442505,,GATA,,tfbs,False,False
h0_chr10_4663039_4667134,11,3645,3989,3645,3989,344,0.7271029949188232,Initiator,,promoter,,False,False
h0_chr10_4663039_4667134,12,616,3963,616,3963,3347,0.7268792390823364,Initiator,,promoter,,False,False
h0_chr10_4663039_4667134,13,383,965,383,965,582,0.7264446020126343,,,,,False,False
h0_chr10_4663039_4667134,14,2987,3963,2987,3963,976,0.7261912226676941,,,,,False,False
h0_chr10_4663039_4667134,15,383,1380,383,1380,997,0.7257421612739563,,,,,False,False
h0_chr10_4663039_4667134,16,625,3963,625,3963,3338,0.7244741916656494,,,,,False,False
h0_chr10_4663039_4667134,17,895,3989,895,3989,3094,0.722694993019104,,,,,False,False
h0_chr10_4663039_4667134,18,125,699,125,699,574,0.7225797772407532,,,,,False,False
h0_chr10_4663039_4667134,19,3831,3952,3831,3952,121,0.72240149974823,Initiator;RUNX,,promoter;tfbs,,False,False
h0_chr10_4663039_4667134,20,3671,3783,3671,3783,112,0.7214316725730896,,,,,False,False
h0_chr10_4663039_4667134,21,3378,3989,3378,3989,611,0.7214031219482422,,,,,False,False
h0_chr10_4663039_4667134,22,766,1000,766,1000,234,0.7204726934432983,,,,,False,False
h0_chr10_4663039_4667134,23,732,1361,732,1361,629,0.719812273979187,,,,,False,False
h0_chr10_4663039_4667134,24,531,1000,531,1000,469,0.7189547419548035,,,,,False,False
h0_chr10_4663039_4667134,25,732,4051,732,4051,3319,0.7188121676445007,,,,,False,False
h0_chr10_4663039_4667134,26,1000,3407,1000,3407,2407,0.7187266945838928,,,,,False,False
h0_chr10_4663039_4667134,27,957,3517,957,3517,2560,0.7184916734695435,,GATA,,tfbs,False,False
h0_chr10_4663039_4667134,28,383,4051,383,4051,3668,0.7182377576828003,,,,,False,False
h0_chr10_4663039_4667134,29,383,1383,383,1383,1000,0.7177323698997498,,,,,False,False
h0_chr10_4663039_4667134,30,1000,3797,1000,3797,2797,0.7175173759460449,,,,,False,False
h0_chr10_4663039_4667134,31,3417,3831,3417,3831,414,0.7172521352767944,,Initiator;RUNX,,promoter;tfbs,False,False
h0_chr10_4663039_4667134,32,3645,4051,3645,4051,406,0.7155182957649231,Initiator,,promoter,,False,False
h0_chr10_4663039_4667134,33,732,3729,732,3729,2997,0.7149732112884521,,,,,False,False
h0_chr10_4663039_4667134,34,383,3729,383,3729,3346,0.7149368524551392,,,,,False,False
h0_chr10_4663039_4667134,35,472,3407,472,3407,2935,0.714776873588562,,,,,False,False
h0_chr10_4663039_4667134,36,957,3989,957,3989,3032,0.7147048711776733,,,,,False,False
h0_chr10_4663039_4667134,37,1000,2410,1000,2410,1410,0.7145464420318604,,,,,False,False
h0_chr10_4663039_4667134,38,2314,3407,2314,3407,1093,0.7139714956283569,,,,,False,False
h0_chr10_4663039_4667134,39,125,383,125,383,258,0.7137881517410278,,,,,False,False
h0_chr10_4663039_4667134,40,943,1437,943,1437,494,0.7130405902862549,,Initiator,,promoter,False,False
h0_chr10_4663039_4667134,41,699,1383,699,1383,684,0.7130371928215027,,,,,False,False
h0_chr10_4663039_4667134,42,3436,3989,3436,3989,553,0.7123305797576904,,,,,False,False
h0_chr10_4663039_4667134,43,383,849,383,849,466,0.7121599316596985,,Initiator,,promoter,False,False
h0_chr10_4663039_4667134,44,699,4051,699,4051,3352,0.712101399898529,,,,,False,False
h0_chr10_4663039_4667134,45,650,3407,650,3407,2757,0.7119057178497314,,,,,False,False
h0_chr10_4663039_4667134,46,3645,3729,3645,3729,84,0.7116248607635498,Initiator,,promoter,,False,False
h0_chr10_4663039_4667134,47,383,1361,383,1361,978,0.7109480500221252,,,,,False,False
h0_chr10_4663039_4667134,48,3671,3782,3671,3782,111,0.7106444835662842,,,,,False,False
h0_chr10_4663039_4667134,49,2550,3989,2550,3989,1439,0.7101243734359741,,,,,False,False
h0_chr10_4663039_4667134,50,3671,3753,3671,3753,82,0.7093183994293213,,,,,False,False
h0_chr10_4663039_4667134,51,3671,3790,3671,3790,119,0.7092787623405457,,,,,False,False
h0_chr10_4663039_4667134,52,699,965,699,965,266,0.7090951800346375,,,,,False,False
h0_chr10_4663039_4667134,53,3407,4028,3407,4028,621,0.7090326547622681,,,,,False,False
h0_chr10_4663039_4667134,54,222,3963,222,3963,3741,0.7089077830314636,,,,,False,False
h0_chr10_4663039_4667134,55,1000,1142,1000,1142,142,0.708652913570404,,,,,False,False
h0_chr10_4663039_4667134,56,3697,3963,3697,3963,266,0.7083902955055237,Initiator,,promoter,,False,False
h0_chr10_4663039_4667134,57,1418,3989,1418,3989,2571,0.7080190777778625,,,,,False,False
h0_chr10_4663039_4667134,58,383,1410,383,1410,1027,0.7078996896743774,,,,,False,False
h0_chr10_4663039_4667134,59,3378,3517,3378,3517,139,0.7077822685241699,,GATA,,tfbs,False,False
h0_chr10_4663039_4667134,60,3517,3901,3517,3901,384,0.7075521349906921,GATA,,tfbs,,False,False
h0_chr10_4663039_4667134,61,566,3989,566,3989,3423,0.7074898481369019,,,,,False,False
h0_chr10_4663039_4667134,62,943,3989,943,3989,3046,0.7072266340255737,,,,,False,False
h0_chr10_4663039_4667134,63,1206,3407,1206,3407,2201,0.707215428352356,,,,,False,False
h0_chr10_4663039_4667134,64,3429,3954,3429,3954,525,0.706513524055481,,,,,False,False
h0_chr10_4663039_4667134,65,1418,4051,1418,4051,2633,0.70619136095047,,,,,False,False
h0_chr10_4663039_4667134,66,120,3989,120,3989,3869,0.7058361768722534,,,,,False,False
h0_chr10_4663039_4667134,67,1387,3671,1387,3671,2284,0.7057518362998962,Initiator,,promoter,,False,False
h0_chr10_4663039_4667134,68,125,895,125,895,770,0.7057021260261536,,,,,False,False
h0_chr10_4663039_4667134,69,486,616,486,616,130,0.7056877613067627,,Initiator,,promoter,False,False
h0_chr10_4663039_4667134,70,732,1354,732,1354,622,0.705664873123169,,,,,False,False
h0_chr10_4663039_4667134,71,834,1491,834,1491,657,0.7052016258239746,,,,,False,False
h0_chr10_4663039_4667134,72,3901,3989,3901,3989,88,0.7049007415771484,,,,,False,False
h0_chr10_4663039_4667134,73,3418,3524,3418,3524,106,0.7047863602638245,,,,,False,False
h0_chr10_4663039_4667134,74,943,3729,943,3729,2786,0.7047560811042786,,,,,False,False
h0_chr10_4663039_4667134,75,1437,1843,1437,1843,406,0.7046445608139038,Initiator,,promoter,,False,False
h0_chr10_4663039_4667134,76,3623,3831,3623,3831,208,0.7033738493919373,Initiator,Initiator;RUNX,promoter,promoter;tfbs,True,True
h0_chr10_4663039_4667134,77,1408,3989,1408,3989,2581,0.7032961249351501,,,,,False,False
h0_chr10_4663039_4667134,78,699,1410,699,1410,711,0.7032735347747803,,,,,False,False
h0_chr10_4663039_4667134,79,382,3963,382,3963,3581,0.7031387090682983,,,,,False,False
h0_chr10_4663039_4667134,80,566,1354,566,1354,788,0.7028323411941528,,,,,False,False
h0_chr10_4663039_4667134,81,627,3963,627,3963,3336,0.702813982963562,,,,,False,False
h0_chr10_4663039_4667134,82,616,3429,616,3429,2813,0.7027493715286255,Initiator,,promoter,,False,False
h0_chr10_4663039_4667134,83,1408,4051,1408,4051,2643,0.7025089859962463,,,,,False,False
h0_chr10_4663039_4667134,84,834,957,834,957,123,0.7021704316139221,,,,,False,False
h0_chr10_4663039_4667134,85,3500,3963,3500,3963,463,0.7018794417381287,,,,,False,False
h0_chr10_4663039_4667134,86,957,1410,957,1410,453,0.7013872861862183,,,,,False,False
h0_chr10_4663039_4667134,87,582,3517,582,3517,2935,0.7009482979774475,,GATA,,tfbs,False,False
h0_chr10_4663039_4667134,88,699,1380,699,1380,681,0.7009422779083252,,,,,False,False
h0_chr10_4663039_4667134,89,2249,3989,2249,3989,1740,0.7008702754974365,,,,,False,False
h0_chr10_4663039_4667134,90,383,1354,383,1354,971,0.7008507251739502,,,,,False,False
h0_chr10_4663039_4667134,91,833,1456,833,1456,623,0.700464129447937,,,,,False,False
h0_chr10_4663039_4667134,92,766,3831,766,3831,3065,0.700447678565979,,Initiator;RUNX,,promoter;tfbs,False,False
h0_chr10_4663039_4667134,93,566,1437,566,1437,871,0.7001092433929443,,Initiator,,promoter,False,False
h0_chr10_4663039_4667134,94,943,4051,943,4051,3108,0.7000690698623657,,,,,False,False
h0_chr10_4663039_4667134,95,3462,3517,3462,3517,55,0.6999984979629517,,GATA,,tfbs,False,False
h0_chr10_4663039_4667134,96,3407,3806,3407,3806,399,0.6990471482276917,,,,,False,False
h0_chr10_4663039_4667134,97,2980,3671,2980,3671,691,0.6988341808319092,Initiator;TATA_box,,promoter,,False,False
h0_chr10_4663039_4667134,98,732,1437,732,1437,705,0.6988248825073242,,Initiator,,promoter,False,False
h0_chr10_4663039_4667134,99,2079,3407,2079,3407,1328,0.6988234519958496,Initiator,,promoter,,False,False
h0_chr10_4663039_4667134,100,2940,3671,2940,3671,731,0.698810338973999,Initiator,,promoter,,False,False
h0_chr10_4663039_4667134,101,566,3729,566,3729,3163,0.6984787583351135,,,,,False,False
h0_chr10_4663039_4667134,102,206,732,206,732,526,0.6982239484786987,,,,,False,False
h0_chr10_4663039_4667134,103,125,1581,125,1581,1456,0.69818115234375,,,,,False,False
h0_chr10_4663039_4667134,104,206,3645,206,3645,3439,0.6980905532836914,,Initiator,,promoter,False,False
h0_chr10_4663039_4667134,105,47,1000,47,1000,953,0.6980658769607544,,,,,False,False
h0_chr10_4663039_4667134,106,1437,1581,1437,1581,144,0.6978923678398132,Initiator,,promoter,,False,False
h0_chr10_4663039_4667134,107,3756,3989,3756,3989,233,0.6978847980499268,,,,,False,False
h0_chr10_4663039_4667134,108,1142,2079,1142,2079,937,0.6978757977485657,,Initiator,,promoter,False,False
h0_chr10_4663039_4667134,109,2987,3783,2987,3783,796,0.6974285840988159,,,,,False,False
h0_chr10_4663039_4667134,110,1404,3989,1404,3989,2585,0.6974018216133118,,,,,False,False
h0_chr10_4663039_4667134,111,3760,3989,3760,3989,229,0.697300136089325,,,,,False,False
h0_chr10_4663039_4667134,112,699,2979,699,2979,2280,0.6972973346710205,,Initiator;TATA_box,,promoter,False,False
h0_chr10_4663039_4667134,113,1142,3831,1142,3831,2689,0.6972829103469849,,Initiator;RUNX,,promoter;tfbs,False,False
h0_chr10_4663039_4667134,114,732,1304,732,1304,572,0.6972792148590088,,,,,False,False
h0_chr10_4663039_4667134,115,1000,1423,1000,1423,423,0.6971970796585083,,Initiator,,promoter,False,False
h0_chr10_4663039_4667134,116,1383,1581,1383,1581,198,0.6969791650772095,,,,,False,False
h0_chr10_4663039_4667134,117,2477,3989,2477,3989,1512,0.6969102025032043,Initiator,,promoter,,False,False
h0_chr10_4663039_4667134,118,566,4051,566,4051,3485,0.6968863010406494,,,,,False,False
h0_chr10_4663039_4667134,119,3360,3963,3360,3963,603,0.6968395113945007,Initiator,,promoter,,False,False
h0_chr10_4663039_4667134,120,222,3429,222,3429,3207,0.6967520117759705,,,,,False,False
h0_chr10_4663039_4667134,121,931,3407,931,3407,2476,0.6966977715492249,,,,,False,False
h0_chr10_4663039_4667134,122,1000,3385,1000,3385,2385,0.6966297626495361,,,,,False,False
h0_chr10_4663039_4667134,123,1418,3729,1418,3729,2311,0.6964511871337891,,,,,False,False
h0_chr10_4663039_4667134,124,625,3429,625,3429,2804,0.6963432431221008,,,,,False,False
h0_chr10_4663039_4667134,125,423,1418,423,1418,995,0.6962646842002869,Initiator,,promoter,,False,False
h0_chr10_4663039_4667134,126,486,3954,486,3954,3468,0.6961694955825806,,,,,False,False
h0_chr10_4663039_4667134,127,2987,3429,2987,3429,442,0.6961658000946045,,,,,False,False
h0_chr10_4663039_4667134,128,383,1437,383,1437,1054,0.6958839893341064,,Initiator,,promoter,False,False
h0_chr10_4663039_4667134,129,895,1456,895,1456,561,0.6955709457397461,,,,,False,False
h0_chr10_4663039_4667134,130,699,3729,699,3729,3030,0.6955585479736328,,,,,False,False
h0_chr10_4663039_4667134,131,2728,3963,2728,3963,1235,0.6954526901245117,GATA,,tfbs,,False,False
h0_chr10_4663039_4667134,132,732,1410,732,1410,678,0.6953876614570618,,,,,False,False
h0_chr10_4663039_4667134,133,3756,4051,3756,4051,295,0.69526207447052,,,,,False,False
h0_chr10_4663039_4667134,134,3393,3671,3393,3671,278,0.6949517130851746,,,,,False,False
h0_chr10_4663039_4667134,135,735,1062,735,1062,327,0.6949507594108582,,,,,False,False
h0_chr10_4663039_4667134,136,354,3407,354,3407,3053,0.6948725581169128,,,,,False,False
h0_chr10_4663039_4667134,137,733,1491,733,1491,758,0.6947952508926392,,,,,False,False
h0_chr10_4663039_4667134,138,3385,3831,3385,3831,446,0.6947771906852722,,Initiator;RUNX,,promoter;tfbs,False,False
h0_chr10_4663039_4667134,139,1000,4049,1000,4049,3049,0.69450443983078,,,,,False,False
h0_chr10_4663039_4667134,140,486,625,486,625,139,0.6940949559211731,,,,,False,False
h0_chr10_4663039_4667134,141,732,1383,732,1383,651,0.6940591931343079,,,,,False,False
h0_chr10_4663039_4667134,142,699,849,699,849,150,0.6939793229103088,,Initiator,,promoter,False,False
h0_chr10_4663039_4667134,143,957,3729,957,3729,2772,0.6934299468994141,,,,,False,False
h0_chr10_4663039_4667134,144,3383,3963,3383,3963,580,0.6934241056442261,,,,,False,False
h0_chr10_4663039_4667134,145,114,755,114,755,641,0.6934065818786621,,,,,False,False
h0_chr10_4663039_4667134,146,1354,3645,1354,3645,2291,0.6933348774909973,,Initiator,,promoter,False,False
h0_chr10_4663039_4667134,147,957,4051,957,4051,3094,0.6931298971176147,,,,,False,False
h0_chr10_4663039_4667134,148,3790,3954,3790,3954,164,0.6931077837944031,,,,,False,False
h0_chr10_4663039_4667134,149,699,3740,699,3740,3041,0.6931071877479553,,,,,False,False
h0_chr10_4663039_4667134,150,965,1581,965,1581,616,0.6930853128433228,,,,,False,False
h0_chr10_4663039_4667134,151,3435,3519,3435,3519,84,0.6929933428764343,,GATA,,tfbs,False,False
h0_chr10_4663039_4667134,152,383,2979,383,2979,2596,0.6929023265838623,,Initiator;TATA_box,,promoter,False,False
h0_chr10_4663039_4667134,153,1000,1421,1000,1421,421,0.6928590536117554,,,,,False,False
h0_chr10_4663039_4667134,154,3569,3784,3569,3784,215,0.6928437948226929,Initiator,,promoter,,False,False
h0_chr10_4663039_4667134,155,957,1361,957,1361,404,0.692841649055481,,,,,False,False
h0_chr10_4663039_4667134,156,1581,4051,1581,4051,2470,0.6927653551101685,,,,,False,False
h0_chr10_4663039_4667134,157,1000,1088,1000,1088,88,0.6925481557846069,,,,,False,False
h0_chr10_4663039_4667134,158,423,566,423,566,143,0.692517876625061,Initiator,,promoter,,False,False
h0_chr10_4663039_4667134,159,1347,3671,1347,3671,2324,0.6924363374710083,,,,,False,False
h0_chr10_4663039_4667134,160,1387,3954,1387,3954,2567,0.6923928260803223,Initiator,,promoter,,False,False
h0_chr10_4663039_4667134,161,834,895,834,895,61,0.6923589110374451,,,,,False,False
h0_chr10_4663039_4667134,162,1361,3645,1361,3645,2284,0.6923362016677856,,Initiator,,promoter,False,False
h0_chr10_4663039_4667134,163,895,1383,895,1383,488,0.6923322081565857,,,,,False,False
h0_chr10_4663039_4667134,164,125,732,125,732,607,0.6921212673187256,,,,,False,False
h0_chr10_4663039_4667134,165,735,1491,735,1491,756,0.6920706629753113,,,,,False,False
h0_chr10_4663039_4667134,166,423,732,423,732,309,0.6920555830001831,Initiator,,promoter,,False,False
h0_chr10_4663039_4667134,167,2969,3675,2969,3675,706,0.6920403838157654,,,,,False,False
h0_chr10_4663039_4667134,168,3500,3783,3500,3783,283,0.6919828653335571,,,,,False,False
h0_chr10_4663039_4667134,169,1000,4025,1000,4025,3025,0.6919382810592651,,,,,False,False
h0_chr10_4663039_4667134,170,1173,3407,1173,3407,2234,0.6918668746948242,,,,,False,False
h0_chr10_4663039_4667134,171,504,1437,504,1437,933,0.6918255686759949,,Initiator,,promoter,False,False
h0_chr10_4663039_4667134,172,974,3963,974,3963,2989,0.6917468905448914,,,,,False,False
h0_chr10_4663039_4667134,173,1410,1581,1410,1581,171,0.6917377710342407,,,,,False,False
h0_chr10_4663039_4667134,174,423,943,423,943,520,0.6916650533676147,Initiator,,promoter,,False,False
h0_chr10_4663039_4667134,175,1000,1194,1000,1194,194,0.6915861964225769,,,,,False,False
h0_chr10_4663039_4667134,176,1308,3989,1308,3989,2681,0.6915577054023743,,,,,False,False
h0_chr10_4663039_4667134,177,3753,3954,3753,3954,201,0.6914295554161072,,,,,False,False
h0_chr10_4663039_4667134,178,732,965,732,965,233,0.6913666725158691,,,,,False,False
h0_chr10_4663039_4667134,179,1352,3989,1352,3989,2637,0.6913329362869263,,,,,False,False
h0_chr10_4663039_4667134,180,114,242,114,242,128,0.6913211345672607,,,,,False,False
h0_chr10_4663039_4667134,181,3378,4051,3378,4051,673,0.6912550926208496,,,,,False,False
h0_chr10_4663039_4667134,182,3418,3569,3418,3569,151,0.6912354826927185,,Initiator,,promoter,False,False
h0_chr10_4663039_4667134,183,2451,3671,2451,3671,1220,0.6912117004394531,,,,,False,False
h0_chr10_4663039_4667134,184,566,1361,566,1361,795,0.6911741495132446,,,,,False,False
h0_chr10_4663039_4667134,185,1000,3952,1000,3952,2952,0.6910834908485413,,,,,False,False
h0_chr10_4663039_4667134,186,669,2969,669,2969,2300,0.6909441947937012,Initiator,,promoter,,False,False
h0_chr10_4663039_4667134,187,3517,3760,3517,3760,243,0.6908995509147644,GATA,,tfbs,,False,False
h0_chr10_4663039_4667134,188,957,1383,957,1383,426,0.6908541917800903,,,,,False,False
h0_chr10_4663039_4667134,189,206,566,206,566,360,0.6907919049263,,,,,False,False
h0_chr10_4663039_4667134,190,1477,3407,1477,3407,1930,0.6905577182769775,,,,,False,False
h0_chr10_4663039_4667134,191,531,2079,531,2079,1548,0.6905382871627808,,Initiator,,promoter,False,False
h0_chr10_4663039_4667134,192,725,3989,725,3989,3264,0.6905307769775391,,,,,False,False
h0_chr10_4663039_4667134,193,1308,3729,1308,3729,2421,0.6903319358825684,,,,,False,False
h0_chr10_4663039_4667134,194,625,1347,625,1347,722,0.6901945471763611,,,,,False,False
h0_chr10_4663039_4667134,195,625,1421,625,1421,796,0.6901330351829529,,,,,False,False
h0_chr10_4663039_4667134,196,3507,3963,3507,3963,456,0.6900643706321716,,,,,False,False
h0_chr10_4663039_4667134,197,1347,3954,1347,3954,2607,0.690057635307312,,,,,False,False
h0_chr10_4663039_4667134,198,486,3671,486,3671,3185,0.6897763013839722,,,,,False,False
h0_chr10_4663039_4667134,199,1408,3729,1408,3729,2321,0.6897029280662537,,,,,False,False
h0_chr10_4663039_4667134,200,739,931,739,931,192,0.6896376013755798,,,,,False,False
h0_chr1_117801428_117805523,1,2741,2805,2741,2805,64,0.565234899520874,,,,,False,False
h0_chr1_117801428_117805523,2,2741,2796,2741,2796,55,0.5596588850021362,,,,,False,False
h0_chr1_117801428_117805523,3,2741,2792,2741,2792,51,0.5570458173751831,,,,,False,False
h0_chr1_117801428_117805523,4,2741,2791,2741,2791,50,0.5558639168739319,,,,,False,False
h0_chr1_117801428_117805523,5,2741,2793,2741,2793,52,0.5531578660011292,,,,,False,False
h0_chr1_117801428_117805523,6,2741,2809,2741,2809,68,0.5522850751876831,,,,,False,False
h0_chr1_117801428_117805523,7,2741,2813,2741,2813,72,0.5489084720611572,,,,,False,False
h0_chr1_117801428_117805523,8,2741,2804,2741,2804,63,0.5489057302474976,,,,,False,False
h0_chr1_117801428_117805523,9,2741,2808,2741,2808,67,0.5459216833114624,,,,,False,False
h0_chr1_117801428_117805523,10,2741,2797,2741,2797,56,0.5449354648590088,,,,,False,False
h0_chr1_117801428_117805523,11,2741,2806,2741,2806,65,0.5419734716415405,,,,,False,False
h0_chr1_117801428_117805523,12,2741,2800,2741,2800,59,0.5416967272758484,,,,,False,False
h0_chr1_117801428_117805523,13,2741,2795,2741,2795,54,0.5415533781051636,,,,,False,False
h0_chr1_117801428_117805523,14,2741,2801,2741,2801,60,0.5405130982398987,,,,,False,False
h0_chr1_117801428_117805523,15,2741,2799,2741,2799,58,0.5399746894836426,,,,,False,False
h0_chr1_117801428_117805523,16,2741,2811,2741,2811,70,0.5356912612915039,,,,,False,False
h0_chr1_117801428_117805523,17,2741,2814,2741,2814,73,0.5341918468475342,,,,,False,False
h0_chr1_117801428_117805523,18,2767,2818,2767,2818,51,0.5324759483337402,,,,,False,False
h0_chr1_117801428_117805523,19,2741,2810,2741,2810,69,0.5322585105895996,,,,,False,False
h0_chr1_117801428_117805523,20,2741,2794,2741,2794,53,0.5319274663925171,,,,,False,False
h0_chr1_117801428_117805523,21,2741,2818,2741,2818,77,0.5310850143432617,,,,,False,False
h0_chr1_117801428_117805523,22,2751,2808,2751,2808,57,0.5291668176651001,,,,,False,False
h0_chr1_117801428_117805523,23,2741,2803,2741,2803,62,0.528587818145752,,,,,False,False
h0_chr1_117801428_117805523,24,2741,2798,2741,2798,57,0.5272845029830933,,,,,False,False
h0_chr1_117801428_117805523,25,2751,2803,2751,2803,52,0.5271404981613159,,,,,False,False
h0_chr1_117801428_117805523,26,2741,2807,2741,2807,66,0.5267496109008789,,,,,False,False
h0_chr1_117801428_117805523,27,2741,2802,2741,2802,61,0.5257677435874939,,,,,False,False
h0_chr1_117801428_117805523,28,2741,2815,2741,2815,74,0.5254250168800354,,,,,False,False
h0_chr1_117801428_117805523,29,2741,2822,2741,2822,81,0.5249799489974976,,,,,False,False
h0_chr1_117801428_117805523,30,2764,2814,2764,2814,50,0.5223130583763123,,,,,False,False
h0_chr1_117801428_117805523,31,2741,2825,2741,2825,84,0.5202158093452454,,,,,False,False
h0_chr1_117801428_117805523,32,2737,2815,2737,2815,78,0.5201171040534973,,,,,False,False
h0_chr1_117801428_117805523,33,2741,2826,2741,2826,85,0.5200758576393127,,,,,False,False
h0_chr1_117801428_117805523,34,2733,2819,2733,2819,86,0.517402172088623,,,,,False,False
h0_chr1_117801428_117805523,35,2741,2821,2741,2821,80,0.516586422920227,,,,,False,False
h0_chr1_117801428_117805523,36,2745,2812,2745,2812,67,0.5163382291793823,,,,,False,False
h0_chr1_117801428_117805523,37,2745,2804,2745,2804,59,0.5159059762954712,,,,,False,False
h0_chr1_117801428_117805523,38,488,542,488,542,54,0.5149040818214417,,,,,False,False
h0_chr1_117801428_117805523,39,2733,2784,2733,2784,51,0.5135800838470459,,,,,False,False
h0_chr1_117801428_117805523,40,2741,2812,2741,2812,71,0.5129912495613098,,,,,False,False
h0_chr1_117801428_117805523,41,2740,2812,2740,2812,72,0.5129714608192444,,,,,False,False
h0_chr1_117801428_117805523,42,2737,2788,2737,2788,51,0.5126009583473206,,,,,False,False
h0_chr1_117801428_117805523,43,2764,2815,2764,2815,51,0.5125627517700195,,,,,False,False
h0_chr1_117801428_117805523,44,2741,2817,2741,2817,76,0.5124070048332214,,,,,False,False
h0_chr1_117801428_117805523,45,2733,2821,2733,2821,88,0.5123395919799805,,,,,False,False
h0_chr1_117801428_117805523,46,2745,2808,2745,2808,63,0.5102370977401733,,,,,False,False
h0_chr1_117801428_117805523,47,2733,2825,2733,2825,92,0.5096634030342102,,,,,False,False
h0_chr1_117801428_117805523,48,2740,2792,2740,2792,52,0.5092713832855225,,,,,False,False
h0_chr1_117801428_117805523,49,2740,2804,2740,2804,64,0.5087000131607056,,,,,False,False
h0_chr1_117801428_117805523,50,2733,2815,2733,2815,82,0.5084208250045776,,,,,False,False
h0_chr1_117801428_117805523,51,2764,2818,2764,2818,54,0.507320761680603,,,,,False,False
h0_chr1_117801428_117805523,52,2740,2808,2740,2808,68,0.5069513320922852,,,,,False,False
h0_chr1_117801428_117805523,53,2733,2788,2733,2788,55,0.5064482688903809,,,,,False,False
h0_chr1_117801428_117805523,54,2737,2792,2737,2792,55,0.5050371885299683,,,,,False,False
h0_chr1_117801428_117805523,55,2767,2822,2767,2822,55,0.5032499432563782,,,,,False,False
h0_chr1_117801428_117805523,56,2745,2796,2745,2796,51,0.5029726028442383,,,,,False,False
h0_chr1_117801428_117805523,57,2737,2819,2737,2819,82,0.5027651786804199,,,,,False,False
h0_chr1_117801428_117805523,58,1610,3518,1610,3518,1908,0.5024482607841492,Initiator,,promoter,,False,False
h0_chr1_117801428_117805523,59,2764,2826,2764,2826,62,0.501794695854187,,,,,False,False
h0_chr1_117801428_117805523,60,2764,2822,2764,2822,58,0.5015392303466797,,,,,False,False
h0_chr1_117801428_117805523,61,2751,2807,2751,2807,56,0.5009903311729431,,,,,False,False
h0_chr1_117801428_117805523,62,2737,2791,2737,2791,54,0.500562310218811,,,,,False,False
h0_chr1_117801428_117805523,63,2733,2823,2733,2823,90,0.5001465082168579,,,,,False,False
h0_chr1_117801428_117805523,64,2733,2783,2733,2783,50,0.49941352009773254,,,,,False,False
h0_chr1_117801428_117805523,65,2751,2801,2751,2801,50,0.4983770549297333,,,,,False,False
h0_chr1_117801428_117805523,66,2736,2792,2736,2792,56,0.49836310744285583,,,,,False,False
h0_chr1_117801428_117805523,67,2741,2819,2741,2819,78,0.4983527958393097,,,,,False,False
h0_chr1_117801428_117805523,68,2733,2792,2733,2792,59,0.49670082330703735,,,,,False,False
h0_chr1_117801428_117805523,69,2745,2800,2745,2800,55,0.4964451789855957,,,,,False,False
h0_chr1_117801428_117805523,70,972,1790,972,1790,818,0.4964143633842468,,,,,False,False
h0_chr1_117801428_117805523,71,2740,2796,2740,2796,56,0.4961799383163452,,,,,False,False
h0_chr1_117801428_117805523,72,2737,2787,2737,2787,50,0.496057391166687,,,,,False,False
h0_chr1_117801428_117805523,73,2737,2795,2737,2795,58,0.49604517221450806,,,,,False,False
h0_chr1_117801428_117805523,74,2750,2811,2750,2811,61,0.4953903257846832,,,,,False,False
h0_chr1_117801428_117805523,75,2751,2811,2751,2811,60,0.49438077211380005,,,,,False,False
h0_chr1_117801428_117805523,76,2737,2825,2737,2825,88,0.49379250407218933,,,,,False,False
h0_chr1_117801428_117805523,77,2736,2804,2736,2804,68,0.492822527885437,,,,,False,False
h0_chr1_117801428_117805523,78,2737,2821,2737,2821,84,0.4924948513507843,,,,,False,False
h0_chr1_117801428_117805523,79,2751,2804,2751,2804,53,0.4915941059589386,,,,,False,False
h0_chr1_117801428_117805523,80,2751,2812,2751,2812,61,0.4913753271102905,,,,,False,False
h0_chr1_117801428_117805523,81,2769,2822,2769,2822,53,0.4912787079811096,,,,,False,False
h0_chr1_117801428_117805523,82,2736,2812,2736,2812,76,0.4897494912147522,,,,,False,False
h0_chr1_117801428_117805523,83,2740,2800,2740,2800,60,0.48966899514198303,,,,,False,False
h0_chr1_117801428_117805523,84,2750,2803,2750,2803,53,0.4894123673439026,,,,,False,False
h0_chr1_117801428_117805523,85,2736,2788,2736,2788,52,0.48814883828163147,,,,,False,False
h0_chr1_117801428_117805523,86,2741,2823,2741,2823,82,0.48618388175964355,,,,,False,False
h0_chr1_117801428_117805523,87,2767,2826,2767,2826,59,0.48575064539909363,,,,,False,False
h0_chr1_117801428_117805523,88,2737,2823,2737,2823,86,0.4852663278579712,,,,,False,False
h0_chr1_117801428_117805523,89,2736,2796,2736,2796,60,0.4851616322994232,,,,,False,False
h0_chr1_117801428_117805523,90,2744,2816,2744,2816,72,0.48505693674087524,,,,,False,False
h0_chr1_117801428_117805523,91,2769,2826,2769,2826,57,0.4846116900444031,,,,,False,False
h0_chr1_117801428_117805523,92,2736,2808,2736,2808,72,0.48413971066474915,,,,,False,False
h0_chr1_117801428_117805523,93,2759,2812,2759,2812,53,0.48403769731521606,,,,,False,False
h0_chr1_117801428_117805523,94,2733,2829,2733,2829,96,0.48367032408714294,,,,,False,False
h0_chr1_117801428_117805523,95,2746,2825,2746,2825,79,0.48339155316352844,,,,,False,False
h0_chr1_117801428_117805523,96,972,1777,972,1777,805,0.48301467299461365,,,,,False,False
h0_chr1_117801428_117805523,97,2750,2807,2750,2807,57,0.4829983115196228,,,,,False,False
h0_chr1_117801428_117805523,98,2737,2799,2737,2799,62,0.4826962649822235,,,,,False,False
h0_chr1_117801428_117805523,99,2751,2809,2751,2809,58,0.48252061009407043,,,,,False,False
h0_chr1_117801428_117805523,100,2737,2803,2737,2803,66,0.4824632406234741,,,,,False,False
h0_chr1_117801428_117805523,101,2733,2791,2733,2791,58,0.4820816218852997,,,,,False,False
h0_chr1_117801428_117805523,102,2746,2821,2746,2821,75,0.4812502861022949,,,,,False,False
h0_chr1_117801428_117805523,103,2745,2816,2745,2816,71,0.48115697503089905,,,,,False,False
h0_chr1_117801428_117805523,104,2741,2829,2741,2829,88,0.4806080162525177,,,,,False,False
h0_chr1_117801428_117805523,105,2733,2817,2733,2817,84,0.4797813594341278,,,,,False,False
h0_chr1_117801428_117805523,106,2750,2815,2750,2815,65,0.47953614592552185,,,,,False,False
h0_chr1_117801428_117805523,107,2776,2826,2776,2826,50,0.47931092977523804,,,,,False,False
h0_chr1_117801428_117805523,108,2737,2811,2737,2811,74,0.4790569841861725,,,,,False,False
h0_chr1_117801428_117805523,109,2736,2800,2736,2800,64,0.47869783639907837,,,,,False,False
h0_chr1_117801428_117805523,110,2746,2804,2746,2804,58,0.4784124791622162,,,,,False,False
h0_chr1_117801428_117805523,111,2764,2819,2764,2819,55,0.4783288836479187,,,,,False,False
h0_chr1_117801428_117805523,112,2750,2813,2750,2813,63,0.4779418408870697,,,,,False,False
h0_chr1_117801428_117805523,113,2746,2796,2746,2796,50,0.477895587682724,,,,,False,False
h0_chr1_117801428_117805523,114,2768,2824,2768,2824,56,0.47772300243377686,,,,,False,False
h0_chr1_117801428_117805523,115,2760,2812,2760,2812,52,0.4776272773742676,,,,,False,False
h0_chr1_117801428_117805523,116,2768,2820,2768,2820,52,0.4763782322406769,,,,,False,False
h0_chr1_117801428_117805523,117,2750,2805,2750,2805,55,0.47608986496925354,,,,,False,False
h0_chr1_117801428_117805523,118,2746,2805,2746,2805,59,0.4752345681190491,,,,,False,False
h0_chr1_117801428_117805523,119,2746,2808,2746,2808,62,0.4748269021511078,,,,,False,False
h0_chr1_117801428_117805523,120,2733,2787,2733,2787,54,0.4748101830482483,,,,,False,False
h0_chr1_117801428_117805523,121,2760,2816,2760,2816,56,0.4747909903526306,,,,,False,False
h0_chr1_117801428_117805523,122,2746,2815,2746,2815,69,0.4742528200149536,,,,,False,False
h0_chr1_117801428_117805523,123,2729,2825,2729,2825,96,0.4723759889602661,,,,,False,False
h0_chr1_117801428_117805523,124,2775,2826,2775,2826,51,0.47060081362724304,,,,,False,False
h0_chr1_117801428_117805523,125,2746,2817,2746,2817,71,0.47057056427001953,,,,,False,False
h0_chr1_117801428_117805523,126,2769,2825,2769,2825,56,0.46966755390167236,,,,,False,False
h0_chr1_117801428_117805523,127,2733,2799,2733,2799,66,0.4689849317073822,,,,,False,False
h0_chr1_117801428_117805523,128,2760,2815,2760,2815,55,0.4689674973487854,,,,,False,False
h0_chr1_117801428_117805523,129,2750,2809,2750,2809,59,0.4686626195907593,,,,,False,False
h0_chr1_117801428_117805523,130,2769,2821,2769,2821,52,0.468288779258728,,,,,False,False
h0_chr1_117801428_117805523,131,2737,2829,2737,2829,92,0.46816855669021606,,,,,False,False
h0_chr1_117801428_117805523,132,2741,2830,2741,2830,89,0.46780604124069214,,,,,False,False
h0_chr1_117801428_117805523,133,2765,2815,2765,2815,50,0.4674510061740875,,,,,False,False
h0_chr1_117801428_117805523,134,2741,2816,2741,2816,75,0.46667397022247314,,,,,False,False
h0_chr1_117801428_117805523,135,2767,2830,2767,2830,63,0.46647030115127563,,,,,False,False
h0_chr1_117801428_117805523,136,2733,2795,2733,2795,62,0.46606677770614624,,,,,False,False
h0_chr1_117801428_117805523,137,2740,2816,2740,2816,76,0.4656423330307007,,,,,False,False
h0_chr1_117801428_117805523,138,2764,2830,2764,2830,66,0.46554580330848694,,,,,False,False
h0_chr1_117801428_117805523,139,2741,2827,2741,2827,86,0.4653978645801544,,,,,False,False
h0_chr1_117801428_117805523,140,2744,2824,2744,2824,80,0.4652112126350403,,,,,False,False
h0_chr1_117801428_117805523,141,2733,2811,2733,2811,78,0.4651625454425812,,,,,False,False
h0_chr1_117801428_117805523,142,2737,2817,2737,2817,80,0.4651165306568146,,,,,False,False
h0_chr1_117801428_117805523,143,2733,2813,2733,2813,80,0.4649083912372589,,,,,False,False
h0_chr1_117801428_117805523,144,2746,2800,2746,2800,54,0.46417170763015747,,,,,False,False
h0_chr1_117801428_117805523,145,2729,2821,2729,2821,92,0.46374255418777466,,,,,False,False
h0_chr1_117801428_117805523,146,2744,2804,2744,2804,60,0.46333280205726624,,,,,False,False
h0_chr1_117801428_117805523,147,2744,2812,2744,2812,68,0.46286043524742126,,,,,False,False
h0_chr1_117801428_117805523,148,2744,2820,2744,2820,76,0.4628421366214752,,,,,False,False
h0_chr1_117801428_117805523,149,2737,2807,2737,2807,70,0.4625967741012573,,,,,False,False
h0_chr1_117801428_117805523,150,2733,2804,2733,2804,71,0.46249037981033325,,,,,False,False
h0_chr1_117801428_117805523,151,2733,2827,2733,2827,94,0.4624037742614746,,,,,False,False
h0_chr1_117801428_117805523,152,2740,2803,2740,2803,63,0.46159645915031433,,,,,False,False
h0_chr1_117801428_117805523,153,2745,2820,2745,2820,75,0.46157580614089966,,,,,False,False
h0_chr1_117801428_117805523,154,2733,2808,2733,2808,75,0.4614803194999695,,,,,False,False
h0_chr1_117801428_117805523,155,2765,2821,2765,2821,56,0.4611814320087433,,,,,False,False
h0_chr1_117801428_117805523,156,2763,2816,2763,2816,53,0.46105802059173584,,,,,False,False
h0_chr1_117801428_117805523,157,2765,2825,2765,2825,60,0.4609280228614807,,,,,False,False
h0_chr1_117801428_117805523,158,2737,2804,2737,2804,67,0.4609110951423645,,,,,False,False
h0_chr1_117801428_117805523,159,2751,2805,2751,2805,54,0.45991581678390503,,,,,False,False
h0_chr1_117801428_117805523,160,2746,2797,2746,2797,51,0.45967379212379456,,,,,False,False
h0_chr1_117801428_117805523,161,2740,2799,2740,2799,59,0.4593101441860199,,,,,False,False
h0_chr1_117801428_117805523,162,2768,2828,2768,2828,60,0.4591663181781769,,,,,False,False
h0_chr1_117801428_117805523,163,2746,2809,2746,2809,63,0.45915737748146057,,,,,False,False
h0_chr1_117801428_117805523,164,2737,2808,2737,2808,71,0.45896032452583313,,,,,False,False
h0_chr1_117801428_117805523,165,2732,2784,2732,2784,52,0.4588907063007355,,,,,False,False
h0_chr1_117801428_117805523,166,2747,2816,2747,2816,69,0.45877325534820557,,,,,False,False
h0_chr1_117801428_117805523,167,2760,2810,2760,2810,50,0.45862749218940735,,,,,False,False
h0_chr1_117801428_117805523,168,2760,2825,2760,2825,65,0.4580841362476349,,,,,False,False
h0_chr1_117801428_117805523,169,2744,2808,2744,2808,64,0.45769569277763367,,,,,False,False
h0_chr1_117801428_117805523,170,2750,2819,2750,2819,69,0.45758506655693054,,,,,False,False
h0_chr1_117801428_117805523,171,2773,2824,2773,2824,51,0.4574953615665436,,,,,False,False
h0_chr1_117801428_117805523,172,2733,2796,2733,2796,63,0.4572044610977173,,,,,False,False
h0_chr1_117801428_117805523,173,2762,2812,2762,2812,50,0.4569224417209625,,,,,False,False
h0_chr1_117801428_117805523,174,2746,2806,2746,2806,60,0.45659542083740234,,,,,False,False
h0_chr1_117801428_117805523,175,2750,2825,2750,2825,75,0.4564604163169861,,,,,False,False
h0_chr1_117801428_117805523,176,2764,2823,2764,2823,59,0.45632487535476685,,,,,False,False
h0_chr1_117801428_117805523,177,2745,2824,2745,2824,79,0.45616886019706726,,,,,False,False
h0_chr1_117801428_117805523,178,2733,2830,2733,2830,97,0.4558546245098114,,,,,False,False
h0_chr1_117801428_117805523,179,2733,2800,2733,2800,67,0.45585063099861145,,,,,False,False
h0_chr1_117801428_117805523,180,2737,2796,2737,2796,59,0.455822616815567,,,,,False,False
h0_chr1_117801428_117805523,181,2746,2819,2746,2819,73,0.45572903752326965,,,,,False,False
h0_chr1_117801428_117805523,182,2758,2816,2758,2816,58,0.45571327209472656,,,,,False,False
h0_chr1_117801428_117805523,183,2760,2821,2760,2821,61,0.4556230306625366,,,,,False,False
h0_chr1_117801428_117805523,184,2737,2809,2737,2809,72,0.4553474187850952,,,,,False,False
h0_chr1_117801428_117805523,185,2760,2818,2760,2818,58,0.4551749527454376,,,,,False,False
h0_chr1_117801428_117805523,186,2746,2829,2746,2829,83,0.4551071524620056,,,,,False,False
h0_chr1_117801428_117805523,187,2733,2809,2733,2809,76,0.45484113693237305,,,,,False,False
h0_chr1_117801428_117805523,188,2752,2815,2752,2815,63,0.454414963722229,,,,,False,False
h0_chr1_117801428_117805523,189,2733,2816,2733,2816,83,0.45429128408432007,,,,,False,False
h0_chr1_117801428_117805523,190,2761,2820,2761,2820,59,0.4540809094905853,,,,,False,False
h0_chr1_117801428_117805523,191,669,1609,669,1609,940,0.45400387048721313,,Initiator,,promoter,False,False
h0_chr1_117801428_117805523,192,2772,2823,2772,2823,51,0.45384377241134644,,,,,False,False
h0_chr1_117801428_117805523,193,2760,2814,2760,2814,54,0.4535999298095703,,,,,False,False
h0_chr1_117801428_117805523,194,2746,2813,2746,2813,67,0.4533785581588745,,,,,False,False
h0_chr1_117801428_117805523,195,2737,2800,2737,2800,63,0.4533429741859436,,,,,False,False
h0_chr1_117801428_117805523,196,2746,2801,2746,2801,55,0.4523693323135376,,,,,False,False
h0_chr1_117801428_117805523,197,2773,2825,2773,2825,52,0.45234233140945435,,,,,False,False
h0_chr1_117801428_117805523,198,2737,2793,2737,2793,56,0.45217207074165344,,,,,False,False
h0_chr1_117801428_117805523,199,2760,2820,2760,2820,60,0.4519695043563843,,,,,False,False
h0_chr1_117801428_117805523,200,2737,2830,2737,2830,93,0.45190954208374023,,,,,False,False
h0_chr1_188000709_188004804,1,198,259,198,259,61,0.6126257181167603,,,,,False,False
h0_chr1_188000709_188004804,2,190,246,190,246,56,0.6007730960845947,BREu,,promoter,,False,False
h0_chr1_188000709_188004804,3,195,246,195,246,51,0.5893934965133667,BREu,,promoter,,False,False
h0_chr1_188000709_188004804,4,201,269,201,269,68,0.5830008387565613,,,,,False,False
h0_chr1_188000709_188004804,5,190,259,190,259,69,0.5704087018966675,BREu,,promoter,,False,False
h0_chr1_188000709_188004804,6,189,246,189,246,57,0.5592023730278015,BREu,,promoter,,False,False
h0_chr1_188000709_188004804,7,206,269,206,269,63,0.5512911677360535,,,,,False,False
h0_chr1_188000709_188004804,8,199,269,199,269,70,0.5385507941246033,,,,,False,False
h0_chr1_188000709_188004804,9,195,259,195,259,64,0.5372133255004883,BREu,,promoter,,False,False
h0_chr1_188000709_188004804,10,198,265,198,265,67,0.5341520309448242,,,,,False,False
h0_chr1_188000709_188004804,11,195,265,195,265,70,0.531987190246582,BREu,,promoter,,False,False
h0_chr1_188000709_188004804,12,189,259,189,259,70,0.5252798795700073,BREu,,promoter,,False,False
h0_chr1_188000709_188004804,13,194,246,194,246,52,0.5187050104141235,BREu,,promoter,,False,False
h0_chr1_188000709_188004804,14,192,259,192,259,67,0.5096485018730164,BREu,,promoter,,False,False
h0_chr1_188000709_188004804,15,200,269,200,269,69,0.5075273513793945,,,,,False,False
h0_chr1_188000709_188004804,16,194,259,194,259,65,0.4995059370994568,BREu,,promoter,,False,False
h0_chr1_188000709_188004804,17,197,259,197,259,62,0.4987318217754364,,,,,False,False
h0_chr1_188000709_188004804,18,1535,1617,1535,1617,82,0.49820175766944885,Initiator,Initiator,promoter,promoter,True,True
h0_chr1_188000709_188004804,19,2656,2911,2656,2911,255,0.4940096437931061,,,,,False,False
h0_chr1_188000709_188004804,20,1027,1078,1027,1078,51,0.4832721948623657,,,,,False,False
h0_chr1_188000709_188004804,21,195,252,195,252,57,0.48237377405166626,BREu,,promoter,,False,False
h0_chr1_188000709_188004804,22,1561,1789,1561,1789,228,0.4820488691329956,,,,,False,False
h0_chr1_188000709_188004804,23,195,1027,195,1027,832,0.4810175597667694,BREu,,promoter,,False,False
h0_chr1_188000709_188004804,24,197,265,197,265,68,0.480573445558548,,,,,False,False
h0_chr1_188000709_188004804,25,210,260,210,260,50,0.47985270619392395,,,,,False,False
h0_chr1_188000709_188004804,26,1405,2656,1405,2656,1251,0.4780978560447693,,,,,False,False
h0_chr1_188000709_188004804,27,189,265,189,265,76,0.47691968083381653,BREu,,promoter,,False,False
h0_chr1_188000709_188004804,28,190,265,190,265,75,0.47607630491256714,BREu,,promoter,,False,False
h0_chr1_188000709_188004804,29,192,246,192,246,54,0.4749998450279236,BREu,,promoter,,False,False
h0_chr1_188000709_188004804,30,609,762,609,762,153,0.47142088413238525,,,,,False,False
h0_chr1_188000709_188004804,31,1405,2911,1405,2911,1506,0.4705912470817566,,,,,False,False
h0_chr1_188000709_188004804,32,998,1076,998,1076,78,0.469909131526947,,,,,False,False
h0_chr1_188000709_188004804,33,200,1027,200,1027,827,0.4664956033229828,,,,,False,False
h0_chr1_188000709_188004804,34,187,244,187,244,57,0.4649336636066437,,,,,False,False
h0_chr1_188000709_188004804,35,2119,2741,2119,2741,622,0.46274957060813904,,,,,False,False
h0_chr1_188000709_188004804,36,198,252,198,252,54,0.4615887403488159,,,,,False,False
h0_chr1_188000709_188004804,37,189,244,189,244,55,0.4589443802833557,BREu,,promoter,,False,False
h0_chr1_188000709_188004804,38,190,244,190,244,54,0.4583343267440796,BREu,,promoter,,False,False
h0_chr1_188000709_188004804,39,195,269,195,269,74,0.4580863118171692,BREu,,promoter,,False,False
h0_chr1_188000709_188004804,40,190,252,190,252,62,0.4577920436859131,BREu,,promoter,,False,False
h0_chr1_188000709_188004804,41,252,308,252,308,56,0.4575396478176117,,,,,False,False
h0_chr1_188000709_188004804,42,3417,3544,3417,3544,127,0.4561033844947815,Initiator,,promoter,,False,False
h0_chr1_188000709_188004804,43,191,244,191,244,53,0.45587724447250366,BREu,,promoter,,False,False
h0_chr1_188000709_188004804,44,3437,3544,3437,3544,107,0.45470666885375977,,,,,False,False
h0_chr1_188000709_188004804,45,190,1027,190,1027,837,0.4537127614021301,BREu,,promoter,,False,False
h0_chr1_188000709_188004804,46,1027,1092,1027,1092,65,0.4521292746067047,,,,,False,False
h0_chr1_188000709_188004804,47,192,265,192,265,73,0.4493483304977417,BREu,,promoter,,False,False
h0_chr1_188000709_188004804,48,200,259,200,259,59,0.4473537802696228,,,,,False,False
h0_chr1_188000709_188004804,49,158,2617,158,2617,2459,0.4454553425312042,,,,,False,False
h0_chr1_188000709_188004804,50,1025,1075,1025,1075,50,0.4445789158344269,,,,,False,False
h0_chr1_188000709_188004804,51,198,269,198,269,71,0.44437673687934875,,,,,False,False
h0_chr1_188000709_188004804,52,162,2358,162,2358,2196,0.44393640756607056,,,,,False,False
h0_chr1_188000709_188004804,53,207,268,207,268,61,0.4438195526599884,,,,,False,False
h0_chr1_188000709_188004804,54,210,269,210,269,59,0.4436578154563904,,,,,False,False
h0_chr1_188000709_188004804,55,1076,1535,1076,1535,459,0.443434476852417,,Initiator,,promoter,False,False
h0_chr1_188000709_188004804,56,197,254,197,254,57,0.4433690011501312,,,,,False,False
h0_chr1_188000709_188004804,57,1529,1579,1529,1579,50,0.4395521879196167,,,,,False,False
h0_chr1_188000709_188004804,58,1019,1076,1019,1076,57,0.4394841194152832,,,,,False,False
h0_chr1_188000709_188004804,59,1058,1582,1058,1582,524,0.4391213059425354,,Initiator,,promoter,False,False
h0_chr1_188000709_188004804,60,209,266,209,266,57,0.4383161664009094,,,,,False,False
h0_chr1_188000709_188004804,61,2656,3044,2656,3044,388,0.4375186860561371,,,,,False,False
h0_chr1_188000709_188004804,62,2003,2695,2003,2695,692,0.43704092502593994,,,,,False,False
h0_chr1_188000709_188004804,63,195,1535,195,1535,1340,0.43549561500549316,BREu,Initiator,promoter,promoter,True,False
h0_chr1_188000709_188004804,64,194,265,194,265,71,0.4350278973579407,BREu,,promoter,,False,False
h0_chr1_188000709_188004804,65,1405,2924,1405,2924,1519,0.43382108211517334,,,,,False,False
h0_chr1_188000709_188004804,66,185,246,185,246,61,0.4337950646877289,,,,,False,False
h0_chr1_188000709_188004804,67,1664,1744,1664,1744,80,0.4336402118206024,Initiator,,promoter,,False,False
h0_chr1_188000709_188004804,68,1657,2741,1657,2741,1084,0.4335833787918091,Initiator,,promoter,,False,False
h0_chr1_188000709_188004804,69,16,604,16,604,588,0.43289801478385925,,,,,False,False
h0_chr1_188000709_188004804,70,997,1067,997,1067,70,0.4324496388435364,,,,,False,False
h0_chr1_188000709_188004804,71,202,268,202,268,66,0.4324449896812439,,,,,False,False
h0_chr1_188000709_188004804,72,246,1027,246,1027,781,0.4308321475982666,,,,,False,False
h0_chr1_188000709_188004804,73,190,269,190,269,79,0.4306967258453369,BREu,,promoter,,False,False
h0_chr1_188000709_188004804,74,200,252,200,252,52,0.4301031231880188,,,,,False,False
h0_chr1_188000709_188004804,75,190,1535,190,1535,1345,0.4296659827232361,BREu,Initiator,promoter,promoter,True,False
h0_chr1_188000709_188004804,76,998,1067,998,1067,69,0.42938679456710815,,,,,False,False
h0_chr1_188000709_188004804,77,200,1535,200,1535,1335,0.4288066327571869,,Initiator,,promoter,False,False
h0_chr1_188000709_188004804,78,189,269,189,269,80,0.42823272943496704,BREu,,promoter,,False,False
h0_chr1_188000709_188004804,79,4027,4091,4027,4091,64,0.4273325204849243,,,,,False,False
h0_chr1_188000709_188004804,80,2195,2656,2195,2656,461,0.4272082448005676,,,,,False,False
h0_chr1_188000709_188004804,81,189,252,189,252,63,0.42719459533691406,BREu,,promoter,,False,False
h0_chr1_188000709_188004804,82,186,244,186,244,58,0.42708319425582886,,,,,False,False
h0_chr1_188000709_188004804,83,1041,1260,1041,1260,219,0.42660510540008545,,,,,False,False
h0_chr1_188000709_188004804,84,1155,1296,1155,1296,141,0.42589449882507324,Initiator,Initiator,promoter,promoter,True,True
h0_chr1_188000709_188004804,85,202,252,202,252,50,0.4256584644317627,,,,,False,False
h0_chr1_188000709_188004804,86,2759,3429,2759,3429,670,0.4255910813808441,Initiator,,promoter,,False,False
h0_chr1_188000709_188004804,87,1959,2183,1959,2183,224,0.424418568611145,,,,,False,False
h0_chr1_188000709_188004804,88,997,1076,997,1076,79,0.4241511821746826,,,,,False,False
h0_chr1_188000709_188004804,89,1027,1535,1027,1535,508,0.42392921447753906,,Initiator,,promoter,False,False
h0_chr1_188000709_188004804,90,3846,3901,3846,3901,55,0.42382532358169556,Initiator,Initiator,promoter,promoter,True,True
h0_chr1_188000709_188004804,91,27,576,27,576,549,0.42326557636260986,,,,,False,False
h0_chr1_188000709_188004804,92,195,254,195,254,59,0.42317676544189453,BREu,,promoter,,False,False
h0_chr1_188000709_188004804,93,1662,2966,1662,2966,1304,0.42290499806404114,Initiator,,promoter,,False,False
h0_chr1_188000709_188004804,94,196,269,196,269,73,0.42238715291023254,,,,,False,False
h0_chr1_188000709_188004804,95,1538,1613,1538,1613,75,0.42174726724624634,Initiator,Initiator,promoter,promoter,True,True
h0_chr1_188000709_188004804,96,189,1535,189,1535,1346,0.4209100306034088,BREu,Initiator,promoter,promoter,True,False
h0_chr1_188000709_188004804,97,531,1296,531,1296,765,0.4207494258880615,,Initiator,,promoter,False,False
h0_chr1_188000709_188004804,98,1076,1617,1076,1617,541,0.4205200672149658,,Initiator,,promoter,False,False
h0_chr1_188000709_188004804,99,188,259,188,259,71,0.42003971338272095,,,,,False,False
h0_chr1_188000709_188004804,100,1027,1573,1027,1573,546,0.4192148447036743,,,,,False,False
h0_chr1_188000709_188004804,101,198,1027,198,1027,829,0.4186302423477173,,,,,False,False
h0_chr1_188000709_188004804,102,1567,1617,1567,1617,50,0.4184128940105438,Initiator,Initiator,promoter,promoter,True,True
h0_chr1_188000709_188004804,103,201,1572,201,1572,1371,0.4182308316230774,,Initiator,,promoter,False,False
h0_chr1_188000709_188004804,104,1529,1582,1529,1582,53,0.41815707087516785,,Initiator,,promoter,False,False
h0_chr1_188000709_188004804,105,1561,2926,1561,2926,1365,0.4177977740764618,,,,,False,False
h0_chr1_188000709_188004804,106,1027,1617,1027,1617,590,0.417463481426239,,Initiator,,promoter,False,False
h0_chr1_188000709_188004804,107,199,1572,199,1572,1373,0.41742756962776184,,Initiator,,promoter,False,False
h0_chr1_188000709_188004804,108,212,269,212,269,57,0.4171951115131378,,,,,False,False
h0_chr1_188000709_188004804,109,201,1027,201,1027,826,0.4168550372123718,,,,,False,False
h0_chr1_188000709_188004804,110,1027,1836,1027,1836,809,0.4162997305393219,,,,,False,False
h0_chr1_188000709_188004804,111,200,265,200,265,65,0.4162876009941101,,,,,False,False
h0_chr1_188000709_188004804,112,3846,3970,3846,3970,124,0.41592103242874146,Initiator,,promoter,,False,False
h0_chr1_188000709_188004804,113,183,321,183,321,138,0.41502439975738525,,,,,False,False
h0_chr1_188000709_188004804,114,559,826,559,826,267,0.4148700535297394,Initiator,,promoter,,False,False
h0_chr1_188000709_188004804,115,198,1535,198,1535,1337,0.4148673415184021,,Initiator,,promoter,False,False
h0_chr1_188000709_188004804,116,188,246,188,246,58,0.41457465291023254,,,,,False,False
h0_chr1_188000709_188004804,117,1098,1575,1098,1575,477,0.4143906533718109,,,,,False,False
h0_chr1_188000709_188004804,118,195,260,195,260,65,0.41369158029556274,BREu,,promoter,,False,False
h0_chr1_188000709_188004804,119,559,815,559,815,256,0.41345444321632385,Initiator,Initiator,promoter,promoter,True,True
h0_chr1_188000709_188004804,120,1528,1579,1528,1579,51,0.41277581453323364,,,,,False,False
h0_chr1_188000709_188004804,121,190,1617,190,1617,1427,0.41273897886276245,BREu,Initiator,promoter,promoter,True,False
h0_chr1_188000709_188004804,122,3977,4040,3977,4040,63,0.4125690460205078,,,,,False,False
h0_chr1_188000709_188004804,123,252,998,252,998,746,0.41243669390678406,,,,,False,False
h0_chr1_188000709_188004804,124,223,308,223,308,85,0.4122186005115509,,,,,False,False
h0_chr1_188000709_188004804,125,2696,3095,2696,3095,399,0.4120323359966278,,,,,False,False
h0_chr1_188000709_188004804,126,609,2237,609,2237,1628,0.4117048382759094,,,,,False,False
h0_chr1_188000709_188004804,127,195,1076,195,1076,881,0.4114524722099304,BREu,,promoter,,False,False
h0_chr1_188000709_188004804,128,3139,3423,3139,3423,284,0.41141462326049805,Initiator,,promoter,,False,False
h0_chr1_188000709_188004804,129,192,248,192,248,56,0.4111150801181793,BREu,,promoter,,False,False
h0_chr1_188000709_188004804,130,1077,1266,1077,1266,189,0.4104612171649933,,,,,False,False
h0_chr1_188000709_188004804,131,2656,3036,2656,3036,380,0.41005831956863403,,,,,False,False
h0_chr1_188000709_188004804,132,1848,1954,1848,1954,106,0.4100249707698822,,,,,False,False
h0_chr1_188000709_188004804,133,2,163,2,163,161,0.40991270542144775,,,,,False,False
h0_chr1_188000709_188004804,134,195,249,195,249,54,0.40983787178993225,BREu,,promoter,,False,False
h0_chr1_188000709_188004804,135,1675,2782,1675,2782,1107,0.40973466634750366,,,,,False,False
h0_chr1_188000709_188004804,136,997,1064,997,1064,67,0.40957140922546387,,,,,False,False
h0_chr1_188000709_188004804,137,1030,3103,1030,3103,2073,0.40928030014038086,,,,,False,False
h0_chr1_188000709_188004804,138,1940,2695,1940,2695,755,0.4091998040676117,,,,,False,False
h0_chr1_188000709_188004804,139,189,254,189,254,65,0.40892812609672546,BREu,,promoter,,False,False
h0_chr1_188000709_188004804,140,1017,1076,1017,1076,59,0.4088580012321472,,,,,False,False
h0_chr1_188000709_188004804,141,187,240,187,240,53,0.4083372950553894,,GC_box,,promoter,False,False
h0_chr1_188000709_188004804,142,1657,2782,1657,2782,1125,0.40817248821258545,Initiator,,promoter,,False,False
h0_chr1_188000709_188004804,143,212,266,212,266,54,0.40745294094085693,,,,,False,False
h0_chr1_188000709_188004804,144,998,1064,998,1064,66,0.40719321370124817,,,,,False,False
h0_chr1_188000709_188004804,145,252,1027,252,1027,775,0.406965970993042,,,,,False,False
h0_chr1_188000709_188004804,146,1982,2695,1982,2695,713,0.40634191036224365,,,,,False,False
h0_chr1_188000709_188004804,147,1064,1529,1064,1529,465,0.40624216198921204,,,,,False,False
h0_chr1_188000709_188004804,148,198,1617,198,1617,1419,0.40578263998031616,,Initiator,,promoter,False,False
h0_chr1_188000709_188004804,149,1091,1953,1091,1953,862,0.405591756105423,,Initiator,,promoter,False,False
h0_chr1_188000709_188004804,150,4003,4078,4003,4078,75,0.40531039237976074,,,,,False,False
h0_chr1_188000709_188004804,151,1528,1582,1528,1582,54,0.40506893396377563,,Initiator,,promoter,False,False
h0_chr1_188000709_188004804,152,1267,2242,1267,2242,975,0.4048767685890198,,,,,False,False
h0_chr1_188000709_188004804,153,195,1019,195,1019,824,0.4040416479110718,BREu,,promoter,,False,False
h0_chr1_188000709_188004804,154,998,1056,998,1056,58,0.4038517475128174,,,,,False,False
h0_chr1_188000709_188004804,155,265,1027,265,1027,762,0.4036253094673157,,,,,False,False
h0_chr1_188000709_188004804,156,3832,4046,3832,4046,214,0.40354153513908386,,Initiator,,promoter,False,False
h0_chr1_188000709_188004804,157,609,2463,609,2463,1854,0.40343859791755676,,,,,False,False
h0_chr1_188000709_188004804,158,195,1617,195,1617,1422,0.40314123034477234,BREu,Initiator,promoter,promoter,True,False
h0_chr1_188000709_188004804,159,188,265,188,265,77,0.40274813771247864,,,,,False,False
h0_chr1_188000709_188004804,160,1002,1076,1002,1076,74,0.4025860130786896,,,,,False,False
h0_chr1_188000709_188004804,161,3944,4021,3944,4021,77,0.4022643268108368,Initiator,Initiator,promoter,promoter,True,True
h0_chr1_188000709_188004804,162,1002,1073,1002,1073,71,0.40201127529144287,,,,,False,False
h0_chr1_188000709_188004804,163,1434,1660,1434,1660,226,0.40160518884658813,,,,,False,False
h0_chr1_188000709_188004804,164,1247,1567,1247,1567,320,0.4015684425830841,,Initiator,,promoter,False,False
h0_chr1_188000709_188004804,165,1686,1768,1686,1768,82,0.40112096071243286,RUNX,,tfbs,,False,False
h0_chr1_188000709_188004804,166,1321,1660,1321,1660,339,0.4005085229873657,,,,,False,False
h0_chr1_188000709_188004804,167,1940,2192,1940,2192,252,0.4004248380661011,,,,,False,False
h0_chr1_188000709_188004804,168,1737,1793,1737,1793,56,0.4002836346626282,,Initiator,,promoter,False,False
h0_chr1_188000709_188004804,169,273,1045,273,1045,772,0.4002615213394165,,,,,False,False
h0_chr1_188000709_188004804,170,2656,2924,2656,2924,268,0.39941710233688354,,,,,False,False
h0_chr1_188000709_188004804,171,769,2759,769,2759,1990,0.3992067575454712,Initiator,Initiator,promoter,promoter,True,True
h0_chr1_188000709_188004804,172,259,1027,259,1027,768,0.39918598532676697,,,,,False,False
h0_chr1_188000709_188004804,173,1067,1529,1067,1529,462,0.39881229400634766,,,,,False,False
h0_chr1_188000709_188004804,174,1109,1579,1109,1579,470,0.3987075388431549,,,,,False,False
h0_chr1_188000709_188004804,175,202,254,202,254,52,0.3986314535140991,,,,,False,False
h0_chr1_188000709_188004804,176,1773,2756,1773,2756,983,0.39832091331481934,,,,,False,False
h0_chr1_188000709_188004804,177,4027,4079,4027,4079,52,0.3980412483215332,,,,,False,False
h0_chr1_188000709_188004804,178,1694,1773,1694,1773,79,0.39794355630874634,Initiator,,promoter,,False,False
h0_chr1_188000709_188004804,179,975,1030,975,1030,55,0.39786797761917114,,,,,False,False
h0_chr1_188000709_188004804,180,17,158,17,158,141,0.39679503440856934,,,,,False,False
h0_chr1_188000709_188004804,181,1405,3043,1405,3043,1638,0.39660006761550903,,,,,False,False
h0_chr1_188000709_188004804,182,1027,2696,1027,2696,1669,0.3961094617843628,,,,,False,False
h0_chr1_188000709_188004804,183,531,942,531,942,411,0.3960936665534973,,GATA;Initiator,,promoter;tfbs,False,False
h0_chr1_188000709_188004804,184,46,573,46,573,527,0.39549410343170166,,,,,False,False
h0_chr1_188000709_188004804,185,573,840,573,840,267,0.3954528570175171,,Initiator,,promoter,False,False
h0_chr1_188000709_188004804,186,970,2263,970,2263,1293,0.3952275514602661,,,,,False,False
h0_chr1_188000709_188004804,187,210,308,210,308,98,0.3951305150985718,,,,,False,False
h0_chr1_188000709_188004804,188,210,283,210,283,73,0.39462965726852417,,,,,False,False
h0_chr1_188000709_188004804,189,2118,2741,2118,2741,623,0.3945577144622803,,,,,False,False
h0_chr1_188000709_188004804,190,197,249,197,249,52,0.3943297863006592,,,,,False,False
h0_chr1_188000709_188004804,191,4014,4091,4014,4091,77,0.39431777596473694,,,,,False,False
h0_chr1_188000709_188004804,192,156,766,156,766,610,0.3935213088989258,,,,,False,False
h0_chr1_188000709_188004804,193,236,333,236,333,97,0.39347586035728455,,,,,False,False
h0_chr1_188000709_188004804,194,198,260,198,260,62,0.39320147037506104,,,,,False,False
h0_chr1_188000709_188004804,195,2192,3405,2192,3405,1213,0.39256128668785095,,,,,False,False
h0_chr1_188000709_188004804,196,1027,1098,1027,1098,71,0.392379492521286,,,,,False,False
h0_chr1_188000709_188004804,197,3929,4058,3929,4058,129,0.3920917212963104,,,,,False,False
h0_chr1_188000709_188004804,198,1034,1341,1034,1341,307,0.3916997015476227,,,,,False,False
h0_chr1_188000709_188004804,199,1027,1768,1027,1768,741,0.39111804962158203,,,,,False,False
h0_chr1_188000709_188004804,200,1762,2927,1762,2927,1165,0.39104071259498596,,,,,False,False
h0_chr1_236620149_236624244,1,3882,4058,3882,4058,176,0.6342287063598633,,,,,False,False
h0_chr1_236620149_236624244,2,3882,4009,3882,4009,127,0.6299355030059814,,,,,False,False
h0_chr1_236620149_236624244,3,925,3904,925,3904,2979,0.6269578337669373,,,,,False,False
h0_chr1_236620149_236624244,4,3882,3995,3882,3995,113,0.6266797780990601,,,,,False,False
h0_chr1_236620149_236624244,5,180,925,180,925,745,0.6247144937515259,,,,,False,False
h0_chr1_236620149_236624244,6,3882,4094,3882,4094,212,0.6156542301177979,,,,,False,False
h0_chr1_236620149_236624244,7,1600,2839,1600,2839,1239,0.614441990852356,,,,,False,False
h0_chr1_236620149_236624244,8,3882,4017,3882,4017,135,0.6099343299865723,,,,,False,False
h0_chr1_236620149_236624244,9,829,3904,829,3904,3075,0.6088051795959473,,,,,False,False
h0_chr1_236620149_236624244,10,3995,4067,3995,4067,72,0.6073999404907227,,,,,False,False
h0_chr1_236620149_236624244,11,2884,2999,2884,2999,115,0.6053711771965027,,,,,False,False
h0_chr1_236620149_236624244,12,3909,4085,3909,4085,176,0.6052020788192749,,,,,False,False
h0_chr1_236620149_236624244,13,3882,4018,3882,4018,136,0.6034513711929321,,,,,False,False
h0_chr1_236620149_236624244,14,2252,2316,2252,2316,64,0.6024188995361328,,,,,False,False
h0_chr1_236620149_236624244,15,3832,3882,3832,3882,50,0.5990671515464783,,,,,False,False
h0_chr1_236620149_236624244,16,3882,3939,3882,3939,57,0.5983503460884094,,,,,False,False
h0_chr1_236620149_236624244,17,3502,3608,3502,3608,106,0.5980238318443298,,Initiator,,promoter,False,False
h0_chr1_236620149_236624244,18,3954,4058,3954,4058,104,0.597511887550354,,,,,False,False
h0_chr1_236620149_236624244,19,925,3949,925,3949,3024,0.5967239141464233,,,,,False,False
h0_chr1_236620149_236624244,20,689,2839,689,2839,2150,0.5959073901176453,,,,,False,False
h0_chr1_236620149_236624244,21,3921,4058,3921,4058,137,0.5945602655410767,,,,,False,False
h0_chr1_236620149_236624244,22,3154,3949,3154,3949,795,0.5939964056015015,Initiator,,promoter,,False,False
h0_chr1_236620149_236624244,23,3832,4067,3832,4067,235,0.5934173464775085,,,,,False,False
h0_chr1_236620149_236624244,24,3921,4009,3921,4009,88,0.5930519700050354,,,,,False,False
h0_chr1_236620149_236624244,25,3832,3954,3832,3954,122,0.5928664207458496,,,,,False,False
h0_chr1_236620149_236624244,26,180,3154,180,3154,2974,0.5926999449729919,,Initiator,,promoter,False,False
h0_chr1_236620149_236624244,27,3952,4067,3952,4067,115,0.5923477411270142,,,,,False,False
h0_chr1_236620149_236624244,28,690,1395,690,1395,705,0.5921427011489868,,,,,False,False
h0_chr1_236620149_236624244,29,3202,3657,3202,3657,455,0.5920678973197937,,Initiator,,promoter,False,False
h0_chr1_236620149_236624244,30,3939,4013,3939,4013,74,0.5917987823486328,,,,,False,False
h0_chr1_236620149_236624244,31,1056,1395,1056,1395,339,0.5910996198654175,,,,,False,False
h0_chr1_236620149_236624244,32,3882,4010,3882,4010,128,0.5905640125274658,,,,,False,False
h0_chr1_236620149_236624244,33,180,829,180,829,649,0.5902056694030762,,,,,False,False
h0_chr1_236620149_236624244,34,829,3949,829,3949,3120,0.590053915977478,,,,,False,False
h0_chr1_236620149_236624244,35,3879,4009,3879,4009,130,0.5900331735610962,,,,,False,False
h0_chr1_236620149_236624244,36,186,3882,186,3882,3696,0.5886080265045166,,,,,False,False
h0_chr1_236620149_236624244,37,752,925,752,925,173,0.5881808400154114,,,,,False,False
h0_chr1_236620149_236624244,38,3882,3990,3882,3990,108,0.5876106023788452,,,,,False,False
h0_chr1_236620149_236624244,39,3882,3952,3882,3952,70,0.5874583721160889,,,,,False,False
h0_chr1_236620149_236624244,40,1259,3882,1259,3882,2623,0.5860055685043335,,,,,False,False
h0_chr1_236620149_236624244,41,1281,4009,1281,4009,2728,0.5856485962867737,,,,,False,False
h0_chr1_236620149_236624244,42,1259,1314,1259,1314,55,0.5854781270027161,,,,,False,False
h0_chr1_236620149_236624244,43,3904,4031,3904,4031,127,0.5849241018295288,,,,,False,False
h0_chr1_236620149_236624244,44,1304,4094,1304,4094,2790,0.5847833752632141,Initiator,,promoter,,False,False
h0_chr1_236620149_236624244,45,4004,4085,4004,4085,81,0.5843569040298462,,,,,False,False
h0_chr1_236620149_236624244,46,2650,3904,2650,3904,1254,0.584068775177002,,,,,False,False
h0_chr1_236620149_236624244,47,1386,3882,1386,3882,2496,0.5837823152542114,,,,,False,False
h0_chr1_236620149_236624244,48,3987,4058,3987,4058,71,0.5835402607917786,Initiator,,promoter,,False,False
h0_chr1_236620149_236624244,49,4033,4085,4033,4085,52,0.5829348564147949,,,,,False,False
h0_chr1_236620149_236624244,50,1319,3882,1319,3882,2563,0.582871675491333,,,,,False,False
h0_chr1_236620149_236624244,51,1306,4094,1306,4094,2788,0.5815179944038391,Initiator,,promoter,,False,False
h0_chr1_236620149_236624244,52,3990,4067,3990,4067,77,0.5814687013626099,,,,,False,False
h0_chr1_236620149_236624244,53,1306,4009,1306,4009,2703,0.5813977718353271,Initiator,,promoter,,False,False
h0_chr1_236620149_236624244,54,3984,4040,3984,4040,56,0.5813632011413574,Initiator,,promoter,,False,False
h0_chr1_236620149_236624244,55,1438,4058,1438,4058,2620,0.5813353657722473,,,,,False,False
h0_chr1_236620149_236624244,56,3909,4061,3909,4061,152,0.5812329053878784,,,,,False,False
h0_chr1_236620149_236624244,57,3154,3220,3154,3220,66,0.5812184810638428,Initiator,,promoter,,False,False
h0_chr1_236620149_236624244,58,3879,4094,3879,4094,215,0.5808926820755005,,,,,False,False
h0_chr1_236620149_236624244,59,3154,3904,3154,3904,750,0.5803936719894409,Initiator,,promoter,,False,False
h0_chr1_236620149_236624244,60,2753,2936,2753,2936,183,0.5803736448287964,,,,,False,False
h0_chr1_236620149_236624244,61,3921,3995,3921,3995,74,0.5803272724151611,,,,,False,False
h0_chr1_236620149_236624244,62,1304,4058,1304,4058,2754,0.5798442363739014,Initiator,,promoter,,False,False
h0_chr1_236620149_236624244,63,1958,2280,1958,2280,322,0.5796040296554565,,,,,False,False
h0_chr1_236620149_236624244,64,130,3882,130,3882,3752,0.5791792273521423,,,,,False,False
h0_chr1_236620149_236624244,65,1456,4058,1456,4058,2602,0.5791332721710205,,,,,False,False
h0_chr1_236620149_236624244,66,180,1716,180,1716,1536,0.5790157318115234,,,,,False,False
h0_chr1_236620149_236624244,67,1301,4009,1301,4009,2708,0.5785328149795532,Initiator,,promoter,,False,False
h0_chr1_236620149_236624244,68,189,3882,189,3882,3693,0.5784419775009155,,,,,False,False
h0_chr1_236620149_236624244,69,1259,3921,1259,3921,2662,0.578137993812561,,,,,False,False
h0_chr1_236620149_236624244,70,1992,2993,1992,2993,1001,0.5779232382774353,,,,,False,False
h0_chr1_236620149_236624244,71,180,1752,180,1752,1572,0.5772433280944824,,,,,False,False
h0_chr1_236620149_236624244,72,1314,4058,1314,4058,2744,0.5769705772399902,,,,,False,False
h0_chr1_236620149_236624244,73,4024,4094,4024,4094,70,0.5767260789871216,,,,,False,False
h0_chr1_236620149_236624244,74,3921,4094,3921,4094,173,0.5759842395782471,,,,,False,False
h0_chr1_236620149_236624244,75,690,1326,690,1326,636,0.5756965279579163,,,,,False,False
h0_chr1_236620149_236624244,76,3392,4092,3392,4092,700,0.5755795240402222,,,,,False,False
h0_chr1_236620149_236624244,77,3921,4017,3921,4017,96,0.5754917860031128,,,,,False,False
h0_chr1_236620149_236624244,78,1752,3904,1752,3904,2152,0.5754888653755188,,,,,False,False
h0_chr1_236620149_236624244,79,4004,4061,4004,4061,57,0.5751248598098755,,,,,False,False
h0_chr1_236620149_236624244,80,1600,1752,1600,1752,152,0.5750952959060669,,,,,False,False
h0_chr1_236620149_236624244,81,3604,3927,3604,3927,323,0.5750226378440857,Initiator,,promoter,,False,False
h0_chr1_236620149_236624244,82,3604,4058,3604,4058,454,0.5746386051177979,Initiator,,promoter,,False,False
h0_chr1_236620149_236624244,83,474,3904,474,3904,3430,0.5743502378463745,,,,,False,False
h0_chr1_236620149_236624244,84,690,1376,690,1376,686,0.5740585327148438,,Initiator,,promoter,False,False
h0_chr1_236620149_236624244,85,2822,2937,2822,2937,115,0.5740111470222473,,,,,False,False
h0_chr1_236620149_236624244,86,3890,4058,3890,4058,168,0.5737267732620239,,,,,False,False
h0_chr1_236620149_236624244,87,1333,1816,1333,1816,483,0.5730700492858887,,,,,False,False
h0_chr1_236620149_236624244,88,1306,4058,1306,4058,2752,0.5729804039001465,Initiator,,promoter,,False,False
h0_chr1_236620149_236624244,89,1752,3220,1752,3220,1468,0.5727392435073853,,,,,False,False
h0_chr1_236620149_236624244,90,1216,1395,1216,1395,179,0.5723093748092651,,,,,False,False
h0_chr1_236620149_236624244,91,1600,3154,1600,3154,1554,0.5722965002059937,,Initiator,,promoter,False,False
h0_chr1_236620149_236624244,92,180,2839,180,2839,2659,0.5722829103469849,,,,,False,False
h0_chr1_236620149_236624244,93,3451,4085,3451,4085,634,0.5722509622573853,,,,,False,False
h0_chr1_236620149_236624244,94,1314,3927,1314,3927,2613,0.5719317197799683,,,,,False,False
h0_chr1_236620149_236624244,95,449,3904,449,3904,3455,0.5712285041809082,,,,,False,False
h0_chr1_236620149_236624244,96,1524,4094,1524,4094,2570,0.5711644887924194,,,,,False,False
h0_chr1_236620149_236624244,97,689,925,689,925,236,0.5711157321929932,,,,,False,False
h0_chr1_236620149_236624244,98,1314,4009,1314,4009,2695,0.5706530809402466,,,,,False,False
h0_chr1_236620149_236624244,99,1752,1958,1752,1958,206,0.5705838203430176,,,,,False,False
h0_chr1_236620149_236624244,100,3522,3832,3522,3832,310,0.570458173751831,,,,,False,False
h0_chr1_236620149_236624244,101,2703,3882,2703,3882,1179,0.5704069137573242,,,,,False,False
h0_chr1_236620149_236624244,102,1716,3949,1716,3949,2233,0.5703424215316772,,,,,False,False
h0_chr1_236620149_236624244,103,4009,4067,4009,4067,58,0.5701959729194641,,,,,False,False
h0_chr1_236620149_236624244,104,2839,3220,2839,3220,381,0.5697590112686157,,,,,False,False
h0_chr1_236620149_236624244,105,2839,3904,2839,3904,1065,0.5697323083877563,,,,,False,False
h0_chr1_236620149_236624244,106,3894,4085,3894,4085,191,0.5694068670272827,Initiator,,promoter,,False,False
h0_chr1_236620149_236624244,107,180,2702,180,2702,2522,0.5690951943397522,,Initiator,,promoter,False,False
h0_chr1_236620149_236624244,108,124,4013,124,4013,3889,0.5690330266952515,,,,,False,False
h0_chr1_236620149_236624244,109,3597,4058,3597,4058,461,0.5690068006515503,Initiator;TATA_box,,promoter,,False,False
h0_chr1_236620149_236624244,110,3879,4058,3879,4058,179,0.5687428712844849,,,,,False,False
h0_chr1_236620149_236624244,111,3910,4033,3910,4033,123,0.5685715675354004,,,,,False,False
h0_chr1_236620149_236624244,112,3579,4058,3579,4058,479,0.5685194730758667,,,,,False,False
h0_chr1_236620149_236624244,113,3954,4009,3954,4009,55,0.5683691501617432,,,,,False,False
h0_chr1_236620149_236624244,114,3832,3921,3832,3921,89,0.5682739615440369,,,,,False,False
h0_chr1_236620149_236624244,115,180,2937,180,2937,2757,0.5680450797080994,,,,,False,False
h0_chr1_236620149_236624244,116,1281,4094,1281,4094,2813,0.5678786039352417,,,,,False,False
h0_chr1_236620149_236624244,117,707,4009,707,4009,3302,0.5674964189529419,,,,,False,False
h0_chr1_236620149_236624244,118,689,2702,689,2702,2013,0.5673640966415405,,Initiator,,promoter,False,False
h0_chr1_236620149_236624244,119,3832,4013,3832,4013,181,0.5672706365585327,,,,,False,False
h0_chr1_236620149_236624244,120,3927,4067,3927,4067,140,0.5671998858451843,,,,,False,False
h0_chr1_236620149_236624244,121,3705,3882,3705,3882,177,0.5670456290245056,,,,,False,False
h0_chr1_236620149_236624244,122,925,3220,925,3220,2295,0.5669156312942505,,,,,False,False
h0_chr1_236620149_236624244,123,201,3882,201,3882,3681,0.5667530298233032,,,,,False,False
h0_chr1_236620149_236624244,124,1307,4094,1307,4094,2787,0.5665740370750427,Initiator,,promoter,,False,False
h0_chr1_236620149_236624244,125,2797,2918,2797,2918,121,0.5665294528007507,,,,,False,False
h0_chr1_236620149_236624244,126,2504,2807,2504,2807,303,0.5663764476776123,Initiator,,promoter,,False,False
h0_chr1_236620149_236624244,127,3167,3882,3167,3882,715,0.565931499004364,,,,,False,False
h0_chr1_236620149_236624244,128,1319,3921,1319,3921,2602,0.5658955574035645,,,,,False,False
h0_chr1_236620149_236624244,129,689,1752,689,1752,1063,0.5658133029937744,,,,,False,False
h0_chr1_236620149_236624244,130,1395,1465,1395,1465,70,0.5656698942184448,,,,,False,False
h0_chr1_236620149_236624244,131,1275,3882,1275,3882,2607,0.565587043762207,,,,,False,False
h0_chr1_236620149_236624244,132,2818,2904,2818,2904,86,0.5654937624931335,,,,,False,False
h0_chr1_236620149_236624244,133,3999,4085,3999,4085,86,0.5653705596923828,,,,,False,False
h0_chr1_236620149_236624244,134,1231,2839,1231,2839,1608,0.565363883972168,,,,,False,False
h0_chr1_236620149_236624244,135,474,689,474,689,215,0.5652917623519897,,,,,False,False
h0_chr1_236620149_236624244,136,3522,4058,3522,4058,536,0.5651952028274536,,,,,False,False
h0_chr1_236620149_236624244,137,1600,2280,1600,2280,680,0.5651065111160278,,,,,False,False
h0_chr1_236620149_236624244,138,3994,4085,3994,4085,91,0.5645197629928589,,,,,False,False
h0_chr1_236620149_236624244,139,2280,2399,2280,2399,119,0.5631290674209595,,,,,False,False
h0_chr1_236620149_236624244,140,3904,4030,3904,4030,126,0.5630534887313843,,,,,False,False
h0_chr1_236620149_236624244,141,474,752,474,752,278,0.5630344748497009,,,,,False,False
h0_chr1_236620149_236624244,142,2204,2299,2204,2299,95,0.5629685521125793,,,,,False,False
h0_chr1_236620149_236624244,143,700,3954,700,3954,3254,0.5628885626792908,,,,,False,False
h0_chr1_236620149_236624244,144,1743,4009,1743,4009,2266,0.5627301931381226,,,,,False,False
h0_chr1_236620149_236624244,145,689,3154,689,3154,2465,0.5624011754989624,,Initiator,,promoter,False,False
h0_chr1_236620149_236624244,146,3579,3927,3579,3927,348,0.5623366832733154,,,,,False,False
h0_chr1_236620149_236624244,147,1752,3949,1752,3949,2197,0.562260627746582,,,,,False,False
h0_chr1_236620149_236624244,148,4017,4067,4017,4067,50,0.5613281726837158,,,,,False,False
h0_chr1_236620149_236624244,149,3930,4067,3930,4067,137,0.561185359954834,,,,,False,False
h0_chr1_236620149_236624244,150,100,3882,100,3882,3782,0.561180055141449,,,,,False,False
h0_chr1_236620149_236624244,151,3927,4013,3927,4013,86,0.560962438583374,,,,,False,False
h0_chr1_236620149_236624244,152,1716,3904,1716,3904,2188,0.5609153509140015,,,,,False,False
h0_chr1_236620149_236624244,153,1304,4009,1304,4009,2705,0.5606513619422913,Initiator,,promoter,,False,False
h0_chr1_236620149_236624244,154,3579,4017,3579,4017,438,0.5604579448699951,,,,,False,False
h0_chr1_236620149_236624244,155,1301,4094,1301,4094,2793,0.5600905418395996,Initiator,,promoter,,False,False
h0_chr1_236620149_236624244,156,700,3882,700,3882,3182,0.5596468448638916,,,,,False,False
h0_chr1_236620149_236624244,157,3427,3882,3427,3882,455,0.5595719814300537,,,,,False,False
h0_chr1_236620149_236624244,158,2702,3220,2702,3220,518,0.5595704913139343,Initiator,,promoter,,False,False
h0_chr1_236620149_236624244,159,2162,4058,2162,4058,1896,0.5594800114631653,,,,,False,False
h0_chr1_236620149_236624244,160,1620,3882,1620,3882,2262,0.55929034948349,,,,,False,False
h0_chr1_236620149_236624244,161,1364,3882,1364,3882,2518,0.5592586994171143,,,,,False,False
h0_chr1_236620149_236624244,162,3427,3954,3427,3954,527,0.5591117143630981,,,,,False,False
h0_chr1_236620149_236624244,163,1333,1421,1333,1421,88,0.5590524077415466,,Initiator,,promoter,False,False
h0_chr1_236620149_236624244,164,131,3882,131,3882,3751,0.5589484572410583,,,,,False,False
h0_chr1_236620149_236624244,165,1352,3927,1352,3927,2575,0.5588736534118652,GATA,,tfbs,,False,False
h0_chr1_236620149_236624244,166,1281,3927,1281,3927,2646,0.5588265657424927,,,,,False,False
h0_chr1_236620149_236624244,167,1314,3995,1314,3995,2681,0.5587091445922852,,,,,False,False
h0_chr1_236620149_236624244,168,180,2280,180,2280,2100,0.5582488775253296,,,,,False,False
h0_chr1_236620149_236624244,169,3879,3995,3879,3995,116,0.5578761100769043,,,,,False,False
h0_chr1_236620149_236624244,170,180,4031,180,4031,3851,0.5578247308731079,,,,,False,False
h0_chr1_236620149_236624244,171,292,1785,292,1785,1493,0.5575880408287048,,,,,False,False
h0_chr1_236620149_236624244,172,1281,4058,1281,4058,2777,0.5574241280555725,,,,,False,False
h0_chr1_236620149_236624244,173,1524,4009,1524,4009,2485,0.5573339462280273,,,,,False,False
h0_chr1_236620149_236624244,174,1352,4009,1352,4009,2657,0.5572411417961121,GATA,,tfbs,,False,False
h0_chr1_236620149_236624244,175,1444,4058,1444,4058,2614,0.5571703910827637,,,,,False,False
h0_chr1_236620149_236624244,176,3954,4017,3954,4017,63,0.5570554733276367,,,,,False,False
h0_chr1_236620149_236624244,177,3921,4018,3921,4018,97,0.5570095181465149,,,,,False,False
h0_chr1_236620149_236624244,178,1464,3882,1464,3882,2418,0.5569897890090942,,,,,False,False
h0_chr1_236620149_236624244,179,1752,4052,1752,4052,2300,0.5569259524345398,,,,,False,False
h0_chr1_236620149_236624244,180,449,752,449,752,303,0.5566597580909729,,,,,False,False
h0_chr1_236620149_236624244,181,1958,2839,1958,2839,881,0.556183934211731,,,,,False,False
h0_chr1_236620149_236624244,182,123,4012,123,4012,3889,0.5561578869819641,,,,,False,False
h0_chr1_236620149_236624244,183,449,3949,449,3949,3500,0.5558043718338013,,,,,False,False
h0_chr1_236620149_236624244,184,1752,2822,1752,2822,1070,0.5556822419166565,,,,,False,False
h0_chr1_236620149_236624244,185,1259,1352,1259,1352,93,0.555491030216217,,GATA,,tfbs,False,False
h0_chr1_236620149_236624244,186,2280,3904,2280,3904,1624,0.5554417371749878,,,,,False,False
h0_chr1_236620149_236624244,187,1002,3909,1002,3909,2907,0.5553840398788452,,,,,False,False
h0_chr1_236620149_236624244,188,4012,4085,4012,4085,73,0.5553431510925293,,,,,False,False
h0_chr1_236620149_236624244,189,180,2650,180,2650,2470,0.5553411245346069,,,,,False,False
h0_chr1_236620149_236624244,190,1364,4013,1364,4013,2649,0.5550302267074585,,,,,False,False
h0_chr1_236620149_236624244,191,1302,4009,1302,4009,2707,0.5549913644790649,Initiator,,promoter,,False,False
h0_chr1_236620149_236624244,192,3939,4067,3939,4067,128,0.5548571944236755,,,,,False,False
h0_chr1_236620149_236624244,193,1314,4094,1314,4094,2780,0.554722785949707,,,,,False,False
h0_chr1_236620149_236624244,194,76,3882,76,3882,3806,0.55454421043396,,,,,False,False
h0_chr1_236620149_236624244,195,2552,2973,2552,2973,421,0.5545288324356079,,GATA,,tfbs,False,False
h0_chr1_236620149_236624244,196,1743,4094,1743,4094,2351,0.5543169379234314,,,,,False,False
h0_chr1_236620149_236624244,197,2775,2936,2775,2936,161,0.5543044805526733,,,,,False,False
h0_chr1_236620149_236624244,198,1524,4058,1524,4058,2534,0.5542001128196716,,,,,False,False
h0_chr1_236620149_236624244,199,1620,3898,1620,3898,2278,0.5540450215339661,,,,,False,False
h0_chr1_236620149_236624244,200,123,3909,123,3909,3786,0.5540223717689514,,,,,False,False
h0_chr14_101543080_101547175,1,3010,3198,3010,3198,188,0.6403136849403381,GC_box,,promoter,,False,False
h0_chr14_101543080_101547175,2,549,3753,549,3753,3204,0.5654844641685486,Initiator,,promoter,,False,False
h0_chr14_101543080_101547175,3,543,3752,543,3752,3209,0.5584321022033691,,,,,False,False
h0_chr14_101543080_101547175,4,549,3752,549,3752,3203,0.5403631925582886,Initiator,,promoter,,False,False
h0_chr14_101543080_101547175,5,546,3752,546,3752,3206,0.5359174013137817,Initiator,,promoter,,False,False
h0_chr14_101543080_101547175,6,544,3752,544,3752,3208,0.52415531873703,,,,,False,False
h0_chr14_101543080_101547175,7,2632,2697,2632,2697,65,0.5139704346656799,,,,,False,False
h0_chr14_101543080_101547175,8,707,1019,707,1019,312,0.51385498046875,Initiator,,promoter,,False,False
h0_chr14_101543080_101547175,9,545,3752,545,3752,3207,0.509734570980072,Initiator,,promoter,,False,False
h0_chr14_101543080_101547175,10,2039,2377,2039,2377,338,0.4963340759277344,,,,,False,False
h0_chr14_101543080_101547175,11,550,3752,550,3752,3202,0.4958130121231079,Initiator,,promoter,,False,False
h0_chr14_101543080_101547175,12,550,2673,550,2673,2123,0.4908089339733124,Initiator,,promoter,,False,False
h0_chr14_101543080_101547175,13,549,2673,549,2673,2124,0.48787492513656616,Initiator,,promoter,,False,False
h0_chr14_101543080_101547175,14,551,3753,551,3753,3202,0.48717981576919556,Initiator,,promoter,,False,False
h0_chr14_101543080_101547175,15,545,3753,545,3753,3208,0.4863687753677368,Initiator,,promoter,,False,False
h0_chr14_101543080_101547175,16,2853,3198,2853,3198,345,0.48523736000061035,,,,,False,False
h0_chr14_101543080_101547175,17,2376,2594,2376,2594,218,0.48268985748291016,NFkB,,tfbs,,False,False
h0_chr14_101543080_101547175,18,2038,2377,2038,2377,339,0.48089611530303955,,,,,False,False
h0_chr14_101543080_101547175,19,2216,2393,2216,2393,177,0.48004215955734253,Initiator,Initiator,promoter,promoter,True,True
h0_chr14_101543080_101547175,20,545,2673,545,2673,2128,0.4781249761581421,Initiator,,promoter,,False,False
h0_chr14_101543080_101547175,21,546,1386,546,1386,840,0.4758182168006897,Initiator,,promoter,,False,False
h0_chr14_101543080_101547175,22,550,3753,550,3753,3203,0.47409334778785706,Initiator,,promoter,,False,False
h0_chr14_101543080_101547175,23,551,3752,551,3752,3201,0.47089385986328125,Initiator,,promoter,,False,False
h0_chr14_101543080_101547175,24,2594,2857,2594,2857,263,0.4693659245967865,,,,,False,False
h0_chr14_101543080_101547175,25,2416,2857,2416,2857,441,0.46849700808525085,,,,,False,False
h0_chr14_101543080_101547175,26,2595,3574,2595,3574,979,0.465424120426178,,,,,False,False
h0_chr14_101543080_101547175,27,3395,3561,3395,3561,166,0.4636046588420868,,,,,False,False
h0_chr14_101543080_101547175,28,887,948,887,948,61,0.46353206038475037,Initiator;RUNX,,promoter;tfbs,,False,False
h0_chr14_101543080_101547175,29,2038,2416,2038,2416,378,0.4632894992828369,,,,,False,False
h0_chr14_101543080_101547175,30,3198,3503,3198,3503,305,0.46176671981811523,,,,,False,False
h0_chr14_101543080_101547175,31,2774,2848,2774,2848,74,0.46172577142715454,BREu,BREu,promoter,promoter,True,True
h0_chr14_101543080_101547175,32,543,3757,543,3757,3214,0.46160632371902466,,,,,False,False
h0_chr14_101543080_101547175,33,2928,3612,2928,3612,684,0.46108901500701904,Initiator,,promoter,,False,False
h0_chr14_101543080_101547175,34,2377,2857,2377,2857,480,0.4608039855957031,,,,,False,False
h0_chr14_101543080_101547175,35,544,1386,544,1386,842,0.45917338132858276,,,,,False,False
h0_chr14_101543080_101547175,36,543,1386,543,1386,843,0.45878568291664124,,,,,False,False
h0_chr14_101543080_101547175,37,2593,3010,2593,3010,417,0.4546172320842743,,GC_box,,promoter,False,False
h0_chr14_101543080_101547175,38,2416,2850,2416,2850,434,0.45422154664993286,,BREu,,promoter,False,False
h0_chr14_101543080_101547175,39,2039,3198,2039,3198,1159,0.45421090722084045,,,,,False,False
h0_chr14_101543080_101547175,40,543,2704,543,2704,2161,0.44921934604644775,,,,,False,False
h0_chr14_101543080_101547175,41,2377,2593,2377,2593,216,0.44852039217948914,,,,,False,False
h0_chr14_101543080_101547175,42,2408,2725,2408,2725,317,0.44820788502693176,,,,,False,False
h0_chr14_101543080_101547175,43,2300,3198,2300,3198,898,0.44815829396247864,,,,,False,False
h0_chr14_101543080_101547175,44,542,707,542,707,165,0.44803065061569214,,Initiator,,promoter,False,False
h0_chr14_101543080_101547175,45,2038,2594,2038,2594,556,0.4474780857563019,,,,,False,False
h0_chr14_101543080_101547175,46,117,205,117,205,88,0.447472482919693,,,,,False,False
h0_chr14_101543080_101547175,47,686,742,686,742,56,0.44732245802879333,,,,,False,False
h0_chr14_101543080_101547175,48,1925,2593,1925,2593,668,0.4467092752456665,,,,,False,False
h0_chr14_101543080_101547175,49,549,2677,549,2677,2128,0.4450865387916565,Initiator,Initiator,promoter,promoter,True,True
h0_chr14_101543080_101547175,50,546,2704,546,2704,2158,0.4450078010559082,Initiator,,promoter,,False,False
h0_chr14_101543080_101547175,51,2377,3010,2377,3010,633,0.44396913051605225,,GC_box,,promoter,False,False
h0_chr14_101543080_101547175,52,2039,2847,2039,2847,808,0.4424452781677246,,BREu,,promoter,False,False
h0_chr14_101543080_101547175,53,1400,1813,1400,1813,413,0.44222187995910645,,,,,False,False
h0_chr14_101543080_101547175,54,2594,2990,2594,2990,396,0.4410945773124695,,,,,False,False
h0_chr14_101543080_101547175,55,1868,2848,1868,2848,980,0.44082003831863403,BREu,BREu,promoter,promoter,True,True
h0_chr14_101543080_101547175,56,2632,2712,2632,2712,80,0.44081342220306396,,,,,False,False
h0_chr14_101543080_101547175,57,889,948,889,948,59,0.4389272928237915,Initiator;RUNX,,promoter;tfbs,,False,False
h0_chr14_101543080_101547175,58,1462,1817,1462,1817,355,0.4385406970977783,Initiator,,promoter,,False,False
h0_chr14_101543080_101547175,59,2641,2697,2641,2697,56,0.4377589821815491,,,,,False,False
h0_chr14_101543080_101547175,60,642,741,642,741,99,0.43717867136001587,,,,,False,False
h0_chr14_101543080_101547175,61,3353,3648,3353,3648,295,0.4366946816444397,,,,,False,False
h0_chr14_101543080_101547175,62,1883,2857,1883,2857,974,0.4354797601699829,,,,,False,False
h0_chr14_101543080_101547175,63,888,947,888,947,59,0.43432164192199707,Initiator;RUNX,,promoter;tfbs,,False,False
h0_chr14_101543080_101547175,64,2345,3558,2345,3558,1213,0.43408656120300293,,,,,False,False
h0_chr14_101543080_101547175,65,3887,4074,3887,4074,187,0.4331967830657959,,Initiator,,promoter,False,False
h0_chr14_101543080_101547175,66,117,197,117,197,80,0.43289613723754883,,,,,False,False
h0_chr14_101543080_101547175,67,905,956,905,956,51,0.4327668845653534,Initiator;YY1,,promoter;tfbs,,False,False
h0_chr14_101543080_101547175,68,2377,3198,2377,3198,821,0.4327562749385834,,,,,False,False
h0_chr14_101543080_101547175,69,1925,2377,1925,2377,452,0.4324496388435364,,,,,False,False
h0_chr14_101543080_101547175,70,2573,2889,2573,2889,316,0.43187984824180603,NFkB,Initiator,tfbs,promoter,True,False
h0_chr14_101543080_101547175,71,2039,2857,2039,2857,818,0.43172013759613037,,,,,False,False
h0_chr14_101543080_101547175,72,2416,2593,2416,2593,177,0.43143510818481445,,,,,False,False
h0_chr14_101543080_101547175,73,814,2641,814,2641,1827,0.43127569556236267,,,,,False,False
h0_chr14_101543080_101547175,74,2122,2580,2122,2580,458,0.430792897939682,,,,,False,False
h0_chr14_101543080_101547175,75,909,1151,909,1151,242,0.43038758635520935,,,,,False,False
h0_chr14_101543080_101547175,76,197,251,197,251,54,0.4301968514919281,,,,,False,False
h0_chr14_101543080_101547175,77,2205,2593,2205,2593,388,0.42950665950775146,,,,,False,False
h0_chr14_101543080_101547175,78,3402,3492,3402,3492,90,0.4291999638080597,,,,,False,False
h0_chr14_101543080_101547175,79,1132,1394,1132,1394,262,0.4285905361175537,,,,,False,False
h0_chr14_101543080_101547175,80,997,1868,997,1868,871,0.4276488721370697,,BREu,,promoter,False,False
h0_chr14_101543080_101547175,81,2300,2593,2300,2593,293,0.4274313449859619,,,,,False,False
h0_chr14_101543080_101547175,82,2632,2708,2632,2708,76,0.42675650119781494,,,,,False,False
h0_chr14_101543080_101547175,83,705,1019,705,1019,314,0.42612749338150024,,,,,False,False
h0_chr14_101543080_101547175,84,550,1006,550,1006,456,0.42606547474861145,Initiator,,promoter,,False,False
h0_chr14_101543080_101547175,85,546,2673,546,2673,2127,0.42584994435310364,Initiator,,promoter,,False,False
h0_chr14_101543080_101547175,86,671,722,671,722,51,0.42571040987968445,Initiator,Initiator,promoter,promoter,True,True
h0_chr14_101543080_101547175,87,242,380,242,380,138,0.425327867269516,,,,,False,False
h0_chr14_101543080_101547175,88,684,1019,684,1019,335,0.424147367477417,,,,,False,False
h0_chr14_101543080_101547175,89,2333,2408,2333,2408,75,0.42362597584724426,,,,,False,False
h0_chr14_101543080_101547175,90,910,966,910,966,56,0.42346638441085815,,,,,False,False
h0_chr14_101543080_101547175,91,2416,2848,2416,2848,432,0.42338699102401733,,BREu,,promoter,False,False
h0_chr14_101543080_101547175,92,99,243,99,243,144,0.4227932095527649,,,,,False,False
h0_chr14_101543080_101547175,93,2673,3752,2673,3752,1079,0.42193612456321716,,,,,False,False
h0_chr14_101543080_101547175,94,99,153,99,153,54,0.4216235280036926,,,,,False,False
h0_chr14_101543080_101547175,95,537,1162,537,1162,625,0.4207775294780731,,,,,False,False
h0_chr14_101543080_101547175,96,909,964,909,964,55,0.420634925365448,,,,,False,False
h0_chr14_101543080_101547175,97,2416,2594,2416,2594,178,0.42039942741394043,,,,,False,False
h0_chr14_101543080_101547175,98,741,824,741,824,83,0.42012926936149597,,,,,False,False
h0_chr14_101543080_101547175,99,545,2677,545,2677,2132,0.4196791648864746,Initiator,Initiator,promoter,promoter,True,True
h0_chr14_101543080_101547175,100,706,1019,706,1019,313,0.4194954037666321,,,,,False,False
h0_chr14_101543080_101547175,101,2365,3819,2365,3819,1454,0.419265478849411,,,,,False,False
h0_chr14_101543080_101547175,102,686,741,686,741,55,0.4192346930503845,,,,,False,False
h0_chr14_101543080_101547175,103,550,2677,550,2677,2127,0.4189704656600952,Initiator,Initiator,promoter,promoter,True,True
h0_chr14_101543080_101547175,104,197,651,197,651,454,0.4186509847640991,,,,,False,False
h0_chr14_101543080_101547175,105,899,957,899,957,58,0.4184882938861847,,,,,False,False
h0_chr14_101543080_101547175,106,543,2675,543,2675,2132,0.41824325919151306,,Initiator,,promoter,False,False
h0_chr14_101543080_101547175,107,2991,3198,2991,3198,207,0.4179379642009735,,,,,False,False
h0_chr14_101543080_101547175,108,2967,4080,2967,4080,1113,0.4178275465965271,Initiator,Initiator,promoter,promoter,True,True
h0_chr14_101543080_101547175,109,2377,2594,2377,2594,217,0.41757553815841675,,,,,False,False
h0_chr14_101543080_101547175,110,3901,3987,3901,3987,86,0.4173785448074341,,,,,False,False
h0_chr14_101543080_101547175,111,738,859,738,859,121,0.4172980785369873,,,,,False,False
h0_chr14_101543080_101547175,112,2426,3617,2426,3617,1191,0.41679900884628296,Initiator,,promoter,,False,False
h0_chr14_101543080_101547175,113,20,117,20,117,97,0.4167623519897461,,,,,False,False
h0_chr14_101543080_101547175,114,1360,3282,1360,3282,1922,0.4160194993019104,,Initiator,,promoter,False,False
h0_chr14_101543080_101547175,115,67,284,67,284,217,0.41595450043678284,Initiator,,promoter,,False,False
h0_chr14_101543080_101547175,116,269,373,269,373,104,0.4158901572227478,,,,,False,False
h0_chr14_101543080_101547175,117,549,1006,549,1006,457,0.4158775210380554,Initiator,,promoter,,False,False
h0_chr14_101543080_101547175,118,3612,4031,3612,4031,419,0.41532018780708313,,,,,False,False
h0_chr14_101543080_101547175,119,1868,2857,1868,2857,989,0.4147818684577942,BREu,,promoter,,False,False
h0_chr14_101543080_101547175,120,2377,2848,2377,2848,471,0.4145505428314209,,BREu,,promoter,False,False
h0_chr14_101543080_101547175,121,197,270,197,270,73,0.41446051001548767,,,,,False,False
h0_chr14_101543080_101547175,122,701,1386,701,1386,685,0.4143689274787903,,,,,False,False
h0_chr14_101543080_101547175,123,3159,3797,3159,3797,638,0.41416075825691223,,,,,False,False
h0_chr14_101543080_101547175,124,2216,2390,2216,2390,174,0.41375309228897095,Initiator,,promoter,,False,False
h0_chr14_101543080_101547175,125,2580,3472,2580,3472,892,0.4134473204612732,,,,,False,False
h0_chr14_101543080_101547175,126,2321,3523,2321,3523,1202,0.41338732838630676,,,,,False,False
h0_chr14_101543080_101547175,127,3337,4025,3337,4025,688,0.4133870601654053,,,,,False,False
h0_chr14_101543080_101547175,128,671,730,671,730,59,0.4133666753768921,Initiator,,promoter,,False,False
h0_chr14_101543080_101547175,129,2205,3198,2205,3198,993,0.4132975935935974,,,,,False,False
h0_chr14_101543080_101547175,130,551,2673,551,2673,2122,0.4131692945957184,Initiator,,promoter,,False,False
h0_chr14_101543080_101547175,131,2038,3554,2038,3554,1516,0.41305574774742126,,,,,False,False
h0_chr14_101543080_101547175,132,2820,3007,2820,3007,187,0.4121266007423401,RUNX,,tfbs,,False,False
h0_chr14_101543080_101547175,133,52,284,52,284,232,0.41207295656204224,Initiator,,promoter,,False,False
h0_chr14_101543080_101547175,134,806,856,806,856,50,0.4117710590362549,,,,,False,False
h0_chr14_101543080_101547175,135,2889,3159,2889,3159,270,0.4110802412033081,Initiator,,promoter,,False,False
h0_chr14_101543080_101547175,136,3515,3820,3515,3820,305,0.41052454710006714,,,,,False,False
h0_chr14_101543080_101547175,137,2264,2317,2264,2317,53,0.4105232357978821,,,,,False,False
h0_chr14_101543080_101547175,138,1411,1813,1411,1813,402,0.4102908968925476,,,,,False,False
h0_chr14_101543080_101547175,139,1019,1162,1019,1162,143,0.41000181436538696,,,,,False,False
h0_chr14_101543080_101547175,140,3198,3502,3198,3502,304,0.40971362590789795,,,,,False,False
h0_chr14_101543080_101547175,141,542,1005,542,1005,463,0.40940698981285095,,,,,False,False
h0_chr14_101543080_101547175,142,542,684,542,684,142,0.4091431200504303,,,,,False,False
h0_chr14_101543080_101547175,143,186,327,186,327,141,0.408259779214859,,,,,False,False
h0_chr14_101543080_101547175,144,3140,3198,3140,3198,58,0.4076322317123413,,,,,False,False
h0_chr14_101543080_101547175,145,2082,3144,2082,3144,1062,0.40755003690719604,,,,,False,False
h0_chr14_101543080_101547175,146,3958,4013,3958,4013,55,0.4072642922401428,Initiator,,promoter,,False,False
h0_chr14_101543080_101547175,147,2377,3572,2377,3572,1195,0.4072052240371704,,,,,False,False
h0_chr14_101543080_101547175,148,2593,3531,2593,3531,938,0.4071248173713684,,,,,False,False
h0_chr14_101543080_101547175,149,560,661,560,661,101,0.4069756865501404,,Initiator,,promoter,False,False
h0_chr14_101543080_101547175,150,2104,2276,2104,2276,172,0.4064844250679016,,,,,False,False
h0_chr14_101543080_101547175,151,2117,2398,2117,2398,281,0.4064613878726959,,Initiator,,promoter,False,False
h0_chr14_101543080_101547175,152,56,198,56,198,142,0.40621519088745117,Initiator,,promoter,,False,False
h0_chr14_101543080_101547175,153,1868,2416,1868,2416,548,0.40606001019477844,BREu,,promoter,,False,False
h0_chr14_101543080_101547175,154,3721,4009,3721,4009,288,0.40593481063842773,,,,,False,False
h0_chr14_101543080_101547175,155,2299,3010,2299,3010,711,0.4053885340690613,,GC_box,,promoter,False,False
h0_chr14_101543080_101547175,156,3442,3561,3442,3561,119,0.4053463041782379,,,,,False,False
h0_chr14_101543080_101547175,157,3612,3930,3612,3930,318,0.40507206320762634,,,,,False,False
h0_chr14_101543080_101547175,158,707,1049,707,1049,342,0.40486377477645874,Initiator,,promoter,,False,False
h0_chr14_101543080_101547175,159,2038,2848,2038,2848,810,0.40483978390693665,,BREu,,promoter,False,False
h0_chr14_101543080_101547175,160,546,2675,546,2675,2129,0.4048210382461548,Initiator,Initiator,promoter,promoter,True,True
h0_chr14_101543080_101547175,161,549,3750,549,3750,3201,0.40416771173477173,Initiator,,promoter,,False,False
h0_chr14_101543080_101547175,162,427,2062,427,2062,1635,0.4039810001850128,,,,,False,False
h0_chr14_101543080_101547175,163,2657,2734,2657,2734,77,0.40364500880241394,,,,,False,False
h0_chr14_101543080_101547175,164,2632,2715,2632,2715,83,0.40330713987350464,,,,,False,False
h0_chr14_101543080_101547175,165,2593,3503,2593,3503,910,0.40291357040405273,,,,,False,False
h0_chr14_101543080_101547175,166,2205,2377,2205,2377,172,0.40281814336776733,,,,,False,False
h0_chr14_101543080_101547175,167,3075,3296,3075,3296,221,0.4027307331562042,,,,,False,False
h0_chr14_101543080_101547175,168,911,974,911,974,63,0.40261727571487427,,,,,False,False
h0_chr14_101543080_101547175,169,4022,4094,4022,4094,72,0.40209752321243286,,,,,False,False
h0_chr14_101543080_101547175,170,3198,3345,3198,3345,147,0.4020857512950897,,E_box,,tfbs,False,False
h0_chr14_101543080_101547175,171,251,374,251,374,123,0.4020839035511017,,,,,False,False
h0_chr14_101543080_101547175,172,3183,4026,3183,4026,843,0.4010295569896698,,,,,False,False
h0_chr14_101543080_101547175,173,3995,4090,3995,4090,95,0.4008879065513611,,,,,False,False
h0_chr14_101543080_101547175,174,537,3752,537,3752,3215,0.40060633420944214,,,,,False,False
h0_chr14_101543080_101547175,175,1360,2413,1360,2413,1053,0.4005434513092041,,,,,False,False
h0_chr14_101543080_101547175,176,3911,3998,3911,3998,87,0.4005330204963684,,,,,False,False
h0_chr14_101543080_101547175,177,546,1006,546,1006,460,0.4002631902694702,Initiator,,promoter,,False,False
h0_chr14_101543080_101547175,178,4003,4070,4003,4070,67,0.4002397358417511,,,,,False,False
h0_chr14_101543080_101547175,179,2773,3021,2773,3021,248,0.4001782536506653,BREu,,promoter,,False,False
h0_chr14_101543080_101547175,180,544,3757,544,3757,3213,0.39997294545173645,,,,,False,False
h0_chr14_101543080_101547175,181,685,742,685,742,57,0.3997701406478882,,,,,False,False
h0_chr14_101543080_101547175,182,19,242,19,242,223,0.39971670508384705,,,,,False,False
h0_chr14_101543080_101547175,183,2,67,2,67,65,0.39953526854515076,,Initiator,,promoter,False,False
h0_chr14_101543080_101547175,184,2278,3576,2278,3576,1298,0.39944565296173096,,,,,False,False
h0_chr14_101543080_101547175,185,138,1995,138,1995,1857,0.39940276741981506,,,,,False,False
h0_chr14_101543080_101547175,186,2882,3165,2882,3165,283,0.3993677496910095,,,,,False,False
h0_chr14_101543080_101547175,187,98,152,98,152,54,0.39931759238243103,,,,,False,False
h0_chr14_101543080_101547175,188,2521,2622,2521,2622,101,0.39913758635520935,Initiator,,promoter,,False,False
h0_chr14_101543080_101547175,189,1868,2376,1868,2376,508,0.3990840017795563,BREu,NFkB,promoter,tfbs,True,False
h0_chr14_101543080_101547175,190,176,2857,176,2857,2681,0.39898231625556946,GC_box,,promoter,,False,False
h0_chr14_101543080_101547175,191,742,824,742,824,82,0.39848625659942627,,,,,False,False
h0_chr14_101543080_101547175,192,67,197,67,197,130,0.39845532178878784,Initiator,,promoter,,False,False
h0_chr14_101543080_101547175,193,2676,3752,2676,3752,1076,0.39836376905441284,Initiator,,promoter,,False,False
h0_chr14_101543080_101547175,194,2752,2807,2752,2807,55,0.3981190621852875,,,,,False,False
h0_chr14_101543080_101547175,195,558,3752,558,3752,3194,0.3976989686489105,,,,,False,False
h0_chr14_101543080_101547175,196,542,1021,542,1021,479,0.3976061940193176,,,,,False,False
h0_chr14_101543080_101547175,197,543,1395,543,1395,852,0.397134006023407,,,,,False,False
h0_chr14_101543080_101547175,198,2118,2990,2118,2990,872,0.3969462215900421,,,,,False,False
h0_chr14_101543080_101547175,199,2300,2376,2300,2376,76,0.39693981409072876,,NFkB,,tfbs,False,False
h0_chr14_101543080_101547175,200,2726,3282,2726,3282,556,0.3966812193393707,,Initiator,,promoter,False,False
h0_chr14_26677340_26681435,1,103,173,103,173,70,0.7424652576446533,,,,,False,False
h0_chr14_26677340_26681435,2,185,443,185,443,258,0.7357900738716125,,Initiator,,promoter,False,False
h0_chr14_26677340_26681435,3,59,176,59,176,117,0.7326900959014893,,,,,False,False
h0_chr14_26677340_26681435,4,103,189,103,189,86,0.726264238357544,,,,,False,False
h0_chr14_26677340_26681435,5,85,173,85,173,88,0.7246139049530029,Initiator,,promoter,,False,False
h0_chr14_26677340_26681435,6,349,550,349,550,201,0.7236899733543396,,,,,False,False
h0_chr14_26677340_26681435,7,186,443,186,443,257,0.7235302925109863,,Initiator,,promoter,False,False
h0_chr14_26677340_26681435,8,103,470,103,470,367,0.7219571471214294,,,,,False,False
h0_chr14_26677340_26681435,9,176,550,176,550,374,0.7201986312866211,,,,,False,False
h0_chr14_26677340_26681435,10,173,553,173,553,380,0.718097984790802,,,,,False,False
h0_chr14_26677340_26681435,11,157,730,157,730,573,0.7162084579467773,,Initiator,,promoter,False,False
h0_chr14_26677340_26681435,12,1053,1389,1053,1389,336,0.7155476808547974,,,,,False,False
h0_chr14_26677340_26681435,13,624,1624,624,1624,1000,0.7141571044921875,,,,,False,False
h0_chr14_26677340_26681435,14,349,730,349,730,381,0.7132783532142639,,Initiator,,promoter,False,False
h0_chr14_26677340_26681435,15,77,550,77,550,473,0.7125832438468933,,,,,False,False
h0_chr14_26677340_26681435,16,103,553,103,553,450,0.712581992149353,,,,,False,False
h0_chr14_26677340_26681435,17,77,196,77,196,119,0.7123584747314453,,,,,False,False
h0_chr14_26677340_26681435,18,1389,1786,1389,1786,397,0.7116464376449585,,,,,False,False
h0_chr14_26677340_26681435,19,173,550,173,550,377,0.7114474773406982,,,,,False,False
h0_chr14_26677340_26681435,20,1624,1864,1624,1864,240,0.7109259366989136,,,,,False,False
h0_chr14_26677340_26681435,21,176,349,176,349,173,0.7106841802597046,,,,,False,False
h0_chr14_26677340_26681435,22,242,1389,242,1389,1147,0.7097307443618774,,,,,False,False
h0_chr14_26677340_26681435,23,1140,1624,1140,1624,484,0.709336519241333,,,,,False,False
h0_chr14_26677340_26681435,24,1301,1698,1301,1698,397,0.7090251445770264,,Initiator,,promoter,False,False
h0_chr14_26677340_26681435,25,470,553,470,553,83,0.7087342739105225,,,,,False,False
h0_chr14_26677340_26681435,26,185,295,185,295,110,0.7086153030395508,,,,,False,False
h0_chr14_26677340_26681435,27,173,470,173,470,297,0.7081562280654907,,,,,False,False
h0_chr14_26677340_26681435,28,106,1389,106,1389,1283,0.7078612446784973,,,,,False,False
h0_chr14_26677340_26681435,29,189,470,189,470,281,0.7074279189109802,,,,,False,False
h0_chr14_26677340_26681435,30,45,103,45,103,58,0.7069474458694458,,,,,False,False
h0_chr14_26677340_26681435,31,173,349,173,349,176,0.7068824768066406,,,,,False,False
h0_chr14_26677340_26681435,32,103,183,103,183,80,0.7065656185150146,,,,,False,False
h0_chr14_26677340_26681435,33,464,1624,464,1624,1160,0.70632004737854,,,,,False,False
h0_chr14_26677340_26681435,34,645,1389,645,1389,744,0.706195056438446,,,,,False,False
h0_chr14_26677340_26681435,35,187,443,187,443,256,0.7058930397033691,,Initiator,,promoter,False,False
h0_chr14_26677340_26681435,36,103,196,103,196,93,0.7058266401290894,,,,,False,False
h0_chr14_26677340_26681435,37,1138,1624,1138,1624,486,0.7049281001091003,,,,,False,False
h0_chr14_26677340_26681435,38,246,1624,246,1624,1378,0.7048938870429993,Initiator,,promoter,,False,False
h0_chr14_26677340_26681435,39,159,730,159,730,571,0.7044204473495483,,Initiator,,promoter,False,False
h0_chr14_26677340_26681435,40,1389,1487,1389,1487,98,0.7040623426437378,,,,,False,False
h0_chr14_26677340_26681435,41,104,185,104,185,81,0.7033426761627197,,,,,False,False
h0_chr14_26677340_26681435,42,59,196,59,196,137,0.7032719850540161,,,,,False,False
h0_chr14_26677340_26681435,43,233,1389,233,1389,1156,0.7023650407791138,,,,,False,False
h0_chr14_26677340_26681435,44,1308,1698,1308,1698,390,0.7023509740829468,,Initiator,,promoter,False,False
h0_chr14_26677340_26681435,45,1369,1571,1369,1571,202,0.7023295164108276,,,,,False,False
h0_chr14_26677340_26681435,46,1571,1786,1571,1786,215,0.701804518699646,,,,,False,False
h0_chr14_26677340_26681435,47,349,442,349,442,93,0.701755166053772,,Initiator,,promoter,False,False
h0_chr14_26677340_26681435,48,1562,1698,1562,1698,136,0.7016178965568542,BREu,Initiator,promoter,promoter,True,False
h0_chr14_26677340_26681435,49,176,553,176,553,377,0.7008123993873596,,,,,False,False
h0_chr14_26677340_26681435,50,1624,1799,1624,1799,175,0.7007545232772827,,,,,False,False
h0_chr14_26677340_26681435,51,313,550,313,550,237,0.7005316019058228,Initiator,,promoter,,False,False
h0_chr14_26677340_26681435,52,1653,1786,1653,1786,133,0.699826717376709,,,,,False,False
h0_chr14_26677340_26681435,53,103,159,103,159,56,0.6997816562652588,,,,,False,False
h0_chr14_26677340_26681435,54,45,173,45,173,128,0.699653148651123,,,,,False,False
h0_chr14_26677340_26681435,55,173,313,173,313,140,0.6995415687561035,,Initiator,,promoter,False,False
h0_chr14_26677340_26681435,56,1624,1751,1624,1751,127,0.699009895324707,,,,,False,False
h0_chr14_26677340_26681435,57,1053,1653,1053,1653,600,0.6987069249153137,,,,,False,False
h0_chr14_26677340_26681435,58,150,341,150,341,191,0.6986958980560303,,,,,False,False
h0_chr14_26677340_26681435,59,470,550,470,550,80,0.6986871957778931,,,,,False,False
h0_chr14_26677340_26681435,60,1624,1775,1624,1775,151,0.6986293792724609,,,,,False,False
h0_chr14_26677340_26681435,61,550,730,550,730,180,0.6985247135162354,,Initiator,,promoter,False,False
h0_chr14_26677340_26681435,62,519,1389,519,1389,870,0.6981940269470215,,,,,False,False
h0_chr14_26677340_26681435,63,1047,1698,1047,1698,651,0.6979873180389404,,Initiator,,promoter,False,False
h0_chr14_26677340_26681435,64,185,349,185,349,164,0.6977999210357666,,,,,False,False
h0_chr14_26677340_26681435,65,77,193,77,193,116,0.697623610496521,,,,,False,False
h0_chr14_26677340_26681435,66,313,730,313,730,417,0.6976149082183838,Initiator,Initiator,promoter,promoter,True,True
h0_chr14_26677340_26681435,67,766,1864,766,1864,1098,0.6976137161254883,,,,,False,False
h0_chr14_26677340_26681435,68,358,1053,358,1053,695,0.6971254944801331,Initiator,,promoter,,False,False
h0_chr14_26677340_26681435,69,45,313,45,313,268,0.6967360973358154,,Initiator,,promoter,False,False
h0_chr14_26677340_26681435,70,624,766,624,766,142,0.6964868903160095,,,,,False,False
h0_chr14_26677340_26681435,71,185,550,185,550,365,0.6964457035064697,,,,,False,False
h0_chr14_26677340_26681435,72,242,1571,242,1571,1329,0.6964205503463745,,,,,False,False
h0_chr14_26677340_26681435,73,1032,1698,1032,1698,666,0.6961683034896851,,Initiator,,promoter,False,False
h0_chr14_26677340_26681435,74,341,550,341,550,209,0.6960465908050537,,,,,False,False
h0_chr14_26677340_26681435,75,1053,1571,1053,1571,518,0.6957882642745972,,,,,False,False
h0_chr14_26677340_26681435,76,1324,1624,1324,1624,300,0.6957674026489258,,,,,False,False
h0_chr14_26677340_26681435,77,1346,1571,1346,1571,225,0.6957367658615112,Initiator,,promoter,,False,False
h0_chr14_26677340_26681435,78,8,341,8,341,333,0.6956581473350525,Initiator,,promoter,,False,False
h0_chr14_26677340_26681435,79,173,730,173,730,557,0.6955944299697876,,Initiator,,promoter,False,False
h0_chr14_26677340_26681435,80,1047,1624,1047,1624,577,0.6952587366104126,,,,,False,False
h0_chr14_26677340_26681435,81,179,412,179,412,233,0.6952534317970276,,,,,False,False
h0_chr14_26677340_26681435,82,1310,1698,1310,1698,388,0.6951673030853271,,Initiator,,promoter,False,False
h0_chr14_26677340_26681435,83,103,349,103,349,246,0.6946425437927246,,,,,False,False
h0_chr14_26677340_26681435,84,83,173,83,173,90,0.6943044066429138,,,,,False,False
h0_chr14_26677340_26681435,85,45,470,45,470,425,0.6942272782325745,,,,,False,False
h0_chr14_26677340_26681435,86,349,553,349,553,204,0.6939476728439331,,,,,False,False
h0_chr14_26677340_26681435,87,157,729,157,729,572,0.6938821077346802,,Initiator,,promoter,False,False
h0_chr14_26677340_26681435,88,1698,1864,1698,1864,166,0.6938663721084595,Initiator,,promoter,,False,False
h0_chr14_26677340_26681435,89,572,1698,572,1698,1126,0.6935646533966064,,Initiator,,promoter,False,False
h0_chr14_26677340_26681435,90,215,1053,215,1053,838,0.693543553352356,,,,,False,False
h0_chr14_26677340_26681435,91,1053,1380,1053,1380,327,0.6935156583786011,,,,,False,False
h0_chr14_26677340_26681435,92,179,529,179,529,350,0.6934443116188049,,,,,False,False
h0_chr14_26677340_26681435,93,766,1047,766,1047,281,0.6934340596199036,,,,,False,False
h0_chr14_26677340_26681435,94,550,795,550,795,245,0.6934146881103516,,,,,False,False
h0_chr14_26677340_26681435,95,242,505,242,505,263,0.6933826804161072,,,,,False,False
h0_chr14_26677340_26681435,96,185,553,185,553,368,0.6932409405708313,,,,,False,False
h0_chr14_26677340_26681435,97,295,1491,295,1491,1196,0.6932081580162048,,,,,False,False
h0_chr14_26677340_26681435,98,568,638,568,638,70,0.6930891871452332,,,,,False,False
h0_chr14_26677340_26681435,99,1063,1733,1063,1733,670,0.6929545402526855,,,,,False,False
h0_chr14_26677340_26681435,100,159,442,159,442,283,0.6928080916404724,,Initiator,,promoter,False,False
h0_chr14_26677340_26681435,101,1338,1428,1338,1428,90,0.6925559043884277,,,,,False,False
h0_chr14_26677340_26681435,102,315,550,315,550,235,0.6922703981399536,Initiator,,promoter,,False,False
h0_chr14_26677340_26681435,103,442,550,442,550,108,0.6922119855880737,Initiator,,promoter,,False,False
h0_chr14_26677340_26681435,104,85,189,85,189,104,0.6922051906585693,Initiator,,promoter,,False,False
h0_chr14_26677340_26681435,105,102,175,102,175,73,0.6921905279159546,,,,,False,False
h0_chr14_26677340_26681435,106,1084,1624,1084,1624,540,0.6920652985572815,,,,,False,False
h0_chr14_26677340_26681435,107,104,187,104,187,83,0.6920309066772461,,,,,False,False
h0_chr14_26677340_26681435,108,1562,1624,1562,1624,62,0.6916828751564026,BREu,,promoter,,False,False
h0_chr14_26677340_26681435,109,83,550,83,550,467,0.6915484666824341,,,,,False,False
h0_chr14_26677340_26681435,110,102,195,102,195,93,0.691472589969635,,,,,False,False
h0_chr14_26677340_26681435,111,1287,1389,1287,1389,102,0.6914246678352356,,,,,False,False
h0_chr14_26677340_26681435,112,1564,1624,1564,1624,60,0.691294252872467,BREu,,promoter,,False,False
h0_chr14_26677340_26681435,113,106,1038,106,1038,932,0.6910496950149536,,,,,False,False
h0_chr14_26677340_26681435,114,1217,1389,1217,1389,172,0.6908975839614868,,,,,False,False
h0_chr14_26677340_26681435,115,172,730,172,730,558,0.6908848881721497,,Initiator,,promoter,False,False
h0_chr14_26677340_26681435,116,242,1653,242,1653,1411,0.6908203959465027,,,,,False,False
h0_chr14_26677340_26681435,117,186,349,186,349,163,0.6906877160072327,,,,,False,False
h0_chr14_26677340_26681435,118,638,860,638,860,222,0.690679669380188,,,,,False,False
h0_chr14_26677340_26681435,119,106,223,106,223,117,0.6905535459518433,,Initiator,,promoter,False,False
h0_chr14_26677340_26681435,120,1378,1571,1378,1571,193,0.6904550790786743,,,,,False,False
h0_chr14_26677340_26681435,121,193,550,193,550,357,0.6903778314590454,,,,,False,False
h0_chr14_26677340_26681435,122,187,553,187,553,366,0.6903753876686096,,,,,False,False
h0_chr14_26677340_26681435,123,675,1389,675,1389,714,0.6902651786804199,Initiator,,promoter,,False,False
h0_chr14_26677340_26681435,124,85,470,85,470,385,0.6902256011962891,Initiator,,promoter,,False,False
h0_chr14_26677340_26681435,125,979,1571,979,1571,592,0.6901547312736511,,,,,False,False
h0_chr14_26677340_26681435,126,59,179,59,179,120,0.6901177167892456,,,,,False,False
h0_chr14_26677340_26681435,127,473,550,473,550,77,0.6901153326034546,,,,,False,False
h0_chr14_26677340_26681435,128,1346,1653,1346,1653,307,0.6898500323295593,Initiator,,promoter,,False,False
h0_chr14_26677340_26681435,129,1185,1624,1185,1624,439,0.6898412704467773,Initiator,,promoter,,False,False
h0_chr14_26677340_26681435,130,1063,1506,1063,1506,443,0.6897813081741333,,,,,False,False
h0_chr14_26677340_26681435,131,529,1122,529,1122,593,0.6895756125450134,,Initiator,,promoter,False,False
h0_chr14_26677340_26681435,132,1063,3822,1063,3822,2759,0.6895632147789001,,,,,False,False
h0_chr14_26677340_26681435,133,1053,1122,1053,1122,69,0.6895085573196411,,Initiator,,promoter,False,False
h0_chr14_26677340_26681435,134,185,1392,185,1392,1207,0.6894625425338745,,,,,False,False
h0_chr14_26677340_26681435,135,1032,1624,1032,1624,592,0.6893727779388428,,,,,False,False
h0_chr14_26677340_26681435,136,635,1698,635,1698,1063,0.6893606781959534,Initiator,Initiator,promoter,promoter,True,True
h0_chr14_26677340_26681435,137,193,730,193,730,537,0.689172625541687,,Initiator,,promoter,False,False
h0_chr14_26677340_26681435,138,734,1475,734,1475,741,0.6891199946403503,,,,,False,False
h0_chr14_26677340_26681435,139,1482,1698,1482,1698,216,0.6890964508056641,,Initiator,,promoter,False,False
h0_chr14_26677340_26681435,140,1428,1571,1428,1571,143,0.6890950202941895,,,,,False,False
h0_chr14_26677340_26681435,141,1389,1506,1389,1506,117,0.6890711784362793,,,,,False,False
h0_chr14_26677340_26681435,142,223,1053,223,1053,830,0.6889663338661194,Initiator,,promoter,,False,False
h0_chr14_26677340_26681435,143,77,173,77,173,96,0.6889442205429077,,,,,False,False
h0_chr14_26677340_26681435,144,242,1380,242,1380,1138,0.6888400316238403,,,,,False,False
h0_chr14_26677340_26681435,145,1627,1751,1627,1751,124,0.6886647939682007,,,,,False,False
h0_chr14_26677340_26681435,146,1338,1786,1338,1786,448,0.688593864440918,,,,,False,False
h0_chr14_26677340_26681435,147,552,1571,552,1571,1019,0.6885210275650024,,,,,False,False
h0_chr14_26677340_26681435,148,8,195,8,195,187,0.688500165939331,Initiator,,promoter,,False,False
h0_chr14_26677340_26681435,149,341,1131,341,1131,790,0.6884128451347351,,,,,False,False
h0_chr14_26677340_26681435,150,1301,1624,1301,1624,323,0.6882901787757874,,,,,False,False
h0_chr14_26677340_26681435,151,1313,1389,1313,1389,76,0.6880667805671692,,,,,False,False
h0_chr14_26677340_26681435,152,1011,1389,1011,1389,378,0.688059389591217,,,,,False,False
h0_chr14_26677340_26681435,153,215,675,215,675,460,0.6880532503128052,,Initiator,,promoter,False,False
h0_chr14_26677340_26681435,154,730,794,730,794,64,0.688046932220459,Initiator,,promoter,,False,False
h0_chr14_26677340_26681435,155,624,1698,624,1698,1074,0.6880271434783936,,Initiator,,promoter,False,False
h0_chr14_26677340_26681435,156,645,1571,645,1571,926,0.6878745555877686,,,,,False,False
h0_chr14_26677340_26681435,157,181,1624,181,1624,1443,0.6878243088722229,,,,,False,False
h0_chr14_26677340_26681435,158,730,1035,730,1035,305,0.6877468824386597,Initiator,,promoter,,False,False
h0_chr14_26677340_26681435,159,173,442,173,442,269,0.6877347826957703,,Initiator,,promoter,False,False
h0_chr14_26677340_26681435,160,185,1481,185,1481,1296,0.6877198815345764,,,,,False,False
h0_chr14_26677340_26681435,161,233,1380,233,1380,1147,0.687640905380249,,,,,False,False
h0_chr14_26677340_26681435,162,622,1389,622,1389,767,0.6875984072685242,,,,,False,False
h0_chr14_26677340_26681435,163,103,157,103,157,54,0.6875614523887634,,,,,False,False
h0_chr14_26677340_26681435,164,1624,1871,1624,1871,247,0.6873295307159424,,,,,False,False
h0_chr14_26677340_26681435,165,193,341,193,341,148,0.6872075200080872,,,,,False,False
h0_chr14_26677340_26681435,166,176,313,176,313,137,0.6871793866157532,,Initiator,,promoter,False,False
h0_chr14_26677340_26681435,167,906,1571,906,1571,665,0.6871562004089355,,,,,False,False
h0_chr14_26677340_26681435,168,734,3822,734,3822,3088,0.6870821714401245,,,,,False,False
h0_chr14_26677340_26681435,169,1462,1624,1462,1624,162,0.6870467662811279,,,,,False,False
h0_chr14_26677340_26681435,170,675,1571,675,1571,896,0.6869931221008301,Initiator,,promoter,,False,False
h0_chr14_26677340_26681435,171,1063,1369,1063,1369,306,0.6869534254074097,,,,,False,False
h0_chr14_26677340_26681435,172,1698,1878,1698,1878,180,0.6869484186172485,Initiator,,promoter,,False,False
h0_chr14_26677340_26681435,173,185,834,185,834,649,0.6868098974227905,,,,,False,False
h0_chr14_26677340_26681435,174,635,1624,635,1624,989,0.6866722106933594,Initiator,,promoter,,False,False
h0_chr14_26677340_26681435,175,1122,1487,1122,1487,365,0.6863865852355957,Initiator,,promoter,,False,False
h0_chr14_26677340_26681435,176,529,1389,529,1389,860,0.6863395571708679,,,,,False,False
h0_chr14_26677340_26681435,177,260,1624,260,1624,1364,0.6861678957939148,Initiator,,promoter,,False,False
h0_chr14_26677340_26681435,178,860,1624,860,1624,764,0.6861631870269775,,,,,False,False
h0_chr14_26677340_26681435,179,730,1102,730,1102,372,0.6860306859016418,Initiator,YY1,promoter,tfbs,True,False
h0_chr14_26677340_26681435,180,627,1698,627,1698,1071,0.685965359210968,,Initiator,,promoter,False,False
h0_chr14_26677340_26681435,181,242,1063,242,1063,821,0.6859127283096313,,,,,False,False
h0_chr14_26677340_26681435,182,45,187,45,187,142,0.6859111785888672,,,,,False,False
h0_chr14_26677340_26681435,183,834,1624,834,1624,790,0.6857972145080566,,,,,False,False
h0_chr14_26677340_26681435,184,77,349,77,349,272,0.6857632398605347,,,,,False,False
h0_chr14_26677340_26681435,185,186,550,186,550,364,0.6857007741928101,,,,,False,False
h0_chr14_26677340_26681435,186,729,795,729,795,66,0.6856557130813599,Initiator,,promoter,,False,False
h0_chr14_26677340_26681435,187,1506,1571,1506,1571,65,0.6855527758598328,,,,,False,False
h0_chr14_26677340_26681435,188,1277,1389,1277,1389,112,0.6855229139328003,,,,,False,False
h0_chr14_26677340_26681435,189,176,315,176,315,139,0.6854764819145203,,Initiator,,promoter,False,False
h0_chr14_26677340_26681435,190,1125,1624,1125,1624,499,0.6854527592658997,,,,,False,False
h0_chr14_26677340_26681435,191,85,349,85,349,264,0.6853913068771362,Initiator,,promoter,,False,False
h0_chr14_26677340_26681435,192,1332,1698,1332,1698,366,0.6853129863739014,,Initiator,,promoter,False,False
h0_chr14_26677340_26681435,193,233,1571,233,1571,1338,0.685282826423645,,,,,False,False
h0_chr14_26677340_26681435,194,317,860,317,860,543,0.6852554678916931,,,,,False,False
h0_chr14_26677340_26681435,195,906,1389,906,1389,483,0.6852365136146545,,,,,False,False
h0_chr14_26677340_26681435,196,1389,1484,1389,1484,95,0.6852021217346191,,,,,False,False
h0_chr14_26677340_26681435,197,242,1667,242,1667,1425,0.6851567625999451,,,,,False,False
h0_chr14_26677340_26681435,198,188,327,188,327,139,0.6851544380187988,,,,,False,False
h0_chr14_26677340_26681435,199,1698,1759,1698,1759,61,0.6850634813308716,Initiator,,promoter,,False,False
h0_chr14_26677340_26681435,200,173,795,173,795,622,0.6849872469902039,,,,,False,False
h0_chr14_33378322_33382417,1,630,695,630,695,65,0.5761192440986633,,,,,False,False
h0_chr14_33378322_33382417,2,615,667,615,667,52,0.558049738407135,,,,,False,False
h0_chr14_33378322_33382417,3,615,824,615,824,209,0.5475308895111084,,Initiator,,promoter,False,False
h0_chr14_33378322_33382417,4,633,695,633,695,62,0.544409453868866,,,,,False,False
h0_chr14_33378322_33382417,5,616,824,616,824,208,0.5398587584495544,,Initiator,,promoter,False,False
h0_chr14_33378322_33382417,6,615,693,615,693,78,0.5371842980384827,,,,,False,False
h0_chr14_33378322_33382417,7,615,695,615,695,80,0.5362186431884766,,,,,False,False
h0_chr14_33378322_33382417,8,629,824,629,824,195,0.5318491458892822,,Initiator,,promoter,False,False
h0_chr14_33378322_33382417,9,615,825,615,825,210,0.5316014289855957,,Initiator,,promoter,False,False
h0_chr14_33378322_33382417,10,624,695,624,695,71,0.5300556421279907,,,,,False,False
h0_chr14_33378322_33382417,11,624,824,624,824,200,0.5259379148483276,,Initiator,,promoter,False,False
h0_chr14_33378322_33382417,12,629,695,629,695,66,0.5226922631263733,,,,,False,False
h0_chr14_33378322_33382417,13,695,824,695,824,129,0.5208370685577393,,Initiator,,promoter,False,False
h0_chr14_33378322_33382417,14,615,819,615,819,204,0.517470121383667,,,,,False,False
h0_chr14_33378322_33382417,15,695,819,695,819,124,0.5155340433120728,,,,,False,False
h0_chr14_33378322_33382417,16,629,825,629,825,196,0.5141499042510986,,Initiator,,promoter,False,False
h0_chr14_33378322_33382417,17,693,824,693,824,131,0.5121526122093201,,Initiator,,promoter,False,False
h0_chr14_33378322_33382417,18,633,694,633,694,61,0.5109694004058838,,,,,False,False
h0_chr14_33378322_33382417,19,3248,3298,3248,3298,50,0.5103906393051147,,,,,False,False
h0_chr14_33378322_33382417,20,668,822,668,822,154,0.5057147741317749,,Initiator,,promoter,False,False
h0_chr14_33378322_33382417,21,624,825,624,825,201,0.5055014491081238,,Initiator,,promoter,False,False
h0_chr14_33378322_33382417,22,621,824,621,824,203,0.5054458379745483,,Initiator,,promoter,False,False
h0_chr14_33378322_33382417,23,631,825,631,825,194,0.5037619471549988,,Initiator,,promoter,False,False
h0_chr14_33378322_33382417,24,633,824,633,824,191,0.5033856630325317,,Initiator,,promoter,False,False
h0_chr14_33378322_33382417,25,631,824,631,824,193,0.5002578496932983,,Initiator,,promoter,False,False
h0_chr14_33378322_33382417,26,698,824,698,824,126,0.4997485876083374,,Initiator,,promoter,False,False
h0_chr14_33378322_33382417,27,618,695,618,695,77,0.4988933801651001,,,,,False,False
h0_chr14_33378322_33382417,28,1400,3146,1400,3146,1746,0.4987364411354065,,,,,False,False
h0_chr14_33378322_33382417,29,605,695,605,695,90,0.498632550239563,,,,,False,False
h0_chr14_33378322_33382417,30,624,819,624,819,195,0.49828478693962097,,,,,False,False
h0_chr14_33378322_33382417,31,695,825,695,825,130,0.4966190457344055,,Initiator,,promoter,False,False
h0_chr14_33378322_33382417,32,631,695,631,695,64,0.4950368106365204,,,,,False,False
h0_chr14_33378322_33382417,33,695,827,695,827,132,0.49380284547805786,,Initiator,,promoter,False,False
h0_chr14_33378322_33382417,34,695,822,695,822,127,0.49261346459388733,,Initiator,,promoter,False,False
h0_chr14_33378322_33382417,35,667,824,667,824,157,0.4924926459789276,,Initiator,,promoter,False,False
h0_chr14_33378322_33382417,36,633,691,633,691,58,0.49081218242645264,,E_box,,tfbs,False,False
h0_chr14_33378322_33382417,37,633,825,633,825,192,0.48696762323379517,,Initiator,,promoter,False,False
h0_chr14_33378322_33382417,38,694,827,694,827,133,0.4865592420101166,,Initiator,,promoter,False,False
h0_chr14_33378322_33382417,39,635,695,635,695,60,0.4861072301864624,,,,,False,False
h0_chr14_33378322_33382417,40,118,630,118,630,512,0.48539677262306213,,,,,False,False
h0_chr14_33378322_33382417,41,3248,3300,3248,3300,52,0.48531684279441833,,,,,False,False
h0_chr14_33378322_33382417,42,619,695,619,695,76,0.48475730419158936,,,,,False,False
h0_chr14_33378322_33382417,43,615,698,615,698,83,0.48449546098709106,,,,,False,False
h0_chr14_33378322_33382417,44,698,825,698,825,127,0.4843871593475342,,Initiator,,promoter,False,False
h0_chr14_33378322_33382417,45,630,694,630,694,64,0.4837830066680908,,,,,False,False
h0_chr14_33378322_33382417,46,595,825,595,825,230,0.4820862114429474,,Initiator,,promoter,False,False
h0_chr14_33378322_33382417,47,633,698,633,698,65,0.48193109035491943,,,,,False,False
h0_chr14_33378322_33382417,48,691,824,691,824,133,0.48066404461860657,E_box,Initiator,tfbs,promoter,True,False
h0_chr14_33378322_33382417,49,611,695,611,695,84,0.47997981309890747,Initiator,,promoter,,False,False
h0_chr14_33378322_33382417,50,620,695,620,695,75,0.47937512397766113,,,,,False,False
h0_chr14_33378322_33382417,51,115,824,115,824,709,0.4791545569896698,,Initiator,,promoter,False,False
h0_chr14_33378322_33382417,52,625,693,625,693,68,0.47835981845855713,,,,,False,False
h0_chr14_33378322_33382417,53,667,825,667,825,158,0.478311151266098,,Initiator,,promoter,False,False
h0_chr14_33378322_33382417,54,619,696,619,696,77,0.47751837968826294,,,,,False,False
h0_chr14_33378322_33382417,55,115,695,115,695,580,0.47747737169265747,,,,,False,False
h0_chr14_33378322_33382417,56,694,824,694,824,130,0.4770699739456177,,Initiator,,promoter,False,False
h0_chr14_33378322_33382417,57,668,827,668,827,159,0.47565388679504395,,Initiator,,promoter,False,False
h0_chr14_33378322_33382417,58,694,825,694,825,131,0.4752745032310486,,Initiator,,promoter,False,False
h0_chr14_33378322_33382417,59,618,668,618,668,50,0.4748561382293701,,,,,False,False
h0_chr14_33378322_33382417,60,115,615,115,615,500,0.47426342964172363,,,,,False,False
h0_chr14_33378322_33382417,61,629,693,629,693,64,0.4742364287376404,,,,,False,False
h0_chr14_33378322_33382417,62,629,698,629,698,69,0.47395360469818115,,,,,False,False
h0_chr14_33378322_33382417,63,615,812,615,812,197,0.4736939072608948,,,,,False,False
h0_chr14_33378322_33382417,64,111,637,111,637,526,0.47341763973236084,,,,,False,False
h0_chr14_33378322_33382417,65,611,667,611,667,56,0.4728716313838959,Initiator,,promoter,,False,False
h0_chr14_33378322_33382417,66,656,825,656,825,169,0.4721883535385132,,Initiator,,promoter,False,False
h0_chr14_33378322_33382417,67,624,698,624,698,74,0.4717261493206024,,,,,False,False
h0_chr14_33378322_33382417,68,634,695,634,695,61,0.47172343730926514,,,,,False,False
h0_chr14_33378322_33382417,69,578,633,578,633,55,0.4707265794277191,,,,,False,False
h0_chr14_33378322_33382417,70,613,695,613,695,82,0.47057098150253296,Initiator,,promoter,,False,False
h0_chr14_33378322_33382417,71,115,633,115,633,518,0.46981358528137207,,,,,False,False
h0_chr14_33378322_33382417,72,595,656,595,656,61,0.4688984155654907,,,,,False,False
h0_chr14_33378322_33382417,73,115,618,115,618,503,0.46855705976486206,,,,,False,False
h0_chr14_33378322_33382417,74,616,667,616,667,51,0.46844106912612915,,,,,False,False
h0_chr14_33378322_33382417,75,115,825,115,825,710,0.4684073328971863,,Initiator,,promoter,False,False
h0_chr14_33378322_33382417,76,659,822,659,822,163,0.4679994285106659,,Initiator,,promoter,False,False
h0_chr14_33378322_33382417,77,107,615,107,615,508,0.4674658477306366,,,,,False,False
h0_chr14_33378322_33382417,78,115,624,115,624,509,0.46735280752182007,,,,,False,False
h0_chr14_33378322_33382417,79,120,618,120,618,498,0.467221200466156,,,,,False,False
h0_chr14_33378322_33382417,80,694,822,694,822,128,0.46679362654685974,,Initiator,,promoter,False,False
h0_chr14_33378322_33382417,81,595,812,595,812,217,0.4667464792728424,,,,,False,False
h0_chr14_33378322_33382417,82,107,624,107,624,517,0.4666624069213867,,,,,False,False
h0_chr14_33378322_33382417,83,117,630,117,630,513,0.46616828441619873,,,,,False,False
h0_chr14_33378322_33382417,84,107,616,107,616,509,0.46581384539604187,,,,,False,False
h0_chr14_33378322_33382417,85,656,824,656,824,168,0.465617299079895,,Initiator,,promoter,False,False
h0_chr14_33378322_33382417,86,698,812,698,812,114,0.46533775329589844,,,,,False,False
h0_chr14_33378322_33382417,87,624,693,624,693,69,0.46396929025650024,,,,,False,False
h0_chr14_33378322_33382417,88,3886,3952,3886,3952,66,0.4638614356517792,,,,,False,False
h0_chr14_33378322_33382417,89,667,838,667,838,171,0.4638047218322754,,,,,False,False
h0_chr14_33378322_33382417,90,618,693,618,693,75,0.463580459356308,,,,,False,False
h0_chr14_33378322_33382417,91,629,819,629,819,190,0.4634529948234558,,,,,False,False
h0_chr14_33378322_33382417,92,631,698,631,698,67,0.4630137085914612,,,,,False,False
h0_chr14_33378322_33382417,93,825,3294,825,3294,2469,0.4629288911819458,Initiator,,promoter,,False,False
h0_chr14_33378322_33382417,94,616,693,616,693,77,0.4625837206840515,,,,,False,False
h0_chr14_33378322_33382417,95,664,819,664,819,155,0.46234214305877686,,,,,False,False
h0_chr14_33378322_33382417,96,118,695,118,695,577,0.4620237350463867,,,,,False,False
h0_chr14_33378322_33382417,97,633,812,633,812,179,0.461917519569397,,,,,False,False
h0_chr14_33378322_33382417,98,2349,2642,2349,2642,293,0.46167904138565063,Initiator,Initiator,promoter,promoter,True,True
h0_chr14_33378322_33382417,99,118,618,118,618,500,0.46117448806762695,,,,,False,False
h0_chr14_33378322_33382417,100,618,824,618,824,206,0.4607135057449341,,Initiator,,promoter,False,False
h0_chr14_33378322_33382417,101,114,625,114,625,511,0.4601592719554901,,,,,False,False
h0_chr14_33378322_33382417,102,634,691,634,691,57,0.4592992067337036,,E_box,,tfbs,False,False
h0_chr14_33378322_33382417,103,620,694,620,694,74,0.45903173089027405,,,,,False,False
h0_chr14_33378322_33382417,104,107,614,107,614,507,0.4585142135620117,,Initiator,,promoter,False,False
h0_chr14_33378322_33382417,105,619,694,619,694,75,0.45826292037963867,,,,,False,False
h0_chr14_33378322_33382417,106,115,629,115,629,514,0.457261860370636,,,,,False,False
h0_chr14_33378322_33382417,107,106,825,106,825,719,0.457017719745636,,Initiator,,promoter,False,False
h0_chr14_33378322_33382417,108,625,825,625,825,200,0.45601165294647217,,Initiator,,promoter,False,False
h0_chr14_33378322_33382417,109,811,3294,811,3294,2483,0.45540112257003784,,,,,False,False
h0_chr14_33378322_33382417,110,694,819,694,819,125,0.4545750617980957,,,,,False,False
h0_chr14_33378322_33382417,111,693,825,693,825,132,0.4543483853340149,,Initiator,,promoter,False,False
h0_chr14_33378322_33382417,112,616,825,616,825,209,0.4542977809906006,,Initiator,,promoter,False,False
h0_chr14_33378322_33382417,113,659,827,659,827,168,0.45404911041259766,,Initiator,,promoter,False,False
h0_chr14_33378322_33382417,114,657,822,657,822,165,0.4539479613304138,,Initiator,,promoter,False,False
h0_chr14_33378322_33382417,115,107,629,107,629,522,0.4534960389137268,,,,,False,False
h0_chr14_33378322_33382417,116,619,693,619,693,74,0.45348289608955383,,,,,False,False
h0_chr14_33378322_33382417,117,2182,2599,2182,2599,417,0.4533713757991791,,,,,False,False
h0_chr14_33378322_33382417,118,619,691,619,691,72,0.4528534412384033,,E_box,,tfbs,False,False
h0_chr14_33378322_33382417,119,115,664,115,664,549,0.45250260829925537,,,,,False,False
h0_chr14_33378322_33382417,120,111,668,111,668,557,0.45242369174957275,,,,,False,False
h0_chr14_33378322_33382417,121,698,838,698,838,140,0.45221665501594543,,,,,False,False
h0_chr14_33378322_33382417,122,664,824,664,824,160,0.452131450176239,,Initiator,,promoter,False,False
h0_chr14_33378322_33382417,123,812,3294,812,3294,2482,0.45178669691085815,,,,,False,False
h0_chr14_33378322_33382417,124,595,695,595,695,100,0.451772004365921,,,,,False,False
h0_chr14_33378322_33382417,125,632,695,632,695,63,0.45136013627052307,,,,,False,False
h0_chr14_33378322_33382417,126,631,819,631,819,188,0.4513278603553772,,,,,False,False
h0_chr14_33378322_33382417,127,426,3788,426,3788,3362,0.45118653774261475,,,,,False,False
h0_chr14_33378322_33382417,128,118,825,118,825,707,0.4511664807796478,,Initiator,,promoter,False,False
h0_chr14_33378322_33382417,129,625,698,625,698,73,0.4508633017539978,,,,,False,False
h0_chr14_33378322_33382417,130,114,667,114,667,553,0.45066967606544495,,,,,False,False
h0_chr14_33378322_33382417,131,633,819,633,819,186,0.4503200054168701,,,,,False,False
h0_chr14_33378322_33382417,132,619,698,619,698,79,0.45027971267700195,,,,,False,False
h0_chr14_33378322_33382417,133,106,823,106,823,717,0.45023998618125916,,Initiator,,promoter,False,False
h0_chr14_33378322_33382417,134,620,696,620,696,76,0.4500735104084015,,,,,False,False
h0_chr14_33378322_33382417,135,111,695,111,695,584,0.4496707320213318,,,,,False,False
h0_chr14_33378322_33382417,136,624,812,624,812,188,0.449158251285553,,,,,False,False
h0_chr14_33378322_33382417,137,118,615,118,615,497,0.4488922357559204,,,,,False,False
h0_chr14_33378322_33382417,138,118,629,118,629,511,0.44886261224746704,,,,,False,False
h0_chr14_33378322_33382417,139,615,694,615,694,79,0.44847601652145386,,,,,False,False
h0_chr14_33378322_33382417,140,111,827,111,827,716,0.44769272208213806,,Initiator,,promoter,False,False
h0_chr14_33378322_33382417,141,120,624,120,624,504,0.4474429488182068,,,,,False,False
h0_chr14_33378322_33382417,142,595,664,595,664,69,0.4467378854751587,,,,,False,False
h0_chr14_33378322_33382417,143,616,695,616,695,79,0.4466760754585266,,,,,False,False
h0_chr14_33378322_33382417,144,104,630,104,630,526,0.44662413001060486,,,,,False,False
h0_chr14_33378322_33382417,145,636,695,636,695,59,0.4465082287788391,,,,,False,False
h0_chr14_33378322_33382417,146,107,667,107,667,560,0.44595783948898315,,,,,False,False
h0_chr14_33378322_33382417,147,116,625,116,625,509,0.44563329219818115,,,,,False,False
h0_chr14_33378322_33382417,148,115,823,115,823,708,0.44533589482307434,,Initiator,,promoter,False,False
h0_chr14_33378322_33382417,149,618,694,618,694,76,0.44498103857040405,,,,,False,False
h0_chr14_33378322_33382417,150,106,616,106,616,510,0.4446198344230652,,,,,False,False
h0_chr14_33378322_33382417,151,3248,3301,3248,3301,53,0.4446077048778534,,,,,False,False
h0_chr14_33378322_33382417,152,115,616,115,616,501,0.4440554976463318,,,,,False,False
h0_chr14_33378322_33382417,153,119,624,119,624,505,0.4436628520488739,,,,,False,False
h0_chr14_33378322_33382417,154,107,823,107,823,716,0.4435586631298065,,Initiator,,promoter,False,False
h0_chr14_33378322_33382417,155,114,624,114,624,510,0.4431343674659729,,,,,False,False
h0_chr14_33378322_33382417,156,634,696,634,696,62,0.44308048486709595,,,,,False,False
h0_chr14_33378322_33382417,157,106,624,106,624,518,0.44306060671806335,,,,,False,False
h0_chr14_33378322_33382417,158,630,825,630,825,195,0.44271644949913025,,Initiator,,promoter,False,False
h0_chr14_33378322_33382417,159,698,819,698,819,121,0.44268733263015747,,,,,False,False
h0_chr14_33378322_33382417,160,618,698,618,698,80,0.4425622820854187,,,,,False,False
h0_chr14_33378322_33382417,161,631,693,631,693,62,0.4417540431022644,,,,,False,False
h0_chr14_33378322_33382417,162,115,632,115,632,517,0.4415249526500702,,,,,False,False
h0_chr14_33378322_33382417,163,611,812,611,812,201,0.44140470027923584,Initiator,,promoter,,False,False
h0_chr14_33378322_33382417,164,112,667,112,667,555,0.4412306249141693,,,,,False,False
h0_chr14_33378322_33382417,165,117,615,117,615,498,0.44116419553756714,,,,,False,False
h0_chr14_33378322_33382417,166,693,812,693,812,119,0.44108158349990845,,,,,False,False
h0_chr14_33378322_33382417,167,1029,3298,1029,3298,2269,0.44098395109176636,Initiator,,promoter,,False,False
h0_chr14_33378322_33382417,168,107,825,107,825,718,0.4409666657447815,,Initiator,,promoter,False,False
h0_chr14_33378322_33382417,169,115,614,115,614,499,0.44093674421310425,,Initiator,,promoter,False,False
h0_chr14_33378322_33382417,170,616,812,616,812,196,0.4407351613044739,,,,,False,False
h0_chr14_33378322_33382417,171,120,615,120,615,495,0.4406887888908386,,,,,False,False
h0_chr14_33378322_33382417,172,691,826,691,826,135,0.4405749440193176,E_box,Initiator,tfbs,promoter,True,False
h0_chr14_33378322_33382417,173,426,3770,426,3770,3344,0.4404553771018982,,,,,False,False
h0_chr14_33378322_33382417,174,114,629,114,629,515,0.4398634433746338,,,,,False,False
h0_chr14_33378322_33382417,175,115,691,115,691,576,0.4393775761127472,,E_box,,tfbs,False,False
h0_chr14_33378322_33382417,176,111,694,111,694,583,0.43930885195732117,,,,,False,False
h0_chr14_33378322_33382417,177,636,694,636,694,58,0.43896520137786865,,,,,False,False
h0_chr14_33378322_33382417,178,115,621,115,621,506,0.4386901259422302,,,,,False,False
h0_chr14_33378322_33382417,179,408,3572,408,3572,3164,0.4386495351791382,,,,,False,False
h0_chr14_33378322_33382417,180,618,819,618,819,201,0.43861526250839233,,,,,False,False
h0_chr14_33378322_33382417,181,618,691,618,691,73,0.4384642541408539,,E_box,,tfbs,False,False
h0_chr14_33378322_33382417,182,643,695,643,695,52,0.4384402334690094,,,,,False,False
h0_chr14_33378322_33382417,183,100,824,100,824,724,0.438336580991745,,Initiator,,promoter,False,False
h0_chr14_33378322_33382417,184,114,618,114,618,504,0.43827247619628906,,,,,False,False
h0_chr14_33378322_33382417,185,116,667,116,667,551,0.4380374550819397,,,,,False,False
h0_chr14_33378322_33382417,186,117,619,117,619,502,0.437794029712677,,,,,False,False
h0_chr14_33378322_33382417,187,122,630,122,630,508,0.4375486373901367,,,,,False,False
h0_chr14_33378322_33382417,188,115,694,115,694,579,0.4375043213367462,,,,,False,False
h0_chr14_33378322_33382417,189,628,825,628,825,197,0.4373953938484192,,Initiator,,promoter,False,False
h0_chr14_33378322_33382417,190,616,819,616,819,203,0.43731164932250977,,,,,False,False
h0_chr14_33378322_33382417,191,115,819,115,819,704,0.43716150522232056,,,,,False,False
h0_chr14_33378322_33382417,192,621,819,621,819,198,0.4370511472225189,,,,,False,False
h0_chr14_33378322_33382417,193,619,675,619,675,56,0.43687281012535095,,,,,False,False
h0_chr14_33378322_33382417,194,640,695,640,695,55,0.4363839626312256,,,,,False,False
h0_chr14_33378322_33382417,195,4028,4094,4028,4094,66,0.43630924820899963,Initiator,,promoter,,False,False
h0_chr14_33378322_33382417,196,115,698,115,698,583,0.43625783920288086,,,,,False,False
h0_chr14_33378322_33382417,197,691,819,691,819,128,0.4356611371040344,E_box,,tfbs,,False,False
h0_chr14_33378322_33382417,198,408,874,408,874,466,0.4356391131877899,,,,,False,False
h0_chr14_33378322_33382417,199,116,624,116,624,508,0.4356149733066559,,,,,False,False
h0_chr14_33378322_33382417,200,614,824,614,824,210,0.4354203939437866,Initiator,Initiator,promoter,promoter,True,True
h0_chr17_22742263_22746358,1,1686,2713,1686,2713,1027,0.5523591041564941,,,,,False,False
h0_chr17_22742263_22746358,2,3937,4065,3937,4065,128,0.5466940402984619,,,,,False,False
h0_chr17_22742263_22746358,3,1695,2722,1695,2722,1027,0.5457366108894348,,,,,False,False
h0_chr17_22742263_22746358,4,1763,2789,1763,2789,1026,0.5399681925773621,,Initiator,,promoter,False,False
h0_chr17_22742263_22746358,5,3786,4038,3786,4038,252,0.5390090942382812,,,,,False,False
h0_chr17_22742263_22746358,6,837,2720,837,2720,1883,0.5377001762390137,,,,,False,False
h0_chr17_22742263_22746358,7,1194,1788,1194,1788,594,0.5364197492599487,,,,,False,False
h0_chr17_22742263_22746358,8,166,2566,166,2566,2400,0.5341700315475464,,,,,False,False
h0_chr17_22742263_22746358,9,2447,2619,2447,2619,172,0.5295400619506836,Initiator,,promoter,,False,False
h0_chr17_22742263_22746358,10,873,2566,873,2566,1693,0.5266988277435303,,,,,False,False
h0_chr17_22742263_22746358,11,3336,3674,3336,3674,338,0.5255107879638672,GATA,,tfbs,,False,False
h0_chr17_22742263_22746358,12,2382,3673,2382,3673,1291,0.5254936218261719,,,,,False,False
h0_chr17_22742263_22746358,13,3816,4008,3816,4008,192,0.5217981338500977,,,,,False,False
h0_chr17_22742263_22746358,14,3961,4092,3961,4092,131,0.5213263034820557,,RUNX,,tfbs,False,False
h0_chr17_22742263_22746358,15,2300,3683,2300,3683,1383,0.5207196474075317,,,,,False,False
h0_chr17_22742263_22746358,16,3403,4025,3403,4025,622,0.5178819894790649,,,,,False,False
h0_chr17_22742263_22746358,17,60,1776,60,1776,1716,0.5176137685775757,,,,,False,False
h0_chr17_22742263_22746358,18,3979,4095,3979,4095,116,0.5172513127326965,,,,,False,False
h0_chr17_22742263_22746358,19,60,2564,60,2564,2504,0.5134921073913574,,,,,False,False
h0_chr17_22742263_22746358,20,3979,4094,3979,4094,115,0.5129885673522949,,,,,False,False
h0_chr17_22742263_22746358,21,3997,4061,3997,4061,64,0.5125845670700073,,,,,False,False
h0_chr17_22742263_22746358,22,865,1207,865,1207,342,0.5112890005111694,,,,,False,False
h0_chr17_22742263_22746358,23,60,3702,60,3702,3642,0.5101449489593506,,,,,False,False
h0_chr17_22742263_22746358,24,3940,4025,3940,4025,85,0.5096143484115601,,,,,False,False
h0_chr17_22742263_22746358,25,2565,3966,2565,3966,1401,0.508682906627655,,,,,False,False
h0_chr17_22742263_22746358,26,1228,2466,1228,2466,1238,0.5078127980232239,,,,,False,False
h0_chr17_22742263_22746358,27,1589,2445,1589,2445,856,0.5075239539146423,,,,,False,False
h0_chr17_22742263_22746358,28,1491,3489,1491,3489,1998,0.5058220624923706,,,,,False,False
h0_chr17_22742263_22746358,29,323,1695,323,1695,1372,0.505298912525177,,,,,False,False
h0_chr17_22742263_22746358,30,1491,2479,1491,2479,988,0.5051655173301697,,,,,False,False
h0_chr17_22742263_22746358,31,60,2486,60,2486,2426,0.5049495100975037,,,,,False,False
h0_chr17_22742263_22746358,32,526,875,526,875,349,0.5020735859870911,,,,,False,False
h0_chr17_22742263_22746358,33,188,875,188,875,687,0.5020061135292053,,,,,False,False
h0_chr17_22742263_22746358,34,60,1228,60,1228,1168,0.5013031959533691,,,,,False,False
h0_chr17_22742263_22746358,35,3011,3674,3011,3674,663,0.5001892447471619,Initiator,,promoter,,False,False
h0_chr17_22742263_22746358,36,2605,3990,2605,3990,1385,0.5000612735748291,,,,,False,False
h0_chr17_22742263_22746358,37,3332,3529,3332,3529,197,0.49994856119155884,,,,,False,False
h0_chr17_22742263_22746358,38,3436,3502,3436,3502,66,0.4969685971736908,Initiator,,promoter,,False,False
h0_chr17_22742263_22746358,39,3566,3674,3566,3674,108,0.49674710631370544,,,,,False,False
h0_chr17_22742263_22746358,40,2442,2614,2442,2614,172,0.49617984890937805,,,,,False,False
h0_chr17_22742263_22746358,41,3529,3701,3529,3701,172,0.49578672647476196,,,,,False,False
h0_chr17_22742263_22746358,42,1949,3702,1949,3702,1753,0.4957660436630249,,,,,False,False
h0_chr17_22742263_22746358,43,1475,3063,1475,3063,1588,0.4956105649471283,,,,,False,False
h0_chr17_22742263_22746358,44,3976,4031,3976,4031,55,0.49454426765441895,,,,,False,False
h0_chr17_22742263_22746358,45,849,1706,849,1706,857,0.49433064460754395,,,,,False,False
h0_chr17_22742263_22746358,46,1512,1854,1512,1854,342,0.4932461082935333,Initiator,Initiator,promoter,promoter,True,True
h0_chr17_22742263_22746358,47,2466,3704,2466,3704,1238,0.4915665090084076,,,,,False,False
h0_chr17_22742263_22746358,48,998,2369,998,2369,1371,0.4912431240081787,Initiator,Initiator,promoter,promoter,True,True
h0_chr17_22742263_22746358,49,544,2614,544,2614,2070,0.4908577501773834,,,,,False,False
h0_chr17_22742263_22746358,50,1061,1746,1061,1746,685,0.4906657934188843,,,,,False,False
h0_chr17_22742263_22746358,51,3976,4044,3976,4044,68,0.49056968092918396,,,,,False,False
h0_chr17_22742263_22746358,52,3346,3566,3346,3566,220,0.49010229110717773,,,,,False,False
h0_chr17_22742263_22746358,53,3333,3529,3333,3529,196,0.4898720681667328,,,,,False,False
h0_chr17_22742263_22746358,54,2472,3341,2472,3341,869,0.4889870285987854,,GATA,,tfbs,False,False
h0_chr17_22742263_22746358,55,3352,3685,3352,3685,333,0.48892664909362793,,,,,False,False
h0_chr17_22742263_22746358,56,2466,3964,2466,3964,1498,0.48836129903793335,,,,,False,False
h0_chr17_22742263_22746358,57,3193,3702,3193,3702,509,0.4879937767982483,,,,,False,False
h0_chr17_22742263_22746358,58,1301,1464,1301,1464,163,0.4868021607398987,Initiator,,promoter,,False,False
h0_chr17_22742263_22746358,59,1916,2428,1916,2428,512,0.48580676317214966,,,,,False,False
h0_chr17_22742263_22746358,60,3324,3502,3324,3502,178,0.4850507378578186,,,,,False,False
h0_chr17_22742263_22746358,61,168,870,168,870,702,0.4846928119659424,,,,,False,False
h0_chr17_22742263_22746358,62,60,232,60,232,172,0.48467785120010376,,,,,False,False
h0_chr17_22742263_22746358,63,1513,1855,1513,1855,342,0.48415592312812805,Initiator,Initiator,promoter,promoter,True,True
h0_chr17_22742263_22746358,64,1091,3336,1091,3336,2245,0.48399609327316284,,GATA,,tfbs,False,False
h0_chr17_22742263_22746358,65,3334,3502,3334,3502,168,0.48369139432907104,,,,,False,False
h0_chr17_22742263_22746358,66,1418,1958,1418,1958,540,0.48282933235168457,,,,,False,False
h0_chr17_22742263_22746358,67,1690,2717,1690,2717,1027,0.48189178109169006,,,,,False,False
h0_chr17_22742263_22746358,68,3331,3502,3331,3502,171,0.48125630617141724,,,,,False,False
h0_chr17_22742263_22746358,69,1949,3703,1949,3703,1754,0.4809701442718506,,,,,False,False
h0_chr17_22742263_22746358,70,1475,3720,1475,3720,2245,0.4807143807411194,,,,,False,False
h0_chr17_22742263_22746358,71,3789,4090,3789,4090,301,0.48037877678871155,,RUNX,,tfbs,False,False
h0_chr17_22742263_22746358,72,301,472,301,472,171,0.48021644353866577,,,,,False,False
h0_chr17_22742263_22746358,73,2272,2442,2272,2442,170,0.4800175428390503,,,,,False,False
h0_chr17_22742263_22746358,74,2356,2697,2356,2697,341,0.47990286350250244,,,,,False,False
h0_chr17_22742263_22746358,75,3961,4084,3961,4084,123,0.47968918085098267,,,,,False,False
h0_chr17_22742263_22746358,76,1515,1570,1515,1570,55,0.47956210374832153,Initiator,Initiator,promoter,promoter,True,True
h0_chr17_22742263_22746358,77,3891,4079,3891,4079,188,0.4792167842388153,,,,,False,False
h0_chr17_22742263_22746358,78,326,1698,326,1698,1372,0.47892481088638306,,,,,False,False
h0_chr17_22742263_22746358,79,166,873,166,873,707,0.4788917303085327,,,,,False,False
h0_chr17_22742263_22746358,80,526,2486,526,2486,1960,0.47810599207878113,,,,,False,False
h0_chr17_22742263_22746358,81,2486,2919,2486,2919,433,0.47758597135543823,,Initiator,,promoter,False,False
h0_chr17_22742263_22746358,82,3324,3421,3324,3421,97,0.47747737169265747,,,,,False,False
h0_chr17_22742263_22746358,83,1478,3084,1478,3084,1606,0.4770439863204956,,,,,False,False
h0_chr17_22742263_22746358,84,207,447,207,447,240,0.4769282042980194,,,,,False,False
h0_chr17_22742263_22746358,85,377,2092,377,2092,1715,0.47691822052001953,,Initiator,,promoter,False,False
h0_chr17_22742263_22746358,86,232,3336,232,3336,3104,0.476734459400177,,GATA,,tfbs,False,False
h0_chr17_22742263_22746358,87,3961,4091,3961,4091,130,0.47603702545166016,,RUNX,,tfbs,False,False
h0_chr17_22742263_22746358,88,1570,1686,1570,1686,116,0.47586700320243835,Initiator,,promoter,,False,False
h0_chr17_22742263_22746358,89,2282,2452,2282,2452,170,0.47546660900115967,Initiator,Initiator,promoter,promoter,True,True
h0_chr17_22742263_22746358,90,2566,3702,2566,3702,1136,0.47514161467552185,,,,,False,False
h0_chr17_22742263_22746358,91,60,855,60,855,795,0.4751151204109192,,,,,False,False
h0_chr17_22742263_22746358,92,396,2110,396,2110,1714,0.47505539655685425,Initiator,Initiator,promoter,promoter,True,True
h0_chr17_22742263_22746358,93,2486,2566,2486,2566,80,0.4750276207923889,,,,,False,False
h0_chr17_22742263_22746358,94,655,2370,655,2370,1715,0.4749252200126648,Initiator,Initiator,promoter,promoter,True,True
h0_chr17_22742263_22746358,95,1083,2282,1083,2282,1199,0.4738287329673767,Initiator,Initiator,promoter,promoter,True,True
h0_chr17_22742263_22746358,96,2105,2277,2105,2277,172,0.4736672043800354,Initiator,Initiator,promoter,promoter,True,True
h0_chr17_22742263_22746358,97,60,1879,60,1879,1819,0.4733647108078003,,,,,False,False
h0_chr17_22742263_22746358,98,3979,4089,3979,4089,110,0.4732894003391266,,RUNX,,tfbs,False,False
h0_chr17_22742263_22746358,99,323,2553,323,2553,2230,0.4732888340950012,,,,,False,False
h0_chr17_22742263_22746358,100,60,1576,60,1576,1516,0.4729268550872803,,,,,False,False
h0_chr17_22742263_22746358,101,4021,4081,4021,4081,60,0.4719943404197693,,,,,False,False
h0_chr17_22742263_22746358,102,3961,4089,3961,4089,128,0.4719119966030121,,RUNX,,tfbs,False,False
h0_chr17_22742263_22746358,103,3979,4085,3979,4085,106,0.4713590443134308,,,,,False,False
h0_chr17_22742263_22746358,104,1788,1880,1788,1880,92,0.4709324240684509,,,,,False,False
h0_chr17_22742263_22746358,105,1078,2105,1078,2105,1027,0.4707851707935333,Initiator,Initiator,promoter,promoter,True,True
h0_chr17_22742263_22746358,106,323,892,323,892,569,0.4707810878753662,,Initiator,,promoter,False,False
h0_chr17_22742263_22746358,107,3331,3410,3331,3410,79,0.47029125690460205,,,,,False,False
h0_chr17_22742263_22746358,108,3021,4035,3021,4035,1014,0.47001999616622925,,,,,False,False
h0_chr17_22742263_22746358,109,3782,4031,3782,4031,249,0.46988967061042786,Initiator,,promoter,,False,False
h0_chr17_22742263_22746358,110,1949,2567,1949,2567,618,0.469480961561203,,,,,False,False
h0_chr17_22742263_22746358,111,207,870,207,870,663,0.46918821334838867,,,,,False,False
h0_chr17_22742263_22746358,112,3997,4092,3997,4092,95,0.46857887506484985,,RUNX,,tfbs,False,False
h0_chr17_22742263_22746358,113,2265,2435,2265,2435,170,0.46839773654937744,,,,,False,False
h0_chr17_22742263_22746358,114,1949,2486,1949,2486,537,0.4683045744895935,,,,,False,False
h0_chr17_22742263_22746358,115,533,2077,533,2077,1544,0.4680914580821991,,,,,False,False
h0_chr17_22742263_22746358,116,3330,3502,3330,3502,172,0.4680626094341278,,,,,False,False
h0_chr17_22742263_22746358,117,657,1686,657,1686,1029,0.46795085072517395,Initiator,,promoter,,False,False
h0_chr17_22742263_22746358,118,3717,3903,3717,3903,186,0.4678894579410553,,,,,False,False
h0_chr17_22742263_22746358,119,1949,3964,1949,3964,2015,0.4677424430847168,,,,,False,False
h0_chr17_22742263_22746358,120,318,1690,318,1690,1372,0.46739137172698975,,,,,False,False
h0_chr17_22742263_22746358,121,3577,4061,3577,4061,484,0.46733981370925903,,,,,False,False
h0_chr17_22742263_22746358,122,940,2547,940,2547,1607,0.4671480059623718,,,,,False,False
h0_chr17_22742263_22746358,123,2861,3786,2861,3786,925,0.4671367406845093,,,,,False,False
h0_chr17_22742263_22746358,124,852,1194,852,1194,342,0.46712854504585266,,,,,False,False
h0_chr17_22742263_22746358,125,60,2466,60,2466,2406,0.4670606255531311,,,,,False,False
h0_chr17_22742263_22746358,126,207,710,207,710,503,0.46632927656173706,,,,,False,False
h0_chr17_22742263_22746358,127,1494,3177,1494,3177,1683,0.46630313992500305,,,,,False,False
h0_chr17_22742263_22746358,128,679,1193,679,1193,514,0.46623823046684265,,,,,False,False
h0_chr17_22742263_22746358,129,548,2486,548,2486,1938,0.46611958742141724,,,,,False,False
h0_chr17_22742263_22746358,130,1788,2223,1788,2223,435,0.4658331274986267,,,,,False,False
h0_chr17_22742263_22746358,131,1534,2209,1534,2209,675,0.46571460366249084,,,,,False,False
h0_chr17_22742263_22746358,132,3502,3988,3502,3988,486,0.4657125771045685,,,,,False,False
h0_chr17_22742263_22746358,133,3329,4041,3329,4041,712,0.4656728506088257,,,,,False,False
h0_chr17_22742263_22746358,134,207,270,207,270,63,0.46504396200180054,,,,,False,False
h0_chr17_22742263_22746358,135,708,1515,708,1515,807,0.4648536145687103,,Initiator,,promoter,False,False
h0_chr17_22742263_22746358,136,3331,3674,3331,3674,343,0.46473443508148193,,,,,False,False
h0_chr17_22742263_22746358,137,2652,2709,2652,2709,57,0.46463364362716675,,,,,False,False
h0_chr17_22742263_22746358,138,3905,4061,3905,4061,156,0.4644659161567688,,,,,False,False
h0_chr17_22742263_22746358,139,526,2566,526,2566,2040,0.46432822942733765,,,,,False,False
h0_chr17_22742263_22746358,140,1874,2559,1874,2559,685,0.46394479274749756,,,,,False,False
h0_chr17_22742263_22746358,141,1493,2861,1493,2861,1368,0.4635993242263794,,,,,False,False
h0_chr17_22742263_22746358,142,52,396,52,396,344,0.46334108710289,Initiator,Initiator,promoter,promoter,True,True
h0_chr17_22742263_22746358,143,1775,1949,1775,1949,174,0.4631668031215668,,,,,False,False
h0_chr17_22742263_22746358,144,2384,3084,2384,3084,700,0.46314820647239685,,,,,False,False
h0_chr17_22742263_22746358,145,3598,4025,3598,4025,427,0.46291792392730713,,,,,False,False
h0_chr17_22742263_22746358,146,1861,2717,1861,2717,856,0.4628755748271942,,,,,False,False
h0_chr17_22742263_22746358,147,350,1207,350,1207,857,0.46283793449401855,,,,,False,False
h0_chr17_22742263_22746358,148,2209,3674,2209,3674,1465,0.462089478969574,,,,,False,False
h0_chr17_22742263_22746358,149,3657,3931,3657,3931,274,0.4620794653892517,Initiator,,promoter,,False,False
h0_chr17_22742263_22746358,150,77,1768,77,1768,1691,0.46192747354507446,Initiator,,promoter,,False,False
h0_chr17_22742263_22746358,151,52,1083,52,1083,1031,0.4618476927280426,Initiator,Initiator,promoter,promoter,True,True
h0_chr17_22742263_22746358,152,4003,4059,4003,4059,56,0.4617530405521393,,,,,False,False
h0_chr17_22742263_22746358,153,526,2316,526,2316,1790,0.461395800113678,,,,,False,False
h0_chr17_22742263_22746358,154,2466,3295,2466,3295,829,0.4612281620502472,,,,,False,False
h0_chr17_22742263_22746358,155,1064,1749,1064,1749,685,0.46087944507598877,,,,,False,False
h0_chr17_22742263_22746358,156,508,2486,508,2486,1978,0.4605344235897064,,,,,False,False
h0_chr17_22742263_22746358,157,1049,2077,1049,2077,1028,0.46048223972320557,,,,,False,False
h0_chr17_22742263_22746358,158,60,3703,60,3703,3643,0.4604388177394867,,,,,False,False
h0_chr17_22742263_22746358,159,318,2717,318,2717,2399,0.4602101743221283,,,,,False,False
h0_chr17_22742263_22746358,160,2103,2275,2103,2275,172,0.4600691795349121,,,,,False,False
h0_chr17_22742263_22746358,161,2466,3808,2466,3808,1342,0.4597793221473694,,,,,False,False
h0_chr17_22742263_22746358,162,770,2384,770,2384,1614,0.45928138494491577,,,,,False,False
h0_chr17_22742263_22746358,163,657,2713,657,2713,2056,0.45915907621383667,Initiator,,promoter,,False,False
h0_chr17_22742263_22746358,164,2480,3073,2480,3073,593,0.4591558277606964,,,,,False,False
h0_chr17_22742263_22746358,165,2275,2445,2275,2445,170,0.45799124240875244,,,,,False,False
h0_chr17_22742263_22746358,166,2528,2699,2528,2699,171,0.4579384922981262,,,,,False,False
h0_chr17_22742263_22746358,167,639,2905,639,2905,2266,0.4578022360801697,,,,,False,False
h0_chr17_22742263_22746358,168,379,710,379,710,331,0.45752185583114624,,,,,False,False
h0_chr17_22742263_22746358,169,60,164,60,164,104,0.45751953125,,,,,False,False
h0_chr17_22742263_22746358,170,1474,3720,1474,3720,2246,0.45732632279396057,Initiator,,promoter,,False,False
h0_chr17_22742263_22746358,171,3786,4036,3786,4036,250,0.45721518993377686,,,,,False,False
h0_chr17_22742263_22746358,172,526,2070,526,2070,1544,0.4572131931781769,,,,,False,False
h0_chr17_22742263_22746358,173,2466,3703,2466,3703,1237,0.4570568799972534,,,,,False,False
h0_chr17_22742263_22746358,174,548,2566,548,2566,2018,0.45702746510505676,,,,,False,False
h0_chr17_22742263_22746358,175,1104,1228,1104,1228,124,0.45700323581695557,,,,,False,False
h0_chr17_22742263_22746358,176,3854,3969,3854,3969,115,0.4566546380519867,,,,,False,False
h0_chr17_22742263_22746358,177,60,1949,60,1949,1889,0.45662158727645874,,,,,False,False
h0_chr17_22742263_22746358,178,2780,2927,2780,2927,147,0.4565378725528717,,,,,False,False
h0_chr17_22742263_22746358,179,3979,4091,3979,4091,112,0.4562563896179199,,RUNX,,tfbs,False,False
h0_chr17_22742263_22746358,180,1515,1686,1515,1686,171,0.4560897946357727,Initiator,,promoter,,False,False
h0_chr17_22742263_22746358,181,3857,3969,3857,3969,112,0.456084281206131,,,,,False,False
h0_chr17_22742263_22746358,182,1515,3684,1515,3684,2169,0.4554266333580017,Initiator,,promoter,,False,False
h0_chr17_22742263_22746358,183,962,2455,962,2455,1493,0.45528602600097656,,,,,False,False
h0_chr17_22742263_22746358,184,1679,2706,1679,2706,1027,0.45527154207229614,,,,,False,False
h0_chr17_22742263_22746358,185,1576,2466,1576,2466,890,0.45454898476600647,,,,,False,False
h0_chr17_22742263_22746358,186,3347,3566,3347,3566,219,0.4544702470302582,,,,,False,False
h0_chr17_22742263_22746358,187,350,865,350,865,515,0.45416849851608276,,,,,False,False
h0_chr17_22742263_22746358,188,1449,1686,1449,1686,237,0.45384395122528076,Initiator,,promoter,,False,False
h0_chr17_22742263_22746358,189,60,872,60,872,812,0.45378822088241577,,,,,False,False
h0_chr17_22742263_22746358,190,420,1806,420,1806,1386,0.45340681076049805,,,,,False,False
h0_chr17_22742263_22746358,191,1303,3720,1303,3720,2417,0.4533822536468506,,,,,False,False
h0_chr17_22742263_22746358,192,872,1776,872,1776,904,0.45294705033302307,,,,,False,False
h0_chr17_22742263_22746358,193,855,3193,855,3193,2338,0.4528506398200989,,,,,False,False
h0_chr17_22742263_22746358,194,3193,3703,3193,3703,510,0.45282262563705444,,,,,False,False
h0_chr17_22742263_22746358,195,1139,1958,1139,1958,819,0.4526657164096832,,,,,False,False
h0_chr17_22742263_22746358,196,1880,2699,1880,2699,819,0.4526006579399109,,,,,False,False
h0_chr17_22742263_22746358,197,1194,2222,1194,2222,1028,0.4525473415851593,,,,,False,False
h0_chr17_22742263_22746358,198,2995,4025,2995,4025,1030,0.45251980423927307,,,,,False,False
h0_chr17_22742263_22746358,199,1085,2284,1085,2284,1199,0.45238208770751953,,,,,False,False
h0_chr17_22742263_22746358,200,2780,3964,2780,3964,1184,0.4522901475429535,,,,,False,False
h0_chr17_35243344_35247439,1,2096,2260,2096,2260,164,0.8511979579925537,,,,,False,False
h0_chr17_35243344_35247439,2,2096,2292,2096,2292,196,0.8510680198669434,,Initiator,,promoter,False,False
h0_chr17_35243344_35247439,3,2096,2261,2096,2261,165,0.8497874736785889,,,,,False,False
h0_chr17_35243344_35247439,4,2093,2260,2093,2260,167,0.8416489362716675,Initiator,,promoter,,False,False
h0_chr17_35243344_35247439,5,2093,2261,2093,2261,168,0.836968183517456,Initiator,,promoter,,False,False
h0_chr17_35243344_35247439,6,2096,2252,2096,2252,156,0.8361323475837708,,,,,False,False
h0_chr17_35243344_35247439,7,2093,2251,2093,2251,158,0.8360996246337891,Initiator,,promoter,,False,False
h0_chr17_35243344_35247439,8,2093,2253,2093,2253,160,0.8327559232711792,Initiator,,promoter,,False,False
h0_chr17_35243344_35247439,9,2056,2292,2056,2292,236,0.8298168778419495,,Initiator,,promoter,False,False
h0_chr17_35243344_35247439,10,2096,2251,2096,2251,155,0.8289787173271179,,,,,False,False
h0_chr17_35243344_35247439,11,2096,2264,2096,2264,168,0.825314462184906,,,,,False,False
h0_chr17_35243344_35247439,12,2078,2260,2078,2260,182,0.82295161485672,,,,,False,False
h0_chr17_35243344_35247439,13,2093,2292,2093,2292,199,0.8223058581352234,Initiator,Initiator,promoter,promoter,True,True
h0_chr17_35243344_35247439,14,2096,2250,2096,2250,154,0.821938157081604,,,,,False,False
h0_chr17_35243344_35247439,15,2095,2237,2095,2237,142,0.8178360462188721,,,,,False,False
h0_chr17_35243344_35247439,16,2112,2260,2112,2260,148,0.8128771781921387,,,,,False,False
h0_chr17_35243344_35247439,17,2096,2244,2096,2244,148,0.8112548589706421,,,,,False,False
h0_chr17_35243344_35247439,18,2056,2286,2056,2286,230,0.808350682258606,,,,,False,False
h0_chr17_35243344_35247439,19,2096,2237,2096,2237,141,0.80769944190979,,,,,False,False
h0_chr17_35243344_35247439,20,2093,2263,2093,2263,170,0.8043847680091858,Initiator,,promoter,,False,False
h0_chr17_35243344_35247439,21,2093,2236,2093,2236,143,0.8014107346534729,Initiator,,promoter,,False,False
h0_chr17_35243344_35247439,22,2056,2251,2056,2251,195,0.8013015389442444,,,,,False,False
h0_chr17_35243344_35247439,23,2078,2261,2078,2261,183,0.7998416423797607,,,,,False,False
h0_chr17_35243344_35247439,24,2237,2345,2237,2345,108,0.7996442317962646,,,,,False,False
h0_chr17_35243344_35247439,25,2056,2253,2056,2253,197,0.7988689541816711,,,,,False,False
h0_chr17_35243344_35247439,26,2056,2236,2056,2236,180,0.7979965209960938,,,,,False,False
h0_chr17_35243344_35247439,27,2093,2286,2093,2286,193,0.7953740358352661,Initiator,,promoter,,False,False
h0_chr17_35243344_35247439,28,2093,2243,2093,2243,150,0.7946544885635376,Initiator,,promoter,,False,False
h0_chr17_35243344_35247439,29,2078,2345,2078,2345,267,0.7939620018005371,,,,,False,False
h0_chr17_35243344_35247439,30,2046,2292,2046,2292,246,0.7916330695152283,,Initiator,,promoter,False,False
h0_chr17_35243344_35247439,31,2093,2264,2093,2264,171,0.7909744381904602,Initiator,,promoter,,False,False
h0_chr17_35243344_35247439,32,2046,2251,2046,2251,205,0.7882311344146729,,,,,False,False
h0_chr17_35243344_35247439,33,2056,2264,2056,2264,208,0.788126528263092,,,,,False,False
h0_chr17_35243344_35247439,34,2095,2244,2095,2244,149,0.7854921221733093,,,,,False,False
h0_chr17_35243344_35247439,35,2096,2299,2096,2299,203,0.7832502722740173,,,,,False,False
h0_chr17_35243344_35247439,36,2037,2260,2037,2260,223,0.7815404534339905,,,,,False,False
h0_chr17_35243344_35247439,37,2244,2345,2244,2345,101,0.7810558080673218,,,,,False,False
h0_chr17_35243344_35247439,38,2056,2263,2056,2263,207,0.7784557938575745,,,,,False,False
h0_chr17_35243344_35247439,39,2042,2260,2042,2260,218,0.7781522274017334,,,,,False,False
h0_chr17_35243344_35247439,40,2112,2261,2112,2261,149,0.7745158672332764,,,,,False,False
h0_chr17_35243344_35247439,41,2056,2243,2056,2243,187,0.7744258642196655,,,,,False,False
h0_chr17_35243344_35247439,42,2046,2253,2046,2253,207,0.7736819386482239,,,,,False,False
h0_chr17_35243344_35247439,43,2042,3236,2042,3236,1194,0.7704375982284546,,,,,False,False
h0_chr17_35243344_35247439,44,1764,2093,1764,2093,329,0.7675687074661255,Initiator,Initiator,promoter,promoter,True,True
h0_chr17_35243344_35247439,45,1764,2056,1764,2056,292,0.76752108335495,Initiator,,promoter,,False,False
h0_chr17_35243344_35247439,46,2112,2345,2112,2345,233,0.767426609992981,,,,,False,False
h0_chr17_35243344_35247439,47,1303,2973,1303,2973,1670,0.7671149969100952,,,,,False,False
h0_chr17_35243344_35247439,48,2046,2236,2046,2236,190,0.7659620046615601,,,,,False,False
h0_chr17_35243344_35247439,49,2037,2095,2037,2095,58,0.7644683122634888,,,,,False,False
h0_chr17_35243344_35247439,50,2237,3236,2237,3236,999,0.7643852829933167,,,,,False,False
h0_chr17_35243344_35247439,51,2046,2263,2046,2263,217,0.7640939354896545,,,,,False,False
h0_chr17_35243344_35247439,52,2046,2286,2046,2286,240,0.7624867558479309,,,,,False,False
h0_chr17_35243344_35247439,53,2037,2261,2037,2261,224,0.7613622546195984,,,,,False,False
h0_chr17_35243344_35247439,54,2046,2243,2046,2243,197,0.7609245777130127,,,,,False,False
h0_chr17_35243344_35247439,55,2037,2096,2037,2096,59,0.7599325776100159,,,,,False,False
h0_chr17_35243344_35247439,56,2078,3236,2078,3236,1158,0.7595212459564209,,,,,False,False
h0_chr17_35243344_35247439,57,2042,2345,2042,2345,303,0.7576130628585815,,,,,False,False
h0_chr17_35243344_35247439,58,2042,2095,2042,2095,53,0.7573634386062622,,,,,False,False
h0_chr17_35243344_35247439,59,2042,2096,2042,2096,54,0.7569172382354736,,,,,False,False
h0_chr17_35243344_35247439,60,1304,2973,1304,2973,1669,0.7556150555610657,,,,,False,False
h0_chr17_35243344_35247439,61,2244,2343,2244,2343,99,0.7528385519981384,,,,,False,False
h0_chr17_35243344_35247439,62,2037,3236,2037,3236,1199,0.7499407529830933,,,,,False,False
h0_chr17_35243344_35247439,63,2046,2264,2046,2264,218,0.7486554384231567,,,,,False,False
h0_chr17_35243344_35247439,64,2112,3236,2112,3236,1124,0.7473030090332031,,,,,False,False
h0_chr17_35243344_35247439,65,2237,2343,2237,2343,106,0.7425109148025513,,,,,False,False
h0_chr17_35243344_35247439,66,2037,2345,2037,2345,308,0.7407824397087097,,,,,False,False
h0_chr17_35243344_35247439,67,2095,2299,2095,2299,204,0.7396077513694763,,,,,False,False
h0_chr17_35243344_35247439,68,2042,2261,2042,2261,219,0.7364832162857056,,,,,False,False
h0_chr17_35243344_35247439,69,2112,2995,2112,2995,883,0.7357930541038513,,,,,False,False
h0_chr17_35243344_35247439,70,1764,2046,1764,2046,282,0.7342765927314758,Initiator,,promoter,,False,False
h0_chr17_35243344_35247439,71,2237,2995,2237,2995,758,0.7311029434204102,,,,,False,False
h0_chr17_35243344_35247439,72,1309,2037,1309,2037,728,0.7306103706359863,BREu,,promoter,,False,False
h0_chr17_35243344_35247439,73,2056,2973,2056,2973,917,0.7292604446411133,,,,,False,False
h0_chr17_35243344_35247439,74,1303,2292,1303,2292,989,0.7286715507507324,,Initiator,,promoter,False,False
h0_chr17_35243344_35247439,75,2093,2973,2093,2973,880,0.7273480892181396,Initiator,,promoter,,False,False
h0_chr17_35243344_35247439,76,1306,2292,1306,2292,986,0.7266830801963806,BREu,Initiator,promoter,promoter,True,False
h0_chr17_35243344_35247439,77,1309,2042,1309,2042,733,0.7266761660575867,BREu,,promoter,,False,False
h0_chr17_35243344_35247439,78,2112,2343,2112,2343,231,0.7265461087226868,,,,,False,False
h0_chr17_35243344_35247439,79,2042,2995,2042,2995,953,0.7261161208152771,,,,,False,False
h0_chr17_35243344_35247439,80,2112,2997,2112,2997,885,0.7258939743041992,,,,,False,False
h0_chr17_35243344_35247439,81,1306,2093,1306,2093,787,0.7258871793746948,BREu,Initiator,promoter,promoter,True,False
h0_chr17_35243344_35247439,82,2096,2295,2096,2295,199,0.7217652201652527,,,,,False,False
h0_chr17_35243344_35247439,83,1306,2042,1306,2042,736,0.7213897705078125,BREu,,promoter,,False,False
h0_chr17_35243344_35247439,84,2078,2343,2078,2343,265,0.7197707295417786,,,,,False,False
h0_chr17_35243344_35247439,85,2094,2271,2094,2271,177,0.7188459634780884,,,,,False,False
h0_chr17_35243344_35247439,86,1306,2250,1306,2250,944,0.7188361883163452,BREu,,promoter,,False,False
h0_chr17_35243344_35247439,87,2092,2271,2092,2271,179,0.7181714773178101,Initiator,,promoter,,False,False
h0_chr17_35243344_35247439,88,2078,2995,2078,2995,917,0.7144266366958618,,,,,False,False
h0_chr17_35243344_35247439,89,2237,2997,2237,2997,760,0.7137722969055176,,,,,False,False
h0_chr17_35243344_35247439,90,2244,3236,2244,3236,992,0.7137495279312134,,,,,False,False
h0_chr17_35243344_35247439,91,2999,3236,2999,3236,237,0.7129615545272827,,,,,False,False
h0_chr17_35243344_35247439,92,1303,1764,1303,1764,461,0.7128311395645142,,Initiator,,promoter,False,False
h0_chr17_35243344_35247439,93,1306,2999,1306,2999,1693,0.711866557598114,BREu,,promoter,,False,False
h0_chr17_35243344_35247439,94,2042,2997,2042,2997,955,0.7096214890480042,,,,,False,False
h0_chr17_35243344_35247439,95,1304,2292,1304,2292,988,0.7076528072357178,,Initiator,,promoter,False,False
h0_chr17_35243344_35247439,96,1306,2037,1306,2037,731,0.7071535587310791,BREu,,promoter,,False,False
h0_chr17_35243344_35247439,97,1303,2243,1303,2243,940,0.706426739692688,,,,,False,False
h0_chr17_35243344_35247439,98,2260,2999,2260,2999,739,0.704823911190033,,,,,False,False
h0_chr17_35243344_35247439,99,1309,2237,1309,2237,928,0.7020956873893738,BREu,,promoter,,False,False
h0_chr17_35243344_35247439,100,1303,2236,1303,2236,933,0.6993544101715088,,,,,False,False
h0_chr17_35243344_35247439,101,2037,2995,2037,2995,958,0.6989150643348694,,,,,False,False
h0_chr17_35243344_35247439,102,1309,2078,1309,2078,769,0.6979060769081116,BREu,,promoter,,False,False
h0_chr17_35243344_35247439,103,1306,2078,1306,2078,772,0.6972879767417908,BREu,,promoter,,False,False
h0_chr17_35243344_35247439,104,2244,2995,2244,2995,751,0.6961511373519897,,,,,False,False
h0_chr17_35243344_35247439,105,2094,2253,2094,2253,159,0.6961036324501038,,,,,False,False
h0_chr17_35243344_35247439,106,1306,2237,1306,2237,931,0.6960136890411377,BREu,,promoter,,False,False
h0_chr17_35243344_35247439,107,2078,2997,2078,2997,919,0.6947588920593262,,,,,False,False
h0_chr17_35243344_35247439,108,2078,2237,2078,2237,159,0.6943039894104004,,,,,False,False
h0_chr17_35243344_35247439,109,2037,2343,2037,2343,306,0.6942371726036072,,,,,False,False
h0_chr17_35243344_35247439,110,1303,2263,1303,2263,960,0.6932317614555359,,,,,False,False
h0_chr17_35243344_35247439,111,1304,1764,1304,1764,460,0.6924660205841064,,Initiator,,promoter,False,False
h0_chr17_35243344_35247439,112,1306,2260,1306,2260,954,0.6920454502105713,BREu,,promoter,,False,False
h0_chr17_35243344_35247439,113,2345,2999,2345,2999,654,0.6916360259056091,,,,,False,False
h0_chr17_35243344_35247439,114,1306,2252,1306,2252,946,0.6912898421287537,BREu,,promoter,,False,False
h0_chr17_35243344_35247439,115,1303,2286,1303,2286,983,0.6911782026290894,,,,,False,False
h0_chr17_35243344_35247439,116,1309,2112,1309,2112,803,0.6900699138641357,BREu,,promoter,,False,False
h0_chr17_35243344_35247439,117,1309,3236,1309,3236,1927,0.6879364252090454,BREu,,promoter,,False,False
h0_chr17_35243344_35247439,118,1303,2253,1303,2253,950,0.6874719262123108,,,,,False,False
h0_chr17_35243344_35247439,119,2037,2997,2037,2997,960,0.6861956119537354,,,,,False,False
h0_chr17_35243344_35247439,120,2046,2973,2046,2973,927,0.6850314140319824,,,,,False,False
h0_chr17_35243344_35247439,121,1304,2236,1304,2236,932,0.6827143430709839,,,,,False,False
h0_chr17_35243344_35247439,122,2095,2295,2095,2295,200,0.6817716360092163,,,,,False,False
h0_chr17_35243344_35247439,123,2092,2263,2092,2263,171,0.6776859760284424,Initiator,,promoter,,False,False
h0_chr17_35243344_35247439,124,2244,2997,2244,2997,753,0.6773077845573425,,,,,False,False
h0_chr17_35243344_35247439,125,2042,2343,2042,2343,301,0.6767284274101257,,,,,False,False
h0_chr17_35243344_35247439,126,1304,2286,1304,2286,982,0.6758276224136353,,,,,False,False
h0_chr17_35243344_35247439,127,1309,2999,1309,2999,1690,0.6725183129310608,BREu,,promoter,,False,False
h0_chr17_35243344_35247439,128,1304,2253,1304,2253,949,0.6722369194030762,,,,,False,False
h0_chr17_35243344_35247439,129,1306,2112,1306,2112,806,0.6717124581336975,BREu,,promoter,,False,False
h0_chr17_35243344_35247439,130,2261,2999,2261,2999,738,0.6714668273925781,,,,,False,False
h0_chr17_35243344_35247439,131,1304,2243,1304,2243,939,0.6712105870246887,,,,,False,False
h0_chr17_35243344_35247439,132,1303,2264,1303,2264,961,0.6706538796424866,,,,,False,False
h0_chr17_35243344_35247439,133,2295,2345,2295,2345,50,0.6668440103530884,,,,,False,False
h0_chr17_35243344_35247439,134,1303,2251,1303,2251,948,0.6649407744407654,,,,,False,False
h0_chr17_35243344_35247439,135,1306,2261,1306,2261,955,0.6649370789527893,BREu,,promoter,,False,False
h0_chr17_35243344_35247439,136,2095,2999,2095,2999,904,0.6646225452423096,,,,,False,False
h0_chr17_35243344_35247439,137,2096,2999,2096,2999,903,0.6645388603210449,,,,,False,False
h0_chr17_35243344_35247439,138,2092,2253,2092,2253,161,0.6639748811721802,Initiator,,promoter,,False,False
h0_chr17_35243344_35247439,139,1306,2264,1306,2264,958,0.663443922996521,BREu,,promoter,,False,False
h0_chr17_35243344_35247439,140,2094,2263,2094,2263,169,0.6623182892799377,,,,,False,False
h0_chr17_35243344_35247439,141,1306,2251,1306,2251,945,0.6618331670761108,BREu,,promoter,,False,False
h0_chr17_35243344_35247439,142,2343,2999,2343,2999,656,0.6615862846374512,,,,,False,False
h0_chr17_35243344_35247439,143,1306,2096,1306,2096,790,0.6564397215843201,BREu,,promoter,,False,False
h0_chr17_35243344_35247439,144,1304,2263,1304,2263,959,0.656018853187561,,,,,False,False
h0_chr17_35243344_35247439,145,2042,2999,2042,2999,957,0.6557399034500122,,,,,False,False
h0_chr17_35243344_35247439,146,2095,2343,2095,2343,248,0.6551949381828308,,,,,False,False
h0_chr17_35243344_35247439,147,1764,2973,1764,2973,1209,0.6539538502693176,Initiator,,promoter,,False,False
h0_chr17_35243344_35247439,148,2286,2973,2286,2973,687,0.6523897647857666,,,,,False,False
h0_chr17_35243344_35247439,149,2235,2301,2235,2301,66,0.6519744396209717,,,,,False,False
h0_chr17_35243344_35247439,150,2299,2995,2299,2995,696,0.6517611145973206,,,,,False,False
h0_chr17_35243344_35247439,151,2299,3236,2299,3236,937,0.6505844593048096,,,,,False,False
h0_chr17_35243344_35247439,152,1309,2244,1309,2244,935,0.6489736437797546,BREu,,promoter,,False,False
h0_chr17_35243344_35247439,153,2253,2973,2253,2973,720,0.6472169160842896,,,,,False,False
h0_chr17_35243344_35247439,154,1304,2264,1304,2264,960,0.6467970609664917,,,,,False,False
h0_chr17_35243344_35247439,155,2037,2112,2037,2112,75,0.6448420286178589,,,,,False,False
h0_chr17_35243344_35247439,156,2093,2984,2093,2984,891,0.6427854895591736,Initiator,,promoter,,False,False
h0_chr17_35243344_35247439,157,1764,2271,1764,2271,507,0.6423674821853638,Initiator,,promoter,,False,False
h0_chr17_35243344_35247439,158,1304,2251,1304,2251,947,0.638405978679657,,,,,False,False
h0_chr17_35243344_35247439,159,2092,2286,2092,2286,194,0.6360560059547424,Initiator,,promoter,,False,False
h0_chr17_35243344_35247439,160,2263,2973,2263,2973,710,0.6344740390777588,,,,,False,False
h0_chr17_35243344_35247439,161,2250,2999,2250,2999,749,0.632926344871521,,,,,False,False
h0_chr17_35243344_35247439,162,1306,2244,1306,2244,938,0.6315761804580688,BREu,,promoter,,False,False
h0_chr17_35243344_35247439,163,1764,2253,1764,2253,489,0.6312747001647949,Initiator,,promoter,,False,False
h0_chr17_35243344_35247439,164,2295,2995,2295,2995,700,0.6304861903190613,,,,,False,False
h0_chr17_35243344_35247439,165,1764,2286,1764,2286,522,0.6295076608657837,Initiator,,promoter,,False,False
h0_chr17_35243344_35247439,166,2094,2286,2094,2286,192,0.6290987730026245,,,,,False,False
h0_chr17_35243344_35247439,167,2007,2252,2007,2252,245,0.6287245750427246,,,,,False,False
h0_chr17_35243344_35247439,168,2112,2244,2112,2244,132,0.626933753490448,,,,,False,False
h0_chr17_35243344_35247439,169,2299,2997,2299,2997,698,0.6253939270973206,,,,,False,False
h0_chr17_35243344_35247439,170,2099,2262,2099,2262,163,0.62456876039505,,,,,False,False
h0_chr17_35243344_35247439,171,2042,2250,2042,2250,208,0.6229726076126099,,,,,False,False
h0_chr17_35243344_35247439,172,2345,3236,2345,3236,891,0.6218457818031311,,,,,False,False
h0_chr17_35243344_35247439,173,2007,2250,2007,2250,243,0.6210544109344482,,,,,False,False
h0_chr17_35243344_35247439,174,2112,2299,2112,2299,187,0.6200074553489685,,,,,False,False
h0_chr17_35243344_35247439,175,2056,2271,2056,2271,215,0.6177265644073486,,,,,False,False
h0_chr17_35243344_35247439,176,2091,2262,2091,2262,171,0.6165285110473633,Initiator,,promoter,,False,False
h0_chr17_35243344_35247439,177,1303,2056,1303,2056,753,0.6139718294143677,,,,,False,False
h0_chr17_35243344_35247439,178,1764,2263,1764,2263,499,0.6135262250900269,Initiator,,promoter,,False,False
h0_chr17_35243344_35247439,179,2244,2299,2244,2299,55,0.6134985089302063,,,,,False,False
h0_chr17_35243344_35247439,180,2295,3236,2295,3236,941,0.6104598045349121,,,,,False,False
h0_chr17_35243344_35247439,181,2042,2112,2042,2112,70,0.6095739603042603,,,,,False,False
h0_chr17_35243344_35247439,182,2042,2252,2042,2252,210,0.608093798160553,,,,,False,False
h0_chr17_35243344_35247439,183,1309,2345,1309,2345,1036,0.6078925132751465,BREu,,promoter,,False,False
h0_chr17_35243344_35247439,184,2236,2292,2236,2292,56,0.6064817905426025,,Initiator,,promoter,False,False
h0_chr17_35243344_35247439,185,2295,2997,2295,2997,702,0.604304850101471,,,,,False,False
h0_chr17_35243344_35247439,186,1303,2092,1303,2092,789,0.6036170125007629,,Initiator,,promoter,False,False
h0_chr17_35243344_35247439,187,2037,2999,2037,2999,962,0.6034639477729797,,,,,False,False
h0_chr17_35243344_35247439,188,1303,2094,1303,2094,791,0.6027214527130127,,,,,False,False
h0_chr17_35243344_35247439,189,2236,2286,2236,2286,50,0.602672278881073,,,,,False,False
h0_chr17_35243344_35247439,190,2056,2984,2056,2984,928,0.5992711186408997,,,,,False,False
h0_chr17_35243344_35247439,191,1764,2243,1764,2243,479,0.5992158651351929,Initiator,,promoter,,False,False
h0_chr17_35243344_35247439,192,2343,3236,2343,3236,893,0.5937623977661133,,,,,False,False
h0_chr17_35243344_35247439,193,2997,3236,2997,3236,239,0.5922905802726746,,,,,False,False
h0_chr17_35243344_35247439,194,1309,2299,1309,2299,990,0.5921476483345032,BREu,,promoter,,False,False
h0_chr17_35243344_35247439,195,1306,2299,1306,2299,993,0.5900825262069702,BREu,,promoter,,False,False
h0_chr17_35243344_35247439,196,2095,2345,2095,2345,250,0.5892715454101562,,,,,False,False
h0_chr17_35243344_35247439,197,2095,3236,2095,3236,1141,0.5887323617935181,,,,,False,False
h0_chr17_35243344_35247439,198,1303,2984,1303,2984,1681,0.587731122970581,,,,,False,False
h0_chr17_35243344_35247439,199,2046,2984,2046,2984,938,0.587355375289917,,,,,False,False
h0_chr17_35243344_35247439,200,2095,2995,2095,2995,900,0.5870407819747925,,,,,False,False
h0_chr17_72349260_72353355,1,126,2132,126,2132,2006,0.7284230589866638,,,,,False,False
h0_chr17_72349260_72353355,2,126,1915,126,1915,1789,0.7156835794448853,,,,,False,False
h0_chr17_72349260_72353355,3,1722,2132,1722,2132,410,0.7151868343353271,,,,,False,False
h0_chr17_72349260_72353355,4,126,1993,126,1993,1867,0.7115521430969238,,Initiator,,promoter,False,False
h0_chr17_72349260_72353355,5,183,2132,183,2132,1949,0.7092908024787903,,,,,False,False
h0_chr17_72349260_72353355,6,3861,3954,3861,3954,93,0.7079514265060425,,,,,False,False
h0_chr17_72349260_72353355,7,1915,2877,1915,2877,962,0.7077472805976868,,,,,False,False
h0_chr17_72349260_72353355,8,2001,3954,2001,3954,1953,0.7039556503295898,,,,,False,False
h0_chr17_72349260_72353355,9,126,460,126,460,334,0.7039502859115601,,,,,False,False
h0_chr17_72349260_72353355,10,1722,1993,1722,1993,271,0.7013526558876038,,Initiator,,promoter,False,False
h0_chr17_72349260_72353355,11,1722,1915,1722,1915,193,0.7011746168136597,,,,,False,False
h0_chr17_72349260_72353355,12,297,3227,297,3227,2930,0.7006232142448425,,,,,False,False
h0_chr17_72349260_72353355,13,1594,2132,1594,2132,538,0.6999794840812683,,,,,False,False
h0_chr17_72349260_72353355,14,126,2580,126,2580,2454,0.6997014284133911,,,,,False,False
h0_chr17_72349260_72353355,15,460,1722,460,1722,1262,0.6986485719680786,,,,,False,False
h0_chr17_72349260_72353355,16,2187,3954,2187,3954,1767,0.6957808136940002,,,,,False,False
h0_chr17_72349260_72353355,17,494,3954,494,3954,3460,0.6947829723358154,,,,,False,False
h0_chr17_72349260_72353355,18,3252,3303,3252,3303,51,0.6946473121643066,,,,,False,False
h0_chr17_72349260_72353355,19,1851,2132,1851,2132,281,0.6924886703491211,,,,,False,False
h0_chr17_72349260_72353355,20,1722,2580,1722,2580,858,0.6924054622650146,,,,,False,False
h0_chr17_72349260_72353355,21,2251,3227,2251,3227,976,0.6922088861465454,Initiator,,promoter,,False,False
h0_chr17_72349260_72353355,22,2195,3954,2195,3954,1759,0.6910032629966736,,,,,False,False
h0_chr17_72349260_72353355,23,1239,3252,1239,3252,2013,0.6902872920036316,,,,,False,False
h0_chr17_72349260_72353355,24,126,1878,126,1878,1752,0.6885976195335388,,,,,False,False
h0_chr17_72349260_72353355,25,183,1993,183,1993,1810,0.688411295413971,,Initiator,,promoter,False,False
h0_chr17_72349260_72353355,26,3252,3309,3252,3309,57,0.6882781386375427,,,,,False,False
h0_chr17_72349260_72353355,27,128,2132,128,2132,2004,0.6881504058837891,,,,,False,False
h0_chr17_72349260_72353355,28,1261,3852,1261,3852,2591,0.6865203976631165,,,,,False,False
h0_chr17_72349260_72353355,29,1017,1197,1017,1197,180,0.6847901344299316,,Initiator,,promoter,False,False
h0_chr17_72349260_72353355,30,126,2206,126,2206,2080,0.6845846176147461,,,,,False,False
h0_chr17_72349260_72353355,31,1722,1878,1722,1878,156,0.6825066804885864,,,,,False,False
h0_chr17_72349260_72353355,32,1587,1915,1587,1915,328,0.6822897791862488,Initiator,,promoter,,False,False
h0_chr17_72349260_72353355,33,1587,2132,1587,2132,545,0.6818469762802124,Initiator,,promoter,,False,False
h0_chr17_72349260_72353355,34,1851,1993,1851,1993,142,0.6816915273666382,,Initiator,,promoter,False,False
h0_chr17_72349260_72353355,35,183,2580,183,2580,2397,0.6811094284057617,,,,,False,False
h0_chr17_72349260_72353355,36,1594,1993,1594,1993,399,0.6797703504562378,,Initiator,,promoter,False,False
h0_chr17_72349260_72353355,37,634,3227,634,3227,2593,0.6797553896903992,Initiator,,promoter,,False,False
h0_chr17_72349260_72353355,38,2087,3308,2087,3308,1221,0.6791370511054993,,,,,False,False
h0_chr17_72349260_72353355,39,174,634,174,634,460,0.6780316829681396,,Initiator,,promoter,False,False
h0_chr17_72349260_72353355,40,3861,3950,3861,3950,89,0.6776580810546875,,,,,False,False
h0_chr17_72349260_72353355,41,1594,1915,1594,1915,321,0.6775074601173401,,,,,False,False
h0_chr17_72349260_72353355,42,1722,2206,1722,2206,484,0.6771129369735718,,,,,False,False
h0_chr17_72349260_72353355,43,2132,2565,2132,2565,433,0.676763653755188,,Initiator,,promoter,False,False
h0_chr17_72349260_72353355,44,1201,3227,1201,3227,2026,0.6766825914382935,Initiator,,promoter,,False,False
h0_chr17_72349260_72353355,45,494,2877,494,2877,2383,0.6766289472579956,,,,,False,False
h0_chr17_72349260_72353355,46,3296,3852,3296,3852,556,0.6755383014678955,,,,,False,False
h0_chr17_72349260_72353355,47,174,3252,174,3252,3078,0.6744036674499512,,,,,False,False
h0_chr17_72349260_72353355,48,1261,3252,1261,3252,1991,0.6743844151496887,,,,,False,False
h0_chr17_72349260_72353355,49,126,1997,126,1997,1871,0.6742680072784424,,Initiator,,promoter,False,False
h0_chr17_72349260_72353355,50,1231,3308,1231,3308,2077,0.6737577319145203,,,,,False,False
h0_chr17_72349260_72353355,51,1197,3503,1197,3503,2306,0.6734457612037659,Initiator,,promoter,,False,False
h0_chr17_72349260_72353355,52,1197,3082,1197,3082,1885,0.6732600927352905,Initiator,,promoter,,False,False
h0_chr17_72349260_72353355,53,859,2667,859,2667,1808,0.6728708148002625,,,,,False,False
h0_chr17_72349260_72353355,54,973,1055,973,1055,82,0.6719834804534912,,,,,False,False
h0_chr17_72349260_72353355,55,293,2132,293,2132,1839,0.6719450950622559,,,,,False,False
h0_chr17_72349260_72353355,56,1594,2580,1594,2580,986,0.6717115640640259,,,,,False,False
h0_chr17_72349260_72353355,57,128,1993,128,1993,1865,0.6714609265327454,,Initiator,,promoter,False,False
h0_chr17_72349260_72353355,58,1851,1915,1851,1915,64,0.6713933944702148,,,,,False,False
h0_chr17_72349260_72353355,59,183,1915,183,1915,1732,0.6713603734970093,,,,,False,False
h0_chr17_72349260_72353355,60,460,1851,460,1851,1391,0.6709789037704468,,,,,False,False
h0_chr17_72349260_72353355,61,897,3876,897,3876,2979,0.6709255576133728,,,,,False,False
h0_chr17_72349260_72353355,62,1587,1993,1587,1993,406,0.6699894666671753,Initiator,Initiator,promoter,promoter,True,True
h0_chr17_72349260_72353355,63,494,3950,494,3950,3456,0.669672966003418,,,,,False,False
h0_chr17_72349260_72353355,64,1174,2132,1174,2132,958,0.6690548658370972,,,,,False,False
h0_chr17_72349260_72353355,65,3309,3852,3309,3852,543,0.6690344214439392,,,,,False,False
h0_chr17_72349260_72353355,66,1197,1854,1197,1854,657,0.6687308549880981,Initiator,,promoter,,False,False
h0_chr17_72349260_72353355,67,3303,3852,3303,3852,549,0.6683271527290344,,,,,False,False
h0_chr17_72349260_72353355,68,1207,3503,1207,3503,2296,0.6671969890594482,,,,,False,False
h0_chr17_72349260_72353355,69,126,2892,126,2892,2766,0.6670815944671631,,,,,False,False
h0_chr17_72349260_72353355,70,128,1915,128,1915,1787,0.6670143008232117,,,,,False,False
h0_chr17_72349260_72353355,71,2001,3950,2001,3950,1949,0.6668485403060913,,,,,False,False
h0_chr17_72349260_72353355,72,219,2001,219,2001,1782,0.6666628122329712,,,,,False,False
h0_chr17_72349260_72353355,73,1207,1854,1207,1854,647,0.6659691333770752,,,,,False,False
h0_chr17_72349260_72353355,74,1589,1901,1589,1901,312,0.665510356426239,,,,,False,False
h0_chr17_72349260_72353355,75,93,634,93,634,541,0.6654154062271118,,Initiator,,promoter,False,False
h0_chr17_72349260_72353355,76,1607,2132,1607,2132,525,0.6652472019195557,,,,,False,False
h0_chr17_72349260_72353355,77,174,2251,174,2251,2077,0.6650850772857666,,Initiator,,promoter,False,False
h0_chr17_72349260_72353355,78,2877,3861,2877,3861,984,0.6649048924446106,,,,,False,False
h0_chr17_72349260_72353355,79,183,1878,183,1878,1695,0.6646573543548584,,,,,False,False
h0_chr17_72349260_72353355,80,460,1594,460,1594,1134,0.664458692073822,,,,,False,False
h0_chr17_72349260_72353355,81,126,2098,126,2098,1972,0.6641709804534912,,,,,False,False
h0_chr17_72349260_72353355,82,1594,1878,1594,1878,284,0.6641343832015991,,,,,False,False
h0_chr17_72349260_72353355,83,2195,3950,2195,3950,1755,0.6640677452087402,,,,,False,False
h0_chr17_72349260_72353355,84,1854,2434,1854,2434,580,0.6639353632926941,,,,,False,False
h0_chr17_72349260_72353355,85,126,3879,126,3879,3753,0.6639246940612793,,,,,False,False
h0_chr17_72349260_72353355,86,618,3227,618,3227,2609,0.6636395454406738,,,,,False,False
h0_chr17_72349260_72353355,87,2667,3954,2667,3954,1287,0.6634949445724487,,,,,False,False
h0_chr17_72349260_72353355,88,126,2431,126,2431,2305,0.6633577346801758,,,,,False,False
h0_chr17_72349260_72353355,89,1587,2580,1587,2580,993,0.663357138633728,Initiator,,promoter,,False,False
h0_chr17_72349260_72353355,90,897,3718,897,3718,2821,0.6631085872650146,,,,,False,False
h0_chr17_72349260_72353355,91,859,3900,859,3900,3041,0.6628512144088745,,Initiator,,promoter,False,False
h0_chr17_72349260_72353355,92,1068,3303,1068,3303,2235,0.6627786159515381,AP1,,tfbs,,False,False
h0_chr17_72349260_72353355,93,3147,3900,3147,3900,753,0.6627075672149658,,Initiator,,promoter,False,False
h0_chr17_72349260_72353355,94,634,1915,634,1915,1281,0.6626884341239929,Initiator,,promoter,,False,False
h0_chr17_72349260_72353355,95,1439,3852,1439,3852,2413,0.6625845432281494,,,,,False,False
h0_chr17_72349260_72353355,96,1068,3296,1068,3296,2228,0.662423312664032,AP1,,tfbs,,False,False
h0_chr17_72349260_72353355,97,183,460,183,460,277,0.6620677709579468,,,,,False,False
h0_chr17_72349260_72353355,98,1587,1997,1587,1997,410,0.6618360280990601,Initiator,Initiator,promoter,promoter,True,True
h0_chr17_72349260_72353355,99,174,2195,174,2195,2021,0.6617949604988098,,,,,False,False
h0_chr17_72349260_72353355,100,2379,2434,2379,2434,55,0.6617017984390259,,,,,False,False
h0_chr17_72349260_72353355,101,126,2136,126,2136,2010,0.6614006757736206,,Initiator,,promoter,False,False
h0_chr17_72349260_72353355,102,183,2206,183,2206,2023,0.6612018346786499,,,,,False,False
h0_chr17_72349260_72353355,103,106,1197,106,1197,1091,0.6611577868461609,,Initiator,,promoter,False,False
h0_chr17_72349260_72353355,104,1851,2580,1851,2580,729,0.6606767773628235,,,,,False,False
h0_chr17_72349260_72353355,105,2877,3227,2877,3227,350,0.6601906418800354,,,,,False,False
h0_chr17_72349260_72353355,106,183,2892,183,2892,2709,0.6599897146224976,,,,,False,False
h0_chr17_72349260_72353355,107,1915,2251,1915,2251,336,0.6599059700965881,,Initiator,,promoter,False,False
h0_chr17_72349260_72353355,108,3573,3900,3573,3900,327,0.6596033573150635,,Initiator,,promoter,False,False
h0_chr17_72349260_72353355,109,2380,2434,2380,2434,54,0.6594901084899902,,,,,False,False
h0_chr17_72349260_72353355,110,181,297,181,297,116,0.6594191193580627,,,,,False,False
h0_chr17_72349260_72353355,111,1208,3308,1208,3308,2100,0.659209132194519,,,,,False,False
h0_chr17_72349260_72353355,112,494,1093,494,1093,599,0.6590715646743774,,,,,False,False
h0_chr17_72349260_72353355,113,2434,3082,2434,3082,648,0.6588147878646851,,,,,False,False
h0_chr17_72349260_72353355,114,1207,3082,1207,3082,1875,0.6588142514228821,,,,,False,False
h0_chr17_72349260_72353355,115,1851,2892,1851,2892,1041,0.6587277054786682,,,,,False,False
h0_chr17_72349260_72353355,116,634,1193,634,1193,559,0.658655047416687,Initiator,Initiator,promoter,promoter,True,True
h0_chr17_72349260_72353355,117,181,634,181,634,453,0.6585603952407837,,Initiator,,promoter,False,False
h0_chr17_72349260_72353355,118,174,618,174,618,444,0.6584775447845459,,,,,False,False
h0_chr17_72349260_72353355,119,35,2087,35,2087,2052,0.6584725379943848,,,,,False,False
h0_chr17_72349260_72353355,120,126,2039,126,2039,1913,0.6581682562828064,,,,,False,False
h0_chr17_72349260_72353355,121,126,2375,126,2375,2249,0.6581606864929199,,,,,False,False
h0_chr17_72349260_72353355,122,111,1197,111,1197,1086,0.6580708026885986,,Initiator,,promoter,False,False
h0_chr17_72349260_72353355,123,2747,3900,2747,3900,1153,0.6578958630561829,,Initiator,,promoter,False,False
h0_chr17_72349260_72353355,124,154,3227,154,3227,3073,0.6577496528625488,,,,,False,False
h0_chr17_72349260_72353355,125,293,1878,293,1878,1585,0.6572079062461853,,,,,False,False
h0_chr17_72349260_72353355,126,181,2251,181,2251,2070,0.6567803621292114,,Initiator,,promoter,False,False
h0_chr17_72349260_72353355,127,899,2059,899,2059,1160,0.6567450761795044,,,,,False,False
h0_chr17_72349260_72353355,128,2132,2587,2132,2587,455,0.6566858291625977,,Initiator,,promoter,False,False
h0_chr17_72349260_72353355,129,1174,1993,1174,1993,819,0.6566110253334045,,Initiator,,promoter,False,False
h0_chr17_72349260_72353355,130,1439,3252,1439,3252,1813,0.656050980091095,,,,,False,False
h0_chr17_72349260_72353355,131,93,618,93,618,525,0.6559472680091858,,,,,False,False
h0_chr17_72349260_72353355,132,3402,3954,3402,3954,552,0.6555911302566528,,,,,False,False
h0_chr17_72349260_72353355,133,1557,2434,1557,2434,877,0.6547274589538574,,,,,False,False
h0_chr17_72349260_72353355,134,1197,2123,1197,2123,926,0.6546825170516968,Initiator,,promoter,,False,False
h0_chr17_72349260_72353355,135,1594,2375,1594,2375,781,0.6546642780303955,,,,,False,False
h0_chr17_72349260_72353355,136,2434,3503,2434,3503,1069,0.6546436548233032,,,,,False,False
h0_chr17_72349260_72353355,137,297,1193,297,1193,896,0.6544619798660278,,Initiator,,promoter,False,False
h0_chr17_72349260_72353355,138,1068,1439,1068,1439,371,0.6544390320777893,AP1,,tfbs,,False,False
h0_chr17_72349260_72353355,139,1901,2557,1901,2557,656,0.6544051170349121,,,,,False,False
h0_chr17_72349260_72353355,140,1722,2431,1722,2431,709,0.6543684005737305,,,,,False,False
h0_chr17_72349260_72353355,141,1192,3503,1192,3503,2311,0.6543283462524414,Initiator,,promoter,,False,False
h0_chr17_72349260_72353355,142,93,297,93,297,204,0.6541069746017456,,,,,False,False
h0_chr17_72349260_72353355,143,1993,2565,1993,2565,572,0.654098629951477,Initiator,Initiator,promoter,promoter,True,True
h0_chr17_72349260_72353355,144,174,297,174,297,123,0.6539555788040161,,,,,False,False
h0_chr17_72349260_72353355,145,1722,2098,1722,2098,376,0.6538388729095459,,,,,False,False
h0_chr17_72349260_72353355,146,2354,3308,2354,3308,954,0.6537297964096069,,,,,False,False
h0_chr17_72349260_72353355,147,50,619,50,619,569,0.6536777019500732,,,,,False,False
h0_chr17_72349260_72353355,148,897,2747,897,2747,1850,0.6536046862602234,,,,,False,False
h0_chr17_72349260_72353355,149,460,1587,460,1587,1127,0.6535640358924866,,Initiator,,promoter,False,False
h0_chr17_72349260_72353355,150,1068,3309,1068,3309,2241,0.6532174348831177,AP1,,tfbs,,False,False
h0_chr17_72349260_72353355,151,111,1207,111,1207,1096,0.6530389785766602,,,,,False,False
h0_chr17_72349260_72353355,152,1722,1997,1722,1997,275,0.6529195308685303,,Initiator,,promoter,False,False
h0_chr17_72349260_72353355,153,293,1993,293,1993,1700,0.6527978181838989,,Initiator,,promoter,False,False
h0_chr17_72349260_72353355,154,1589,3268,1589,3268,1679,0.6526790857315063,,,,,False,False
h0_chr17_72349260_72353355,155,2768,3861,2768,3861,1093,0.6525271534919739,,,,,False,False
h0_chr17_72349260_72353355,156,1722,3879,1722,3879,2157,0.6519412994384766,,,,,False,False
h0_chr17_72349260_72353355,157,1211,3852,1211,3852,2641,0.6519384384155273,,,,,False,False
h0_chr17_72349260_72353355,158,1607,1915,1607,1915,308,0.651821494102478,,,,,False,False
h0_chr17_72349260_72353355,159,1197,1557,1197,1557,360,0.6516736745834351,Initiator,,promoter,,False,False
h0_chr17_72349260_72353355,160,494,778,494,778,284,0.6514803767204285,,,,,False,False
h0_chr17_72349260_72353355,161,128,2580,128,2580,2452,0.6514682769775391,,,,,False,False
h0_chr17_72349260_72353355,162,1197,2212,1197,2212,1015,0.6511579751968384,Initiator,,promoter,,False,False
h0_chr17_72349260_72353355,163,2132,2877,2132,2877,745,0.6507524251937866,,,,,False,False
h0_chr17_72349260_72353355,164,897,2516,897,2516,1619,0.6507253050804138,,Initiator,,promoter,False,False
h0_chr17_72349260_72353355,165,1174,1915,1174,1915,741,0.6507135033607483,,,,,False,False
h0_chr17_72349260_72353355,166,1594,2892,1594,2892,1298,0.650675356388092,,,,,False,False
h0_chr17_72349260_72353355,167,2187,3950,2187,3950,1763,0.6505248546600342,,,,,False,False
h0_chr17_72349260_72353355,168,1722,2375,1722,2375,653,0.6504805088043213,,,,,False,False
h0_chr17_72349260_72353355,169,1587,1878,1587,1878,291,0.650403618812561,Initiator,,promoter,,False,False
h0_chr17_72349260_72353355,170,444,3852,444,3852,3408,0.6503993272781372,,,,,False,False
h0_chr17_72349260_72353355,171,2206,3308,2206,3308,1102,0.65028977394104,,,,,False,False
h0_chr17_72349260_72353355,172,128,460,128,460,332,0.6501078605651855,,,,,False,False
h0_chr17_72349260_72353355,173,2634,2747,2634,2747,113,0.6499025225639343,,,,,False,False
h0_chr17_72349260_72353355,174,1925,3308,1925,3308,1383,0.6498841047286987,,,,,False,False
h0_chr17_72349260_72353355,175,293,1915,293,1915,1622,0.6498256325721741,,,,,False,False
h0_chr17_72349260_72353355,176,1017,1207,1017,1207,190,0.6496561765670776,,,,,False,False
h0_chr17_72349260_72353355,177,1722,2892,1722,2892,1170,0.649585485458374,,,,,False,False
h0_chr17_72349260_72353355,178,2087,2340,2087,2340,253,0.6495161652565002,,,,,False,False
h0_chr17_72349260_72353355,179,897,3021,897,3021,2124,0.6495019197463989,,,,,False,False
h0_chr17_72349260_72353355,180,1174,1878,1174,1878,704,0.6494159698486328,,,,,False,False
h0_chr17_72349260_72353355,181,2039,2877,2039,2877,838,0.6493008732795715,,,,,False,False
h0_chr17_72349260_72353355,182,1594,2206,1594,2206,612,0.6492280960083008,,,,,False,False
h0_chr17_72349260_72353355,183,897,3896,897,3896,2999,0.6487249732017517,,Initiator,,promoter,False,False
h0_chr17_72349260_72353355,184,174,2187,174,2187,2013,0.6487098336219788,,,,,False,False
h0_chr17_72349260_72353355,185,183,2431,183,2431,2248,0.648693323135376,,,,,False,False
h0_chr17_72349260_72353355,186,174,1068,174,1068,894,0.6484088897705078,,AP1,,tfbs,False,False
h0_chr17_72349260_72353355,187,1175,3227,1175,3227,2052,0.648384690284729,,,,,False,False
h0_chr17_72349260_72353355,188,899,1901,899,1901,1002,0.6483457088470459,,,,,False,False
h0_chr17_72349260_72353355,189,778,3861,778,3861,3083,0.6483327746391296,,,,,False,False
h0_chr17_72349260_72353355,190,181,618,181,618,437,0.6481624841690063,,,,,False,False
h0_chr17_72349260_72353355,191,50,1901,50,1901,1851,0.6481313705444336,,,,,False,False
h0_chr17_72349260_72353355,192,126,1411,126,1411,1285,0.6480730175971985,,,,,False,False
h0_chr17_72349260_72353355,193,1915,2587,1915,2587,672,0.6477735042572021,,Initiator,,promoter,False,False
h0_chr17_72349260_72353355,194,2132,3741,2132,3741,1609,0.6477059125900269,,Initiator,,promoter,False,False
h0_chr17_72349260_72353355,195,842,2132,842,2132,1290,0.6476525068283081,,,,,False,False
h0_chr17_72349260_72353355,196,1062,3954,1062,3954,2892,0.6473764181137085,AP1,,tfbs,,False,False
h0_chr17_72349260_72353355,197,63,442,63,442,379,0.6472415328025818,Initiator,,promoter,,False,False
h0_chr17_72349260_72353355,198,3021,3900,3021,3900,879,0.6470972299575806,,Initiator,,promoter,False,False
h0_chr17_72349260_72353355,199,1422,2434,1422,2434,1012,0.646960973739624,,,,,False,False
h0_chr17_72349260_72353355,200,1017,2376,1017,2376,1359,0.6469065546989441,,,,,False,False
h0_chr21_12003041_12007136,1,495,1860,495,1860,1365,0.8102079629898071,,,,,False,False
h0_chr21_12003041_12007136,2,487,1852,487,1852,1365,0.7962185144424438,,,,,False,False
h0_chr21_12003041_12007136,3,495,1852,495,1852,1357,0.7329099178314209,,,,,False,False
h0_chr21_12003041_12007136,4,1362,2725,1362,2725,1363,0.7197524905204773,,,,,False,False
h0_chr21_12003041_12007136,5,1536,2900,1536,2900,1364,0.7102607488632202,,,,,False,False
h0_chr21_12003041_12007136,6,1363,2726,1363,2726,1363,0.7080387473106384,,,,,False,False
h0_chr21_12003041_12007136,7,191,1555,191,1555,1364,0.7020952105522156,,,,,False,False
h0_chr21_12003041_12007136,8,1555,2919,1555,2919,1364,0.6987735629081726,,,,,False,False
h0_chr21_12003041_12007136,9,1529,2893,1529,2893,1364,0.6943259239196777,GATA,GATA,tfbs,tfbs,True,True
h0_chr21_12003041_12007136,10,545,1910,545,1910,1365,0.690521240234375,,,,,False,False
h0_chr21_12003041_12007136,11,171,1535,171,1535,1364,0.6898896098136902,,,,,False,False
h0_chr21_12003041_12007136,12,912,3643,912,3643,2731,0.6867890954017639,,,,,False,False
h0_chr21_12003041_12007136,13,1490,2854,1490,2854,1364,0.6847895979881287,,,,,False,False
h0_chr21_12003041_12007136,14,664,2029,664,2029,1365,0.6844477653503418,,,,,False,False
h0_chr21_12003041_12007136,15,1345,2708,1345,2708,1363,0.6828992962837219,,,,,False,False
h0_chr21_12003041_12007136,16,1507,2871,1507,2871,1364,0.6812756657600403,,,,,False,False
h0_chr21_12003041_12007136,17,487,1860,487,1860,1373,0.6811950206756592,,,,,False,False
h0_chr21_12003041_12007136,18,689,3419,689,3419,2730,0.6795072555541992,,,,,False,False
h0_chr21_12003041_12007136,19,676,3406,676,3406,2730,0.672532320022583,,,,,False,False
h0_chr21_12003041_12007136,20,683,2048,683,2048,1365,0.6712568998336792,,,,,False,False
h0_chr21_12003041_12007136,21,1384,2747,1384,2747,1363,0.6706275343894958,Initiator,Initiator,promoter,promoter,True,True
h0_chr21_12003041_12007136,22,893,3624,893,3624,2731,0.6701252460479736,,,,,False,False
h0_chr21_12003041_12007136,23,761,2126,761,2126,1365,0.6667184233665466,,,,,False,False
h0_chr21_12003041_12007136,24,672,2037,672,2037,1365,0.6664558053016663,,,,,False,False
h0_chr21_12003041_12007136,25,689,2054,689,2054,1365,0.6635785102844238,,,,,False,False
h0_chr21_12003041_12007136,26,1020,1362,1020,1362,342,0.6532584428787231,,,,,False,False
h0_chr21_12003041_12007136,27,1671,3036,1671,3036,1365,0.6517605781555176,,,,,False,False
h0_chr21_12003041_12007136,28,885,2250,885,2250,1365,0.6454142928123474,,,,,False,False
h0_chr21_12003041_12007136,29,165,1529,165,1529,1364,0.6445012092590332,GATA,GATA,tfbs,tfbs,True,True
h0_chr21_12003041_12007136,30,1898,3263,1898,3263,1365,0.6437737345695496,Initiator,Initiator,promoter,promoter,True,True
h0_chr21_12003041_12007136,31,2029,3394,2029,3394,1365,0.6393600702285767,,,,,False,False
h0_chr21_12003041_12007136,32,560,3290,560,3290,2730,0.6387783288955688,,,,,False,False
h0_chr21_12003041_12007136,33,488,1170,488,1170,682,0.638166606426239,,,,,False,False
h0_chr21_12003041_12007136,34,1166,2529,1166,2529,1363,0.6371477246284485,,,,,False,False
h0_chr21_12003041_12007136,35,257,2986,257,2986,2729,0.634887158870697,,,,,False,False
h0_chr21_12003041_12007136,36,348,1712,348,1712,1364,0.6347517967224121,,,,,False,False
h0_chr21_12003041_12007136,37,2250,3616,2250,3616,1366,0.6329207420349121,,,,,False,False
h0_chr21_12003041_12007136,38,1669,3034,1669,3034,1365,0.631863534450531,,,,,False,False
h0_chr21_12003041_12007136,39,2048,3413,2048,3413,1365,0.6317309737205505,,,,,False,False
h0_chr21_12003041_12007136,40,1002,2367,1002,2367,1365,0.6308900117874146,Initiator,Initiator,promoter,promoter,True,True
h0_chr21_12003041_12007136,41,1548,2912,1548,2912,1364,0.6295003890991211,,,,,False,False
h0_chr21_12003041_12007136,42,191,2919,191,2919,2728,0.629177987575531,,,,,False,False
h0_chr21_12003041_12007136,43,1066,2429,1066,2429,1363,0.6286352276802063,,,,,False,False
h0_chr21_12003041_12007136,44,1629,2994,1629,2994,1365,0.6278579235076904,,,,,False,False
h0_chr21_12003041_12007136,45,2716,3059,2716,3059,343,0.6267837882041931,,,,,False,False
h0_chr21_12003041_12007136,46,143,1507,143,1507,1364,0.6266106963157654,,,,,False,False
h0_chr21_12003041_12007136,47,1518,2882,1518,2882,1364,0.6261752247810364,,,,,False,False
h0_chr21_12003041_12007136,48,2181,3547,2181,3547,1366,0.625768780708313,,,,,False,False
h0_chr21_12003041_12007136,49,143,2871,143,2871,2728,0.6251923441886902,,,,,False,False
h0_chr21_12003041_12007136,50,816,2181,816,2181,1365,0.6240216493606567,,,,,False,False
h0_chr21_12003041_12007136,51,860,2225,860,2225,1365,0.6229900121688843,,,,,False,False
h0_chr21_12003041_12007136,52,165,2893,165,2893,2728,0.6229744553565979,GATA,GATA,tfbs,tfbs,True,True
h0_chr21_12003041_12007136,53,1440,2804,1440,2804,1364,0.6208781599998474,,,,,False,False
h0_chr21_12003041_12007136,54,1499,2863,1499,2863,1364,0.6190760135650635,Initiator,Initiator,promoter,promoter,True,True
h0_chr21_12003041_12007136,55,543,1908,543,1908,1365,0.6177243590354919,,,,,False,False
h0_chr21_12003041_12007136,56,655,3385,655,3385,2730,0.616432785987854,,,,,False,False
h0_chr21_12003041_12007136,57,696,3426,696,3426,2730,0.6147891283035278,,,,,False,False
h0_chr21_12003041_12007136,58,1496,2860,1496,2860,1364,0.6142072081565857,Initiator,Initiator,promoter,promoter,True,True
h0_chr21_12003041_12007136,59,159,1523,159,1523,1364,0.6142009496688843,,,,,False,False
h0_chr21_12003041_12007136,60,565,3295,565,3295,2730,0.6125710010528564,,,,,False,False
h0_chr21_12003041_12007136,61,1336,2699,1336,2699,1363,0.611759603023529,,,,,False,False
h0_chr21_12003041_12007136,62,432,1797,432,1797,1365,0.6112619638442993,,,,,False,False
h0_chr21_12003041_12007136,63,1388,2751,1388,2751,1363,0.6112391948699951,,,,,False,False
h0_chr21_12003041_12007136,64,2308,3674,2308,3674,1366,0.6104539632797241,GATA,GATA,tfbs,tfbs,True,True
h0_chr21_12003041_12007136,65,1625,2990,1625,2990,1365,0.6101977825164795,,,,,False,False
h0_chr21_12003041_12007136,66,2054,3419,2054,3419,1365,0.6097509264945984,,,,,False,False
h0_chr21_12003041_12007136,67,883,2248,883,2248,1365,0.6090195178985596,,,,,False,False
h0_chr21_12003041_12007136,68,1357,2720,1357,2720,1363,0.608639121055603,,,,,False,False
h0_chr21_12003041_12007136,69,565,1930,565,1930,1365,0.6086059212684631,,,,,False,False
h0_chr21_12003041_12007136,70,1211,2574,1211,2574,1363,0.6075653433799744,,,,,False,False
h0_chr21_12003041_12007136,71,886,3617,886,3617,2731,0.6074797511100769,,,,,False,False
h0_chr21_12003041_12007136,72,172,1536,172,1536,1364,0.606673002243042,,,,,False,False
h0_chr21_12003041_12007136,73,1349,2712,1349,2712,1363,0.6053619384765625,,,,,False,False
h0_chr21_12003041_12007136,74,564,1929,564,1929,1365,0.6050899028778076,,,,,False,False
h0_chr21_12003041_12007136,75,1633,2998,1633,2998,1365,0.6049690842628479,,,,,False,False
h0_chr21_12003041_12007136,76,567,3297,567,3297,2730,0.6049515604972839,,,,,False,False
h0_chr21_12003041_12007136,77,3294,4079,3294,4079,785,0.6041478514671326,,,,,False,False
h0_chr21_12003041_12007136,78,2360,3044,2360,3044,684,0.6030607223510742,,,,,False,False
h0_chr21_12003041_12007136,79,683,3413,683,3413,2730,0.6017290353775024,,,,,False,False
h0_chr21_12003041_12007136,80,172,2900,172,2900,2728,0.6011199951171875,,,,,False,False
h0_chr21_12003041_12007136,81,1930,3295,1930,3295,1365,0.5992749333381653,,,,,False,False
h0_chr21_12003041_12007136,82,3406,3490,3406,3490,84,0.5986179709434509,,,,,False,False
h0_chr21_12003041_12007136,83,1170,2533,1170,2533,1363,0.5985929369926453,,,,,False,False
h0_chr21_12003041_12007136,84,1910,3275,1910,3275,1365,0.5984866619110107,,,,,False,False
h0_chr21_12003041_12007136,85,685,3415,685,3415,2730,0.5974012613296509,,,,,False,False
h0_chr21_12003041_12007136,86,1681,3046,1681,3046,1365,0.597261369228363,,,,,False,False
h0_chr21_12003041_12007136,87,1489,2853,1489,2853,1364,0.5967854261398315,,,,,False,False
h0_chr21_12003041_12007136,88,1020,2725,1020,2725,1705,0.5961258411407471,,,,,False,False
h0_chr21_12003041_12007136,89,1537,2901,1537,2901,1364,0.5949720740318298,,,,,False,False
h0_chr21_12003041_12007136,90,1718,3083,1718,3083,1365,0.5943597555160522,,,,,False,False
h0_chr21_12003041_12007136,91,911,3642,911,3642,2731,0.5930112600326538,,,,,False,False
h0_chr21_12003041_12007136,92,567,1932,567,1932,1365,0.5925971865653992,,,,,False,False
h0_chr21_12003041_12007136,93,363,1727,363,1727,1364,0.5917251110076904,,,,,False,False
h0_chr21_12003041_12007136,94,1069,2432,1069,2432,1363,0.5911356210708618,,,,,False,False
h0_chr21_12003041_12007136,95,873,3604,873,3604,2731,0.5908961892127991,Initiator,Initiator,promoter,promoter,True,True
h0_chr21_12003041_12007136,96,465,1830,465,1830,1365,0.590764582157135,,,,,False,False
h0_chr21_12003041_12007136,97,943,2308,943,2308,1365,0.5904617309570312,GATA,GATA,tfbs,tfbs,True,True
h0_chr21_12003041_12007136,98,1546,2910,1546,2910,1364,0.5903461575508118,,,,,False,False
h0_chr21_12003041_12007136,99,2027,3392,2027,3392,1365,0.5886403918266296,,,,,False,False
h0_chr21_12003041_12007136,100,664,3394,664,3394,2730,0.5883743762969971,,,,,False,False
h0_chr21_12003041_12007136,101,1443,2807,1443,2807,1364,0.5876740217208862,,,,,False,False
h0_chr21_12003041_12007136,102,683,1364,683,1364,681,0.5865391492843628,,,,,False,False
h0_chr21_12003041_12007136,103,1929,2371,1929,2371,442,0.5863112211227417,,,,,False,False
h0_chr21_12003041_12007136,104,672,3402,672,3402,2730,0.5859536528587341,,,,,False,False
h0_chr21_12003041_12007136,105,2272,3638,2272,3638,1366,0.5856790542602539,,,,,False,False
h0_chr21_12003041_12007136,106,1506,2870,1506,2870,1364,0.585033118724823,,,,,False,False
h0_chr21_12003041_12007136,107,1488,2852,1488,2852,1364,0.5841779708862305,,,,,False,False
h0_chr21_12003041_12007136,108,2319,2594,2319,2594,275,0.5841621160507202,,,,,False,False
h0_chr21_12003041_12007136,109,2125,2467,2125,2467,342,0.5836621522903442,,,,,False,False
h0_chr21_12003041_12007136,110,893,2258,893,2258,1365,0.5834460258483887,,,,,False,False
h0_chr21_12003041_12007136,111,1286,2649,1286,2649,1363,0.582730770111084,,,,,False,False
h0_chr21_12003041_12007136,112,663,3406,663,3406,2743,0.582658052444458,,,,,False,False
h0_chr21_12003041_12007136,113,2187,3553,2187,3553,1366,0.5825964212417603,,,,,False,False
h0_chr21_12003041_12007136,114,2882,3985,2882,3985,1103,0.5825430154800415,,,,,False,False
h0_chr21_12003041_12007136,115,682,3412,682,3412,2730,0.5816911458969116,,,,,False,False
h0_chr21_12003041_12007136,116,434,1799,434,1799,1365,0.58157879114151,,,,,False,False
h0_chr21_12003041_12007136,117,181,1545,181,1545,1364,0.5815501809120178,,,,,False,False
h0_chr21_12003041_12007136,118,601,3331,601,3331,2730,0.581417977809906,,,,,False,False
h0_chr21_12003041_12007136,119,533,1898,533,1898,1365,0.5813858509063721,Initiator,Initiator,promoter,promoter,True,True
h0_chr21_12003041_12007136,120,1340,2703,1340,2703,1363,0.5811655521392822,,,,,False,False
h0_chr21_12003041_12007136,121,676,1357,676,1357,681,0.5801877379417419,,,,,False,False
h0_chr21_12003041_12007136,122,1371,3083,1371,3083,1712,0.5801646113395691,,,,,False,False
h0_chr21_12003041_12007136,123,317,1681,317,1681,1364,0.5800307989120483,,,,,False,False
h0_chr21_12003041_12007136,124,378,1742,378,1742,1364,0.5798541903495789,,,,,False,False
h0_chr21_12003041_12007136,125,3842,3973,3842,3973,131,0.5797982215881348,,,,,False,False
h0_chr21_12003041_12007136,126,269,1633,269,1633,1364,0.5789138078689575,,,,,False,False
h0_chr21_12003041_12007136,127,339,1362,339,1362,1023,0.5786108374595642,,,,,False,False
h0_chr21_12003041_12007136,128,529,3259,529,3259,2730,0.5780537128448486,Initiator,Initiator,promoter,promoter,True,True
h0_chr21_12003041_12007136,129,2912,3095,2912,3095,183,0.5779996514320374,,,,,False,False
h0_chr21_12003041_12007136,130,2046,3411,2046,3411,1365,0.5779141187667847,,,,,False,False
h0_chr21_12003041_12007136,131,1374,2737,1374,2737,1363,0.5778437852859497,,,,,False,False
h0_chr21_12003041_12007136,132,171,3980,171,3980,3809,0.5775676369667053,,,,,False,False
h0_chr21_12003041_12007136,133,307,3036,307,3036,2729,0.5775139927864075,,,,,False,False
h0_chr21_12003041_12007136,134,1659,3024,1659,3024,1365,0.5774482488632202,,,,,False,False
h0_chr21_12003041_12007136,135,1353,2716,1353,2716,1363,0.577354907989502,,,,,False,False
h0_chr21_12003041_12007136,136,3796,4021,3796,4021,225,0.5769261121749878,,,,,False,False
h0_chr21_12003041_12007136,137,870,3601,870,3601,2731,0.5765007138252258,Initiator,Initiator,promoter,promoter,True,True
h0_chr21_12003041_12007136,138,1667,3032,1667,3032,1365,0.576194167137146,,,,,False,False
h0_chr21_12003041_12007136,139,270,1634,270,1634,1364,0.5759135484695435,,,,,False,False
h0_chr21_12003041_12007136,140,1364,2048,1364,2048,684,0.5748578906059265,,,,,False,False
h0_chr21_12003041_12007136,141,2574,3940,2574,3940,1366,0.5746432542800903,,,,,False,False
h0_chr21_12003041_12007136,142,563,3293,563,3293,2730,0.5745142102241516,,,,,False,False
h0_chr21_12003041_12007136,143,1928,3293,1928,3293,1365,0.5743806958198547,,,,,False,False
h0_chr21_12003041_12007136,144,563,1928,563,1928,1365,0.5734009742736816,,,,,False,False
h0_chr21_12003041_12007136,145,1508,2872,1508,2872,1364,0.5733376741409302,,,,,False,False
h0_chr21_12003041_12007136,146,2308,2663,2308,2663,355,0.5730705261230469,GATA,,tfbs,,False,False
h0_chr21_12003041_12007136,147,126,1490,126,1490,1364,0.5729551911354065,,,,,False,False
h0_chr21_12003041_12007136,148,2806,3149,2806,3149,343,0.5728192329406738,,,,,False,False
h0_chr21_12003041_12007136,149,2432,3063,2432,3063,631,0.5725375413894653,,,,,False,False
h0_chr21_12003041_12007136,150,1549,2913,1549,2913,1364,0.5719581842422485,,,,,False,False
h0_chr21_12003041_12007136,151,1066,2054,1066,2054,988,0.571803629398346,,,,,False,False
h0_chr21_12003041_12007136,152,257,2456,257,2456,2199,0.5713170766830444,,,,,False,False
h0_chr21_12003041_12007136,153,3294,3976,3294,3976,682,0.5712018013000488,,,,,False,False
h0_chr21_12003041_12007136,154,35,348,35,348,313,0.571172297000885,,,,,False,False
h0_chr21_12003041_12007136,155,824,3555,824,3555,2731,0.5705409049987793,,,,,False,False
h0_chr21_12003041_12007136,156,1930,3293,1930,3293,1363,0.5685842037200928,,,,,False,False
h0_chr21_12003041_12007136,157,2384,2725,2384,2725,341,0.5685280561447144,,,,,False,False
h0_chr21_12003041_12007136,158,1441,2805,1441,2805,1364,0.5685150623321533,,,,,False,False
h0_chr21_12003041_12007136,159,823,2188,823,2188,1365,0.568020761013031,,,,,False,False
h0_chr21_12003041_12007136,160,2258,2391,2258,2391,133,0.5679221153259277,,,,,False,False
h0_chr21_12003041_12007136,161,545,3275,545,3275,2730,0.5678672790527344,,,,,False,False
h0_chr21_12003041_12007136,162,841,2206,841,2206,1365,0.5677281618118286,,,,,False,False
h0_chr21_12003041_12007136,163,992,2325,992,2325,1333,0.5675127506256104,,,,,False,False
h0_chr21_12003041_12007136,164,1779,3682,1779,3682,1903,0.5671827793121338,,,,,False,False
h0_chr21_12003041_12007136,165,2033,3398,2033,3398,1365,0.5671169757843018,,,,,False,False
h0_chr21_12003041_12007136,166,1065,2428,1065,2428,1363,0.5668692588806152,,,,,False,False
h0_chr21_12003041_12007136,167,992,1930,992,1930,938,0.566355288028717,,,,,False,False
h0_chr21_12003041_12007136,168,295,1659,295,1659,1364,0.5656095743179321,,,,,False,False
h0_chr21_12003041_12007136,169,1526,2890,1526,2890,1364,0.5655093193054199,,,,,False,False
h0_chr21_12003041_12007136,170,1512,2876,1512,2876,1364,0.565422534942627,Initiator,Initiator,promoter,promoter,True,True
h0_chr21_12003041_12007136,171,1663,2438,1663,2438,775,0.565075695514679,,,,,False,False
h0_chr21_12003041_12007136,172,1147,2510,1147,2510,1363,0.564930260181427,,,,,False,False
h0_chr21_12003041_12007136,173,1490,2852,1490,2852,1362,0.5642143487930298,,,,,False,False
h0_chr21_12003041_12007136,174,655,2358,655,2358,1703,0.5640581250190735,,,,,False,False
h0_chr21_12003041_12007136,175,1545,2909,1545,2909,1364,0.5634282827377319,,,,,False,False
h0_chr21_12003041_12007136,176,2145,3511,2145,3511,1366,0.563154399394989,,,,,False,False
h0_chr21_12003041_12007136,177,1445,2809,1445,2809,1364,0.5630701780319214,,,,,False,False
h0_chr21_12003041_12007136,178,519,3249,519,3249,2730,0.5629923939704895,,,,,False,False
h0_chr21_12003041_12007136,179,1357,3406,1357,3406,2049,0.5629883408546448,,,,,False,False
h0_chr21_12003041_12007136,180,910,3641,910,3641,2731,0.5629374980926514,,,,,False,False
h0_chr21_12003041_12007136,181,1371,2734,1371,2734,1363,0.5628347396850586,,,,,False,False
h0_chr21_12003041_12007136,182,1511,2875,1511,2875,1364,0.562679648399353,Initiator,Initiator,promoter,promoter,True,True
h0_chr21_12003041_12007136,183,1447,2811,1447,2811,1364,0.5626696348190308,,,,,False,False
h0_chr21_12003041_12007136,184,1535,3055,1535,3055,1520,0.5626293420791626,,,,,False,False
h0_chr21_12003041_12007136,185,3576,3994,3576,3994,418,0.562380313873291,,,,,False,False
h0_chr21_12003041_12007136,186,1897,3297,1897,3297,1400,0.5623410940170288,Initiator,,promoter,,False,False
h0_chr21_12003041_12007136,187,282,1646,282,1646,1364,0.5622778534889221,,,,,False,False
h0_chr21_12003041_12007136,188,804,2169,804,2169,1365,0.56195068359375,,,,,False,False
h0_chr21_12003041_12007136,189,1333,2696,1333,2696,1363,0.5619417428970337,,,,,False,False
h0_chr21_12003041_12007136,190,3406,3842,3406,3842,436,0.5616416931152344,,,,,False,False
h0_chr21_12003041_12007136,191,2708,3888,2708,3888,1180,0.5616016983985901,,,,,False,False
h0_chr21_12003041_12007136,192,1102,2465,1102,2465,1363,0.5612595677375793,,,,,False,False
h0_chr21_12003041_12007136,193,1477,2841,1477,2841,1364,0.5609641671180725,,,,,False,False
h0_chr21_12003041_12007136,194,560,1925,560,1925,1365,0.5608686804771423,,,,,False,False
h0_chr21_12003041_12007136,195,993,2358,993,2358,1365,0.5606436133384705,,,,,False,False
h0_chr21_12003041_12007136,196,1727,3093,1727,3093,1366,0.5603836178779602,,,,,False,False
h0_chr21_12003041_12007136,197,2841,3865,2841,3865,1024,0.5603623986244202,,,,,False,False
h0_chr21_12003041_12007136,198,1226,2222,1226,2222,996,0.5602380037307739,,,,,False,False
h0_chr21_12003041_12007136,199,690,3420,690,3420,2730,0.560156524181366,,,,,False,False
h0_chr21_12003041_12007136,200,1349,2708,1349,2708,1359,0.5598499774932861,,,,,False,False
h0_chr21_19112010_19116105,1,3448,3568,3448,3568,120,0.7417314052581787,,,,,False,False
h0_chr21_19112010_19116105,2,3445,3739,3445,3739,294,0.7152521014213562,,,,,False,False
h0_chr21_19112010_19116105,3,3568,3739,3568,3739,171,0.6958070397377014,,,,,False,False
h0_chr21_19112010_19116105,4,3445,3568,3445,3568,123,0.6934146881103516,,,,,False,False
h0_chr21_19112010_19116105,5,3445,3543,3445,3543,98,0.690525472164154,,Initiator,,promoter,False,False
h0_chr21_19112010_19116105,6,3448,3543,3448,3543,95,0.6891835331916809,,Initiator,,promoter,False,False
h0_chr21_19112010_19116105,7,3465,3739,3465,3739,274,0.6848591566085815,,,,,False,False
h0_chr21_19112010_19116105,8,3443,3568,3443,3568,125,0.6812370419502258,,,,,False,False
h0_chr21_19112010_19116105,9,3443,3543,3443,3543,100,0.6767596006393433,,Initiator,,promoter,False,False
h0_chr21_19112010_19116105,10,3497,3558,3497,3558,61,0.6591390371322632,,,,,False,False
h0_chr21_19112010_19116105,11,3465,3568,3465,3568,103,0.6541230082511902,,,,,False,False
h0_chr21_19112010_19116105,12,3446,3559,3446,3559,113,0.6492820978164673,,Initiator,,promoter,False,False
h0_chr21_19112010_19116105,13,1732,3404,1732,3404,1672,0.642962634563446,,,,,False,False
h0_chr21_19112010_19116105,14,3444,3559,3444,3559,115,0.6407000422477722,,Initiator,,promoter,False,False
h0_chr21_19112010_19116105,15,3543,3739,3543,3739,196,0.6338711380958557,Initiator,,promoter,,False,False
h0_chr21_19112010_19116105,16,2417,3682,2417,3682,1265,0.6273010969161987,,,,,False,False
h0_chr21_19112010_19116105,17,3448,3739,3448,3739,291,0.6240838766098022,,,,,False,False
h0_chr21_19112010_19116105,18,3439,3559,3439,3559,120,0.6234831809997559,,Initiator,,promoter,False,False
h0_chr21_19112010_19116105,19,3443,3739,3443,3739,296,0.6081249713897705,,,,,False,False
h0_chr21_19112010_19116105,20,3535,3595,3535,3595,60,0.6049771904945374,,Initiator,,promoter,False,False
h0_chr21_19112010_19116105,21,1713,3404,1713,3404,1691,0.6005598306655884,,,,,False,False
h0_chr21_19112010_19116105,22,1634,3404,1634,3404,1770,0.5993068218231201,,,,,False,False
h0_chr21_19112010_19116105,23,3559,3611,3559,3611,52,0.5872230529785156,Initiator,Initiator,promoter,promoter,True,True
h0_chr21_19112010_19116105,24,1736,3404,1736,3404,1668,0.5864372253417969,,,,,False,False
h0_chr21_19112010_19116105,25,1736,3682,1736,3682,1946,0.5805884599685669,,,,,False,False
h0_chr21_19112010_19116105,26,3465,3543,3465,3543,78,0.5749931931495667,,Initiator,,promoter,False,False
h0_chr21_19112010_19116105,27,3536,3685,3536,3685,149,0.5720664262771606,,,,,False,False
h0_chr21_19112010_19116105,28,1732,4044,1732,4044,2312,0.5675772428512573,,Initiator,,promoter,False,False
h0_chr21_19112010_19116105,29,208,2289,208,2289,2081,0.566909670829773,,,,,False,False
h0_chr21_19112010_19116105,30,3611,3685,3611,3685,74,0.5654647350311279,Initiator,,promoter,,False,False
h0_chr21_19112010_19116105,31,3563,3682,3563,3682,119,0.5626083016395569,Initiator,,promoter,,False,False
h0_chr21_19112010_19116105,32,3559,3668,3559,3668,109,0.5617160201072693,Initiator,,promoter,,False,False
h0_chr21_19112010_19116105,33,3421,3559,3421,3559,138,0.5614317655563354,,Initiator,,promoter,False,False
h0_chr21_19112010_19116105,34,3404,4044,3404,4044,640,0.5601375102996826,,Initiator,,promoter,False,False
h0_chr21_19112010_19116105,35,3445,3497,3445,3497,52,0.5586515665054321,,,,,False,False
h0_chr21_19112010_19116105,36,8,1736,8,1736,1728,0.5567091703414917,,,,,False,False
h0_chr21_19112010_19116105,37,3595,3685,3595,3685,90,0.5563173294067383,Initiator,,promoter,,False,False
h0_chr21_19112010_19116105,38,2417,3404,2417,3404,987,0.5536394119262695,,,,,False,False
h0_chr21_19112010_19116105,39,3535,3591,3535,3591,56,0.5525072813034058,,Initiator,,promoter,False,False
h0_chr21_19112010_19116105,40,3536,3591,3536,3591,55,0.5511921048164368,,Initiator,,promoter,False,False
h0_chr21_19112010_19116105,41,3851,3901,3851,3901,50,0.5501087307929993,,,,,False,False
h0_chr21_19112010_19116105,42,3452,3849,3452,3849,397,0.5460400581359863,,,,,False,False
h0_chr21_19112010_19116105,43,1730,3404,1730,3404,1674,0.5450855493545532,,,,,False,False
h0_chr21_19112010_19116105,44,1005,1105,1005,1105,100,0.544965922832489,,Initiator,,promoter,False,False
h0_chr21_19112010_19116105,45,3559,3673,3559,3673,114,0.5440972447395325,Initiator,Initiator,promoter,promoter,True,True
h0_chr21_19112010_19116105,46,3569,3685,3569,3685,116,0.5400918126106262,,,,,False,False
h0_chr21_19112010_19116105,47,1037,1693,1037,1693,656,0.5391707420349121,,,,,False,False
h0_chr21_19112010_19116105,48,3479,3542,3479,3542,63,0.5371779203414917,,Initiator,,promoter,False,False
h0_chr21_19112010_19116105,49,850,1963,850,1963,1113,0.5360558032989502,,,,,False,False
h0_chr21_19112010_19116105,50,3478,3533,3478,3533,55,0.5339863896369934,,,,,False,False
h0_chr21_19112010_19116105,51,3635,3716,3635,3716,81,0.533379852771759,Initiator,,promoter,,False,False
h0_chr21_19112010_19116105,52,3441,3595,3441,3595,154,0.5324445366859436,,Initiator,,promoter,False,False
h0_chr21_19112010_19116105,53,3591,3673,3591,3673,82,0.5322304368019104,Initiator,Initiator,promoter,promoter,True,True
h0_chr21_19112010_19116105,54,3441,3536,3441,3536,95,0.5314476490020752,,,,,False,False
h0_chr21_19112010_19116105,55,1211,2552,1211,2552,1341,0.5302199125289917,,,,,False,False
h0_chr21_19112010_19116105,56,3559,3672,3559,3672,113,0.5288001298904419,Initiator,Initiator,promoter,promoter,True,True
h0_chr21_19112010_19116105,57,3551,3611,3551,3611,60,0.5280303359031677,,Initiator,,promoter,False,False
h0_chr21_19112010_19116105,58,3682,4044,3682,4044,362,0.5278651118278503,,Initiator,,promoter,False,False
h0_chr21_19112010_19116105,59,3557,3611,3557,3611,54,0.5275626182556152,,Initiator,,promoter,False,False
h0_chr21_19112010_19116105,60,3509,3565,3509,3565,56,0.5271897315979004,,Initiator,,promoter,False,False
h0_chr21_19112010_19116105,61,3551,3690,3551,3690,139,0.5264540910720825,,,,,False,False
h0_chr21_19112010_19116105,62,3439,3677,3439,3677,238,0.5262928009033203,,Initiator,,promoter,False,False
h0_chr21_19112010_19116105,63,1942,3404,1942,3404,1462,0.52567058801651,,,,,False,False
h0_chr21_19112010_19116105,64,3440,3559,3440,3559,119,0.5245986580848694,,Initiator,,promoter,False,False
h0_chr21_19112010_19116105,65,3441,3569,3441,3569,128,0.5241683721542358,,,,,False,False
h0_chr21_19112010_19116105,66,3445,3529,3445,3529,84,0.5236575603485107,,Initiator,,promoter,False,False
h0_chr21_19112010_19116105,67,3535,3611,3535,3611,76,0.5221664309501648,,Initiator,,promoter,False,False
h0_chr21_19112010_19116105,68,1634,1736,1634,1736,102,0.5208767652511597,,,,,False,False
h0_chr21_19112010_19116105,69,3445,3542,3445,3542,97,0.520602822303772,,Initiator,,promoter,False,False
h0_chr21_19112010_19116105,70,3635,3877,3635,3877,242,0.5196651220321655,Initiator,,promoter,,False,False
h0_chr21_19112010_19116105,71,208,2271,208,2271,2063,0.5194387435913086,,,,,False,False
h0_chr21_19112010_19116105,72,3533,3591,3533,3591,58,0.5190893411636353,,Initiator,,promoter,False,False
h0_chr21_19112010_19116105,73,3441,3659,3441,3659,218,0.5187802910804749,,,,,False,False
h0_chr21_19112010_19116105,74,284,3404,284,3404,3120,0.5186759829521179,,,,,False,False
h0_chr21_19112010_19116105,75,1104,1278,1104,1278,174,0.5167393088340759,Initiator,Initiator,promoter,promoter,True,True
h0_chr21_19112010_19116105,76,3215,3404,3215,3404,189,0.5164526700973511,Initiator,,promoter,,False,False
h0_chr21_19112010_19116105,77,3751,3877,3751,3877,126,0.5158894062042236,,,,,False,False
h0_chr21_19112010_19116105,78,3594,3659,3594,3659,65,0.5156815052032471,Initiator,,promoter,,False,False
h0_chr21_19112010_19116105,79,3452,3716,3452,3716,264,0.5154801607131958,,,,,False,False
h0_chr21_19112010_19116105,80,3635,3901,3635,3901,266,0.5145586729049683,Initiator,,promoter,,False,False
h0_chr21_19112010_19116105,81,3535,3590,3535,3590,55,0.5140909552574158,,Initiator,,promoter,False,False
h0_chr21_19112010_19116105,82,3441,3714,3441,3714,273,0.5139254927635193,,,,,False,False
h0_chr21_19112010_19116105,83,3452,3890,3452,3890,438,0.5135181546211243,,Initiator,,promoter,False,False
h0_chr21_19112010_19116105,84,3635,3890,3635,3890,255,0.5131109952926636,Initiator,Initiator,promoter,promoter,True,True
h0_chr21_19112010_19116105,85,3591,3668,3591,3668,77,0.5127438306808472,Initiator,,promoter,,False,False
h0_chr21_19112010_19116105,86,3569,3644,3569,3644,75,0.5126094818115234,,,,,False,False
h0_chr21_19112010_19116105,87,3659,3737,3659,3737,78,0.5116492509841919,,,,,False,False
h0_chr21_19112010_19116105,88,1051,1194,1051,1194,143,0.511137843132019,,,,,False,False
h0_chr21_19112010_19116105,89,3557,3668,3557,3668,111,0.511046290397644,,,,,False,False
h0_chr21_19112010_19116105,90,3591,3659,3591,3659,68,0.5110257863998413,Initiator,,promoter,,False,False
h0_chr21_19112010_19116105,91,3526,3591,3526,3591,65,0.5109883546829224,Initiator,Initiator,promoter,promoter,True,True
h0_chr21_19112010_19116105,92,3672,3737,3672,3737,65,0.5107813477516174,Initiator,,promoter,,False,False
h0_chr21_19112010_19116105,93,3533,3849,3533,3849,316,0.5107799768447876,,,,,False,False
h0_chr21_19112010_19116105,94,3516,3659,3516,3659,143,0.5105647444725037,Initiator,,promoter,,False,False
h0_chr21_19112010_19116105,95,3535,3668,3535,3668,133,0.5103747248649597,,,,,False,False
h0_chr21_19112010_19116105,96,3542,3716,3542,3716,174,0.5095227956771851,Initiator,,promoter,,False,False
h0_chr21_19112010_19116105,97,3509,3659,3509,3659,150,0.5091887712478638,,,,,False,False
h0_chr21_19112010_19116105,98,121,1944,121,1944,1823,0.5087909698486328,,,,,False,False
h0_chr21_19112010_19116105,99,3439,3668,3439,3668,229,0.5086382627487183,,,,,False,False
h0_chr21_19112010_19116105,100,3507,3594,3507,3594,87,0.5083187818527222,,Initiator,,promoter,False,False
h0_chr21_19112010_19116105,101,3569,3667,3569,3667,98,0.5083081722259521,,,,,False,False
h0_chr21_19112010_19116105,102,3635,3849,3635,3849,214,0.5079716444015503,Initiator,,promoter,,False,False
h0_chr21_19112010_19116105,103,3536,3696,3536,3696,160,0.5076684355735779,,,,,False,False
h0_chr21_19112010_19116105,104,3455,3542,3455,3542,87,0.5072025060653687,,Initiator,,promoter,False,False
h0_chr21_19112010_19116105,105,1051,1211,1051,1211,160,0.5070786476135254,,,,,False,False
h0_chr21_19112010_19116105,106,3498,3620,3498,3620,122,0.5068814158439636,,Initiator,,promoter,False,False
h0_chr21_19112010_19116105,107,3533,3716,3533,3716,183,0.5065662860870361,,,,,False,False
h0_chr21_19112010_19116105,108,3441,3590,3441,3590,149,0.5064358115196228,,Initiator,,promoter,False,False
h0_chr21_19112010_19116105,109,3668,3737,3668,3737,69,0.5063451528549194,,,,,False,False
h0_chr21_19112010_19116105,110,3455,3529,3455,3529,74,0.5063282251358032,,Initiator,,promoter,False,False
h0_chr21_19112010_19116105,111,3535,3594,3535,3594,59,0.5061380863189697,,Initiator,,promoter,False,False
h0_chr21_19112010_19116105,112,3576,3668,3576,3668,92,0.506137490272522,,,,,False,False
h0_chr21_19112010_19116105,113,3546,3668,3546,3668,122,0.506051778793335,,,,,False,False
h0_chr21_19112010_19116105,114,3459,3559,3459,3559,100,0.5056884288787842,,Initiator,,promoter,False,False
h0_chr21_19112010_19116105,115,3570,3668,3570,3668,98,0.5056778788566589,,,,,False,False
h0_chr21_19112010_19116105,116,3479,3544,3479,3544,65,0.5056302547454834,,,,,False,False
h0_chr21_19112010_19116105,117,3546,3659,3546,3659,113,0.5054613351821899,,,,,False,False
h0_chr21_19112010_19116105,118,3526,3576,3526,3576,50,0.5053225755691528,Initiator,,promoter,,False,False
h0_chr21_19112010_19116105,119,3535,3659,3535,3659,124,0.5049842000007629,,,,,False,False
h0_chr21_19112010_19116105,120,3439,3672,3439,3672,233,0.50362229347229,,Initiator,,promoter,False,False
h0_chr21_19112010_19116105,121,3480,3635,3480,3635,155,0.5036001205444336,,Initiator,,promoter,False,False
h0_chr21_19112010_19116105,122,3455,3533,3455,3533,78,0.5028680562973022,,,,,False,False
h0_chr21_19112010_19116105,123,3509,3595,3509,3595,86,0.5025882720947266,,Initiator,,promoter,False,False
h0_chr21_19112010_19116105,124,8,4044,8,4044,4036,0.5021093487739563,,Initiator,,promoter,False,False
h0_chr21_19112010_19116105,125,2626,2931,2626,2931,305,0.5009351968765259,,,,,False,False
h0_chr21_19112010_19116105,126,3516,3591,3516,3591,75,0.5009349584579468,Initiator,Initiator,promoter,promoter,True,True
h0_chr21_19112010_19116105,127,3526,3716,3526,3716,190,0.5009297728538513,Initiator,,promoter,,False,False
h0_chr21_19112010_19116105,128,3611,3667,3611,3667,56,0.5006956458091736,Initiator,,promoter,,False,False
h0_chr21_19112010_19116105,129,3551,3668,3551,3668,117,0.5006099343299866,,,,,False,False
h0_chr21_19112010_19116105,130,3535,3673,3535,3673,138,0.5003049373626709,,Initiator,,promoter,False,False
h0_chr21_19112010_19116105,131,3557,3672,3557,3672,115,0.5002328753471375,,Initiator,,promoter,False,False
h0_chr21_19112010_19116105,132,3516,3595,3516,3595,79,0.4996495544910431,Initiator,Initiator,promoter,promoter,True,True
h0_chr21_19112010_19116105,133,2417,4044,2417,4044,1627,0.49942439794540405,,Initiator,,promoter,False,False
h0_chr21_19112010_19116105,134,3542,3890,3542,3890,348,0.4994070529937744,Initiator,Initiator,promoter,promoter,True,True
h0_chr21_19112010_19116105,135,3509,3677,3509,3677,168,0.4989607036113739,,Initiator,,promoter,False,False
h0_chr21_19112010_19116105,136,3509,3673,3509,3673,164,0.49871811270713806,,Initiator,,promoter,False,False
h0_chr21_19112010_19116105,137,3535,3890,3535,3890,355,0.49851512908935547,,Initiator,,promoter,False,False
h0_chr21_19112010_19116105,138,3452,3639,3452,3639,187,0.4982839524745941,,,,,False,False
h0_chr21_19112010_19116105,139,3536,3667,3536,3667,131,0.4982314109802246,,,,,False,False
h0_chr21_19112010_19116105,140,3478,3635,3478,3635,157,0.4980308711528778,,Initiator,,promoter,False,False
h0_chr21_19112010_19116105,141,3509,3591,3509,3591,82,0.49798500537872314,,Initiator,,promoter,False,False
h0_chr21_19112010_19116105,142,3516,3592,3516,3592,76,0.49787577986717224,Initiator,Initiator,promoter,promoter,True,True
h0_chr21_19112010_19116105,143,3452,3896,3452,3896,444,0.49777019023895264,,Initiator,,promoter,False,False
h0_chr21_19112010_19116105,144,3559,3695,3559,3695,136,0.4970787763595581,Initiator,,promoter,,False,False
h0_chr21_19112010_19116105,145,3441,3592,3441,3592,151,0.49696195125579834,,Initiator,,promoter,False,False
h0_chr21_19112010_19116105,146,3509,3668,3509,3668,159,0.49599334597587585,,,,,False,False
h0_chr21_19112010_19116105,147,3446,3668,3446,3668,222,0.4950026273727417,,,,,False,False
h0_chr21_19112010_19116105,148,595,2666,595,2666,2071,0.49445322155952454,,,,,False,False
h0_chr21_19112010_19116105,149,3559,3659,3559,3659,100,0.49415990710258484,Initiator,,promoter,,False,False
h0_chr21_19112010_19116105,150,3594,3673,3594,3673,79,0.4940868020057678,Initiator,Initiator,promoter,promoter,True,True
h0_chr21_19112010_19116105,151,1037,1741,1037,1741,704,0.49290144443511963,,,,,False,False
h0_chr21_19112010_19116105,152,3605,3737,3605,3737,132,0.49280786514282227,,,,,False,False
h0_chr21_19112010_19116105,153,3509,3690,3509,3690,181,0.49220511317253113,,,,,False,False
h0_chr21_19112010_19116105,154,3498,3659,3498,3659,161,0.4921160936355591,,,,,False,False
h0_chr21_19112010_19116105,155,3565,3685,3565,3685,120,0.4919394254684448,Initiator,,promoter,,False,False
h0_chr21_19112010_19116105,156,3603,3685,3603,3685,82,0.49182093143463135,,,,,False,False
h0_chr21_19112010_19116105,157,3595,3667,3595,3667,72,0.4915792644023895,Initiator,,promoter,,False,False
h0_chr21_19112010_19116105,158,953,1065,953,1065,112,0.4915446639060974,,,,,False,False
h0_chr21_19112010_19116105,159,3509,3592,3509,3592,83,0.49147528409957886,,Initiator,,promoter,False,False
h0_chr21_19112010_19116105,160,3516,3569,3516,3569,53,0.49143117666244507,Initiator,,promoter,,False,False
h0_chr21_19112010_19116105,161,234,304,234,304,70,0.49127644300460815,,,,,False,False
h0_chr21_19112010_19116105,162,3668,3890,3668,3890,222,0.49026432633399963,,Initiator,,promoter,False,False
h0_chr21_19112010_19116105,163,3566,3685,3566,3685,119,0.48949265480041504,,,,,False,False
h0_chr21_19112010_19116105,164,3509,3594,3509,3594,85,0.4893079996109009,,Initiator,,promoter,False,False
h0_chr21_19112010_19116105,165,3497,3568,3497,3568,71,0.4887879490852356,,,,,False,False
h0_chr21_19112010_19116105,166,3455,3635,3455,3635,180,0.48847758769989014,,Initiator,,promoter,False,False
h0_chr21_19112010_19116105,167,3498,3714,3498,3714,216,0.4883936643600464,,,,,False,False
h0_chr21_19112010_19116105,168,412,1051,412,1051,639,0.48837602138519287,Initiator,,promoter,,False,False
h0_chr21_19112010_19116105,169,3509,3672,3509,3672,163,0.4881114065647125,,Initiator,,promoter,False,False
h0_chr21_19112010_19116105,170,3559,3690,3559,3690,131,0.48793667554855347,Initiator,,promoter,,False,False
h0_chr21_19112010_19116105,171,3526,3668,3526,3668,142,0.4874665141105652,Initiator,,promoter,,False,False
h0_chr21_19112010_19116105,172,3446,3677,3446,3677,231,0.4873333275318146,,Initiator,,promoter,False,False
h0_chr21_19112010_19116105,173,3479,3529,3479,3529,50,0.48714208602905273,,Initiator,,promoter,False,False
h0_chr21_19112010_19116105,174,3535,3592,3535,3592,57,0.48697760701179504,,Initiator,,promoter,False,False
h0_chr21_19112010_19116105,175,3516,3594,3516,3594,78,0.4869709312915802,Initiator,Initiator,promoter,promoter,True,True
h0_chr21_19112010_19116105,176,3594,3690,3594,3690,96,0.48656731843948364,Initiator,,promoter,,False,False
h0_chr21_19112010_19116105,177,3529,3890,3529,3890,361,0.4865334630012512,Initiator,Initiator,promoter,promoter,True,True
h0_chr21_19112010_19116105,178,3591,3714,3591,3714,123,0.4858836233615875,Initiator,,promoter,,False,False
h0_chr21_19112010_19116105,179,3516,3890,3516,3890,374,0.4856133460998535,Initiator,Initiator,promoter,promoter,True,True
h0_chr21_19112010_19116105,180,3509,3714,3509,3714,205,0.48560893535614014,,,,,False,False
h0_chr21_19112010_19116105,181,3439,3659,3439,3659,220,0.4854889214038849,,,,,False,False
h0_chr21_19112010_19116105,182,3509,3569,3509,3569,60,0.4851688742637634,,,,,False,False
h0_chr21_19112010_19116105,183,3559,3677,3559,3677,118,0.48501479625701904,Initiator,Initiator,promoter,promoter,True,True
h0_chr21_19112010_19116105,184,3546,3603,3546,3603,57,0.48494070768356323,,,,,False,False
h0_chr21_19112010_19116105,185,3535,3603,3535,3603,68,0.48483628034591675,,,,,False,False
h0_chr21_19112010_19116105,186,3546,3611,3546,3611,65,0.48462188243865967,,Initiator,,promoter,False,False
h0_chr21_19112010_19116105,187,3635,3896,3635,3896,261,0.4844971299171448,Initiator,Initiator,promoter,promoter,True,True
h0_chr21_19112010_19116105,188,825,1058,825,1058,233,0.4844816327095032,,,,,False,False
h0_chr21_19112010_19116105,189,1955,3087,1955,3087,1132,0.4844602942466736,,,,,False,False
h0_chr21_19112010_19116105,190,3550,3682,3550,3682,132,0.4844493567943573,,,,,False,False
h0_chr21_19112010_19116105,191,3533,3901,3533,3901,368,0.4842836856842041,,,,,False,False
h0_chr21_19112010_19116105,192,3108,3335,3108,3335,227,0.48410362005233765,,Initiator,,promoter,False,False
h0_chr21_19112010_19116105,193,412,1822,412,1822,1410,0.4836423993110657,Initiator,,promoter,,False,False
h0_chr21_19112010_19116105,194,3662,4054,3662,4054,392,0.48361730575561523,,,,,False,False
h0_chr21_19112010_19116105,195,3452,3901,3452,3901,449,0.4836137890815735,,,,,False,False
h0_chr21_19112010_19116105,196,3516,3734,3516,3734,218,0.48343899846076965,Initiator,,promoter,,False,False
h0_chr21_19112010_19116105,197,2672,3160,2672,3160,488,0.4833131432533264,,Initiator,,promoter,False,False
h0_chr21_19112010_19116105,198,3441,3547,3441,3547,106,0.48329031467437744,,,,,False,False
h0_chr21_19112010_19116105,199,3441,3603,3441,3603,162,0.48318809270858765,,,,,False,False
h0_chr21_19112010_19116105,200,3509,3590,3509,3590,81,0.4829891324043274,,Initiator,,promoter,False,False
h0_chr21_38658585_38662680,1,1590,1713,1590,1713,123,0.8217284083366394,Initiator,,promoter,,False,False
h0_chr21_38658585_38662680,2,1713,2669,1713,2669,956,0.8103740215301514,,,,,False,False
h0_chr21_38658585_38662680,3,2220,2306,2220,2306,86,0.7914731502532959,,,,,False,False
h0_chr21_38658585_38662680,4,1590,2306,1590,2306,716,0.7906481623649597,Initiator,,promoter,,False,False
h0_chr21_38658585_38662680,5,1713,1867,1713,1867,154,0.7904713153839111,,,,,False,False
h0_chr21_38658585_38662680,6,2306,2669,2306,2669,363,0.7870880365371704,,,,,False,False
h0_chr21_38658585_38662680,7,1867,2306,1867,2306,439,0.7839114665985107,,,,,False,False
h0_chr21_38658585_38662680,8,2340,2430,2340,2430,90,0.7826439738273621,,,,,False,False
h0_chr21_38658585_38662680,9,2340,2439,2340,2439,99,0.7785088419914246,,,,,False,False
h0_chr21_38658585_38662680,10,2340,2442,2340,2442,102,0.7783722877502441,,,,,False,False
h0_chr21_38658585_38662680,11,2340,2427,2340,2427,87,0.7741410136222839,,,,,False,False
h0_chr21_38658585_38662680,12,538,1852,538,1852,1314,0.7738329768180847,,,,,False,False
h0_chr21_38658585_38662680,13,2340,2418,2340,2418,78,0.7716193199157715,,,,,False,False
h0_chr21_38658585_38662680,14,1590,2523,1590,2523,933,0.7680893540382385,Initiator,,promoter,,False,False
h0_chr21_38658585_38662680,15,2340,2421,2340,2421,81,0.7663783431053162,,,,,False,False
h0_chr21_38658585_38662680,16,2220,2669,2220,2669,449,0.7655308842658997,,,,,False,False
h0_chr21_38658585_38662680,17,1590,2220,1590,2220,630,0.7638512849807739,Initiator,,promoter,,False,False
h0_chr21_38658585_38662680,18,1867,2220,1867,2220,353,0.7548125386238098,,,,,False,False
h0_chr21_38658585_38662680,19,1867,2523,1867,2523,656,0.7531763911247253,,,,,False,False
h0_chr21_38658585_38662680,20,2523,2669,2523,2669,146,0.7518141269683838,,,,,False,False
h0_chr21_38658585_38662680,21,2284,2669,2284,2669,385,0.7461715340614319,,,,,False,False
h0_chr21_38658585_38662680,22,1867,2284,1867,2284,417,0.7448076009750366,,,,,False,False
h0_chr21_38658585_38662680,23,538,810,538,810,272,0.7439413070678711,,,,,False,False
h0_chr21_38658585_38662680,24,2220,2284,2220,2284,64,0.7392205595970154,,,,,False,False
h0_chr21_38658585_38662680,25,538,2444,538,2444,1906,0.7348814606666565,,,,,False,False
h0_chr21_38658585_38662680,26,538,2450,538,2450,1912,0.7300199866294861,,,,,False,False
h0_chr21_38658585_38662680,27,538,2429,538,2429,1891,0.717190146446228,,,,,False,False
h0_chr21_38658585_38662680,28,1590,2284,1590,2284,694,0.7158567905426025,Initiator,,promoter,,False,False
h0_chr21_38658585_38662680,29,2418,2468,2418,2468,50,0.7004597187042236,,,,,False,False
h0_chr21_38658585_38662680,30,538,2453,538,2453,1915,0.6956791877746582,,,,,False,False
h0_chr21_38658585_38662680,31,538,2456,538,2456,1918,0.6943567991256714,,,,,False,False
h0_chr21_38658585_38662680,32,2306,2748,2306,2748,442,0.6867716312408447,,Initiator,,promoter,False,False
h0_chr21_38658585_38662680,33,2306,2523,2306,2523,217,0.6853069067001343,,,,,False,False
h0_chr21_38658585_38662680,34,538,2420,538,2420,1882,0.6815031170845032,,,,,False,False
h0_chr21_38658585_38662680,35,2095,2423,2095,2423,328,0.6700901985168457,BREu,,promoter,,False,False
h0_chr21_38658585_38662680,36,2284,2748,2284,2748,464,0.6696902513504028,,Initiator,,promoter,False,False
h0_chr21_38658585_38662680,37,1713,2220,1713,2220,507,0.6690526008605957,,,,,False,False
h0_chr21_38658585_38662680,38,538,2417,538,2417,1879,0.6681693196296692,,,,,False,False
h0_chr21_38658585_38662680,39,2095,2426,2095,2426,331,0.6667470335960388,BREu,,promoter,,False,False
h0_chr21_38658585_38662680,40,538,2452,538,2452,1914,0.6655437350273132,,,,,False,False
h0_chr21_38658585_38662680,41,1709,1838,1709,1838,129,0.6649959087371826,Initiator,Initiator,promoter,promoter,True,True
h0_chr21_38658585_38662680,42,538,2447,538,2447,1909,0.6616187691688538,,,,,False,False
h0_chr21_38658585_38662680,43,2270,2748,2270,2748,478,0.6592859029769897,,Initiator,,promoter,False,False
h0_chr21_38658585_38662680,44,2220,2523,2220,2523,303,0.6588306427001953,,,,,False,False
h0_chr21_38658585_38662680,45,1590,2669,1590,2669,1079,0.6578941941261292,Initiator,,promoter,,False,False
h0_chr21_38658585_38662680,46,2095,2437,2095,2437,342,0.6564826965332031,BREu,,promoter,,False,False
h0_chr21_38658585_38662680,47,2340,2438,2340,2438,98,0.6560401916503906,,,,,False,False
h0_chr21_38658585_38662680,48,2243,2340,2243,2340,97,0.6554794311523438,,,,,False,False
h0_chr21_38658585_38662680,49,2203,2340,2203,2340,137,0.6547480821609497,,,,,False,False
h0_chr21_38658585_38662680,50,2095,2432,2095,2432,337,0.6529841423034668,BREu,,promoter,,False,False
h0_chr21_38658585_38662680,51,538,2441,538,2441,1903,0.6511993408203125,,,,,False,False
h0_chr21_38658585_38662680,52,2320,2748,2320,2748,428,0.6506844758987427,BREu,Initiator,promoter,promoter,True,False
h0_chr21_38658585_38662680,53,2220,2748,2220,2748,528,0.6451804041862488,,Initiator,,promoter,False,False
h0_chr21_38658585_38662680,54,538,2438,538,2438,1900,0.6427594423294067,,,,,False,False
h0_chr21_38658585_38662680,55,538,2455,538,2455,1917,0.6417510509490967,,,,,False,False
h0_chr21_38658585_38662680,56,1713,2523,1713,2523,810,0.6310653686523438,,,,,False,False
h0_chr21_38658585_38662680,57,538,2440,538,2440,1902,0.6308166980743408,,,,,False,False
h0_chr21_38658585_38662680,58,538,2419,538,2419,1881,0.6294513940811157,,,,,False,False
h0_chr21_38658585_38662680,59,1590,1867,1590,1867,277,0.6291836500167847,Initiator,,promoter,,False,False
h0_chr21_38658585_38662680,60,93,2340,93,2340,2247,0.628566563129425,,,,,False,False
h0_chr21_38658585_38662680,61,2340,2755,2340,2755,415,0.6261594891548157,,,,,False,False
h0_chr21_38658585_38662680,62,2228,2669,2228,2669,441,0.6244969367980957,,,,,False,False
h0_chr21_38658585_38662680,63,2233,2340,2233,2340,107,0.6242859363555908,,,,,False,False
h0_chr21_38658585_38662680,64,1590,2228,1590,2228,638,0.623592734336853,Initiator,,promoter,,False,False
h0_chr21_38658585_38662680,65,1867,2669,1867,2669,802,0.6224045753479004,,,,,False,False
h0_chr21_38658585_38662680,66,2822,3117,2822,3117,295,0.6223719120025635,BREu,,promoter,,False,False
h0_chr21_38658585_38662680,67,1867,2228,1867,2228,361,0.6216258406639099,,,,,False,False
h0_chr21_38658585_38662680,68,1713,2306,1713,2306,593,0.6214081048965454,,,,,False,False
h0_chr21_38658585_38662680,69,2286,2748,2286,2748,462,0.6187034249305725,,Initiator,,promoter,False,False
h0_chr21_38658585_38662680,70,2284,2523,2284,2523,239,0.61834716796875,,,,,False,False
h0_chr21_38658585_38662680,71,2203,2392,2203,2392,189,0.6172910928726196,,,,,False,False
h0_chr21_38658585_38662680,72,538,2443,538,2443,1905,0.6169140338897705,,,,,False,False
h0_chr21_38658585_38662680,73,1281,1391,1281,1391,110,0.6139784455299377,,,,,False,False
h0_chr21_38658585_38662680,74,2441,3117,2441,3117,676,0.6128536462783813,,,,,False,False
h0_chr21_38658585_38662680,75,2340,2441,2340,2441,101,0.6124863624572754,,,,,False,False
h0_chr21_38658585_38662680,76,2440,3117,2440,3117,677,0.6057000160217285,,,,,False,False
h0_chr21_38658585_38662680,77,810,1852,810,1852,1042,0.6041324734687805,,,,,False,False
h0_chr21_38658585_38662680,78,2340,2443,2340,2443,103,0.6026664972305298,,,,,False,False
h0_chr21_38658585_38662680,79,2443,3117,2443,3117,674,0.6020258665084839,,,,,False,False
h0_chr21_38658585_38662680,80,621,769,621,769,148,0.6016736030578613,,,,,False,False
h0_chr21_38658585_38662680,81,2095,2467,2095,2467,372,0.5998287200927734,BREu,,promoter,,False,False
h0_chr21_38658585_38662680,82,2340,2465,2340,2465,125,0.5990042090415955,,,,,False,False
h0_chr21_38658585_38662680,83,1281,1376,1281,1376,95,0.5977820158004761,,Initiator,,promoter,False,False
h0_chr21_38658585_38662680,84,2175,2267,2175,2267,92,0.5956204533576965,,,,,False,False
h0_chr21_38658585_38662680,85,1889,2175,1889,2175,286,0.592944860458374,,,,,False,False
h0_chr21_38658585_38662680,86,2419,3117,2419,3117,698,0.5885845422744751,,,,,False,False
h0_chr21_38658585_38662680,87,176,1391,176,1391,1215,0.5878011584281921,,,,,False,False
h0_chr21_38658585_38662680,88,1889,2267,1889,2267,378,0.5864313840866089,,,,,False,False
h0_chr21_38658585_38662680,89,1660,2764,1660,2764,1104,0.5848280787467957,,,,,False,False
h0_chr21_38658585_38662680,90,2095,2421,2095,2421,326,0.5843620300292969,BREu,,promoter,,False,False
h0_chr21_38658585_38662680,91,2340,2822,2340,2822,482,0.5831734538078308,,BREu,,promoter,False,False
h0_chr21_38658585_38662680,92,2523,2748,2523,2748,225,0.5826520919799805,,Initiator,,promoter,False,False
h0_chr21_38658585_38662680,93,2340,2440,2340,2440,100,0.5824947357177734,,,,,False,False
h0_chr21_38658585_38662680,94,2071,2269,2071,2269,198,0.5819913744926453,BREu,,promoter,,False,False
h0_chr21_38658585_38662680,95,2095,2448,2095,2448,353,0.581592857837677,BREu,,promoter,,False,False
h0_chr21_38658585_38662680,96,2822,3156,2822,3156,334,0.579503059387207,BREu,,promoter,,False,False
h0_chr21_38658585_38662680,97,794,1852,794,1852,1058,0.5777156949043274,,,,,False,False
h0_chr21_38658585_38662680,98,2228,2523,2228,2523,295,0.5767291784286499,,,,,False,False
h0_chr21_38658585_38662680,99,2416,2467,2416,2467,51,0.5744924545288086,,,,,False,False
h0_chr21_38658585_38662680,100,2421,2822,2421,2822,401,0.5741399526596069,,BREu,,promoter,False,False
h0_chr21_38658585_38662680,101,1728,1866,1728,1866,138,0.573849618434906,,,,,False,False
h0_chr21_38658585_38662680,102,785,2306,785,2306,1521,0.5731943845748901,,,,,False,False
h0_chr21_38658585_38662680,103,2156,2269,2156,2269,113,0.5717582702636719,,,,,False,False
h0_chr21_38658585_38662680,104,1170,2340,1170,2340,1170,0.5700549483299255,,,,,False,False
h0_chr21_38658585_38662680,105,2448,2822,2448,2822,374,0.5690898895263672,,BREu,,promoter,False,False
h0_chr21_38658585_38662680,106,2071,2221,2071,2221,150,0.5683865547180176,BREu,,promoter,,False,False
h0_chr21_38658585_38662680,107,2340,2447,2340,2447,107,0.5677258372306824,,,,,False,False
h0_chr21_38658585_38662680,108,2228,2346,2228,2346,118,0.5676546692848206,,,,,False,False
h0_chr21_38658585_38662680,109,1728,2259,1728,2259,531,0.5663167834281921,,,,,False,False
h0_chr21_38658585_38662680,110,1713,2284,1713,2284,571,0.5652945041656494,,,,,False,False
h0_chr21_38658585_38662680,111,2270,2320,2270,2320,50,0.5646326541900635,,BREu,,promoter,False,False
h0_chr21_38658585_38662680,112,2156,2221,2156,2221,65,0.5633120536804199,,,,,False,False
h0_chr21_38658585_38662680,113,2340,2453,2340,2453,113,0.5627666115760803,,,,,False,False
h0_chr21_38658585_38662680,114,2467,2822,2467,2822,355,0.5615869760513306,,BREu,,promoter,False,False
h0_chr21_38658585_38662680,115,1713,2269,1713,2269,556,0.561510443687439,,,,,False,False
h0_chr21_38658585_38662680,116,748,2748,748,2748,2000,0.5610963106155396,,Initiator,,promoter,False,False
h0_chr21_38658585_38662680,117,2465,3117,2465,3117,652,0.5608130097389221,,,,,False,False
h0_chr21_38658585_38662680,118,1391,2247,1391,2247,856,0.5605549216270447,,,,,False,False
h0_chr21_38658585_38662680,119,2443,3156,2443,3156,713,0.5599455833435059,,,,,False,False
h0_chr21_38658585_38662680,120,601,1709,601,1709,1108,0.5599290132522583,,Initiator,,promoter,False,False
h0_chr21_38658585_38662680,121,1660,2259,1660,2259,599,0.5599148273468018,,,,,False,False
h0_chr21_38658585_38662680,122,1852,2450,1852,2450,598,0.5595352649688721,,,,,False,False
h0_chr21_38658585_38662680,123,2272,2748,2272,2748,476,0.5588648319244385,,Initiator,,promoter,False,False
h0_chr21_38658585_38662680,124,2175,2269,2175,2269,94,0.5581245422363281,,,,,False,False
h0_chr21_38658585_38662680,125,1547,1728,1547,1728,181,0.5565325021743774,,,,,False,False
h0_chr21_38658585_38662680,126,2243,2392,2243,2392,149,0.5562551617622375,,,,,False,False
h0_chr21_38658585_38662680,127,1960,2187,1960,2187,227,0.5561333894729614,,GC_box,,promoter,False,False
h0_chr21_38658585_38662680,128,2340,2419,2340,2419,79,0.5548036098480225,,,,,False,False
h0_chr21_38658585_38662680,129,2447,3117,2447,3117,670,0.5547167658805847,,,,,False,False
h0_chr21_38658585_38662680,130,93,2421,93,2421,2328,0.5543942451477051,,,,,False,False
h0_chr21_38658585_38662680,131,2340,2466,2340,2466,126,0.5537556409835815,,,,,False,False
h0_chr21_38658585_38662680,132,2465,3156,2465,3156,691,0.5535435676574707,,,,,False,False
h0_chr21_38658585_38662680,133,785,2523,785,2523,1738,0.5527660846710205,,,,,False,False
h0_chr21_38658585_38662680,134,1793,2203,1793,2203,410,0.5518889427185059,,,,,False,False
h0_chr21_38658585_38662680,135,1776,2203,1776,2203,427,0.5518265962600708,,,,,False,False
h0_chr21_38658585_38662680,136,2259,3015,2259,3015,756,0.5517449378967285,,,,,False,False
h0_chr21_38658585_38662680,137,2453,3117,2453,3117,664,0.5502068996429443,,,,,False,False
h0_chr21_38658585_38662680,138,2228,2306,2228,2306,78,0.5494930744171143,,,,,False,False
h0_chr21_38658585_38662680,139,2440,3156,2440,3156,716,0.5494523048400879,,,,,False,False
h0_chr21_38658585_38662680,140,2414,2466,2414,2466,52,0.5489403009414673,,,,,False,False
h0_chr21_38658585_38662680,141,2340,2414,2340,2414,74,0.5488142967224121,,,,,False,False
h0_chr21_38658585_38662680,142,1852,2456,1852,2456,604,0.5487525463104248,,,,,False,False
h0_chr21_38658585_38662680,143,2414,2467,2414,2467,53,0.5482969880104065,,,,,False,False
h0_chr21_38658585_38662680,144,2340,2456,2340,2456,116,0.5482161641120911,,,,,False,False
h0_chr21_38658585_38662680,145,2285,2748,2285,2748,463,0.547552764415741,,Initiator,,promoter,False,False
h0_chr21_38658585_38662680,146,1889,2221,1889,2221,332,0.5474435687065125,,,,,False,False
h0_chr21_38658585_38662680,147,1823,2748,1823,2748,925,0.5464290976524353,,Initiator,,promoter,False,False
h0_chr21_38658585_38662680,148,1776,2392,1776,2392,616,0.5461359024047852,,,,,False,False
h0_chr21_38658585_38662680,149,2414,3117,2414,3117,703,0.5456778407096863,,,,,False,False
h0_chr21_38658585_38662680,150,1776,2243,1776,2243,467,0.5449917912483215,,,,,False,False
h0_chr21_38658585_38662680,151,2566,2898,2566,2898,332,0.5449374914169312,,,,,False,False
h0_chr21_38658585_38662680,152,2466,3117,2466,3117,651,0.5449004769325256,,,,,False,False
h0_chr21_38658585_38662680,153,1660,2071,1660,2071,411,0.5437982678413391,,BREu,,promoter,False,False
h0_chr21_38658585_38662680,154,2392,2755,2392,2755,363,0.5434702038764954,,,,,False,False
h0_chr21_38658585_38662680,155,1376,2273,1376,2273,897,0.543425440788269,Initiator,,promoter,,False,False
h0_chr21_38658585_38662680,156,2267,2346,2267,2346,79,0.543249249458313,,,,,False,False
h0_chr21_38658585_38662680,157,1669,3015,1669,3015,1346,0.5431982278823853,,,,,False,False
h0_chr21_38658585_38662680,158,1709,2013,1709,2013,304,0.5430741310119629,Initiator,,promoter,,False,False
h0_chr21_38658585_38662680,159,75,2340,75,2340,2265,0.5428892374038696,,,,,False,False
h0_chr21_38658585_38662680,160,1376,2247,1376,2247,871,0.5425718426704407,Initiator,,promoter,,False,False
h0_chr21_38658585_38662680,161,1067,1838,1067,1838,771,0.5418012142181396,Initiator,Initiator,promoter,promoter,True,True
h0_chr21_38658585_38662680,162,810,2455,810,2455,1645,0.5412858724594116,,,,,False,False
h0_chr21_38658585_38662680,163,2340,2462,2340,2462,122,0.5412744283676147,,,,,False,False
h0_chr21_38658585_38662680,164,1889,2118,1889,2118,229,0.5412217378616333,,,,,False,False
h0_chr21_38658585_38662680,165,1590,2259,1590,2259,669,0.5392040014266968,Initiator,,promoter,,False,False
h0_chr21_38658585_38662680,166,2107,2306,2107,2306,199,0.5385605692863464,NFkB,,tfbs,,False,False
h0_chr21_38658585_38662680,167,2450,3117,2450,3117,667,0.5383071899414062,,,,,False,False
h0_chr21_38658585_38662680,168,2269,2346,2269,2346,77,0.5382516384124756,,,,,False,False
h0_chr21_38658585_38662680,169,1391,2273,1391,2273,882,0.5379419326782227,,,,,False,False
h0_chr21_38658585_38662680,170,1889,2269,1889,2269,380,0.5375993251800537,,,,,False,False
h0_chr21_38658585_38662680,171,810,2450,810,2450,1640,0.5375017523765564,,,,,False,False
h0_chr21_38658585_38662680,172,1793,2392,1793,2392,599,0.5373944640159607,,,,,False,False
h0_chr21_38658585_38662680,173,1590,1708,1590,1708,118,0.536957323551178,Initiator,Initiator,promoter,promoter,True,True
h0_chr21_38658585_38662680,174,2220,2283,2220,2283,63,0.53645920753479,,,,,False,False
h0_chr21_38658585_38662680,175,1793,2066,1793,2066,273,0.536284327507019,,BREu,,promoter,False,False
h0_chr21_38658585_38662680,176,1889,2283,1889,2283,394,0.5355637073516846,,,,,False,False
h0_chr21_38658585_38662680,177,1633,2259,1633,2259,626,0.5350896120071411,Initiator,,promoter,,False,False
h0_chr21_38658585_38662680,178,2284,2346,2284,2346,62,0.5348242521286011,,,,,False,False
h0_chr21_38658585_38662680,179,2203,3156,2203,3156,953,0.5340335965156555,,,,,False,False
h0_chr21_38658585_38662680,180,2118,2220,2118,2220,102,0.533854067325592,,,,,False,False
h0_chr21_38658585_38662680,181,1982,2442,1982,2442,460,0.5335325002670288,E_box,,tfbs,,False,False
h0_chr21_38658585_38662680,182,2213,2269,2213,2269,56,0.5333607792854309,,,,,False,False
h0_chr21_38658585_38662680,183,2095,2430,2095,2430,335,0.5333011150360107,BREu,,promoter,,False,False
h0_chr21_38658585_38662680,184,2441,3156,2441,3156,715,0.5326101779937744,,,,,False,False
h0_chr21_38658585_38662680,185,1776,2066,1776,2066,290,0.5320475101470947,,BREu,,promoter,False,False
h0_chr21_38658585_38662680,186,1951,2346,1951,2346,395,0.5317269563674927,,,,,False,False
h0_chr21_38658585_38662680,187,2233,2392,2233,2392,159,0.5309944152832031,,,,,False,False
h0_chr21_38658585_38662680,188,810,2452,810,2452,1642,0.5307149887084961,,,,,False,False
h0_chr21_38658585_38662680,189,2095,2420,2095,2420,325,0.5303669571876526,BREu,,promoter,,False,False
h0_chr21_38658585_38662680,190,2340,2450,2340,2450,110,0.5303625464439392,,,,,False,False
h0_chr21_38658585_38662680,191,2235,2319,2235,2319,84,0.5293411016464233,,BREu,,promoter,False,False
h0_chr21_38658585_38662680,192,1889,2346,1889,2346,457,0.5290418863296509,,,,,False,False
h0_chr21_38658585_38662680,193,2438,3117,2438,3117,679,0.5289876461029053,,,,,False,False
h0_chr21_38658585_38662680,194,2071,2283,2071,2283,212,0.5289721488952637,BREu,,promoter,,False,False
h0_chr21_38658585_38662680,195,2156,2267,2156,2267,111,0.528817892074585,,,,,False,False
h0_chr21_38658585_38662680,196,1708,1867,1708,1867,159,0.5285959243774414,Initiator,,promoter,,False,False
h0_chr21_38658585_38662680,197,2419,3156,2419,3156,737,0.5284179449081421,,,,,False,False
h0_chr21_38658585_38662680,198,2241,2297,2241,2297,56,0.527899980545044,,,,,False,False
h0_chr21_38658585_38662680,199,2203,2755,2203,2755,552,0.5272307991981506,,,,,False,False
h0_chr21_38658585_38662680,200,1852,2453,1852,2453,601,0.5266444087028503,,,,,False,False
h0_chr3_108979737_108983832,1,2008,2856,2008,2856,848,0.7662137150764465,GATA,,tfbs,,False,False
h0_chr3_108979737_108983832,2,1844,1986,1844,1986,142,0.7635672688484192,Initiator,Initiator,promoter,promoter,True,True
h0_chr3_108979737_108983832,3,2060,2206,2060,2206,146,0.7590367197990417,,,,,False,False
h0_chr3_108979737_108983832,4,2018,2856,2018,2856,838,0.7585055828094482,,,,,False,False
h0_chr3_108979737_108983832,5,2029,2656,2029,2656,627,0.7584731578826904,,,,,False,False
h0_chr3_108979737_108983832,6,1844,2328,1844,2328,484,0.7574965953826904,Initiator,Initiator,promoter,promoter,True,True
h0_chr3_108979737_108983832,7,1860,1986,1860,1986,126,0.7563397884368896,,Initiator,,promoter,False,False
h0_chr3_108979737_108983832,8,1986,3656,1986,3656,1670,0.755577027797699,Initiator,Initiator,promoter,promoter,True,True
h0_chr3_108979737_108983832,9,45,1860,45,1860,1815,0.7548646330833435,,,,,False,False
h0_chr3_108979737_108983832,10,605,1150,605,1150,545,0.7547648549079895,,,,,False,False
h0_chr3_108979737_108983832,11,1986,2328,1986,2328,342,0.7544456720352173,Initiator,Initiator,promoter,promoter,True,True
h0_chr3_108979737_108983832,12,1991,2359,1991,2359,368,0.7542319893836975,,Initiator,,promoter,False,False
h0_chr3_108979737_108983832,13,2003,2856,2003,2856,853,0.7533392310142517,,,,,False,False
h0_chr3_108979737_108983832,14,2328,2856,2328,2856,528,0.7530343532562256,Initiator,,promoter,,False,False
h0_chr3_108979737_108983832,15,1969,2328,1969,2328,359,0.7522810101509094,,Initiator,,promoter,False,False
h0_chr3_108979737_108983832,16,2197,2856,2197,2856,659,0.751479983329773,,,,,False,False
h0_chr3_108979737_108983832,17,2008,3656,2008,3656,1648,0.7513377666473389,GATA,Initiator,tfbs,promoter,True,False
h0_chr3_108979737_108983832,18,1844,2057,1844,2057,213,0.7503961324691772,Initiator,,promoter,,False,False
h0_chr3_108979737_108983832,19,2008,2328,2008,2328,320,0.7498799562454224,GATA,Initiator,tfbs,promoter,True,False
h0_chr3_108979737_108983832,20,228,1986,228,1986,1758,0.7492793798446655,,Initiator,,promoter,False,False
h0_chr3_108979737_108983832,21,788,945,788,945,157,0.7488885521888733,,,,,False,False
h0_chr3_108979737_108983832,22,2395,2856,2395,2856,461,0.7488839626312256,,,,,False,False
h0_chr3_108979737_108983832,23,2062,2197,2062,2197,135,0.7486167550086975,,,,,False,False
h0_chr3_108979737_108983832,24,2250,2856,2250,2856,606,0.7473868131637573,,,,,False,False
h0_chr3_108979737_108983832,25,1844,1969,1844,1969,125,0.7471795082092285,Initiator,,promoter,,False,False
h0_chr3_108979737_108983832,26,2671,2856,2671,2856,185,0.7471254467964172,,,,,False,False
h0_chr3_108979737_108983832,27,2029,2856,2029,2856,827,0.74615079164505,,,,,False,False
h0_chr3_108979737_108983832,28,2008,2656,2008,2656,648,0.7458925247192383,GATA,,tfbs,,False,False
h0_chr3_108979737_108983832,29,1991,2062,1991,2062,71,0.7458407878875732,,,,,False,False
h0_chr3_108979737_108983832,30,2057,2328,2057,2328,271,0.7458100318908691,,Initiator,,promoter,False,False
h0_chr3_108979737_108983832,31,2003,2395,2003,2395,392,0.7439749240875244,,,,,False,False
h0_chr3_108979737_108983832,32,45,1986,45,1986,1941,0.7438462376594543,,Initiator,,promoter,False,False
h0_chr3_108979737_108983832,33,228,1447,228,1447,1219,0.7434526681900024,,,,,False,False
h0_chr3_108979737_108983832,34,2018,2395,2018,2395,377,0.7434383034706116,,,,,False,False
h0_chr3_108979737_108983832,35,2008,2206,2008,2206,198,0.7427672147750854,GATA,,tfbs,,False,False
h0_chr3_108979737_108983832,36,2020,2197,2020,2197,177,0.7425997853279114,,,,,False,False
h0_chr3_108979737_108983832,37,2465,2856,2465,2856,391,0.7420362830162048,,,,,False,False
h0_chr3_108979737_108983832,38,228,2008,228,2008,1780,0.7418468594551086,,GATA,,tfbs,False,False
h0_chr3_108979737_108983832,39,2008,2063,2008,2063,55,0.7415499687194824,GATA,,tfbs,,False,False
h0_chr3_108979737_108983832,40,1860,2328,1860,2328,468,0.7413033246994019,,Initiator,,promoter,False,False
h0_chr3_108979737_108983832,41,2063,2206,2063,2206,143,0.7411690354347229,,,,,False,False
h0_chr3_108979737_108983832,42,1991,2328,1991,2328,337,0.7408369779586792,,Initiator,,promoter,False,False
h0_chr3_108979737_108983832,43,2060,2329,2060,2329,269,0.7394884824752808,,Initiator,,promoter,False,False
h0_chr3_108979737_108983832,44,2020,2856,2020,2856,836,0.7392351627349854,,,,,False,False
h0_chr3_108979737_108983832,45,2051,2856,2051,2856,805,0.7391930818557739,,,,,False,False
h0_chr3_108979737_108983832,46,1986,2063,1986,2063,77,0.7386317253112793,Initiator,,promoter,,False,False
h0_chr3_108979737_108983832,47,1986,2856,1986,2856,870,0.7384831309318542,Initiator,,promoter,,False,False
h0_chr3_108979737_108983832,48,605,2359,605,2359,1754,0.7384642362594604,,Initiator,,promoter,False,False
h0_chr3_108979737_108983832,49,2050,2856,2050,2856,806,0.7384580969810486,,,,,False,False
h0_chr3_108979737_108983832,50,2042,2206,2042,2206,164,0.7381013035774231,,,,,False,False
h0_chr3_108979737_108983832,51,1986,2057,1986,2057,71,0.7380281686782837,Initiator,,promoter,,False,False
h0_chr3_108979737_108983832,52,2020,2250,2020,2250,230,0.7379828691482544,,,,,False,False
h0_chr3_108979737_108983832,53,2020,2465,2020,2465,445,0.7378332614898682,,,,,False,False
h0_chr3_108979737_108983832,54,2060,2250,2060,2250,190,0.7377936840057373,,,,,False,False
h0_chr3_108979737_108983832,55,2067,2856,2067,2856,789,0.7371253967285156,,,,,False,False
h0_chr3_108979737_108983832,56,228,2328,228,2328,2100,0.7365608215332031,,Initiator,,promoter,False,False
h0_chr3_108979737_108983832,57,2063,2328,2063,2328,265,0.7365567088127136,,Initiator,,promoter,False,False
h0_chr3_108979737_108983832,58,1860,3656,1860,3656,1796,0.7358975410461426,,Initiator,,promoter,False,False
h0_chr3_108979737_108983832,59,2020,2680,2020,2680,660,0.7356159090995789,,,,,False,False
h0_chr3_108979737_108983832,60,2008,2395,2008,2395,387,0.7356120347976685,GATA,,tfbs,,False,False
h0_chr3_108979737_108983832,61,2680,2856,2680,2856,176,0.7355695962905884,,,,,False,False
h0_chr3_108979737_108983832,62,1150,2197,1150,2197,1047,0.7355204820632935,,,,,False,False
h0_chr3_108979737_108983832,63,1986,2656,1986,2656,670,0.7354439496994019,Initiator,,promoter,,False,False
h0_chr3_108979737_108983832,64,1969,2057,1969,2057,88,0.7353507280349731,,,,,False,False
h0_chr3_108979737_108983832,65,1986,2050,1986,2050,64,0.735023558139801,Initiator,,promoter,,False,False
h0_chr3_108979737_108983832,66,164,2856,164,2856,2692,0.7347387075424194,,,,,False,False
h0_chr3_108979737_108983832,67,2008,2066,2008,2066,58,0.7345399856567383,GATA,,tfbs,,False,False
h0_chr3_108979737_108983832,68,2240,2303,2240,2303,63,0.734512984752655,Initiator,,promoter,,False,False
h0_chr3_108979737_108983832,69,2008,2060,2008,2060,52,0.7344855666160583,GATA,,tfbs,,False,False
h0_chr3_108979737_108983832,70,1984,2856,1984,2856,872,0.7341721057891846,Initiator,,promoter,,False,False
h0_chr3_108979737_108983832,71,1844,2063,1844,2063,219,0.7341075539588928,Initiator,,promoter,,False,False
h0_chr3_108979737_108983832,72,2003,2067,2003,2067,64,0.7340301275253296,,,,,False,False
h0_chr3_108979737_108983832,73,2058,2656,2058,2656,598,0.7339487075805664,,,,,False,False
h0_chr3_108979737_108983832,74,2066,2856,2066,2856,790,0.7338548898696899,,,,,False,False
h0_chr3_108979737_108983832,75,2058,2856,2058,2856,798,0.733324408531189,,,,,False,False
h0_chr3_108979737_108983832,76,2008,2197,2008,2197,189,0.7331497669219971,GATA,,tfbs,,False,False
h0_chr3_108979737_108983832,77,2206,2328,2206,2328,122,0.733024001121521,,Initiator,,promoter,False,False
h0_chr3_108979737_108983832,78,2250,2465,2250,2465,215,0.7329340577125549,,,,,False,False
h0_chr3_108979737_108983832,79,1985,2050,1985,2050,65,0.7328481078147888,Initiator,,promoter,,False,False
h0_chr3_108979737_108983832,80,46,1150,46,1150,1104,0.732642412185669,,,,,False,False
h0_chr3_108979737_108983832,81,1844,2008,1844,2008,164,0.73245769739151,Initiator,GATA,promoter,tfbs,True,False
h0_chr3_108979737_108983832,82,2250,2680,2250,2680,430,0.7320995926856995,,,,,False,False
h0_chr3_108979737_108983832,83,228,1488,228,1488,1260,0.7320369482040405,,,,,False,False
h0_chr3_108979737_108983832,84,2240,2856,2240,2856,616,0.7318933010101318,Initiator,,promoter,,False,False
h0_chr3_108979737_108983832,85,45,2328,45,2328,2283,0.731824517250061,,Initiator,,promoter,False,False
h0_chr3_108979737_108983832,86,1994,2395,1994,2395,401,0.7314162850379944,,,,,False,False
h0_chr3_108979737_108983832,87,2060,2240,2060,2240,180,0.7311843037605286,,Initiator,,promoter,False,False
h0_chr3_108979737_108983832,88,451,605,451,605,154,0.7309390902519226,,,,,False,False
h0_chr3_108979737_108983832,89,226,1986,226,1986,1760,0.7308793663978577,,Initiator,,promoter,False,False
h0_chr3_108979737_108983832,90,1986,2206,1986,2206,220,0.7308000326156616,Initiator,,promoter,,False,False
h0_chr3_108979737_108983832,91,2250,2395,2250,2395,145,0.7305470705032349,,,,,False,False
h0_chr3_108979737_108983832,92,2008,2250,2008,2250,242,0.7302305698394775,GATA,,tfbs,,False,False
h0_chr3_108979737_108983832,93,2197,2359,2197,2359,162,0.7301068305969238,,Initiator,,promoter,False,False
h0_chr3_108979737_108983832,94,1150,1763,1150,1763,613,0.7300912141799927,,,,,False,False
h0_chr3_108979737_108983832,95,2051,2656,2051,2656,605,0.7299754023551941,,,,,False,False
h0_chr3_108979737_108983832,96,2008,2329,2008,2329,321,0.7299023866653442,GATA,Initiator,tfbs,promoter,True,False
h0_chr3_108979737_108983832,97,332,2008,332,2008,1676,0.7298807501792908,,GATA,,tfbs,False,False
h0_chr3_108979737_108983832,98,2240,2395,2240,2395,155,0.7298139333724976,Initiator,,promoter,,False,False
h0_chr3_108979737_108983832,99,1967,2680,1967,2680,713,0.7297301888465881,,,,,False,False
h0_chr3_108979737_108983832,100,228,2062,228,2062,1834,0.7297300100326538,,,,,False,False
h0_chr3_108979737_108983832,101,1969,2063,1969,2063,94,0.7296833395957947,,,,,False,False
h0_chr3_108979737_108983832,102,2003,2197,2003,2197,194,0.729638397693634,,,,,False,False
h0_chr3_108979737_108983832,103,2060,2465,2060,2465,405,0.729621946811676,,,,,False,False
h0_chr3_108979737_108983832,104,2031,2328,2031,2328,297,0.7294142246246338,,Initiator,,promoter,False,False
h0_chr3_108979737_108983832,105,228,1860,228,1860,1632,0.7293450236320496,,,,,False,False
h0_chr3_108979737_108983832,106,2328,2656,2328,2656,328,0.7292342185974121,Initiator,,promoter,,False,False
h0_chr3_108979737_108983832,107,2220,2328,2220,2328,108,0.7291913032531738,Initiator,Initiator,promoter,promoter,True,True
h0_chr3_108979737_108983832,108,2328,3656,2328,3656,1328,0.7283797860145569,Initiator,Initiator,promoter,promoter,True,True
h0_chr3_108979737_108983832,109,2003,2328,2003,2328,325,0.728298544883728,,Initiator,,promoter,False,False
h0_chr3_108979737_108983832,110,2018,2250,2018,2250,232,0.7282836437225342,,,,,False,False
h0_chr3_108979737_108983832,111,1969,2856,1969,2856,887,0.7282785177230835,,,,,False,False
h0_chr3_108979737_108983832,112,220,2063,220,2063,1843,0.7282766699790955,,,,,False,False
h0_chr3_108979737_108983832,113,2066,2197,2066,2197,131,0.7276703119277954,,,,,False,False
h0_chr3_108979737_108983832,114,2062,3656,2062,3656,1594,0.7275274991989136,,Initiator,,promoter,False,False
h0_chr3_108979737_108983832,115,1986,2049,1986,2049,63,0.7275259494781494,Initiator,,promoter,,False,False
h0_chr3_108979737_108983832,116,164,1150,164,1150,986,0.7274785041809082,,,,,False,False
h0_chr3_108979737_108983832,117,1985,2856,1985,2856,871,0.7274191379547119,Initiator,,promoter,,False,False
h0_chr3_108979737_108983832,118,46,1447,46,1447,1401,0.7273647785186768,,,,,False,False
h0_chr3_108979737_108983832,119,2044,2656,2044,2656,612,0.727342963218689,,,,,False,False
h0_chr3_108979737_108983832,120,2057,2206,2057,2206,149,0.7269468307495117,,,,,False,False
h0_chr3_108979737_108983832,121,1447,3656,1447,3656,2209,0.7268743515014648,,Initiator,,promoter,False,False
h0_chr3_108979737_108983832,122,45,2008,45,2008,1963,0.7264965772628784,,GATA,,tfbs,False,False
h0_chr3_108979737_108983832,123,1985,2395,1985,2395,410,0.726344645023346,Initiator,,promoter,,False,False
h0_chr3_108979737_108983832,124,2018,2197,2018,2197,179,0.7263374328613281,,,,,False,False
h0_chr3_108979737_108983832,125,342,788,342,788,446,0.7263002991676331,,,,,False,False
h0_chr3_108979737_108983832,126,2003,2060,2003,2060,57,0.7262212634086609,,,,,False,False
h0_chr3_108979737_108983832,127,2042,2328,2042,2328,286,0.7261756658554077,,Initiator,,promoter,False,False
h0_chr3_108979737_108983832,128,2003,2063,2003,2063,60,0.7261348366737366,,,,,False,False
h0_chr3_108979737_108983832,129,2042,3656,2042,3656,1614,0.7261139154434204,,Initiator,,promoter,False,False
h0_chr3_108979737_108983832,130,2049,2856,2049,2856,807,0.7259787917137146,,,,,False,False
h0_chr3_108979737_108983832,131,1969,2050,1969,2050,81,0.725913941860199,,,,,False,False
h0_chr3_108979737_108983832,132,1967,2018,1967,2018,51,0.7258008718490601,,,,,False,False
h0_chr3_108979737_108983832,133,2050,2328,2050,2328,278,0.725612461566925,,Initiator,,promoter,False,False
h0_chr3_108979737_108983832,134,2049,2465,2049,2465,416,0.7255935668945312,,,,,False,False
h0_chr3_108979737_108983832,135,1986,2395,1986,2395,409,0.7255159020423889,Initiator,,promoter,,False,False
h0_chr3_108979737_108983832,136,2206,2361,2206,2361,155,0.725355863571167,,Initiator,,promoter,False,False
h0_chr3_108979737_108983832,137,228,2856,228,2856,2628,0.725258469581604,,,,,False,False
h0_chr3_108979737_108983832,138,228,2063,228,2063,1835,0.7252339124679565,,,,,False,False
h0_chr3_108979737_108983832,139,2018,2465,2018,2465,447,0.7252102494239807,,,,,False,False
h0_chr3_108979737_108983832,140,2044,2856,2044,2856,812,0.7251698970794678,,,,,False,False
h0_chr3_108979737_108983832,141,2060,2656,2060,2656,596,0.7248402833938599,,,,,False,False
h0_chr3_108979737_108983832,142,1994,2240,1994,2240,246,0.7248282432556152,,Initiator,,promoter,False,False
h0_chr3_108979737_108983832,143,2328,2395,2328,2395,67,0.7246804237365723,Initiator,,promoter,,False,False
h0_chr3_108979737_108983832,144,2229,2856,2229,2856,627,0.7246289849281311,,,,,False,False
h0_chr3_108979737_108983832,145,2018,2328,2018,2328,310,0.7245668768882751,,Initiator,,promoter,False,False
h0_chr3_108979737_108983832,146,3464,3532,3464,3532,68,0.7245548367500305,,AP1,,tfbs,False,False
h0_chr3_108979737_108983832,147,2008,2346,2008,2346,338,0.7245295643806458,GATA,Initiator,tfbs,promoter,True,False
h0_chr3_108979737_108983832,148,2066,2465,2066,2465,399,0.7244998216629028,,,,,False,False
h0_chr3_108979737_108983832,149,228,1707,228,1707,1479,0.7244424819946289,,,,,False,False
h0_chr3_108979737_108983832,150,2020,2395,2020,2395,375,0.7243075370788574,,,,,False,False
h0_chr3_108979737_108983832,151,2003,2066,2003,2066,63,0.7242341041564941,,,,,False,False
h0_chr3_108979737_108983832,152,2395,2465,2395,2465,70,0.7242089509963989,,,,,False,False
h0_chr3_108979737_108983832,153,1763,2049,1763,2049,286,0.7241072654724121,,,,,False,False
h0_chr3_108979737_108983832,154,2034,2656,2034,2656,622,0.7240979671478271,,,,,False,False
h0_chr3_108979737_108983832,155,2063,2186,2063,2186,123,0.7240357398986816,,Initiator,,promoter,False,False
h0_chr3_108979737_108983832,156,605,2062,605,2062,1457,0.7240315675735474,,,,,False,False
h0_chr3_108979737_108983832,157,2003,2250,2003,2250,247,0.7239782810211182,,,,,False,False
h0_chr3_108979737_108983832,158,2003,2057,2003,2057,54,0.7239087820053101,,,,,False,False
h0_chr3_108979737_108983832,159,2008,2186,2008,2186,178,0.7238368988037109,GATA,Initiator,tfbs,promoter,True,False
h0_chr3_108979737_108983832,160,226,2008,226,2008,1782,0.7237841486930847,,GATA,,tfbs,False,False
h0_chr3_108979737_108983832,161,2060,2680,2060,2680,620,0.7237195372581482,,,,,False,False
h0_chr3_108979737_108983832,162,2049,2328,2049,2328,279,0.7236853241920471,,Initiator,,promoter,False,False
h0_chr3_108979737_108983832,163,1979,2063,1979,2063,84,0.7235211133956909,,,,,False,False
h0_chr3_108979737_108983832,164,2050,2465,2050,2465,415,0.7235190272331238,,,,,False,False
h0_chr3_108979737_108983832,165,1488,3656,1488,3656,2168,0.7233990430831909,,Initiator,,promoter,False,False
h0_chr3_108979737_108983832,166,1934,2197,1934,2197,263,0.7233701944351196,,,,,False,False
h0_chr3_108979737_108983832,167,164,1707,164,1707,1543,0.7233424782752991,,,,,False,False
h0_chr3_108979737_108983832,168,2240,2465,2240,2465,225,0.7233058214187622,Initiator,,promoter,,False,False
h0_chr3_108979737_108983832,169,605,2063,605,2063,1458,0.7232246398925781,,,,,False,False
h0_chr3_108979737_108983832,170,228,1969,228,1969,1741,0.7232141494750977,,,,,False,False
h0_chr3_108979737_108983832,171,2034,2856,2034,2856,822,0.7231433987617493,,,,,False,False
h0_chr3_108979737_108983832,172,2050,2395,2050,2395,345,0.7229454517364502,,,,,False,False
h0_chr3_108979737_108983832,173,2197,2328,2197,2328,131,0.722944974899292,,Initiator,,promoter,False,False
h0_chr3_108979737_108983832,174,2063,2329,2063,2329,266,0.7228707075119019,,Initiator,,promoter,False,False
h0_chr3_108979737_108983832,175,2061,2206,2061,2206,145,0.7227134704589844,,,,,False,False
h0_chr3_108979737_108983832,176,2063,2395,2063,2395,332,0.7225699424743652,,,,,False,False
h0_chr3_108979737_108983832,177,220,1986,220,1986,1766,0.7224813103675842,,Initiator,,promoter,False,False
h0_chr3_108979737_108983832,178,2060,2395,2060,2395,335,0.7224719524383545,,,,,False,False
h0_chr3_108979737_108983832,179,2003,2465,2003,2465,462,0.7224278450012207,,,,,False,False
h0_chr3_108979737_108983832,180,1860,2008,1860,2008,148,0.7223517298698425,,GATA,,tfbs,False,False
h0_chr3_108979737_108983832,181,2008,2465,2008,2465,457,0.7222239375114441,GATA,,tfbs,,False,False
h0_chr3_108979737_108983832,182,46,605,46,605,559,0.7221916913986206,,,,,False,False
h0_chr3_108979737_108983832,183,228,2359,228,2359,2131,0.7221155166625977,,Initiator,,promoter,False,False
h0_chr3_108979737_108983832,184,46,2359,46,2359,2313,0.7220573425292969,,Initiator,,promoter,False,False
h0_chr3_108979737_108983832,185,2057,2150,2057,2150,93,0.7220177054405212,,,,,False,False
h0_chr3_108979737_108983832,186,220,2008,220,2008,1788,0.7220131158828735,,GATA,,tfbs,False,False
h0_chr3_108979737_108983832,187,2015,2197,2015,2197,182,0.721771240234375,,,,,False,False
h0_chr3_108979737_108983832,188,2250,2361,2250,2361,111,0.7217147946357727,,Initiator,,promoter,False,False
h0_chr3_108979737_108983832,189,2018,2680,2018,2680,662,0.7217040061950684,,,,,False,False
h0_chr3_108979737_108983832,190,2060,2186,2060,2186,126,0.7216094732284546,,Initiator,,promoter,False,False
h0_chr3_108979737_108983832,191,1763,2856,1763,2856,1093,0.7215375304222107,,,,,False,False
h0_chr3_108979737_108983832,192,2197,2250,2197,2250,53,0.7214441299438477,,,,,False,False
h0_chr3_108979737_108983832,193,226,1860,226,1860,1634,0.7211412191390991,,,,,False,False
h0_chr3_108979737_108983832,194,1986,2042,1986,2042,56,0.7210445404052734,Initiator,,promoter,,False,False
h0_chr3_108979737_108983832,195,1488,1991,1488,1991,503,0.7210063338279724,,,,,False,False
h0_chr3_108979737_108983832,196,1992,2656,1992,2656,664,0.721002459526062,,,,,False,False
h0_chr3_108979737_108983832,197,1860,2057,1860,2057,197,0.7208329439163208,,,,,False,False
h0_chr3_108979737_108983832,198,1992,2856,1992,2856,864,0.7207828760147095,,,,,False,False
h0_chr3_108979737_108983832,199,2066,2250,2066,2250,184,0.7207714319229126,,,,,False,False
h0_chr3_108979737_108983832,200,1969,2197,1969,2197,228,0.7207258343696594,,,,,False,False
h0_chr3_127665795_127669890,1,341,3189,341,3189,2848,0.6719377040863037,,,,,False,False
h0_chr3_127665795_127669890,2,3189,3503,3189,3503,314,0.6656699180603027,,,,,False,False
h0_chr3_127665795_127669890,3,3189,3560,3189,3560,371,0.6640596389770508,,,,,False,False
h0_chr3_127665795_127669890,4,4020,4081,4020,4081,61,0.6545471549034119,,,,,False,False
h0_chr3_127665795_127669890,5,3968,4021,3968,4021,53,0.6514636278152466,,,,,False,False
h0_chr3_127665795_127669890,6,3945,4068,3945,4068,123,0.6494484543800354,YY1,Initiator,tfbs,promoter,True,False
h0_chr3_127665795_127669890,7,254,3189,254,3189,2935,0.6482033133506775,,,,,False,False
h0_chr3_127665795_127669890,8,3217,3515,3217,3515,298,0.6477198600769043,,Initiator,,promoter,False,False
h0_chr3_127665795_127669890,9,3871,4021,3871,4021,150,0.6464874744415283,,,,,False,False
h0_chr3_127665795_127669890,10,564,4020,564,4020,3456,0.6464693546295166,,,,,False,False
h0_chr3_127665795_127669890,11,341,3515,341,3515,3174,0.6463180780410767,,Initiator,,promoter,False,False
h0_chr3_127665795_127669890,12,3945,4021,3945,4021,76,0.644565224647522,YY1,,tfbs,,False,False
h0_chr3_127665795_127669890,13,3217,3471,3217,3471,254,0.6443123817443848,,,,,False,False
h0_chr3_127665795_127669890,14,130,3515,130,3515,3385,0.6438795924186707,,Initiator,,promoter,False,False
h0_chr3_127665795_127669890,15,3709,4021,3709,4021,312,0.6434428691864014,Initiator,,promoter,,False,False
h0_chr3_127665795_127669890,16,3193,4020,3193,4020,827,0.6427894830703735,,,,,False,False
h0_chr3_127665795_127669890,17,130,3189,130,3189,3059,0.6421549320220947,,,,,False,False
h0_chr3_127665795_127669890,18,1161,2243,1161,2243,1082,0.6405072212219238,,,,,False,False
h0_chr3_127665795_127669890,19,264,4021,264,4021,3757,0.6400879621505737,,,,,False,False
h0_chr3_127665795_127669890,20,2501,3189,2501,3189,688,0.6399453282356262,,,,,False,False
h0_chr3_127665795_127669890,21,2168,3518,2168,3518,1350,0.6397620439529419,,,,,False,False
h0_chr3_127665795_127669890,22,3871,4068,3871,4068,197,0.6393855810165405,,Initiator,,promoter,False,False
h0_chr3_127665795_127669890,23,3968,4068,3968,4068,100,0.6392289400100708,,Initiator,,promoter,False,False
h0_chr3_127665795_127669890,24,1393,3189,1393,3189,1796,0.6379644870758057,,,,,False,False
h0_chr3_127665795_127669890,25,261,2168,261,2168,1907,0.6347525119781494,,,,,False,False
h0_chr3_127665795_127669890,26,2644,3147,2644,3147,503,0.6338541507720947,,,,,False,False
h0_chr3_127665795_127669890,27,3416,4068,3416,4068,652,0.6336910724639893,,Initiator,,promoter,False,False
h0_chr3_127665795_127669890,28,261,3503,261,3503,3242,0.6333500146865845,,,,,False,False
h0_chr3_127665795_127669890,29,3657,4068,3657,4068,411,0.6326478719711304,Initiator,Initiator,promoter,promoter,True,True
h0_chr3_127665795_127669890,30,341,3471,341,3471,3130,0.6320633888244629,,,,,False,False
h0_chr3_127665795_127669890,31,3471,3560,3471,3560,89,0.6309268474578857,,,,,False,False
h0_chr3_127665795_127669890,32,254,3515,254,3515,3261,0.6296960115432739,,Initiator,,promoter,False,False
h0_chr3_127665795_127669890,33,3657,4021,3657,4021,364,0.6295398473739624,Initiator,,promoter,,False,False
h0_chr3_127665795_127669890,34,3416,4021,3416,4021,605,0.6282471418380737,,,,,False,False
h0_chr3_127665795_127669890,35,4031,4089,4031,4089,58,0.6279261112213135,,,,,False,False
h0_chr3_127665795_127669890,36,1889,2168,1889,2168,279,0.6270023584365845,,,,,False,False
h0_chr3_127665795_127669890,37,3828,4020,3828,4020,192,0.6269053220748901,,,,,False,False
h0_chr3_127665795_127669890,38,3436,4020,3436,4020,584,0.6262074708938599,,,,,False,False
h0_chr3_127665795_127669890,39,1820,3189,1820,3189,1369,0.6260343790054321,,,,,False,False
h0_chr3_127665795_127669890,40,3526,4068,3526,4068,542,0.6259000301361084,,Initiator,,promoter,False,False
h0_chr3_127665795_127669890,41,1066,1478,1066,1478,412,0.6257175207138062,,,,,False,False
h0_chr3_127665795_127669890,42,2699,4068,2699,4068,1369,0.6255313158035278,,Initiator,,promoter,False,False
h0_chr3_127665795_127669890,43,272,3217,272,3217,2945,0.6251108646392822,,,,,False,False
h0_chr3_127665795_127669890,44,263,3217,263,3217,2954,0.6250805854797363,,,,,False,False
h0_chr3_127665795_127669890,45,3945,4064,3945,4064,119,0.6248375177383423,YY1,,tfbs,,False,False
h0_chr3_127665795_127669890,46,305,4039,305,4039,3734,0.624207615852356,,,,,False,False
h0_chr3_127665795_127669890,47,264,4068,264,4068,3804,0.6238735914230347,,Initiator,,promoter,False,False
h0_chr3_127665795_127669890,48,261,341,261,341,80,0.6235837936401367,,,,,False,False
h0_chr3_127665795_127669890,49,3709,4068,3709,4068,359,0.6234990358352661,Initiator,Initiator,promoter,promoter,True,True
h0_chr3_127665795_127669890,50,703,4039,703,4039,3336,0.6229565143585205,,,,,False,False
h0_chr3_127665795_127669890,51,3483,4039,3483,4039,556,0.6227899789810181,,,,,False,False
h0_chr3_127665795_127669890,52,3512,4021,3512,4021,509,0.6227787733078003,Initiator,,promoter,,False,False
h0_chr3_127665795_127669890,53,3217,3505,3217,3505,288,0.6222140789031982,,,,,False,False
h0_chr3_127665795_127669890,54,3859,4021,3859,4021,162,0.6220760345458984,,,,,False,False
h0_chr3_127665795_127669890,55,1848,3515,1848,3515,1667,0.6218928694725037,,Initiator,,promoter,False,False
h0_chr3_127665795_127669890,56,261,3217,261,3217,2956,0.6212807893753052,,,,,False,False
h0_chr3_127665795_127669890,57,749,4039,749,4039,3290,0.6211267113685608,,,,,False,False
h0_chr3_127665795_127669890,58,3662,4039,3662,4039,377,0.6210929155349731,,,,,False,False
h0_chr3_127665795_127669890,59,703,3949,703,3949,3246,0.6210541129112244,,,,,False,False
h0_chr3_127665795_127669890,60,3191,4020,3191,4020,829,0.6208202242851257,,,,,False,False
h0_chr3_127665795_127669890,61,489,4020,489,4020,3531,0.6208109855651855,,,,,False,False
h0_chr3_127665795_127669890,62,3986,4068,3986,4068,82,0.6205909252166748,,Initiator,,promoter,False,False
h0_chr3_127665795_127669890,63,130,263,130,263,133,0.6204706430435181,,,,,False,False
h0_chr3_127665795_127669890,64,923,3147,923,3147,2224,0.620413064956665,,,,,False,False
h0_chr3_127665795_127669890,65,3968,4064,3968,4064,96,0.6203681230545044,,,,,False,False
h0_chr3_127665795_127669890,66,263,3503,263,3503,3240,0.6202120780944824,,,,,False,False
h0_chr3_127665795_127669890,67,2168,3189,2168,3189,1021,0.6201873421669006,,,,,False,False
h0_chr3_127665795_127669890,68,3019,4039,3019,4039,1020,0.6189844012260437,,,,,False,False
h0_chr3_127665795_127669890,69,130,272,130,272,142,0.6180377006530762,,,,,False,False
h0_chr3_127665795_127669890,70,1848,3189,1848,3189,1341,0.6176101565361023,,,,,False,False
h0_chr3_127665795_127669890,71,2034,4020,2034,4020,1986,0.6175270676612854,,,,,False,False
h0_chr3_127665795_127669890,72,2449,4021,2449,4021,1572,0.6170272827148438,,,,,False,False
h0_chr3_127665795_127669890,73,2171,3949,2171,3949,1778,0.6168769598007202,,,,,False,False
h0_chr3_127665795_127669890,74,3283,4020,3283,4020,737,0.6167205572128296,,,,,False,False
h0_chr3_127665795_127669890,75,3657,4064,3657,4064,407,0.6163997650146484,Initiator,,promoter,,False,False
h0_chr3_127665795_127669890,76,3526,4021,3526,4021,495,0.6162887811660767,,,,,False,False
h0_chr3_127665795_127669890,77,130,261,130,261,131,0.6162252426147461,,,,,False,False
h0_chr3_127665795_127669890,78,254,3471,254,3471,3217,0.6155030727386475,,,,,False,False
h0_chr3_127665795_127669890,79,2168,3515,2168,3515,1347,0.6154313087463379,,Initiator,,promoter,False,False
h0_chr3_127665795_127669890,80,198,4068,198,4068,3870,0.6152700185775757,,Initiator,,promoter,False,False
h0_chr3_127665795_127669890,81,2171,4039,2171,4039,1868,0.6150531768798828,,,,,False,False
h0_chr3_127665795_127669890,82,261,2501,261,2501,2240,0.6147937774658203,,,,,False,False
h0_chr3_127665795_127669890,83,2600,4020,2600,4020,1420,0.6147511005401611,,,,,False,False
h0_chr3_127665795_127669890,84,2168,3505,2168,3505,1337,0.6145251989364624,,,,,False,False
h0_chr3_127665795_127669890,85,1940,3949,1940,3949,2009,0.6144225001335144,,,,,False,False
h0_chr3_127665795_127669890,86,1624,4068,1624,4068,2444,0.6140909194946289,,Initiator,,promoter,False,False
h0_chr3_127665795_127669890,87,263,341,263,341,78,0.6140091419219971,,,,,False,False
h0_chr3_127665795_127669890,88,2699,4021,2699,4021,1322,0.6139208674430847,,,,,False,False
h0_chr3_127665795_127669890,89,198,4021,198,4021,3823,0.6138478517532349,,,,,False,False
h0_chr3_127665795_127669890,90,1714,4020,1714,4020,2306,0.6138132810592651,Initiator,,promoter,,False,False
h0_chr3_127665795_127669890,91,264,4064,264,4064,3800,0.6135948896408081,,,,,False,False
h0_chr3_127665795_127669890,92,254,1889,254,1889,1635,0.6133605241775513,,,,,False,False
h0_chr3_127665795_127669890,93,3871,4064,3871,4064,193,0.6132572889328003,,,,,False,False
h0_chr3_127665795_127669890,94,341,3518,341,3518,3177,0.6131537556648254,,,,,False,False
h0_chr3_127665795_127669890,95,1669,4039,1669,4039,2370,0.6130784749984741,,,,,False,False
h0_chr3_127665795_127669890,96,218,4020,218,4020,3802,0.6130034327507019,Initiator;YY1,,promoter;tfbs,,False,False
h0_chr3_127665795_127669890,97,2987,4042,2987,4042,1055,0.6129837036132812,,,,,False,False
h0_chr3_127665795_127669890,98,3223,4068,3223,4068,845,0.6129566431045532,,Initiator,,promoter,False,False
h0_chr3_127665795_127669890,99,3949,4042,3949,4042,93,0.612630307674408,,,,,False,False
h0_chr3_127665795_127669890,100,272,341,272,341,69,0.6116613745689392,,,,,False,False
h0_chr3_127665795_127669890,101,596,4039,596,4039,3443,0.611603319644928,,,,,False,False
h0_chr3_127665795_127669890,102,2851,4039,2851,4039,1188,0.6113189458847046,GC_box,,promoter,,False,False
h0_chr3_127665795_127669890,103,3188,4020,3188,4020,832,0.6111823320388794,,,,,False,False
h0_chr3_127665795_127669890,104,1448,4020,1448,4020,2572,0.6111028790473938,,,,,False,False
h0_chr3_127665795_127669890,105,2780,4021,2780,4021,1241,0.610880970954895,,,,,False,False
h0_chr3_127665795_127669890,106,228,4020,228,4020,3792,0.6108443140983582,Initiator,,promoter,,False,False
h0_chr3_127665795_127669890,107,3363,4020,3363,4020,657,0.6107639074325562,,,,,False,False
h0_chr3_127665795_127669890,108,3512,4068,3512,4068,556,0.6105498671531677,Initiator,Initiator,promoter,promoter,True,True
h0_chr3_127665795_127669890,109,1624,4021,1624,4021,2397,0.6104820966720581,,,,,False,False
h0_chr3_127665795_127669890,110,1050,4021,1050,4021,2971,0.6103541851043701,,,,,False,False
h0_chr3_127665795_127669890,111,3585,4039,3585,4039,454,0.6102437376976013,,,,,False,False
h0_chr3_127665795_127669890,112,3217,3518,3217,3518,301,0.609950065612793,,,,,False,False
h0_chr3_127665795_127669890,113,2442,4039,2442,4039,1597,0.609606146812439,Initiator,,promoter,,False,False
h0_chr3_127665795_127669890,114,2483,4021,2483,4021,1538,0.6095041632652283,Initiator,,promoter,,False,False
h0_chr3_127665795_127669890,115,3859,4068,3859,4068,209,0.6093593835830688,,Initiator,,promoter,False,False
h0_chr3_127665795_127669890,116,225,4021,225,4021,3796,0.6090888977050781,,,,,False,False
h0_chr3_127665795_127669890,117,3007,4039,3007,4039,1032,0.6090449094772339,,,,,False,False
h0_chr3_127665795_127669890,118,1391,3217,1391,3217,1826,0.6089228391647339,,,,,False,False
h0_chr3_127665795_127669890,119,3416,4064,3416,4064,648,0.6086151599884033,,,,,False,False
h0_chr3_127665795_127669890,120,3550,4020,3550,4020,470,0.6085017323493958,,,,,False,False
h0_chr3_127665795_127669890,121,2780,4068,2780,4068,1288,0.6084567308425903,,Initiator,,promoter,False,False
h0_chr3_127665795_127669890,122,254,3518,254,3518,3264,0.6082395315170288,,,,,False,False
h0_chr3_127665795_127669890,123,1312,4020,1312,4020,2708,0.6080509424209595,,,,,False,False
h0_chr3_127665795_127669890,124,603,2987,603,2987,2384,0.6078541278839111,,,,,False,False
h0_chr3_127665795_127669890,125,1393,3515,1393,3515,2122,0.607731819152832,,Initiator,,promoter,False,False
h0_chr3_127665795_127669890,126,777,3088,777,3088,2311,0.6077221035957336,Initiator,,promoter,,False,False
h0_chr3_127665795_127669890,127,1480,4020,1480,4020,2540,0.6075112819671631,,,,,False,False
h0_chr3_127665795_127669890,128,3189,3571,3189,3571,382,0.6070514917373657,,,,,False,False
h0_chr3_127665795_127669890,129,3526,4064,3526,4064,538,0.6069179773330688,,,,,False,False
h0_chr3_127665795_127669890,130,2803,3699,2803,3699,896,0.6069028377532959,,,,,False,False
h0_chr3_127665795_127669890,131,3223,4021,3223,4021,798,0.6067612171173096,,,,,False,False
h0_chr3_127665795_127669890,132,245,4039,245,4039,3794,0.6066886186599731,,,,,False,False
h0_chr3_127665795_127669890,133,1050,4068,1050,4068,3018,0.6063998937606812,,Initiator,,promoter,False,False
h0_chr3_127665795_127669890,134,2922,4020,2922,4020,1098,0.6061749458312988,Initiator,,promoter,,False,False
h0_chr3_127665795_127669890,135,1889,3503,1889,3503,1614,0.6061129570007324,,,,,False,False
h0_chr3_127665795_127669890,136,1241,4068,1241,4068,2827,0.6055275797843933,Initiator,Initiator,promoter,promoter,True,True
h0_chr3_127665795_127669890,137,3862,4020,3862,4020,158,0.6055116653442383,,,,,False,False
h0_chr3_127665795_127669890,138,341,4081,341,4081,3740,0.6050947904586792,,,,,False,False
h0_chr3_127665795_127669890,139,3221,4068,3221,4068,847,0.6049422025680542,,Initiator,,promoter,False,False
h0_chr3_127665795_127669890,140,703,3027,703,3027,2324,0.604744553565979,,,,,False,False
h0_chr3_127665795_127669890,141,272,3503,272,3503,3231,0.6047345399856567,,,,,False,False
h0_chr3_127665795_127669890,142,3213,4020,3213,4020,807,0.6045798659324646,,,,,False,False
h0_chr3_127665795_127669890,143,1241,4021,1241,4021,2780,0.6044977903366089,Initiator,,promoter,,False,False
h0_chr3_127665795_127669890,144,261,3560,261,3560,3299,0.6044180393218994,,,,,False,False
h0_chr3_127665795_127669890,145,1768,3662,1768,3662,1894,0.6043531894683838,,,,,False,False
h0_chr3_127665795_127669890,146,3567,4039,3567,4039,472,0.6041324138641357,,,,,False,False
h0_chr3_127665795_127669890,147,3748,4020,3748,4020,272,0.6040604114532471,,,,,False,False
h0_chr3_127665795_127669890,148,881,3147,881,3147,2266,0.604049026966095,,,,,False,False
h0_chr3_127665795_127669890,149,2898,3147,2898,3147,249,0.6039528846740723,,,,,False,False
h0_chr3_127665795_127669890,150,3709,4064,3709,4064,355,0.6038914918899536,Initiator,,promoter,,False,False
h0_chr3_127665795_127669890,151,391,4021,391,4021,3630,0.6036272644996643,Initiator,,promoter,,False,False
h0_chr3_127665795_127669890,152,3231,4039,3231,4039,808,0.6035611629486084,Initiator,,promoter,,False,False
h0_chr3_127665795_127669890,153,257,2168,257,2168,1911,0.6034072637557983,,,,,False,False
h0_chr3_127665795_127669890,154,272,2168,272,2168,1896,0.6033942103385925,,,,,False,False
h0_chr3_127665795_127669890,155,263,2168,263,2168,1905,0.603278398513794,,,,,False,False
h0_chr3_127665795_127669890,156,1459,4020,1459,4020,2561,0.6030710935592651,,,,,False,False
h0_chr3_127665795_127669890,157,3027,4042,3027,4042,1015,0.6030533909797668,,,,,False,False
h0_chr3_127665795_127669890,158,1319,4021,1319,4021,2702,0.603049635887146,YY1,,tfbs,,False,False
h0_chr3_127665795_127669890,159,263,3560,263,3560,3297,0.6030408143997192,,,,,False,False
h0_chr3_127665795_127669890,160,2794,3699,2794,3699,905,0.6030048131942749,,,,,False,False
h0_chr3_127665795_127669890,161,3714,4039,3714,4039,325,0.6029198169708252,,,,,False,False
h0_chr3_127665795_127669890,162,2827,4039,2827,4039,1212,0.602829098701477,,,,,False,False
h0_chr3_127665795_127669890,163,281,4020,281,4020,3739,0.6027182340621948,,,,,False,False
h0_chr3_127665795_127669890,164,742,4039,742,4039,3297,0.6026148796081543,,,,,False,False
h0_chr3_127665795_127669890,165,2987,3714,2987,3714,727,0.6026113033294678,,,,,False,False
h0_chr3_127665795_127669890,166,100,3949,100,3949,3849,0.6022616028785706,,,,,False,False
h0_chr3_127665795_127669890,167,2496,3217,2496,3217,721,0.6021561622619629,,,,,False,False
h0_chr3_127665795_127669890,168,3780,4039,3780,4039,259,0.6020584106445312,,,,,False,False
h0_chr3_127665795_127669890,169,305,2987,305,2987,2682,0.6020113229751587,,,,,False,False
h0_chr3_127665795_127669890,170,1669,1768,1669,1768,99,0.6019185781478882,,,,,False,False
h0_chr3_127665795_127669890,171,3224,4039,3224,4039,815,0.601860761642456,,,,,False,False
h0_chr3_127665795_127669890,172,1391,2501,1391,2501,1110,0.6017928123474121,,,,,False,False
h0_chr3_127665795_127669890,173,1889,3217,1889,3217,1328,0.6016812324523926,,,,,False,False
h0_chr3_127665795_127669890,174,130,3471,130,3471,3341,0.601650595664978,,,,,False,False
h0_chr3_127665795_127669890,175,3221,4021,3221,4021,800,0.6016134023666382,,,,,False,False
h0_chr3_127665795_127669890,176,301,4021,301,4021,3720,0.6014442443847656,,,,,False,False
h0_chr3_127665795_127669890,177,2699,4064,2699,4064,1365,0.601330041885376,,,,,False,False
h0_chr3_127665795_127669890,178,1940,4039,1940,4039,2099,0.6012743711471558,,,,,False,False
h0_chr3_127665795_127669890,179,2475,4021,2475,4021,1546,0.6011298894882202,,,,,False,False
h0_chr3_127665795_127669890,180,396,4021,396,4021,3625,0.6010211706161499,Initiator,,promoter,,False,False
h0_chr3_127665795_127669890,181,749,3949,749,3949,3200,0.6009781360626221,,,,,False,False
h0_chr3_127665795_127669890,182,267,4021,267,4021,3754,0.600916862487793,,,,,False,False
h0_chr3_127665795_127669890,183,225,4068,225,4068,3843,0.6008285284042358,,Initiator,,promoter,False,False
h0_chr3_127665795_127669890,184,2518,4021,2518,4021,1503,0.6006926894187927,,,,,False,False
h0_chr3_127665795_127669890,185,305,3949,305,3949,3644,0.6006471514701843,,,,,False,False
h0_chr3_127665795_127669890,186,3187,4021,3187,4021,834,0.6005995273590088,,,,,False,False
h0_chr3_127665795_127669890,187,3217,4081,3217,4081,864,0.6005986928939819,,,,,False,False
h0_chr3_127665795_127669890,188,3112,4021,3112,4021,909,0.6005938649177551,,,,,False,False
h0_chr3_127665795_127669890,189,2443,4021,2443,4021,1578,0.6003235578536987,Initiator,,promoter,,False,False
h0_chr3_127665795_127669890,190,566,4021,566,4021,3455,0.600297212600708,,,,,False,False
h0_chr3_127665795_127669890,191,3187,4068,3187,4068,881,0.6002490520477295,,Initiator,,promoter,False,False
h0_chr3_127665795_127669890,192,85,3515,85,3515,3430,0.6001805663108826,Initiator,Initiator,promoter,promoter,True,True
h0_chr3_127665795_127669890,193,210,4021,210,4021,3811,0.6001170873641968,Initiator,,promoter,,False,False
h0_chr3_127665795_127669890,194,3824,4021,3824,4021,197,0.6001025438308716,,,,,False,False
h0_chr3_127665795_127669890,195,3198,4039,3198,4039,841,0.6000456809997559,,,,,False,False
h0_chr3_127665795_127669890,196,3824,4068,3824,4068,244,0.6000001430511475,,Initiator,,promoter,False,False
h0_chr3_127665795_127669890,197,684,2987,684,2987,2303,0.5999168157577515,,,,,False,False
h0_chr3_127665795_127669890,198,3027,3662,3027,3662,635,0.5998576283454895,,,,,False,False
h0_chr3_127665795_127669890,199,2171,2987,2171,2987,816,0.5997933149337769,,,,,False,False
h0_chr3_127665795_127669890,200,2443,4068,2443,4068,1625,0.5996913909912109,Initiator,Initiator,promoter,promoter,True,True
h0_chr3_17001367_17005462,1,334,477,334,477,143,0.7339743971824646,,,,,False,False
h0_chr3_17001367_17005462,2,367,477,367,477,110,0.725961446762085,,,,,False,False
h0_chr3_17001367_17005462,3,362,477,362,477,115,0.7211821675300598,,,,,False,False
h0_chr3_17001367_17005462,4,334,441,334,441,107,0.7109593152999878,,,,,False,False
h0_chr3_17001367_17005462,5,367,441,367,441,74,0.7025270462036133,,,,,False,False
h0_chr3_17001367_17005462,6,367,965,367,965,598,0.700150191783905,,,,,False,False
h0_chr3_17001367_17005462,7,527,579,527,579,52,0.690468966960907,,Initiator,,promoter,False,False
h0_chr3_17001367_17005462,8,362,441,362,441,79,0.6896933317184448,,,,,False,False
h0_chr3_17001367_17005462,9,334,627,334,627,293,0.6864224076271057,,,,,False,False
h0_chr3_17001367_17005462,10,334,628,334,628,294,0.6851907968521118,,,,,False,False
h0_chr3_17001367_17005462,11,134,561,134,561,427,0.6848320960998535,,,,,False,False
h0_chr3_17001367_17005462,12,162,561,162,561,399,0.6804739236831665,,,,,False,False
h0_chr3_17001367_17005462,13,143,365,143,365,222,0.6669201254844666,Initiator;YY1,,promoter;tfbs,,False,False
h0_chr3_17001367_17005462,14,143,477,143,477,334,0.6482329964637756,Initiator;YY1,,promoter;tfbs,,False,False
h0_chr3_17001367_17005462,15,362,965,362,965,603,0.6477731466293335,,,,,False,False
h0_chr3_17001367_17005462,16,334,965,334,965,631,0.6459477543830872,,,,,False,False
h0_chr3_17001367_17005462,17,367,628,367,628,261,0.6366021633148193,,,,,False,False
h0_chr3_17001367_17005462,18,362,628,362,628,266,0.6355774402618408,,,,,False,False
h0_chr3_17001367_17005462,19,143,441,143,441,298,0.6323302984237671,Initiator;YY1,,promoter;tfbs,,False,False
h0_chr3_17001367_17005462,20,362,627,362,627,265,0.6288188695907593,,,,,False,False
h0_chr3_17001367_17005462,21,367,627,367,627,260,0.6242474317550659,,,,,False,False
h0_chr3_17001367_17005462,22,143,965,143,965,822,0.6227874159812927,Initiator;YY1,,promoter;tfbs,,False,False
h0_chr3_17001367_17005462,23,143,367,143,367,224,0.5891435146331787,Initiator;YY1,,promoter;tfbs,,False,False
h0_chr3_17001367_17005462,24,143,628,143,628,485,0.5793405175209045,Initiator;YY1,,promoter;tfbs,,False,False
h0_chr3_17001367_17005462,25,143,362,143,362,219,0.5650506615638733,Initiator;YY1,,promoter;tfbs,,False,False
h0_chr3_17001367_17005462,26,441,628,441,628,187,0.563532829284668,,,,,False,False
h0_chr3_17001367_17005462,27,143,627,143,627,484,0.5616518259048462,Initiator;YY1,,promoter;tfbs,,False,False
h0_chr3_17001367_17005462,28,111,169,111,169,58,0.5338526964187622,,,,,False,False
h0_chr3_17001367_17005462,29,342,561,342,561,219,0.5337371230125427,,,,,False,False
h0_chr3_17001367_17005462,30,143,334,143,334,191,0.5327279567718506,Initiator;YY1,,promoter;tfbs,,False,False
h0_chr3_17001367_17005462,31,477,965,477,965,488,0.5194173455238342,,,,,False,False
h0_chr3_17001367_17005462,32,365,477,365,477,112,0.5187448263168335,,,,,False,False
h0_chr3_17001367_17005462,33,295,386,295,386,91,0.5176993608474731,,,,,False,False
h0_chr3_17001367_17005462,34,441,627,441,627,186,0.5171831846237183,,,,,False,False
h0_chr3_17001367_17005462,35,441,965,441,965,524,0.5114081501960754,,,,,False,False
h0_chr3_17001367_17005462,36,365,965,365,965,600,0.5107390880584717,,,,,False,False
h0_chr3_17001367_17005462,37,527,628,527,628,101,0.5104228258132935,,,,,False,False
h0_chr3_17001367_17005462,38,145,561,145,561,416,0.5103023648262024,Initiator;YY1,,promoter;tfbs,,False,False
h0_chr3_17001367_17005462,39,365,441,365,441,76,0.5091583728790283,,,,,False,False
h0_chr3_17001367_17005462,40,132,561,132,561,429,0.5057666301727295,,,,,False,False
h0_chr3_17001367_17005462,41,527,627,527,627,100,0.5019970536231995,,,,,False,False
h0_chr3_17001367_17005462,42,527,964,527,964,437,0.49808013439178467,,Initiator,,promoter,False,False
h0_chr3_17001367_17005462,43,113,561,113,561,448,0.4951997995376587,,,,,False,False
h0_chr3_17001367_17005462,44,141,561,141,561,420,0.4917750060558319,Initiator,,promoter,,False,False
h0_chr3_17001367_17005462,45,143,527,143,527,384,0.48925551772117615,Initiator;YY1,,promoter;tfbs,,False,False
h0_chr3_17001367_17005462,46,560,856,560,856,296,0.48778975009918213,GATA,,tfbs,,False,False
h0_chr3_17001367_17005462,47,169,527,169,527,358,0.483947217464447,,,,,False,False
h0_chr3_17001367_17005462,48,964,1015,964,1015,51,0.4834745228290558,Initiator,,promoter,,False,False
h0_chr3_17001367_17005462,49,579,856,579,856,277,0.4830396771430969,Initiator,,promoter,,False,False
h0_chr3_17001367_17005462,50,113,166,113,166,53,0.4753434956073761,,,,,False,False
h0_chr3_17001367_17005462,51,477,628,477,628,151,0.46748921275138855,,,,,False,False
h0_chr3_17001367_17005462,52,128,561,128,561,433,0.4659692347049713,Initiator,,promoter,,False,False
h0_chr3_17001367_17005462,53,441,527,441,527,86,0.4655889868736267,,,,,False,False
h0_chr3_17001367_17005462,54,2166,2222,2166,2222,56,0.4640207886695862,,Initiator,,promoter,False,False
h0_chr3_17001367_17005462,55,334,527,334,527,193,0.4626017212867737,,,,,False,False
h0_chr3_17001367_17005462,56,367,527,367,527,160,0.461818128824234,,,,,False,False
h0_chr3_17001367_17005462,57,134,342,134,342,208,0.4607166051864624,,,,,False,False
h0_chr3_17001367_17005462,58,342,580,342,580,238,0.45922520756721497,,,,,False,False
h0_chr3_17001367_17005462,59,113,164,113,164,51,0.45906153321266174,,,,,False,False
h0_chr3_17001367_17005462,60,755,859,755,859,104,0.45508062839508057,,,,,False,False
h0_chr3_17001367_17005462,61,379,434,379,434,55,0.45317625999450684,,,,,False,False
h0_chr3_17001367_17005462,62,2166,2585,2166,2585,419,0.4515550136566162,,,,,False,False
h0_chr3_17001367_17005462,63,362,527,362,527,165,0.4507478177547455,,,,,False,False
h0_chr3_17001367_17005462,64,201,301,201,301,100,0.44913941621780396,,,,,False,False
h0_chr3_17001367_17005462,65,477,627,477,627,150,0.4483563303947449,,,,,False,False
h0_chr3_17001367_17005462,66,295,580,295,580,285,0.4454772472381592,,,,,False,False
h0_chr3_17001367_17005462,67,162,342,162,342,180,0.4403892159461975,,,,,False,False
h0_chr3_17001367_17005462,68,365,628,365,628,263,0.43976667523384094,,,,,False,False
h0_chr3_17001367_17005462,69,186,342,186,342,156,0.438633531332016,Initiator,,promoter,,False,False
h0_chr3_17001367_17005462,70,2298,2668,2298,2668,370,0.43736934661865234,,,,,False,False
h0_chr3_17001367_17005462,71,334,577,334,577,243,0.43642932176589966,,Initiator,,promoter,False,False
h0_chr3_17001367_17005462,72,111,280,111,280,169,0.4352700710296631,,,,,False,False
h0_chr3_17001367_17005462,73,2332,2585,2332,2585,253,0.43489301204681396,,,,,False,False
h0_chr3_17001367_17005462,74,683,964,683,964,281,0.4346853494644165,,Initiator,,promoter,False,False
h0_chr3_17001367_17005462,75,2184,2389,2184,2389,205,0.4334758520126343,,,,,False,False
h0_chr3_17001367_17005462,76,699,754,699,754,55,0.43319594860076904,Initiator,,promoter,,False,False
h0_chr3_17001367_17005462,77,362,930,362,930,568,0.432587593793869,,,,,False,False
h0_chr3_17001367_17005462,78,318,380,318,380,62,0.4321913719177246,,,,,False,False
h0_chr3_17001367_17005462,79,3922,4000,3922,4000,78,0.4314175546169281,,Initiator,,promoter,False,False
h0_chr3_17001367_17005462,80,365,964,365,964,599,0.4309116005897522,,Initiator,,promoter,False,False
h0_chr3_17001367_17005462,81,176,280,176,280,104,0.4303203821182251,GATA,,tfbs,,False,False
h0_chr3_17001367_17005462,82,451,930,451,930,479,0.4301840662956238,,,,,False,False
h0_chr3_17001367_17005462,83,2402,2471,2402,2471,69,0.4291425049304962,,,,,False,False
h0_chr3_17001367_17005462,84,187,352,187,352,165,0.4287952780723572,Initiator,,promoter,,False,False
h0_chr3_17001367_17005462,85,1195,1354,1195,1354,159,0.42793288826942444,,,,,False,False
h0_chr3_17001367_17005462,86,280,527,280,527,247,0.4262380301952362,,,,,False,False
h0_chr3_17001367_17005462,87,3644,4094,3644,4094,450,0.42522895336151123,,,,,False,False
h0_chr3_17001367_17005462,88,577,628,577,628,51,0.4248679280281067,Initiator,,promoter,,False,False
h0_chr3_17001367_17005462,89,343,964,343,964,621,0.42366689443588257,,Initiator,,promoter,False,False
h0_chr3_17001367_17005462,90,1258,1450,1258,1450,192,0.4227542281150818,,,,,False,False
h0_chr3_17001367_17005462,91,2027,2331,2027,2331,304,0.4222565293312073,,,,,False,False
h0_chr3_17001367_17005462,92,169,561,169,561,392,0.4213574528694153,,,,,False,False
h0_chr3_17001367_17005462,93,334,599,334,599,265,0.4212207794189453,,Initiator,,promoter,False,False
h0_chr3_17001367_17005462,94,365,627,365,627,262,0.42114073038101196,,,,,False,False
h0_chr3_17001367_17005462,95,194,334,194,334,140,0.4203115403652191,Initiator,,promoter,,False,False
h0_chr3_17001367_17005462,96,143,194,143,194,51,0.41963472962379456,Initiator;YY1,Initiator,promoter;tfbs,promoter,True,True
h0_chr3_17001367_17005462,97,352,503,352,503,151,0.41955453157424927,,,,,False,False
h0_chr3_17001367_17005462,98,133,352,133,352,219,0.4194369316101074,,,,,False,False
h0_chr3_17001367_17005462,99,164,561,164,561,397,0.41870856285095215,,,,,False,False
h0_chr3_17001367_17005462,100,1308,1453,1308,1453,145,0.4183690845966339,,,,,False,False
h0_chr3_17001367_17005462,101,1257,1405,1257,1405,148,0.4178491234779358,,,,,False,False
h0_chr3_17001367_17005462,102,367,957,367,957,590,0.4177429676055908,,,,,False,False
h0_chr3_17001367_17005462,103,235,299,235,299,64,0.4173446595668793,,,,,False,False
h0_chr3_17001367_17005462,104,334,930,334,930,596,0.41716909408569336,,,,,False,False
h0_chr3_17001367_17005462,105,1405,1494,1405,1494,89,0.4171094000339508,,,,,False,False
h0_chr3_17001367_17005462,106,628,965,628,965,337,0.41675347089767456,,,,,False,False
h0_chr3_17001367_17005462,107,1402,1606,1402,1606,204,0.41645821928977966,,,,,False,False
h0_chr3_17001367_17005462,108,451,527,451,527,76,0.41631650924682617,,,,,False,False
h0_chr3_17001367_17005462,109,367,930,367,930,563,0.41573190689086914,,,,,False,False
h0_chr3_17001367_17005462,110,166,561,166,561,395,0.41547662019729614,,,,,False,False
h0_chr3_17001367_17005462,111,362,451,362,451,89,0.4142652750015259,,,,,False,False
h0_chr3_17001367_17005462,112,957,1338,957,1338,381,0.4142049551010132,,,,,False,False
h0_chr3_17001367_17005462,113,2392,2450,2392,2450,58,0.4137081801891327,,,,,False,False
h0_chr3_17001367_17005462,114,1405,1493,1405,1493,88,0.41351333260536194,,,,,False,False
h0_chr3_17001367_17005462,115,365,957,365,957,592,0.4134620726108551,,,,,False,False
h0_chr3_17001367_17005462,116,343,683,343,683,340,0.4129035472869873,,,,,False,False
h0_chr3_17001367_17005462,117,2230,2318,2230,2318,88,0.412793904542923,Initiator,,promoter,,False,False
h0_chr3_17001367_17005462,118,930,1015,930,1015,85,0.4127742648124695,,,,,False,False
h0_chr3_17001367_17005462,119,2230,2290,2230,2290,60,0.41273441910743713,Initiator,,promoter,,False,False
h0_chr3_17001367_17005462,120,627,965,627,965,338,0.41254922747612,,,,,False,False
h0_chr3_17001367_17005462,121,577,863,577,863,286,0.41216516494750977,Initiator,,promoter,,False,False
h0_chr3_17001367_17005462,122,451,966,451,966,515,0.4114820957183838,,,,,False,False
h0_chr3_17001367_17005462,123,592,643,592,643,51,0.41132909059524536,,,,,False,False
h0_chr3_17001367_17005462,124,111,560,111,560,449,0.41107577085494995,,GATA,,tfbs,False,False
h0_chr3_17001367_17005462,125,1461,1515,1461,1515,54,0.4104701280593872,,,,,False,False
h0_chr3_17001367_17005462,126,134,186,134,186,52,0.4100980758666992,,Initiator,,promoter,False,False
h0_chr3_17001367_17005462,127,2641,2759,2641,2759,118,0.40902990102767944,,,,,False,False
h0_chr3_17001367_17005462,128,434,495,434,495,61,0.4085482954978943,,,,,False,False
h0_chr3_17001367_17005462,129,1208,1834,1208,1834,626,0.40853169560432434,Initiator,,promoter,,False,False
h0_chr3_17001367_17005462,130,2243,2293,2243,2293,50,0.40813013911247253,,,,,False,False
h0_chr3_17001367_17005462,131,343,648,343,648,305,0.407930463552475,,,,,False,False
h0_chr3_17001367_17005462,132,141,342,141,342,201,0.4075465202331543,Initiator,,promoter,,False,False
h0_chr3_17001367_17005462,133,2184,2405,2184,2405,221,0.40716150403022766,,,,,False,False
h0_chr3_17001367_17005462,134,536,621,536,621,85,0.4070412218570709,GATA,,tfbs,,False,False
h0_chr3_17001367_17005462,135,1331,1402,1331,1402,71,0.4068707525730133,,,,,False,False
h0_chr3_17001367_17005462,136,284,342,284,342,58,0.40659433603286743,Initiator,,promoter,,False,False
h0_chr3_17001367_17005462,137,1317,2585,1317,2585,1268,0.4062580466270447,,,,,False,False
h0_chr3_17001367_17005462,138,2166,2270,2166,2270,104,0.40621134638786316,,,,,False,False
h0_chr3_17001367_17005462,139,451,1015,451,1015,564,0.4056404232978821,,,,,False,False
h0_chr3_17001367_17005462,140,173,284,173,284,111,0.4052577614784241,,Initiator,,promoter,False,False
h0_chr3_17001367_17005462,141,380,434,380,434,54,0.4051375985145569,,,,,False,False
h0_chr3_17001367_17005462,142,1405,1571,1405,1571,166,0.4050997495651245,,,,,False,False
h0_chr3_17001367_17005462,143,684,740,684,740,56,0.4045809507369995,,,,,False,False
h0_chr3_17001367_17005462,144,1339,1427,1339,1427,88,0.40448546409606934,,,,,False,False
h0_chr3_17001367_17005462,145,543,627,543,627,84,0.40446609258651733,,,,,False,False
h0_chr3_17001367_17005462,146,284,386,284,386,102,0.404275119304657,Initiator,,promoter,,False,False
h0_chr3_17001367_17005462,147,194,599,194,599,405,0.4042121171951294,Initiator,Initiator,promoter,promoter,True,True
h0_chr3_17001367_17005462,148,120,434,120,434,314,0.4041389226913452,,,,,False,False
h0_chr3_17001367_17005462,149,352,434,352,434,82,0.40321752429008484,,,,,False,False
h0_chr3_17001367_17005462,150,1314,1500,1314,1500,186,0.4029713571071625,,,,,False,False
h0_chr3_17001367_17005462,151,583,645,583,645,62,0.402457594871521,,,,,False,False
h0_chr3_17001367_17005462,152,1757,4000,1757,4000,2243,0.4011499881744385,GATA,Initiator,tfbs,promoter,True,False
h0_chr3_17001367_17005462,153,1148,1354,1148,1354,206,0.4010313153266907,,,,,False,False
h0_chr3_17001367_17005462,154,335,1338,335,1338,1003,0.4010275602340698,,,,,False,False
h0_chr3_17001367_17005462,155,2230,2295,2230,2295,65,0.4008968770503998,Initiator,,promoter,,False,False
h0_chr3_17001367_17005462,156,145,342,145,342,197,0.4006384611129761,Initiator;YY1,,promoter;tfbs,,False,False
h0_chr3_17001367_17005462,157,186,295,186,295,109,0.4004581868648529,Initiator,,promoter,,False,False
h0_chr3_17001367_17005462,158,1257,1460,1257,1460,203,0.4004395604133606,,,,,False,False
h0_chr3_17001367_17005462,159,134,527,134,527,393,0.399629145860672,,,,,False,False
h0_chr3_17001367_17005462,160,2370,2467,2370,2467,97,0.39930662512779236,,,,,False,False
h0_chr3_17001367_17005462,161,2213,2283,2213,2283,70,0.3988664150238037,,,,,False,False
h0_chr3_17001367_17005462,162,120,380,120,380,260,0.39875221252441406,,,,,False,False
h0_chr3_17001367_17005462,163,701,756,701,756,55,0.39870718121528625,,,,,False,False
h0_chr3_17001367_17005462,164,527,966,527,966,439,0.3986952304840088,,,,,False,False
h0_chr3_17001367_17005462,165,573,684,573,684,111,0.3978038430213928,Initiator,,promoter,,False,False
h0_chr3_17001367_17005462,166,619,684,619,684,65,0.3976428508758545,,,,,False,False
h0_chr3_17001367_17005462,167,2929,4013,2929,4013,1084,0.39759761095046997,,,,,False,False
h0_chr3_17001367_17005462,168,600,761,600,761,161,0.3970661759376526,Initiator,,promoter,,False,False
h0_chr3_17001367_17005462,169,169,856,169,856,687,0.3964824676513672,,,,,False,False
h0_chr3_17001367_17005462,170,345,577,345,577,232,0.39628466963768005,,Initiator,,promoter,False,False
h0_chr3_17001367_17005462,171,334,648,334,648,314,0.39554616808891296,,,,,False,False
h0_chr3_17001367_17005462,172,186,854,186,854,668,0.3952406644821167,Initiator,,promoter,,False,False
h0_chr3_17001367_17005462,173,2718,3922,2718,3922,1204,0.3945671021938324,,,,,False,False
h0_chr3_17001367_17005462,174,174,342,174,342,168,0.39444077014923096,GATA,,tfbs,,False,False
h0_chr3_17001367_17005462,175,1204,1354,1204,1354,150,0.39393505454063416,Initiator,,promoter,,False,False
h0_chr3_17001367_17005462,176,239,301,239,301,62,0.39392346143722534,,,,,False,False
h0_chr3_17001367_17005462,177,349,577,349,577,228,0.3939002454280853,,Initiator,,promoter,False,False
h0_chr3_17001367_17005462,178,2208,2270,2208,2270,62,0.393358051776886,,,,,False,False
h0_chr3_17001367_17005462,179,111,579,111,579,468,0.3932017683982849,,Initiator,,promoter,False,False
h0_chr3_17001367_17005462,180,577,627,577,627,50,0.3931998014450073,Initiator,,promoter,,False,False
h0_chr3_17001367_17005462,181,128,342,128,342,214,0.392860472202301,Initiator,,promoter,,False,False
h0_chr3_17001367_17005462,182,1342,1402,1342,1402,60,0.3923357427120209,,,,,False,False
h0_chr3_17001367_17005462,183,120,352,120,352,232,0.39223575592041016,,,,,False,False
h0_chr3_17001367_17005462,184,1102,1257,1102,1257,155,0.3921563923358917,,,,,False,False
h0_chr3_17001367_17005462,185,143,343,143,343,200,0.39170363545417786,Initiator;YY1,,promoter;tfbs,,False,False
h0_chr3_17001367_17005462,186,143,930,143,930,787,0.39137524366378784,Initiator;YY1,,promoter;tfbs,,False,False
h0_chr3_17001367_17005462,187,301,386,301,386,85,0.3905256986618042,,,,,False,False
h0_chr3_17001367_17005462,188,3922,4014,3922,4014,92,0.39028200507164,,,,,False,False
h0_chr3_17001367_17005462,189,1199,1404,1199,1404,205,0.39009687304496765,,,,,False,False
h0_chr3_17001367_17005462,190,201,295,201,295,94,0.38908687233924866,,,,,False,False
h0_chr3_17001367_17005462,191,342,854,342,854,512,0.3879624605178833,,,,,False,False
h0_chr3_17001367_17005462,192,1198,1300,1198,1300,102,0.3877975642681122,,GATA,,tfbs,False,False
h0_chr3_17001367_17005462,193,561,854,561,854,293,0.38740962743759155,,,,,False,False
h0_chr3_17001367_17005462,194,128,295,128,295,167,0.38740307092666626,Initiator,,promoter,,False,False
h0_chr3_17001367_17005462,195,114,583,114,583,469,0.38737982511520386,,,,,False,False
h0_chr3_17001367_17005462,196,1845,2609,1845,2609,764,0.38736623525619507,,,,,False,False
h0_chr3_17001367_17005462,197,128,280,128,280,152,0.387275755405426,Initiator,,promoter,,False,False
h0_chr3_17001367_17005462,198,143,648,143,648,505,0.3865712583065033,Initiator;YY1,,promoter;tfbs,,False,False
h0_chr3_17001367_17005462,199,349,441,349,441,92,0.38633042573928833,,,,,False,False
h0_chr3_17001367_17005462,200,235,386,235,386,151,0.38629257678985596,,,,,False,False
h0_chr7_120066194_120070289,1,1232,1401,1232,1401,169,0.8071535229682922,,,,,False,False
h0_chr7_120066194_120070289,2,1232,1443,1232,1443,211,0.8037489056587219,,,,,False,False
h0_chr7_120066194_120070289,3,1232,1544,1232,1544,312,0.7907688617706299,,,,,False,False
h0_chr7_120066194_120070289,4,1234,1401,1234,1401,167,0.7894604206085205,,,,,False,False
h0_chr7_120066194_120070289,5,1187,1237,1187,1237,50,0.788275957107544,,,,,False,False
h0_chr7_120066194_120070289,6,1232,1298,1232,1298,66,0.7877317667007446,,,,,False,False
h0_chr7_120066194_120070289,7,1184,1234,1184,1234,50,0.786664605140686,,,,,False,False
h0_chr7_120066194_120070289,8,1187,1247,1187,1247,60,0.7847899198532104,,,,,False,False
h0_chr7_120066194_120070289,9,1232,1408,1232,1408,176,0.7794227004051208,,,,,False,False
h0_chr7_120066194_120070289,10,1234,1315,1234,1315,81,0.7789384722709656,,,,,False,False
h0_chr7_120066194_120070289,11,1179,1232,1179,1232,53,0.7782026529312134,,,,,False,False
h0_chr7_120066194_120070289,12,1443,1544,1443,1544,101,0.7773926258087158,,,,,False,False
h0_chr7_120066194_120070289,13,1184,1401,1184,1401,217,0.7765871286392212,,,,,False,False
h0_chr7_120066194_120070289,14,1232,1306,1232,1306,74,0.7753458619117737,,,,,False,False
h0_chr7_120066194_120070289,15,1173,1245,1173,1245,72,0.7752585411071777,Initiator,Initiator,promoter,promoter,True,True
h0_chr7_120066194_120070289,16,1401,1544,1401,1544,143,0.7749331593513489,,,,,False,False
h0_chr7_120066194_120070289,17,1298,1401,1298,1401,103,0.7747465968132019,,,,,False,False
h0_chr7_120066194_120070289,18,1884,2096,1884,2096,212,0.7746673822402954,RUNX,,tfbs,,False,False
h0_chr7_120066194_120070289,19,1234,1314,1234,1314,80,0.7746617197990417,,,,,False,False
h0_chr7_120066194_120070289,20,1187,1265,1187,1265,78,0.7730182409286499,,Initiator,,promoter,False,False
h0_chr7_120066194_120070289,21,1184,1298,1184,1298,114,0.7720444798469543,,,,,False,False
h0_chr7_120066194_120070289,22,1234,1544,1234,1544,310,0.7720223665237427,,,,,False,False
h0_chr7_120066194_120070289,23,1184,1237,1184,1237,53,0.7717514038085938,,,,,False,False
h0_chr7_120066194_120070289,24,1173,1446,1173,1446,273,0.7714660167694092,Initiator,,promoter,,False,False
h0_chr7_120066194_120070289,25,1173,1232,1173,1232,59,0.7705961465835571,Initiator,,promoter,,False,False
h0_chr7_120066194_120070289,26,1446,1544,1446,1544,98,0.7701411247253418,,,,,False,False
h0_chr7_120066194_120070289,27,1234,1443,1234,1443,209,0.7701171040534973,,,,,False,False
h0_chr7_120066194_120070289,28,1234,1324,1234,1324,90,0.7694418430328369,,Initiator,,promoter,False,False
h0_chr7_120066194_120070289,29,1265,1544,1265,1544,279,0.768368661403656,Initiator,,promoter,,False,False
h0_chr7_120066194_120070289,30,1265,1401,1265,1401,136,0.7681501507759094,Initiator,,promoter,,False,False
h0_chr7_120066194_120070289,31,1247,1401,1247,1401,154,0.7676970958709717,,,,,False,False
h0_chr7_120066194_120070289,32,1190,1278,1190,1278,88,0.7668441534042358,,,,,False,False
h0_chr7_120066194_120070289,33,1184,1247,1184,1247,63,0.7665492296218872,,,,,False,False
h0_chr7_120066194_120070289,34,1265,1443,1265,1443,178,0.7664445638656616,Initiator,,promoter,,False,False
h0_chr7_120066194_120070289,35,1187,1324,1187,1324,137,0.7664326429367065,,Initiator,,promoter,False,False
h0_chr7_120066194_120070289,36,1265,1446,1265,1446,181,0.7662360668182373,Initiator,,promoter,,False,False
h0_chr7_120066194_120070289,37,1187,1401,1187,1401,214,0.7657681703567505,,,,,False,False
h0_chr7_120066194_120070289,38,1940,2096,1940,2096,156,0.7656341791152954,Initiator,,promoter,,False,False
h0_chr7_120066194_120070289,39,1187,1544,1187,1544,357,0.7656049132347107,,,,,False,False
h0_chr7_120066194_120070289,40,1446,1522,1446,1522,76,0.7651256918907166,,,,,False,False
h0_chr7_120066194_120070289,41,1443,1533,1443,1533,90,0.7650781869888306,,,,,False,False
h0_chr7_120066194_120070289,42,1232,1308,1232,1308,76,0.764596164226532,,,,,False,False
h0_chr7_120066194_120070289,43,909,2838,909,2838,1929,0.7643154859542847,,,,,False,False
h0_chr7_120066194_120070289,44,1173,1225,1173,1225,52,0.7640818953514099,Initiator,,promoter,,False,False
h0_chr7_120066194_120070289,45,1173,1544,1173,1544,371,0.7635594606399536,Initiator,,promoter,,False,False
h0_chr7_120066194_120070289,46,1232,1458,1232,1458,226,0.7631678581237793,,,,,False,False
h0_chr7_120066194_120070289,47,1298,1544,1298,1544,246,0.7630881071090698,,,,,False,False
h0_chr7_120066194_120070289,48,1184,1265,1184,1265,81,0.7630059719085693,,Initiator,,promoter,False,False
h0_chr7_120066194_120070289,49,1247,1314,1247,1314,67,0.7629679441452026,,,,,False,False
h0_chr7_120066194_120070289,50,1173,1265,1173,1265,92,0.7625219821929932,Initiator,Initiator,promoter,promoter,True,True
h0_chr7_120066194_120070289,51,1446,1604,1446,1604,158,0.7622555494308472,,,,,False,False
h0_chr7_120066194_120070289,52,1443,1522,1443,1522,79,0.7621861100196838,,,,,False,False
h0_chr7_120066194_120070289,53,1173,1234,1173,1234,61,0.7617928385734558,Initiator,,promoter,,False,False
h0_chr7_120066194_120070289,54,1187,1255,1187,1255,68,0.7615558505058289,,,,,False,False
h0_chr7_120066194_120070289,55,1187,1298,1187,1298,111,0.7614832520484924,,,,,False,False
h0_chr7_120066194_120070289,56,1234,1298,1234,1298,64,0.7613793611526489,,,,,False,False
h0_chr7_120066194_120070289,57,1178,1232,1178,1232,54,0.761056661605835,Initiator,,promoter,,False,False
h0_chr7_120066194_120070289,58,1301,1401,1301,1401,100,0.7606498599052429,,,,,False,False
h0_chr7_120066194_120070289,59,987,1185,987,1185,198,0.7606183886528015,,,,,False,False
h0_chr7_120066194_120070289,60,1215,1265,1215,1265,50,0.760549783706665,Initiator,Initiator,promoter,promoter,True,True
h0_chr7_120066194_120070289,61,1232,1446,1232,1446,214,0.7602918148040771,,,,,False,False
h0_chr7_120066194_120070289,62,1232,1302,1232,1302,70,0.7602787017822266,,,,,False,False
h0_chr7_120066194_120070289,63,1446,1532,1446,1532,86,0.760230541229248,,,,,False,False
h0_chr7_120066194_120070289,64,1205,1443,1205,1443,238,0.7598873972892761,Initiator,,promoter,,False,False
h0_chr7_120066194_120070289,65,1298,1443,1298,1443,145,0.7598757743835449,,,,,False,False
h0_chr7_120066194_120070289,66,1237,1401,1237,1401,164,0.7596381306648254,,,,,False,False
h0_chr7_120066194_120070289,67,1247,1324,1247,1324,77,0.7594355940818787,,Initiator,,promoter,False,False
h0_chr7_120066194_120070289,68,1237,1324,1237,1324,87,0.7594273686408997,,Initiator,,promoter,False,False
h0_chr7_120066194_120070289,69,1237,1315,1237,1315,78,0.7590766549110413,,,,,False,False
h0_chr7_120066194_120070289,70,1184,1443,1184,1443,259,0.7589666843414307,,,,,False,False
h0_chr7_120066194_120070289,71,1190,1315,1190,1315,125,0.7586953639984131,,,,,False,False
h0_chr7_120066194_120070289,72,1190,1443,1190,1443,253,0.7586382627487183,,,,,False,False
h0_chr7_120066194_120070289,73,1205,1401,1205,1401,196,0.7583446502685547,Initiator,,promoter,,False,False
h0_chr7_120066194_120070289,74,1187,1315,1187,1315,128,0.7583436965942383,,,,,False,False
h0_chr7_120066194_120070289,75,1446,1537,1446,1537,91,0.757905125617981,,,,,False,False
h0_chr7_120066194_120070289,76,1265,1315,1265,1315,50,0.7576587200164795,Initiator,,promoter,,False,False
h0_chr7_120066194_120070289,77,1205,1544,1205,1544,339,0.7573347687721252,Initiator,,promoter,,False,False
h0_chr7_120066194_120070289,78,1187,1245,1187,1245,58,0.7569981217384338,,Initiator,,promoter,False,False
h0_chr7_120066194_120070289,79,1324,1406,1324,1406,82,0.7567607164382935,Initiator,,promoter,,False,False
h0_chr7_120066194_120070289,80,1173,1237,1173,1237,64,0.7564356327056885,Initiator,,promoter,,False,False
h0_chr7_120066194_120070289,81,1237,1544,1237,1544,307,0.7560049295425415,,,,,False,False
h0_chr7_120066194_120070289,82,1306,1544,1306,1544,238,0.7559986114501953,,,,,False,False
h0_chr7_120066194_120070289,83,1184,1306,1184,1306,122,0.7556191682815552,,,,,False,False
h0_chr7_120066194_120070289,84,1544,1604,1544,1604,60,0.7552945017814636,,,,,False,False
h0_chr7_120066194_120070289,85,1446,1533,1446,1533,87,0.7551723718643188,,,,,False,False
h0_chr7_120066194_120070289,86,1234,1446,1234,1446,212,0.7551486492156982,,,,,False,False
h0_chr7_120066194_120070289,87,1185,1544,1185,1544,359,0.7547473311424255,,,,,False,False
h0_chr7_120066194_120070289,88,1237,1298,1237,1298,61,0.7546442151069641,,,,,False,False
h0_chr7_120066194_120070289,89,1184,1544,1184,1544,360,0.7545633912086487,,,,,False,False
h0_chr7_120066194_120070289,90,1187,1443,1187,1443,256,0.7537517547607422,,,,,False,False
h0_chr7_120066194_120070289,91,1178,1247,1178,1247,69,0.7536887526512146,Initiator,,promoter,,False,False
h0_chr7_120066194_120070289,92,1313,1401,1313,1401,88,0.7531574368476868,,,,,False,False
h0_chr7_120066194_120070289,93,1190,1401,1190,1401,211,0.7531019449234009,,,,,False,False
h0_chr7_120066194_120070289,94,1205,1537,1205,1537,332,0.7529503107070923,Initiator,,promoter,,False,False
h0_chr7_120066194_120070289,95,1237,1314,1237,1314,77,0.7528902292251587,,,,,False,False
h0_chr7_120066194_120070289,96,1401,1604,1401,1604,203,0.7525848150253296,,,,,False,False
h0_chr7_120066194_120070289,97,1190,1324,1190,1324,134,0.752382755279541,,Initiator,,promoter,False,False
h0_chr7_120066194_120070289,98,1443,1532,1443,1532,89,0.752348780632019,,,,,False,False
h0_chr7_120066194_120070289,99,1301,1443,1301,1443,142,0.7522974014282227,,,,,False,False
h0_chr7_120066194_120070289,100,1217,1401,1217,1401,184,0.7518883943557739,Initiator,,promoter,,False,False
h0_chr7_120066194_120070289,101,1187,1314,1187,1314,127,0.7515848875045776,,,,,False,False
h0_chr7_120066194_120070289,102,1359,1446,1359,1446,87,0.7515788674354553,,,,,False,False
h0_chr7_120066194_120070289,103,1207,1401,1207,1401,194,0.7514327764511108,Initiator,,promoter,,False,False
h0_chr7_120066194_120070289,104,1458,1544,1458,1544,86,0.7514058351516724,,,,,False,False
h0_chr7_120066194_120070289,105,1188,1544,1188,1544,356,0.7511730790138245,,,,,False,False
h0_chr7_120066194_120070289,106,1178,1237,1178,1237,59,0.7509379386901855,Initiator,,promoter,,False,False
h0_chr7_120066194_120070289,107,1167,1544,1167,1544,377,0.7507523894309998,Initiator,,promoter,,False,False
h0_chr7_120066194_120070289,108,1871,2099,1871,2099,228,0.7507134079933167,,,,,False,False
h0_chr7_120066194_120070289,109,1188,1446,1188,1446,258,0.7501786351203918,,,,,False,False
h0_chr7_120066194_120070289,110,1401,1537,1401,1537,136,0.7499409317970276,,,,,False,False
h0_chr7_120066194_120070289,111,1187,1446,1187,1446,259,0.7498403191566467,,,,,False,False
h0_chr7_120066194_120070289,112,1298,1408,1298,1408,110,0.7494838237762451,,,,,False,False
h0_chr7_120066194_120070289,113,1179,1544,1179,1544,365,0.7492939829826355,,,,,False,False
h0_chr7_120066194_120070289,114,1443,1537,1443,1537,94,0.7491543292999268,,,,,False,False
h0_chr7_120066194_120070289,115,1169,1232,1169,1232,63,0.748870313167572,,,,,False,False
h0_chr7_120066194_120070289,116,1443,1604,1443,1604,161,0.7483375072479248,,,,,False,False
h0_chr7_120066194_120070289,117,1265,1324,1265,1324,59,0.7480191588401794,Initiator,Initiator,promoter,promoter,True,True
h0_chr7_120066194_120070289,118,1179,1446,1179,1446,267,0.7478595972061157,,,,,False,False
h0_chr7_120066194_120070289,119,1178,1234,1178,1234,56,0.7478124499320984,Initiator,,promoter,,False,False
h0_chr7_120066194_120070289,120,1314,1406,1314,1406,92,0.7474963068962097,,,,,False,False
h0_chr7_120066194_120070289,121,1247,1443,1247,1443,196,0.747285008430481,,,,,False,False
h0_chr7_120066194_120070289,122,1143,1232,1143,1232,89,0.7471256852149963,,,,,False,False
h0_chr7_120066194_120070289,123,1408,1544,1408,1544,136,0.7469149231910706,,,,,False,False
h0_chr7_120066194_120070289,124,1173,1233,1173,1233,60,0.7468129396438599,Initiator,,promoter,,False,False
h0_chr7_120066194_120070289,125,1178,1544,1178,1544,366,0.7467947006225586,Initiator,,promoter,,False,False
h0_chr7_120066194_120070289,126,1247,1315,1247,1315,68,0.7467029690742493,,,,,False,False
h0_chr7_120066194_120070289,127,1237,1443,1237,1443,206,0.7463944554328918,,,,,False,False
h0_chr7_120066194_120070289,128,1234,1428,1234,1428,194,0.7462030649185181,,,,,False,False
h0_chr7_120066194_120070289,129,1232,1407,1232,1407,175,0.7460094690322876,,,,,False,False
h0_chr7_120066194_120070289,130,1247,1544,1247,1544,297,0.7459693551063538,,,,,False,False
h0_chr7_120066194_120070289,131,1217,1544,1217,1544,327,0.7457168102264404,Initiator,,promoter,,False,False
h0_chr7_120066194_120070289,132,1189,1544,1189,1544,355,0.7456381320953369,,,,,False,False
h0_chr7_120066194_120070289,133,1178,1245,1178,1245,67,0.7454308271408081,Initiator,Initiator,promoter,promoter,True,True
h0_chr7_120066194_120070289,134,1207,1331,1207,1331,124,0.7453029155731201,Initiator,,promoter,,False,False
h0_chr7_120066194_120070289,135,1173,1298,1173,1298,125,0.7450951933860779,Initiator,,promoter,,False,False
h0_chr7_120066194_120070289,136,1190,1314,1190,1314,124,0.7449777722358704,,,,,False,False
h0_chr7_120066194_120070289,137,1205,1446,1205,1446,241,0.7448926568031311,Initiator,,promoter,,False,False
h0_chr7_120066194_120070289,138,1167,1232,1167,1232,65,0.7445125579833984,Initiator,,promoter,,False,False
h0_chr7_120066194_120070289,139,1207,1324,1207,1324,117,0.7443932294845581,Initiator,Initiator,promoter,promoter,True,True
h0_chr7_120066194_120070289,140,1207,1265,1207,1265,58,0.7443749904632568,Initiator,Initiator,promoter,promoter,True,True
h0_chr7_120066194_120070289,141,1301,1361,1301,1361,60,0.7438030242919922,,,,,False,False
h0_chr7_120066194_120070289,142,1313,1443,1313,1443,130,0.7436895370483398,,,,,False,False
h0_chr7_120066194_120070289,143,1217,1324,1217,1324,107,0.7435466051101685,Initiator,Initiator,promoter,promoter,True,True
h0_chr7_120066194_120070289,144,1184,1408,1184,1408,224,0.7435124516487122,,,,,False,False
h0_chr7_120066194_120070289,145,1143,1544,1143,1544,401,0.7434593439102173,,,,,False,False
h0_chr7_120066194_120070289,146,1207,1544,1207,1544,337,0.7429918646812439,Initiator,,promoter,,False,False
h0_chr7_120066194_120070289,147,1178,1233,1178,1233,55,0.7429052591323853,Initiator,,promoter,,False,False
h0_chr7_120066194_120070289,148,1143,1265,1143,1265,122,0.742837131023407,,Initiator,,promoter,False,False
h0_chr7_120066194_120070289,149,1173,1247,1173,1247,74,0.7428370714187622,Initiator,,promoter,,False,False
h0_chr7_120066194_120070289,150,1173,1255,1173,1255,82,0.7427120804786682,Initiator,,promoter,,False,False
h0_chr7_120066194_120070289,151,914,2838,914,2838,1924,0.7425764799118042,,,,,False,False
h0_chr7_120066194_120070289,152,1178,1265,1178,1265,87,0.7425518035888672,Initiator,Initiator,promoter,promoter,True,True
h0_chr7_120066194_120070289,153,1217,1314,1217,1314,97,0.742551326751709,Initiator,,promoter,,False,False
h0_chr7_120066194_120070289,154,1397,1604,1397,1604,207,0.7424584627151489,,,,,False,False
h0_chr7_120066194_120070289,155,1247,1298,1247,1298,51,0.742232084274292,,,,,False,False
h0_chr7_120066194_120070289,156,1185,1446,1185,1446,261,0.7421370148658752,,,,,False,False
h0_chr7_120066194_120070289,157,1187,1278,1187,1278,91,0.7420711517333984,,,,,False,False
h0_chr7_120066194_120070289,158,1234,1325,1234,1325,91,0.7420478463172913,,Initiator,,promoter,False,False
h0_chr7_120066194_120070289,159,1446,2096,1446,2096,650,0.742012619972229,,,,,False,False
h0_chr7_120066194_120070289,160,1189,1446,1189,1446,257,0.7419853210449219,,,,,False,False
h0_chr7_120066194_120070289,161,1173,1401,1173,1401,228,0.741769552230835,Initiator,,promoter,,False,False
h0_chr7_120066194_120070289,162,1198,1278,1198,1278,80,0.7414818406105042,,,,,False,False
h0_chr7_120066194_120070289,163,1232,1532,1232,1532,300,0.7413362264633179,,,,,False,False
h0_chr7_120066194_120070289,164,1265,1522,1265,1522,257,0.7413204908370972,Initiator,,promoter,,False,False
h0_chr7_120066194_120070289,165,1205,1265,1205,1265,60,0.7409183979034424,Initiator,Initiator,promoter,promoter,True,True
h0_chr7_120066194_120070289,166,1533,1604,1533,1604,71,0.7407627701759338,,,,,False,False
h0_chr7_120066194_120070289,167,1188,1298,1188,1298,110,0.7406525611877441,,,,,False,False
h0_chr7_120066194_120070289,168,1173,2096,1173,2096,923,0.740477979183197,Initiator,,promoter,,False,False
h0_chr7_120066194_120070289,169,1315,1406,1315,1406,91,0.7403366565704346,,,,,False,False
h0_chr7_120066194_120070289,170,1143,1237,1143,1237,94,0.740330159664154,,,,,False,False
h0_chr7_120066194_120070289,171,1167,1265,1167,1265,98,0.7398982048034668,Initiator,Initiator,promoter,promoter,True,True
h0_chr7_120066194_120070289,172,1199,1301,1199,1301,102,0.7398802042007446,,,,,False,False
h0_chr7_120066194_120070289,173,1217,1443,1217,1443,226,0.7398338317871094,Initiator,,promoter,,False,False
h0_chr7_120066194_120070289,174,1167,1234,1167,1234,67,0.7396988868713379,Initiator,,promoter,,False,False
h0_chr7_120066194_120070289,175,1232,1359,1232,1359,127,0.7392714023590088,,,,,False,False
h0_chr7_120066194_120070289,176,1208,1401,1208,1401,193,0.7392176389694214,,,,,False,False
h0_chr7_120066194_120070289,177,1207,1446,1207,1446,239,0.7392044067382812,Initiator,,promoter,,False,False
h0_chr7_120066194_120070289,178,1234,1532,1234,1532,298,0.7390907406806946,,,,,False,False
h0_chr7_120066194_120070289,179,1366,1431,1366,1431,65,0.7390131950378418,,,,,False,False
h0_chr7_120066194_120070289,180,1207,2110,1207,2110,903,0.7389636039733887,Initiator,,promoter,,False,False
h0_chr7_120066194_120070289,181,1167,1298,1167,1298,131,0.7387195825576782,Initiator,,promoter,,False,False
h0_chr7_120066194_120070289,182,1234,1358,1234,1358,124,0.7384330034255981,,,,,False,False
h0_chr7_120066194_120070289,183,1298,1446,1298,1446,148,0.7383412718772888,,,,,False,False
h0_chr7_120066194_120070289,184,1167,1237,1167,1237,70,0.7383296489715576,Initiator,,promoter,,False,False
h0_chr7_120066194_120070289,185,1217,1298,1217,1298,81,0.7383073568344116,Initiator,,promoter,,False,False
h0_chr7_120066194_120070289,186,1203,2096,1203,2096,893,0.7382426261901855,Initiator,,promoter,,False,False
h0_chr7_120066194_120070289,187,1209,1265,1209,1265,56,0.7380784749984741,,Initiator,,promoter,False,False
h0_chr7_120066194_120070289,188,1190,1361,1190,1361,171,0.7380435466766357,,,,,False,False
h0_chr7_120066194_120070289,189,1232,1604,1232,1604,372,0.7380424737930298,,,,,False,False
h0_chr7_120066194_120070289,190,1185,1866,1185,1866,681,0.7380233407020569,,Initiator,,promoter,False,False
h0_chr7_120066194_120070289,191,1190,1522,1190,1522,332,0.737911581993103,,,,,False,False
h0_chr7_120066194_120070289,192,1199,1406,1199,1406,207,0.737881600856781,,,,,False,False
h0_chr7_120066194_120070289,193,1207,1315,1207,1315,108,0.7377034425735474,Initiator,,promoter,,False,False
h0_chr7_120066194_120070289,194,1207,2096,1207,2096,889,0.7375704646110535,Initiator,,promoter,,False,False
h0_chr7_120066194_120070289,195,1195,1446,1195,1446,251,0.7370120286941528,,,,,False,False
h0_chr7_120066194_120070289,196,1173,1324,1173,1324,151,0.7367460131645203,Initiator,Initiator,promoter,promoter,True,True
h0_chr7_120066194_120070289,197,1143,1298,1143,1298,155,0.736591100692749,,,,,False,False
h0_chr7_120066194_120070289,198,1189,1298,1189,1298,109,0.7365821003913879,,,,,False,False
h0_chr7_120066194_120070289,199,1178,1298,1178,1298,120,0.7362499237060547,Initiator,,promoter,,False,False
h0_chr7_120066194_120070289,200,1207,1298,1207,1298,91,0.7362403869628906,Initiator,,promoter,,False,False
h0_chr7_137924469_137928564,1,1675,1857,1675,1857,182,0.8523432016372681,Initiator,,promoter,,False,False
h0_chr7_137924469_137928564,2,1683,1793,1683,1793,110,0.8347217440605164,,,,,False,False
h0_chr7_137924469_137928564,3,1628,1683,1628,1683,55,0.828281581401825,,,,,False,False
h0_chr7_137924469_137928564,4,1653,1793,1653,1793,140,0.8171719312667847,Initiator,,promoter,,False,False
h0_chr7_137924469_137928564,5,1617,1678,1617,1678,61,0.8082162141799927,,Initiator,,promoter,False,False
h0_chr7_137924469_137928564,6,1709,1857,1709,1857,148,0.7974016666412354,,,,,False,False
h0_chr7_137924469_137928564,7,1641,1793,1641,1793,152,0.795054018497467,,,,,False,False
h0_chr7_137924469_137928564,8,1680,1857,1680,1857,177,0.7936883568763733,Initiator,,promoter,,False,False
h0_chr7_137924469_137928564,9,1655,1793,1655,1793,138,0.7897614240646362,Initiator,,promoter,,False,False
h0_chr7_137924469_137928564,10,1676,1857,1676,1857,181,0.7884203791618347,Initiator,,promoter,,False,False
h0_chr7_137924469_137928564,11,1649,1857,1649,1857,208,0.7858541011810303,,,,,False,False
h0_chr7_137924469_137928564,12,1674,1793,1674,1793,119,0.7850646376609802,Initiator,,promoter,,False,False
h0_chr7_137924469_137928564,13,1710,1834,1710,1834,124,0.7820947170257568,,,,,False,False
h0_chr7_137924469_137928564,14,1677,1793,1677,1793,116,0.7808539867401123,Initiator,,promoter,,False,False
h0_chr7_137924469_137928564,15,1650,1857,1650,1857,207,0.777419924736023,,,,,False,False
h0_chr7_137924469_137928564,16,1673,1793,1673,1793,120,0.7756390571594238,Initiator,,promoter,,False,False
h0_chr7_137924469_137928564,17,1652,1710,1652,1710,58,0.7743557095527649,Initiator,,promoter,,False,False
h0_chr7_137924469_137928564,18,1649,1710,1649,1710,61,0.771978497505188,,,,,False,False
h0_chr7_137924469_137928564,19,1652,1857,1652,1857,205,0.7694992423057556,Initiator,,promoter,,False,False
h0_chr7_137924469_137928564,20,1681,1834,1681,1834,153,0.766852617263794,Initiator,,promoter,,False,False
h0_chr7_137924469_137928564,21,1617,1793,1617,1793,176,0.7638822197914124,,,,,False,False
h0_chr7_137924469_137928564,22,1650,1710,1650,1710,60,0.7621356844902039,,,,,False,False
h0_chr7_137924469_137928564,23,236,1554,236,1554,1318,0.7591332197189331,,,,,False,False
h0_chr7_137924469_137928564,24,1678,2772,1678,2772,1094,0.7572312355041504,Initiator,,promoter,,False,False
h0_chr7_137924469_137928564,25,1679,1857,1679,1857,178,0.7566816806793213,Initiator,,promoter,,False,False
h0_chr7_137924469_137928564,26,1647,1793,1647,1793,146,0.7498794794082642,,,,,False,False
h0_chr7_137924469_137928564,27,1628,2772,1628,2772,1144,0.7474139928817749,,,,,False,False
h0_chr7_137924469_137928564,28,236,315,236,315,79,0.7464179396629333,,,,,False,False
h0_chr7_137924469_137928564,29,1643,1793,1643,1793,150,0.7436761856079102,,,,,False,False
h0_chr7_137924469_137928564,30,1703,1844,1703,1844,141,0.7380088567733765,Initiator,,promoter,,False,False
h0_chr7_137924469_137928564,31,1654,1709,1654,1709,55,0.7347845435142517,Initiator,,promoter,,False,False
h0_chr7_137924469_137928564,32,236,3857,236,3857,3621,0.7319612503051758,,,,,False,False
h0_chr7_137924469_137928564,33,313,1554,313,1554,1241,0.7305460572242737,,,,,False,False
h0_chr7_137924469_137928564,34,1648,1709,1648,1709,61,0.7291877865791321,,,,,False,False
h0_chr7_137924469_137928564,35,1651,1857,1651,1857,206,0.7278028726577759,Initiator,,promoter,,False,False
h0_chr7_137924469_137928564,36,2716,2778,2716,2778,62,0.7242488861083984,Initiator,,promoter,,False,False
h0_chr7_137924469_137928564,37,236,299,236,299,63,0.7225989699363708,,,,,False,False
h0_chr7_137924469_137928564,38,1651,1710,1651,1710,59,0.7212883234024048,Initiator,,promoter,,False,False
h0_chr7_137924469_137928564,39,2716,2848,2716,2848,132,0.7207387685775757,Initiator,,promoter,,False,False
h0_chr7_137924469_137928564,40,1554,3076,1554,3076,1522,0.7205296158790588,,,,,False,False
h0_chr7_137924469_137928564,41,1793,2772,1793,2772,979,0.7188909649848938,,,,,False,False
h0_chr7_137924469_137928564,42,2716,2793,2716,2793,77,0.7163770198822021,Initiator,,promoter,,False,False
h0_chr7_137924469_137928564,43,1648,1710,1648,1710,62,0.7134789228439331,,,,,False,False
h0_chr7_137924469_137928564,44,1648,1834,1648,1834,186,0.7129991054534912,,,,,False,False
h0_chr7_137924469_137928564,45,1654,1834,1654,1834,180,0.7126129865646362,Initiator,,promoter,,False,False
h0_chr7_137924469_137928564,46,2778,2848,2778,2848,70,0.7113153338432312,,,,,False,False
h0_chr7_137924469_137928564,47,1554,3499,1554,3499,1945,0.7096084952354431,,Initiator,,promoter,False,False
h0_chr7_137924469_137928564,48,1553,3857,1553,3857,2304,0.70462566614151,,,,,False,False
h0_chr7_137924469_137928564,49,272,1554,272,1554,1282,0.7036763429641724,Initiator,,promoter,,False,False
h0_chr7_137924469_137928564,50,1681,1857,1681,1857,176,0.7035403251647949,Initiator,,promoter,,False,False
h0_chr7_137924469_137928564,51,1710,1841,1710,1841,131,0.7033644914627075,,,,,False,False
h0_chr7_137924469_137928564,52,236,287,236,287,51,0.7031651735305786,,,,,False,False
h0_chr7_137924469_137928564,53,1646,1710,1646,1710,64,0.7005387544631958,,,,,False,False
h0_chr7_137924469_137928564,54,236,295,236,295,59,0.7000238299369812,,,,,False,False
h0_chr7_137924469_137928564,55,1654,1710,1654,1710,56,0.6998953223228455,Initiator,,promoter,,False,False
h0_chr7_137924469_137928564,56,1681,1841,1681,1841,160,0.6964560747146606,Initiator,,promoter,,False,False
h0_chr7_137924469_137928564,57,315,3499,315,3499,3184,0.6927023530006409,,Initiator,,promoter,False,False
h0_chr7_137924469_137928564,58,236,368,236,368,132,0.691172182559967,,,,,False,False
h0_chr7_137924469_137928564,59,1680,1834,1680,1834,154,0.6903205513954163,Initiator,,promoter,,False,False
h0_chr7_137924469_137928564,60,1553,2848,1553,2848,1295,0.687665581703186,,,,,False,False
h0_chr7_137924469_137928564,61,832,1949,832,1949,1117,0.6822057962417603,,,,,False,False
h0_chr7_137924469_137928564,62,3499,3857,3499,3857,358,0.6813156604766846,Initiator,,promoter,,False,False
h0_chr7_137924469_137928564,63,1678,1793,1678,1793,115,0.6812525987625122,Initiator,,promoter,,False,False
h0_chr7_137924469_137928564,64,2793,2848,2793,2848,55,0.6797938346862793,,,,,False,False
h0_chr7_137924469_137928564,65,1649,1709,1649,1709,60,0.6793661117553711,,,,,False,False
h0_chr7_137924469_137928564,66,2716,2788,2716,2788,72,0.6773348450660706,Initiator,,promoter,,False,False
h0_chr7_137924469_137928564,67,287,3499,287,3499,3212,0.6772780418395996,,Initiator,,promoter,False,False
h0_chr7_137924469_137928564,68,299,3499,299,3499,3200,0.6764238476753235,,Initiator,,promoter,False,False
h0_chr7_137924469_137928564,69,1646,1709,1646,1709,63,0.6762939691543579,,,,,False,False
h0_chr7_137924469_137928564,70,341,3076,341,3076,2735,0.6756125092506409,,,,,False,False
h0_chr7_137924469_137928564,71,1649,1834,1649,1834,185,0.6727911233901978,,,,,False,False
h0_chr7_137924469_137928564,72,3076,3857,3076,3857,781,0.6715587973594666,,,,,False,False
h0_chr7_137924469_137928564,73,832,3180,832,3180,2348,0.6698995232582092,,,,,False,False
h0_chr7_137924469_137928564,74,313,3457,313,3457,3144,0.6694631576538086,,,,,False,False
h0_chr7_137924469_137928564,75,313,832,313,832,519,0.6683701872825623,,,,,False,False
h0_chr7_137924469_137928564,76,2716,2783,2716,2783,67,0.6671462655067444,Initiator,,promoter,,False,False
h0_chr7_137924469_137928564,77,2783,2848,2783,2848,65,0.665586531162262,,,,,False,False
h0_chr7_137924469_137928564,78,295,3499,295,3499,3204,0.6644532680511475,,Initiator,,promoter,False,False
h0_chr7_137924469_137928564,79,1679,1834,1679,1834,155,0.6643622517585754,Initiator,,promoter,,False,False
h0_chr7_137924469_137928564,80,236,2848,236,2848,2612,0.6641863584518433,,,,,False,False
h0_chr7_137924469_137928564,81,1949,2179,1949,2179,230,0.6612251996994019,,,,,False,False
h0_chr7_137924469_137928564,82,832,3393,832,3393,2561,0.6609634757041931,,GATA,,tfbs,False,False
h0_chr7_137924469_137928564,83,368,3499,368,3499,3131,0.6580824851989746,,Initiator,,promoter,False,False
h0_chr7_137924469_137928564,84,1709,1841,1709,1841,132,0.656417191028595,,,,,False,False
h0_chr7_137924469_137928564,85,236,341,236,341,105,0.6560870409011841,,,,,False,False
h0_chr7_137924469_137928564,86,272,3857,272,3857,3585,0.6555961966514587,Initiator,,promoter,,False,False
h0_chr7_137924469_137928564,87,1654,1841,1654,1841,187,0.6552661061286926,Initiator,,promoter,,False,False
h0_chr7_137924469_137928564,88,315,3076,315,3076,2761,0.6552336812019348,,,,,False,False
h0_chr7_137924469_137928564,89,2788,2848,2788,2848,60,0.6545541882514954,,,,,False,False
h0_chr7_137924469_137928564,90,832,1703,832,1703,871,0.6538275480270386,,Initiator,,promoter,False,False
h0_chr7_137924469_137928564,91,280,3499,280,3499,3219,0.6517083048820496,,Initiator,,promoter,False,False
h0_chr7_137924469_137928564,92,1646,1834,1646,1834,188,0.6500134468078613,,,,,False,False
h0_chr7_137924469_137928564,93,1710,1857,1710,1857,147,0.6494876742362976,,,,,False,False
h0_chr7_137924469_137928564,94,275,3499,275,3499,3224,0.6459027528762817,,Initiator,,promoter,False,False
h0_chr7_137924469_137928564,95,313,1552,313,1552,1239,0.6455237865447998,,,,,False,False
h0_chr7_137924469_137928564,96,287,1553,287,1553,1266,0.6450995802879333,,,,,False,False
h0_chr7_137924469_137928564,97,368,3076,368,3076,2708,0.6425704956054688,,,,,False,False
h0_chr7_137924469_137928564,98,1650,1715,1650,1715,65,0.6421926617622375,,,,,False,False
h0_chr7_137924469_137928564,99,236,3433,236,3433,3197,0.6421077251434326,,,,,False,False
h0_chr7_137924469_137928564,100,1554,2716,1554,2716,1162,0.6415852904319763,,Initiator,,promoter,False,False
h0_chr7_137924469_137928564,101,1796,1882,1796,1882,86,0.6402444839477539,,GATA;Initiator,,promoter;tfbs,False,False
h0_chr7_137924469_137928564,102,295,3076,295,3076,2781,0.6387814283370972,,,,,False,False
h0_chr7_137924469_137928564,103,315,1553,315,1553,1238,0.6387540698051453,,,,,False,False
h0_chr7_137924469_137928564,104,1643,2772,1643,2772,1129,0.6385341286659241,,,,,False,False
h0_chr7_137924469_137928564,105,3433,3499,3433,3499,66,0.6381627917289734,,Initiator,,promoter,False,False
h0_chr7_137924469_137928564,106,1591,1790,1591,1790,199,0.6338819861412048,,,,,False,False
h0_chr7_137924469_137928564,107,3180,3393,3180,3393,213,0.6324145197868347,,GATA,,tfbs,False,False
h0_chr7_137924469_137928564,108,299,1553,299,1553,1254,0.632127583026886,,,,,False,False
h0_chr7_137924469_137928564,109,1650,2793,1650,2793,1143,0.6307377219200134,,,,,False,False
h0_chr7_137924469_137928564,110,1652,1715,1652,1715,63,0.6292233467102051,Initiator,,promoter,,False,False
h0_chr7_137924469_137928564,111,2848,3076,2848,3076,228,0.6287700533866882,,,,,False,False
h0_chr7_137924469_137928564,112,1709,1834,1709,1834,125,0.6285589933395386,,,,,False,False
h0_chr7_137924469_137928564,113,1648,1841,1648,1841,193,0.628558337688446,,,,,False,False
h0_chr7_137924469_137928564,114,287,3076,287,3076,2789,0.6279869079589844,,,,,False,False
h0_chr7_137924469_137928564,115,1650,2778,1650,2778,1128,0.6278330683708191,,,,,False,False
h0_chr7_137924469_137928564,116,299,3076,299,3076,2777,0.6274769306182861,,,,,False,False
h0_chr7_137924469_137928564,117,1675,2793,1675,2793,1118,0.62663334608078,Initiator,,promoter,,False,False
h0_chr7_137924469_137928564,118,1662,1796,1662,1796,134,0.6264690160751343,,,,,False,False
h0_chr7_137924469_137928564,119,1675,2778,1675,2778,1103,0.6262937784194946,Initiator,,promoter,,False,False
h0_chr7_137924469_137928564,120,1649,1841,1649,1841,192,0.6238187551498413,,,,,False,False
h0_chr7_137924469_137928564,121,1643,1713,1643,1713,70,0.6236211061477661,,,,,False,False
h0_chr7_137924469_137928564,122,1662,1904,1662,1904,242,0.6230278611183167,,,,,False,False
h0_chr7_137924469_137928564,123,881,2179,881,2179,1298,0.6230002641677856,,,,,False,False
h0_chr7_137924469_137928564,124,1793,1844,1793,1844,51,0.6228991150856018,,,,,False,False
h0_chr7_137924469_137928564,125,1570,1683,1570,1683,113,0.6227858662605286,,,,,False,False
h0_chr7_137924469_137928564,126,1673,2772,1673,2772,1099,0.622181236743927,Initiator,,promoter,,False,False
h0_chr7_137924469_137928564,127,1607,1798,1607,1798,191,0.6218456029891968,Initiator,,promoter,,False,False
h0_chr7_137924469_137928564,128,280,3076,280,3076,2796,0.6196426153182983,,,,,False,False
h0_chr7_137924469_137928564,129,1758,1878,1758,1878,120,0.6193238496780396,,GATA,,tfbs,False,False
h0_chr7_137924469_137928564,130,1570,1653,1570,1653,83,0.6188529133796692,,Initiator,,promoter,False,False
h0_chr7_137924469_137928564,131,1790,1904,1790,1904,114,0.6185758113861084,,,,,False,False
h0_chr7_137924469_137928564,132,1642,1758,1642,1758,116,0.6166079044342041,,,,,False,False
h0_chr7_137924469_137928564,133,1607,1796,1607,1796,189,0.615967333316803,Initiator,,promoter,,False,False
h0_chr7_137924469_137928564,134,1652,2793,1652,2793,1141,0.6159394979476929,Initiator,,promoter,,False,False
h0_chr7_137924469_137928564,135,1678,1844,1678,1844,166,0.6152352690696716,Initiator,,promoter,,False,False
h0_chr7_137924469_137928564,136,236,2778,236,2778,2542,0.6152281761169434,,,,,False,False
h0_chr7_137924469_137928564,137,1650,2788,1650,2788,1138,0.6151527166366577,,,,,False,False
h0_chr7_137924469_137928564,138,1677,2772,1677,2772,1095,0.6146749258041382,Initiator,,promoter,,False,False
h0_chr7_137924469_137928564,139,1642,1816,1642,1816,174,0.6146730780601501,,,,,False,False
h0_chr7_137924469_137928564,140,1617,1673,1617,1673,56,0.6145126223564148,,Initiator,,promoter,False,False
h0_chr7_137924469_137928564,141,1641,2772,1641,2772,1131,0.6144043207168579,,,,,False,False
h0_chr7_137924469_137928564,142,1713,1793,1713,1793,80,0.6142887473106384,,,,,False,False
h0_chr7_137924469_137928564,143,272,368,272,368,96,0.6139727830886841,Initiator,,promoter,,False,False
h0_chr7_137924469_137928564,144,1794,1851,1794,1851,57,0.6130865812301636,,,,,False,False
h0_chr7_137924469_137928564,145,1790,1897,1790,1897,107,0.6127077341079712,,Initiator,,promoter,False,False
h0_chr7_137924469_137928564,146,1675,2788,1675,2788,1113,0.6125944256782532,Initiator,,promoter,,False,False
h0_chr7_137924469_137928564,147,1679,1841,1679,1841,162,0.6107177734375,Initiator,,promoter,,False,False
h0_chr7_137924469_137928564,148,1591,1662,1591,1662,71,0.610535740852356,,,,,False,False
h0_chr7_137924469_137928564,149,1652,2788,1652,2788,1136,0.6104783415794373,Initiator,,promoter,,False,False
h0_chr7_137924469_137928564,150,1651,2793,1651,2793,1142,0.6101164817810059,Initiator,,promoter,,False,False
h0_chr7_137924469_137928564,151,236,2793,236,2793,2557,0.6098229885101318,,,,,False,False
h0_chr7_137924469_137928564,152,341,3499,341,3499,3158,0.6097358465194702,,Initiator,,promoter,False,False
h0_chr7_137924469_137928564,153,1617,2772,1617,2772,1155,0.6089046597480774,,,,,False,False
h0_chr7_137924469_137928564,154,1650,2783,1650,2783,1133,0.6087764501571655,,,,,False,False
h0_chr7_137924469_137928564,155,3076,3433,3076,3433,357,0.6085313558578491,,,,,False,False
h0_chr7_137924469_137928564,156,1652,2778,1652,2778,1126,0.6077517867088318,Initiator,,promoter,,False,False
h0_chr7_137924469_137928564,157,1654,1857,1654,1857,203,0.6067421436309814,Initiator,,promoter,,False,False
h0_chr7_137924469_137928564,158,1643,1844,1643,1844,201,0.6063166856765747,,,,,False,False
h0_chr7_137924469_137928564,159,1149,3468,1149,3468,2319,0.6052472591400146,,,,,False,False
h0_chr7_137924469_137928564,160,295,1553,295,1553,1258,0.6049424409866333,,,,,False,False
h0_chr7_137924469_137928564,161,1790,1883,1790,1883,93,0.6048868894577026,,Initiator,,promoter,False,False
h0_chr7_137924469_137928564,162,1648,1857,1648,1857,209,0.6047365665435791,,,,,False,False
h0_chr7_137924469_137928564,163,236,3076,236,3076,2840,0.6044983267784119,,,,,False,False
h0_chr7_137924469_137928564,164,2848,3499,2848,3499,651,0.6044764518737793,,Initiator,,promoter,False,False
h0_chr7_137924469_137928564,165,272,3433,272,3433,3161,0.6041299104690552,Initiator,,promoter,,False,False
h0_chr7_137924469_137928564,166,2179,3180,2179,3180,1001,0.6040682792663574,,,,,False,False
h0_chr7_137924469_137928564,167,1628,1844,1628,1844,216,0.6038749814033508,,,,,False,False
h0_chr7_137924469_137928564,168,1554,1652,1554,1652,98,0.6037797927856445,,Initiator,,promoter,False,False
h0_chr7_137924469_137928564,169,1651,1715,1651,1715,64,0.6032993197441101,Initiator,,promoter,,False,False
h0_chr7_137924469_137928564,170,1652,2783,1652,2783,1131,0.6024811267852783,Initiator,,promoter,,False,False
h0_chr7_137924469_137928564,171,1676,1841,1676,1841,165,0.6022689342498779,Initiator,,promoter,,False,False
h0_chr7_137924469_137928564,172,1639,1790,1639,1790,151,0.6022571325302124,,,,,False,False
h0_chr7_137924469_137928564,173,1675,2783,1675,2783,1108,0.6017398238182068,Initiator,,promoter,,False,False
h0_chr7_137924469_137928564,174,1645,1790,1645,1790,145,0.6015957593917847,,,,,False,False
h0_chr7_137924469_137928564,175,1651,2778,1651,2778,1127,0.6015585064888,Initiator,,promoter,,False,False
h0_chr7_137924469_137928564,176,1662,1737,1662,1737,75,0.6014711856842041,,,,,False,False
h0_chr7_137924469_137928564,177,341,1553,341,1553,1212,0.6014497876167297,,,,,False,False
h0_chr7_137924469_137928564,178,1595,1685,1595,1685,90,0.6009938716888428,,,,,False,False
h0_chr7_137924469_137928564,179,1674,2772,1674,2772,1098,0.599251389503479,Initiator,,promoter,,False,False
h0_chr7_137924469_137928564,180,1646,1857,1646,1857,211,0.5988417863845825,,,,,False,False
h0_chr7_137924469_137928564,181,1553,3433,1553,3433,1880,0.5987138748168945,,,,,False,False
h0_chr7_137924469_137928564,182,2778,3076,2778,3076,298,0.5985991358757019,,,,,False,False
h0_chr7_137924469_137928564,183,1617,1677,1617,1677,60,0.5981382727622986,,Initiator,,promoter,False,False
h0_chr7_137924469_137928564,184,368,1553,368,1553,1185,0.5977401733398438,,,,,False,False
h0_chr7_137924469_137928564,185,1656,1851,1656,1851,195,0.5971915125846863,Initiator,,promoter,,False,False
h0_chr7_137924469_137928564,186,2793,3076,2793,3076,283,0.5967185497283936,,,,,False,False
h0_chr7_137924469_137928564,187,1554,1650,1554,1650,96,0.5967066884040833,,,,,False,False
h0_chr7_137924469_137928564,188,881,1844,881,1844,963,0.59620201587677,,,,,False,False
h0_chr7_137924469_137928564,189,3433,3857,3433,3857,424,0.5960363149642944,,,,,False,False
h0_chr7_137924469_137928564,190,1676,1834,1676,1834,158,0.5956406593322754,Initiator,,promoter,,False,False
h0_chr7_137924469_137928564,191,1703,2179,1703,2179,476,0.5953298807144165,Initiator,,promoter,,False,False
h0_chr7_137924469_137928564,192,1713,1844,1713,1844,131,0.5952335000038147,,,,,False,False
h0_chr7_137924469_137928564,193,1595,1684,1595,1684,89,0.5936722755432129,,,,,False,False
h0_chr7_137924469_137928564,194,236,2783,236,2783,2547,0.5929293036460876,,,,,False,False
h0_chr7_137924469_137928564,195,1651,2788,1651,2788,1137,0.5928742289543152,Initiator,,promoter,,False,False
h0_chr7_137924469_137928564,196,1662,1897,1662,1897,235,0.5926502346992493,,Initiator,,promoter,False,False
h0_chr7_137924469_137928564,197,280,1553,280,1553,1273,0.5923889875411987,,,,,False,False
h0_chr7_137924469_137928564,198,1553,2778,1553,2778,1225,0.5921614766120911,,,,,False,False
h0_chr7_137924469_137928564,199,1737,1790,1737,1790,53,0.5920596122741699,,,,,False,False
h0_chr7_137924469_137928564,200,1685,1851,1685,1851,166,0.5913587808609009,,,,,False,False
h0_chr7_4391321_4395416,1,1347,2648,1347,2648,1301,0.6770291328430176,,,,,False,False
h0_chr7_4391321_4395416,2,278,377,278,377,99,0.6530587673187256,,,,,False,False
h0_chr7_4391321_4395416,3,308,4078,308,4078,3770,0.6481199264526367,,Initiator,,promoter,False,False
h0_chr7_4391321_4395416,4,375,689,375,689,314,0.6356261372566223,,,,,False,False
h0_chr7_4391321_4395416,5,278,375,278,375,97,0.6353412866592407,,,,,False,False
h0_chr7_4391321_4395416,6,377,1128,377,1128,751,0.6335777044296265,,,,,False,False
h0_chr7_4391321_4395416,7,385,2103,385,2103,1718,0.6330581903457642,,,,,False,False
h0_chr7_4391321_4395416,8,3731,4078,3731,4078,347,0.6280690431594849,,Initiator,,promoter,False,False
h0_chr7_4391321_4395416,9,308,1896,308,1896,1588,0.6261235475540161,,Initiator,,promoter,False,False
h0_chr7_4391321_4395416,10,692,2648,692,2648,1956,0.6255192160606384,,,,,False,False
h0_chr7_4391321_4395416,11,1130,4078,1130,4078,2948,0.6249607801437378,,Initiator,,promoter,False,False
h0_chr7_4391321_4395416,12,563,1131,563,1131,568,0.623580813407898,,,,,False,False
h0_chr7_4391321_4395416,13,308,649,308,649,341,0.6227260231971741,,,,,False,False
h0_chr7_4391321_4395416,14,649,1347,649,1347,698,0.6207467317581177,,,,,False,False
h0_chr7_4391321_4395416,15,377,1131,377,1131,754,0.6176233887672424,,,,,False,False
h0_chr7_4391321_4395416,16,385,1863,385,1863,1478,0.6167862415313721,,,,,False,False
h0_chr7_4391321_4395416,17,308,377,308,377,69,0.6158565878868103,,,,,False,False
h0_chr7_4391321_4395416,18,2609,4078,2609,4078,1469,0.6114456653594971,,Initiator,,promoter,False,False
h0_chr7_4391321_4395416,19,681,2648,681,2648,1967,0.6113167405128479,,,,,False,False
h0_chr7_4391321_4395416,20,1896,2609,1896,2609,713,0.6105310916900635,Initiator,,promoter,,False,False
h0_chr7_4391321_4395416,21,1346,2371,1346,2371,1025,0.6104687452316284,,,,,False,False
h0_chr7_4391321_4395416,22,1863,2367,1863,2367,504,0.6103705167770386,,,,,False,False
h0_chr7_4391321_4395416,23,1347,2045,1347,2045,698,0.6097234487533569,,,,,False,False
h0_chr7_4391321_4395416,24,618,2648,618,2648,2030,0.6093736290931702,,,,,False,False
h0_chr7_4391321_4395416,25,334,563,334,563,229,0.6093602180480957,,,,,False,False
h0_chr7_4391321_4395416,26,681,807,681,807,126,0.6090546250343323,,,,,False,False
h0_chr7_4391321_4395416,27,1347,1863,1347,1863,516,0.6090118288993835,,,,,False,False
h0_chr7_4391321_4395416,28,807,2648,807,2648,1841,0.6087251901626587,,,,,False,False
h0_chr7_4391321_4395416,29,381,1863,381,1863,1482,0.6078275442123413,,,,,False,False
h0_chr7_4391321_4395416,30,307,1374,307,1374,1067,0.6049063205718994,,,,,False,False
h0_chr7_4391321_4395416,31,384,689,384,689,305,0.6044117212295532,,,,,False,False
h0_chr7_4391321_4395416,32,275,1801,275,1801,1526,0.6019766926765442,,,,,False,False
h0_chr7_4391321_4395416,33,308,375,308,375,67,0.6014997959136963,,,,,False,False
h0_chr7_4391321_4395416,34,377,618,377,618,241,0.6014062166213989,,,,,False,False
h0_chr7_4391321_4395416,35,1139,4011,1139,4011,2872,0.6013244390487671,,Initiator,,promoter,False,False
h0_chr7_4391321_4395416,36,273,1871,273,1871,1598,0.6002697944641113,,,,,False,False
h0_chr7_4391321_4395416,37,1983,2227,1983,2227,244,0.598720371723175,Initiator,Initiator,promoter,promoter,True,True
h0_chr7_4391321_4395416,38,2610,3979,2610,3979,1369,0.5986876487731934,,,,,False,False
h0_chr7_4391321_4395416,39,306,1347,306,1347,1041,0.5966799259185791,,,,,False,False
h0_chr7_4391321_4395416,40,864,1617,864,1617,753,0.5965638160705566,,,,,False,False
h0_chr7_4391321_4395416,41,364,618,364,618,254,0.5963806509971619,Initiator,,promoter,,False,False
h0_chr7_4391321_4395416,42,308,2648,308,2648,2340,0.5962650775909424,,,,,False,False
h0_chr7_4391321_4395416,43,418,2398,418,2398,1980,0.5961900353431702,,,,,False,False
h0_chr7_4391321_4395416,44,364,1983,364,1983,1619,0.5942805409431458,Initiator,Initiator,promoter,promoter,True,True
h0_chr7_4391321_4395416,45,385,1314,385,1314,929,0.5942269563674927,,,,,False,False
h0_chr7_4391321_4395416,46,385,2497,385,2497,2112,0.5937423706054688,,,,,False,False
h0_chr7_4391321_4395416,47,681,1347,681,1347,666,0.5937076807022095,,,,,False,False
h0_chr7_4391321_4395416,48,1131,1871,1131,1871,740,0.591133713722229,,,,,False,False
h0_chr7_4391321_4395416,49,278,1314,278,1314,1036,0.5910724997520447,,,,,False,False
h0_chr7_4391321_4395416,50,1863,1983,1863,1983,120,0.5908442735671997,,Initiator,,promoter,False,False
h0_chr7_4391321_4395416,51,680,1347,680,1347,667,0.5907823443412781,,,,,False,False
h0_chr7_4391321_4395416,52,530,2609,530,2609,2079,0.5903046131134033,,,,,False,False
h0_chr7_4391321_4395416,53,1176,2510,1176,2510,1334,0.5901744365692139,,,,,False,False
h0_chr7_4391321_4395416,54,278,1871,278,1871,1593,0.589645266532898,,,,,False,False
h0_chr7_4391321_4395416,55,308,1374,308,1374,1066,0.5894604921340942,,,,,False,False
h0_chr7_4391321_4395416,56,308,530,308,530,222,0.5889595746994019,,,,,False,False
h0_chr7_4391321_4395416,57,1810,2227,1810,2227,417,0.5889517068862915,,Initiator,,promoter,False,False
h0_chr7_4391321_4395416,58,618,2045,618,2045,1427,0.5887746810913086,,,,,False,False
h0_chr7_4391321_4395416,59,1644,2045,1644,2045,401,0.5884978771209717,,,,,False,False
h0_chr7_4391321_4395416,60,377,495,377,495,118,0.5881695747375488,,,,,False,False
h0_chr7_4391321_4395416,61,377,2497,377,2497,2120,0.5881479978561401,,,,,False,False
h0_chr7_4391321_4395416,62,1314,2648,1314,2648,1334,0.5879771709442139,,,,,False,False
h0_chr7_4391321_4395416,63,375,1346,375,1346,971,0.5877763032913208,,,,,False,False
h0_chr7_4391321_4395416,64,386,2103,386,2103,1717,0.5866329669952393,,,,,False,False
h0_chr7_4391321_4395416,65,307,618,307,618,311,0.5865094661712646,,,,,False,False
h0_chr7_4391321_4395416,66,2198,3731,2198,3731,1533,0.5855254530906677,,,,,False,False
h0_chr7_4391321_4395416,67,385,2495,385,2495,2110,0.5852802991867065,,,,,False,False
h0_chr7_4391321_4395416,68,1801,3601,1801,3601,1800,0.5848122239112854,,,,,False,False
h0_chr7_4391321_4395416,69,379,618,379,618,239,0.5846484303474426,,,,,False,False
h0_chr7_4391321_4395416,70,308,807,308,807,499,0.5843491554260254,,,,,False,False
h0_chr7_4391321_4395416,71,385,1644,385,1644,1259,0.5837117433547974,,,,,False,False
h0_chr7_4391321_4395416,72,308,1891,308,1891,1583,0.5836573243141174,,Initiator,,promoter,False,False
h0_chr7_4391321_4395416,73,278,2666,278,2666,2388,0.583270251750946,,,,,False,False
h0_chr7_4391321_4395416,74,307,2510,307,2510,2203,0.5832547545433044,,,,,False,False
h0_chr7_4391321_4395416,75,384,618,384,618,234,0.5821924805641174,,,,,False,False
h0_chr7_4391321_4395416,76,1314,4011,1314,4011,2697,0.5818575620651245,,Initiator,,promoter,False,False
h0_chr7_4391321_4395416,77,334,1871,334,1871,1537,0.5814247131347656,,,,,False,False
h0_chr7_4391321_4395416,78,278,690,278,690,412,0.5811222791671753,,,,,False,False
h0_chr7_4391321_4395416,79,308,2387,308,2387,2079,0.5810836553573608,,,,,False,False
h0_chr7_4391321_4395416,80,375,2103,375,2103,1728,0.5808676481246948,,,,,False,False
h0_chr7_4391321_4395416,81,308,384,308,384,76,0.5806437730789185,,,,,False,False
h0_chr7_4391321_4395416,82,681,1352,681,1352,671,0.5804160237312317,,,,,False,False
h0_chr7_4391321_4395416,83,649,2045,649,2045,1396,0.579813539981842,,,,,False,False
h0_chr7_4391321_4395416,84,2367,2497,2367,2497,130,0.579778254032135,,,,,False,False
h0_chr7_4391321_4395416,85,1314,2400,1314,2400,1086,0.5795911550521851,,,,,False,False
h0_chr7_4391321_4395416,86,364,563,364,563,199,0.5794796943664551,Initiator,,promoter,,False,False
h0_chr7_4391321_4395416,87,807,2317,807,2317,1510,0.5793454647064209,,Initiator,,promoter,False,False
h0_chr7_4391321_4395416,88,2609,3724,2609,3724,1115,0.5792174339294434,,,,,False,False
h0_chr7_4391321_4395416,89,386,1314,386,1314,928,0.5791589617729187,,,,,False,False
h0_chr7_4391321_4395416,90,1891,3731,1891,3731,1840,0.5785749554634094,Initiator,,promoter,,False,False
h0_chr7_4391321_4395416,91,278,563,278,563,285,0.5785267353057861,,,,,False,False
h0_chr7_4391321_4395416,92,307,649,307,649,342,0.5784912109375,,,,,False,False
h0_chr7_4391321_4395416,93,377,689,377,689,312,0.5783316493034363,,,,,False,False
h0_chr7_4391321_4395416,94,386,1347,386,1347,961,0.5782252550125122,,,,,False,False
h0_chr7_4391321_4395416,95,375,2606,375,2606,2231,0.5778391361236572,,,,,False,False
h0_chr7_4391321_4395416,96,385,681,385,681,296,0.5777803659439087,,,,,False,False
h0_chr7_4391321_4395416,97,1871,1983,1871,1983,112,0.5776932835578918,,Initiator,,promoter,False,False
h0_chr7_4391321_4395416,98,2198,4078,2198,4078,1880,0.5776166915893555,,Initiator,,promoter,False,False
h0_chr7_4391321_4395416,99,1127,4078,1127,4078,2951,0.5766983032226562,,Initiator,,promoter,False,False
h0_chr7_4391321_4395416,100,385,689,385,689,304,0.5761045813560486,,,,,False,False
h0_chr7_4391321_4395416,101,385,1983,385,1983,1598,0.5759015083312988,,Initiator,,promoter,False,False
h0_chr7_4391321_4395416,102,1347,1871,1347,1871,524,0.5758774876594543,,,,,False,False
h0_chr7_4391321_4395416,103,377,1347,377,1347,970,0.5754873156547546,,,,,False,False
h0_chr7_4391321_4395416,104,308,618,308,618,310,0.5752757787704468,,,,,False,False
h0_chr7_4391321_4395416,105,308,2198,308,2198,1890,0.574950098991394,,,,,False,False
h0_chr7_4391321_4395416,106,307,1871,307,1871,1564,0.5748555660247803,,,,,False,False
h0_chr7_4391321_4395416,107,1801,1899,1801,1899,98,0.5748394131660461,,,,,False,False
h0_chr7_4391321_4395416,108,2434,2610,2434,2610,176,0.5746805667877197,,,,,False,False
h0_chr7_4391321_4395416,109,686,1644,686,1644,958,0.5744260549545288,,,,,False,False
h0_chr7_4391321_4395416,110,308,2317,308,2317,2009,0.573897123336792,,Initiator,,promoter,False,False
h0_chr7_4391321_4395416,111,386,1871,386,1871,1485,0.5738202333450317,,,,,False,False
h0_chr7_4391321_4395416,112,381,1992,381,1992,1611,0.5735971927642822,,,,,False,False
h0_chr7_4391321_4395416,113,385,1871,385,1871,1486,0.5735388398170471,,,,,False,False
h0_chr7_4391321_4395416,114,1374,3731,1374,3731,2357,0.5729590654373169,,,,,False,False
h0_chr7_4391321_4395416,115,1810,1983,1810,1983,173,0.5728573799133301,,Initiator,,promoter,False,False
h0_chr7_4391321_4395416,116,1810,2648,1810,2648,838,0.5726502537727356,,,,,False,False
h0_chr7_4391321_4395416,117,681,2045,681,2045,1364,0.5726500153541565,,,,,False,False
h0_chr7_4391321_4395416,118,384,495,384,495,111,0.5721102356910706,,,,,False,False
h0_chr7_4391321_4395416,119,278,364,278,364,86,0.5719023942947388,,Initiator,,promoter,False,False
h0_chr7_4391321_4395416,120,308,502,308,502,194,0.5707720518112183,,,,,False,False
h0_chr7_4391321_4395416,121,386,2495,386,2495,2109,0.5703355073928833,,,,,False,False
h0_chr7_4391321_4395416,122,1899,3731,1899,3731,1832,0.5700986385345459,,,,,False,False
h0_chr7_4391321_4395416,123,1644,2648,1644,2648,1004,0.5698010325431824,,,,,False,False
h0_chr7_4391321_4395416,124,308,1372,308,1372,1064,0.569440484046936,,,,,False,False
h0_chr7_4391321_4395416,125,635,800,635,800,165,0.5691452622413635,,,,,False,False
h0_chr7_4391321_4395416,126,1352,1801,1352,1801,449,0.5690724849700928,,,,,False,False
h0_chr7_4391321_4395416,127,625,800,625,800,175,0.568990170955658,Initiator,,promoter,,False,False
h0_chr7_4391321_4395416,128,308,1130,308,1130,822,0.5688788294792175,,,,,False,False
h0_chr7_4391321_4395416,129,1347,1624,1347,1624,277,0.5686904788017273,,Initiator,,promoter,False,False
h0_chr7_4391321_4395416,130,495,618,495,618,123,0.568605899810791,,,,,False,False
h0_chr7_4391321_4395416,131,1128,2510,1128,2510,1382,0.5684502124786377,,,,,False,False
h0_chr7_4391321_4395416,132,375,1131,375,1131,756,0.5684237480163574,,,,,False,False
h0_chr7_4391321_4395416,133,377,2103,377,2103,1726,0.5680868029594421,,,,,False,False
h0_chr7_4391321_4395416,134,377,1810,377,1810,1433,0.5680270791053772,,,,,False,False
h0_chr7_4391321_4395416,135,2497,3896,2497,3896,1399,0.5678046941757202,,,,,False,False
h0_chr7_4391321_4395416,136,1871,2227,1871,2227,356,0.5677750706672668,,Initiator,,promoter,False,False
h0_chr7_4391321_4395416,137,278,2612,278,2612,2334,0.5675522089004517,,,,,False,False
h0_chr7_4391321_4395416,138,1871,3979,1871,3979,2108,0.5672899484634399,,,,,False,False
h0_chr7_4391321_4395416,139,308,1373,308,1373,1065,0.5671768188476562,,,,,False,False
h0_chr7_4391321_4395416,140,1810,1899,1810,1899,89,0.5669810771942139,,,,,False,False
h0_chr7_4391321_4395416,141,800,1801,800,1801,1001,0.56480872631073,,,,,False,False
h0_chr7_4391321_4395416,142,275,1810,275,1810,1535,0.5647786259651184,,,,,False,False
h0_chr7_4391321_4395416,143,308,1899,308,1899,1591,0.5647766590118408,,,,,False,False
h0_chr7_4391321_4395416,144,878,4028,878,4028,3150,0.564690351486206,,,,,False,False
h0_chr7_4391321_4395416,145,275,1809,275,1809,1534,0.5646421909332275,,,,,False,False
h0_chr7_4391321_4395416,146,308,379,308,379,71,0.5645927786827087,,,,,False,False
h0_chr7_4391321_4395416,147,649,2367,649,2367,1718,0.5643550157546997,,,,,False,False
h0_chr7_4391321_4395416,148,1353,1810,1353,1810,457,0.5639283657073975,,,,,False,False
h0_chr7_4391321_4395416,149,377,1346,377,1346,969,0.5636898279190063,,,,,False,False
h0_chr7_4391321_4395416,150,308,364,308,364,56,0.5636368989944458,,Initiator,,promoter,False,False
h0_chr7_4391321_4395416,151,377,1130,377,1130,753,0.5633552074432373,,,,,False,False
h0_chr7_4391321_4395416,152,306,618,306,618,312,0.5629876852035522,,,,,False,False
h0_chr7_4391321_4395416,153,307,2311,307,2311,2004,0.5628628134727478,,GATA,,tfbs,False,False
h0_chr7_4391321_4395416,154,377,2495,377,2495,2118,0.5628495216369629,,,,,False,False
h0_chr7_4391321_4395416,155,681,1314,681,1314,633,0.5625302791595459,,,,,False,False
h0_chr7_4391321_4395416,156,1314,1565,1314,1565,251,0.5622909069061279,,,,,False,False
h0_chr7_4391321_4395416,157,1658,2227,1658,2227,569,0.5621189475059509,,Initiator,,promoter,False,False
h0_chr7_4391321_4395416,158,386,681,386,681,295,0.5620905160903931,,,,,False,False
h0_chr7_4391321_4395416,159,385,649,385,649,264,0.5620579719543457,,,,,False,False
h0_chr7_4391321_4395416,160,994,2311,994,2311,1317,0.5619636178016663,Initiator,GATA,promoter,tfbs,True,False
h0_chr7_4391321_4395416,161,307,1034,307,1034,727,0.5619434118270874,,,,,False,False
h0_chr7_4391321_4395416,162,1314,1644,1314,1644,330,0.5618876814842224,,,,,False,False
h0_chr7_4391321_4395416,163,866,1615,866,1615,749,0.5617610216140747,,,,,False,False
h0_chr7_4391321_4395416,164,377,2510,377,2510,2133,0.5616986155509949,,,,,False,False
h0_chr7_4391321_4395416,165,1130,2510,1130,2510,1380,0.5614241361618042,,,,,False,False
h0_chr7_4391321_4395416,166,385,618,385,618,233,0.5614150762557983,,,,,False,False
h0_chr7_4391321_4395416,167,2610,3896,2610,3896,1286,0.5610551238059998,,,,,False,False
h0_chr7_4391321_4395416,168,1142,2434,1142,2434,1292,0.5607054233551025,,,,,False,False
h0_chr7_4391321_4395416,169,618,1347,618,1347,729,0.5604516267776489,,,,,False,False
h0_chr7_4391321_4395416,170,386,618,386,618,232,0.5604178309440613,,,,,False,False
h0_chr7_4391321_4395416,171,364,2137,364,2137,1773,0.5599568486213684,Initiator,,promoter,,False,False
h0_chr7_4391321_4395416,172,618,4078,618,4078,3460,0.5596866607666016,,Initiator,,promoter,False,False
h0_chr7_4391321_4395416,173,278,2606,278,2606,2328,0.559593915939331,,,,,False,False
h0_chr7_4391321_4395416,174,364,2510,364,2510,2146,0.5595358610153198,Initiator,,promoter,,False,False
h0_chr7_4391321_4395416,175,364,1128,364,1128,764,0.5594599843025208,Initiator,,promoter,,False,False
h0_chr7_4391321_4395416,176,618,2400,618,2400,1782,0.5592327117919922,,,,,False,False
h0_chr7_4391321_4395416,177,994,1347,994,1347,353,0.5588897466659546,Initiator,,promoter,,False,False
h0_chr7_4391321_4395416,178,278,681,278,681,403,0.5588600635528564,,,,,False,False
h0_chr7_4391321_4395416,179,385,1347,385,1347,962,0.5584479570388794,,,,,False,False
h0_chr7_4391321_4395416,180,278,807,278,807,529,0.5583562254905701,,,,,False,False
h0_chr7_4391321_4395416,181,870,1347,870,1347,477,0.5583555698394775,,,,,False,False
h0_chr7_4391321_4395416,182,278,670,278,670,392,0.5582744479179382,,,,,False,False
h0_chr7_4391321_4395416,183,364,1871,364,1871,1507,0.5580394268035889,Initiator,,promoter,,False,False
h0_chr7_4391321_4395416,184,618,680,618,680,62,0.5577987432479858,,,,,False,False
h0_chr7_4391321_4395416,185,375,495,375,495,120,0.5577583312988281,,,,,False,False
h0_chr7_4391321_4395416,186,2170,4078,2170,4078,1908,0.557747483253479,Initiator,Initiator,promoter,promoter,True,True
h0_chr7_4391321_4395416,187,308,386,308,386,78,0.557642936706543,,,,,False,False
h0_chr7_4391321_4395416,188,1809,1871,1809,1871,62,0.5575931668281555,,,,,False,False
h0_chr7_4391321_4395416,189,285,377,285,377,92,0.5574882626533508,,,,,False,False
h0_chr7_4391321_4395416,190,563,1983,563,1983,1420,0.5574578046798706,,Initiator,,promoter,False,False
h0_chr7_4391321_4395416,191,1372,3731,1372,3731,2359,0.5573257803916931,,,,,False,False
h0_chr7_4391321_4395416,192,2306,2515,2306,2515,209,0.5573217272758484,,,,,False,False
h0_chr7_4391321_4395416,193,1346,3998,1346,3998,2652,0.5572674870491028,,,,,False,False
h0_chr7_4391321_4395416,194,1314,2045,1314,2045,731,0.5571267604827881,,,,,False,False
h0_chr7_4391321_4395416,195,392,2387,392,2387,1995,0.5570921897888184,,,,,False,False
h0_chr7_4391321_4395416,196,2371,2497,2371,2497,126,0.5570852160453796,,,,,False,False
h0_chr7_4391321_4395416,197,278,385,278,385,107,0.5570704340934753,,,,,False,False
h0_chr7_4391321_4395416,198,364,2609,364,2609,2245,0.5570433139801025,Initiator,,promoter,,False,False
h0_chr7_4391321_4395416,199,1809,2648,1809,2648,839,0.5569636225700378,,,,,False,False
h0_chr7_4391321_4395416,200,1131,1810,1131,1810,679,0.5568669438362122,,,,,False,False
h0_chrX_127567034_127571129,1,3162,3268,3162,3268,106,0.847922146320343,,,,,False,False
h0_chrX_127567034_127571129,2,2100,3162,2100,3162,1062,0.8412710428237915,,,,,False,False
h0_chrX_127567034_127571129,3,3162,3302,3162,3302,140,0.8363707065582275,,,,,False,False
h0_chrX_127567034_127571129,4,3208,3268,3208,3268,60,0.8360730409622192,,,,,False,False
h0_chrX_127567034_127571129,5,1258,3162,1258,3162,1904,0.8358294367790222,,,,,False,False
h0_chrX_127567034_127571129,6,1252,3162,1252,3162,1910,0.8342431783676147,,,,,False,False
h0_chrX_127567034_127571129,7,737,3162,737,3162,2425,0.8332672715187073,,,,,False,False
h0_chrX_127567034_127571129,8,1334,3162,1334,3162,1828,0.8289545774459839,,,,,False,False
h0_chrX_127567034_127571129,9,1352,3162,1352,3162,1810,0.8224161267280579,Initiator,,promoter,,False,False
h0_chrX_127567034_127571129,10,782,3162,782,3162,2380,0.8205546736717224,,,,,False,False
h0_chrX_127567034_127571129,11,1258,2100,1258,2100,842,0.8198553323745728,,,,,False,False
h0_chrX_127567034_127571129,12,1461,3162,1461,3162,1701,0.8198347687721252,,,,,False,False
h0_chrX_127567034_127571129,13,2100,3268,2100,3268,1168,0.8193325400352478,,,,,False,False
h0_chrX_127567034_127571129,14,1334,3268,1334,3268,1934,0.8192521929740906,,,,,False,False
h0_chrX_127567034_127571129,15,1461,3268,1461,3268,1807,0.8186406493186951,,,,,False,False
h0_chrX_127567034_127571129,16,1258,1334,1258,1334,76,0.8179044127464294,,,,,False,False
h0_chrX_127567034_127571129,17,1323,3162,1323,3162,1839,0.8172407150268555,,,,,False,False
h0_chrX_127567034_127571129,18,1323,1808,1323,1808,485,0.8169084191322327,,Initiator,,promoter,False,False
h0_chrX_127567034_127571129,19,1334,2110,1334,2110,776,0.8162068128585815,,,,,False,False
h0_chrX_127567034_127571129,20,416,3162,416,3162,2746,0.8156823515892029,Initiator;YY1,,promoter;tfbs,,False,False
h0_chrX_127567034_127571129,21,564,1334,564,1334,770,0.814915120601654,,,,,False,False
h0_chrX_127567034_127571129,22,2685,3162,2685,3162,477,0.8140220642089844,,,,,False,False
h0_chrX_127567034_127571129,23,1407,3162,1407,3162,1755,0.8134837746620178,,,,,False,False
h0_chrX_127567034_127571129,24,2110,3162,2110,3162,1052,0.8131183385848999,,,,,False,False
h0_chrX_127567034_127571129,25,1334,2100,1334,2100,766,0.8130248785018921,,,,,False,False
h0_chrX_127567034_127571129,26,697,3268,697,3268,2571,0.8123912215232849,,,,,False,False
h0_chrX_127567034_127571129,27,1258,2793,1258,2793,1535,0.8122875690460205,,,,,False,False
h0_chrX_127567034_127571129,28,2619,3162,2619,3162,543,0.8119347095489502,,,,,False,False
h0_chrX_127567034_127571129,29,564,1323,564,1323,759,0.8116907477378845,,,,,False,False
h0_chrX_127567034_127571129,30,1258,3268,1258,3268,2010,0.8113765716552734,,,,,False,False
h0_chrX_127567034_127571129,31,1252,1323,1252,1323,71,0.8112054467201233,,,,,False,False
h0_chrX_127567034_127571129,32,727,1323,727,1323,596,0.8110279440879822,,,,,False,False
h0_chrX_127567034_127571129,33,697,1252,697,1252,555,0.8109422922134399,,,,,False,False
h0_chrX_127567034_127571129,34,781,3162,781,3162,2381,0.8107843399047852,,,,,False,False
h0_chrX_127567034_127571129,35,750,3162,750,3162,2412,0.8100833892822266,,,,,False,False
h0_chrX_127567034_127571129,36,2632,3162,2632,3162,530,0.8095147609710693,,,,,False,False
h0_chrX_127567034_127571129,37,697,3162,697,3162,2465,0.8094536662101746,,,,,False,False
h0_chrX_127567034_127571129,38,1334,2889,1334,2889,1555,0.8092886209487915,,Initiator,,promoter,False,False
h0_chrX_127567034_127571129,39,697,1323,697,1323,626,0.8088995218276978,,,,,False,False
h0_chrX_127567034_127571129,40,2328,3162,2328,3162,834,0.8087453842163086,Initiator,,promoter,,False,False
h0_chrX_127567034_127571129,41,555,3162,555,3162,2607,0.8085761666297913,,,,,False,False
h0_chrX_127567034_127571129,42,564,697,564,697,133,0.8085023760795593,,,,,False,False
h0_chrX_127567034_127571129,43,750,3268,750,3268,2518,0.8082756996154785,,,,,False,False
h0_chrX_127567034_127571129,44,781,1334,781,1334,553,0.808255672454834,,,,,False,False
h0_chrX_127567034_127571129,45,1444,3162,1444,3162,1718,0.8081745505332947,Initiator,,promoter,,False,False
h0_chrX_127567034_127571129,46,1334,3302,1334,3302,1968,0.8079265356063843,,,,,False,False
h0_chrX_127567034_127571129,47,2889,3268,2889,3268,379,0.8076455593109131,Initiator,,promoter,,False,False
h0_chrX_127567034_127571129,48,2612,3162,2612,3162,550,0.807633638381958,,,,,False,False
h0_chrX_127567034_127571129,49,2277,3162,2277,3162,885,0.8072987794876099,,,,,False,False
h0_chrX_127567034_127571129,50,1334,2632,1334,2632,1298,0.806921660900116,,,,,False,False
h0_chrX_127567034_127571129,51,1323,2110,1323,2110,787,0.8068555593490601,,,,,False,False
h0_chrX_127567034_127571129,52,3162,3937,3162,3937,775,0.8067750930786133,,,,,False,False
h0_chrX_127567034_127571129,53,1252,3268,1252,3268,2016,0.8066993951797485,,,,,False,False
h0_chrX_127567034_127571129,54,1407,2100,1407,2100,693,0.8064719438552856,,,,,False,False
h0_chrX_127567034_127571129,55,2151,3162,2151,3162,1011,0.8064553737640381,Initiator,,promoter,,False,False
h0_chrX_127567034_127571129,56,1258,1407,1258,1407,149,0.8060820698738098,,,,,False,False
h0_chrX_127567034_127571129,57,2100,2889,2100,2889,789,0.8059526681900024,,Initiator,,promoter,False,False
h0_chrX_127567034_127571129,58,2110,2619,2110,2619,509,0.8059273362159729,,,,,False,False
h0_chrX_127567034_127571129,59,781,3268,781,3268,2487,0.8059234619140625,,,,,False,False
h0_chrX_127567034_127571129,60,2745,3268,2745,3268,523,0.8052517175674438,,,,,False,False
h0_chrX_127567034_127571129,61,781,2100,781,2100,1319,0.8052080869674683,,,,,False,False
h0_chrX_127567034_127571129,62,1323,2100,1323,2100,777,0.8051672577857971,,,,,False,False
h0_chrX_127567034_127571129,63,697,1334,697,1334,637,0.8047747611999512,,,,,False,False
h0_chrX_127567034_127571129,64,1258,2632,1258,2632,1374,0.8043019771575928,,,,,False,False
h0_chrX_127567034_127571129,65,2745,3162,2745,3162,417,0.804164469242096,,,,,False,False
h0_chrX_127567034_127571129,66,1323,2889,1323,2889,1566,0.8040286898612976,,Initiator,,promoter,False,False
h0_chrX_127567034_127571129,67,2793,3302,2793,3302,509,0.8038293123245239,,,,,False,False
h0_chrX_127567034_127571129,68,697,3302,697,3302,2605,0.8037223815917969,,,,,False,False
h0_chrX_127567034_127571129,69,1808,3162,1808,3162,1354,0.8036715388298035,Initiator,,promoter,,False,False
h0_chrX_127567034_127571129,70,1258,2745,1258,2745,1487,0.8036661744117737,,,,,False,False
h0_chrX_127567034_127571129,71,2110,3268,2110,3268,1158,0.8036265969276428,,,,,False,False
h0_chrX_127567034_127571129,72,1334,2619,1334,2619,1285,0.8035284280776978,,,,,False,False
h0_chrX_127567034_127571129,73,37,3162,37,3162,3125,0.8035144805908203,,,,,False,False
h0_chrX_127567034_127571129,74,3162,3608,3162,3608,446,0.8033484816551208,,Initiator,,promoter,False,False
h0_chrX_127567034_127571129,75,1252,1348,1252,1348,96,0.8033163547515869,,,,,False,False
h0_chrX_127567034_127571129,76,750,1334,750,1334,584,0.8032881617546082,,,,,False,False
h0_chrX_127567034_127571129,77,1334,2745,1334,2745,1411,0.8030857443809509,,,,,False,False
h0_chrX_127567034_127571129,78,592,3302,592,3302,2710,0.8029800653457642,,,,,False,False
h0_chrX_127567034_127571129,79,1334,1461,1334,1461,127,0.8028995394706726,,,,,False,False
h0_chrX_127567034_127571129,80,555,1258,555,1258,703,0.8028286695480347,,,,,False,False
h0_chrX_127567034_127571129,81,690,3162,690,3162,2472,0.8028210401535034,Initiator,,promoter,,False,False
h0_chrX_127567034_127571129,82,564,2110,564,2110,1546,0.8027563095092773,,,,,False,False
h0_chrX_127567034_127571129,83,1172,3162,1172,3162,1990,0.8026574850082397,Initiator,,promoter,,False,False
h0_chrX_127567034_127571129,84,305,3302,305,3302,2997,0.8022648692131042,,,,,False,False
h0_chrX_127567034_127571129,85,750,1323,750,1323,573,0.802183985710144,,,,,False,False
h0_chrX_127567034_127571129,86,1323,3268,1323,3268,1945,0.8019838929176331,,,,,False,False
h0_chrX_127567034_127571129,87,2096,3162,2096,3162,1066,0.8018437623977661,Initiator,,promoter,,False,False
h0_chrX_127567034_127571129,88,3162,3936,3162,3936,774,0.8018314838409424,,,,,False,False
h0_chrX_127567034_127571129,89,1334,1808,1334,1808,474,0.8018233776092529,,Initiator,,promoter,False,False
h0_chrX_127567034_127571129,90,2100,2632,2100,2632,532,0.801672637462616,,,,,False,False
h0_chrX_127567034_127571129,91,564,781,564,781,217,0.8015732169151306,,,,,False,False
h0_chrX_127567034_127571129,92,797,3268,797,3268,2471,0.8014001846313477,,,,,False,False
h0_chrX_127567034_127571129,93,737,1461,737,1461,724,0.8013054728507996,,,,,False,False
h0_chrX_127567034_127571129,94,564,2100,564,2100,1536,0.8012949228286743,,,,,False,False
h0_chrX_127567034_127571129,95,1334,2953,1334,2953,1619,0.8012387752532959,,,,,False,False
h0_chrX_127567034_127571129,96,750,2110,750,2110,1360,0.8012359738349915,,,,,False,False
h0_chrX_127567034_127571129,97,564,3162,564,3162,2598,0.801152765750885,,,,,False,False
h0_chrX_127567034_127571129,98,1258,2140,1258,2140,882,0.8010601997375488,,,,,False,False
h0_chrX_127567034_127571129,99,1334,3208,1334,3208,1874,0.8008373975753784,,,,,False,False
h0_chrX_127567034_127571129,100,721,3162,721,3162,2441,0.8008328676223755,,,,,False,False
h0_chrX_127567034_127571129,101,1258,2619,1258,2619,1361,0.8004910945892334,,,,,False,False
h0_chrX_127567034_127571129,102,2619,3268,2619,3268,649,0.8003019094467163,,,,,False,False
h0_chrX_127567034_127571129,103,697,3208,697,3208,2511,0.8002796769142151,,,,,False,False
h0_chrX_127567034_127571129,104,162,3268,162,3268,3106,0.8001249432563782,,,,,False,False
h0_chrX_127567034_127571129,105,2100,3252,2100,3252,1152,0.8000988364219666,,,,,False,False
h0_chrX_127567034_127571129,106,1879,3162,1879,3162,1283,0.8000069856643677,,,,,False,False
h0_chrX_127567034_127571129,107,750,2619,750,2619,1869,0.7999830842018127,,,,,False,False
h0_chrX_127567034_127571129,108,564,1258,564,1258,694,0.7999521493911743,,,,,False,False
h0_chrX_127567034_127571129,109,564,3268,564,3268,2704,0.7999168634414673,,,,,False,False
h0_chrX_127567034_127571129,110,801,1323,801,1323,522,0.7998813986778259,Initiator,,promoter,,False,False
h0_chrX_127567034_127571129,111,1407,3268,1407,3268,1861,0.7998015880584717,,,,,False,False
h0_chrX_127567034_127571129,112,555,2100,555,2100,1545,0.7997399568557739,,,,,False,False
h0_chrX_127567034_127571129,113,1352,2328,1352,2328,976,0.7996106147766113,Initiator,Initiator,promoter,promoter,True,True
h0_chrX_127567034_127571129,114,305,637,305,637,332,0.7995121479034424,,,,,False,False
h0_chrX_127567034_127571129,115,1258,1323,1258,1323,65,0.799479603767395,,,,,False,False
h0_chrX_127567034_127571129,116,162,3162,162,3162,3000,0.7994455099105835,,,,,False,False
h0_chrX_127567034_127571129,117,2632,3268,2632,3268,636,0.7993149161338806,,,,,False,False
h0_chrX_127567034_127571129,118,697,2110,697,2110,1413,0.7992726564407349,,,,,False,False
h0_chrX_127567034_127571129,119,2632,2745,2632,2745,113,0.7990920543670654,,,,,False,False
h0_chrX_127567034_127571129,120,781,2110,781,2110,1329,0.7989339828491211,,,,,False,False
h0_chrX_127567034_127571129,121,564,2632,564,2632,2068,0.7987639904022217,,,,,False,False
h0_chrX_127567034_127571129,122,697,781,697,781,84,0.7985263466835022,,,,,False,False
h0_chrX_127567034_127571129,123,803,3162,803,3162,2359,0.7984218597412109,Initiator,,promoter,,False,False
h0_chrX_127567034_127571129,124,697,750,697,750,53,0.7984173893928528,,,,,False,False
h0_chrX_127567034_127571129,125,564,3252,564,3252,2688,0.7981631755828857,,,,,False,False
h0_chrX_127567034_127571129,126,2140,3162,2140,3162,1022,0.7981024980545044,,,,,False,False
h0_chrX_127567034_127571129,127,555,1356,555,1356,801,0.7980972528457642,,Initiator,,promoter,False,False
h0_chrX_127567034_127571129,128,1258,1356,1258,1356,98,0.798045814037323,,Initiator,,promoter,False,False
h0_chrX_127567034_127571129,129,555,1334,555,1334,779,0.797964334487915,,,,,False,False
h0_chrX_127567034_127571129,130,1461,2100,1461,2100,639,0.797930896282196,,,,,False,False
h0_chrX_127567034_127571129,131,1334,3252,1334,3252,1918,0.7977437973022461,,,,,False,False
h0_chrX_127567034_127571129,132,1252,1334,1252,1334,82,0.7976949214935303,,,,,False,False
h0_chrX_127567034_127571129,133,697,2632,697,2632,1935,0.7974801063537598,,,,,False,False
h0_chrX_127567034_127571129,134,697,2328,697,2328,1631,0.7974411845207214,,Initiator,,promoter,False,False
h0_chrX_127567034_127571129,135,1348,3302,1348,3302,1954,0.7973578572273254,,,,,False,False
h0_chrX_127567034_127571129,136,2328,3302,2328,3302,974,0.7970954775810242,Initiator,,promoter,,False,False
h0_chrX_127567034_127571129,137,2100,2619,2100,2619,519,0.7970594763755798,,,,,False,False
h0_chrX_127567034_127571129,138,2281,3162,2281,3162,881,0.7970580458641052,,,,,False,False
h0_chrX_127567034_127571129,139,37,3302,37,3302,3265,0.7969876527786255,,,,,False,False
h0_chrX_127567034_127571129,140,750,2889,750,2889,2139,0.7968496084213257,,Initiator,,promoter,False,False
h0_chrX_127567034_127571129,141,1258,1433,1258,1433,175,0.7968272566795349,,,,,False,False
h0_chrX_127567034_127571129,142,781,1172,781,1172,391,0.7967691421508789,,Initiator,,promoter,False,False
h0_chrX_127567034_127571129,143,2107,3162,2107,3162,1055,0.7966069579124451,Initiator,,promoter,,False,False
h0_chrX_127567034_127571129,144,37,697,37,697,660,0.7965832948684692,,,,,False,False
h0_chrX_127567034_127571129,145,750,2100,750,2100,1350,0.7965355515480042,,,,,False,False
h0_chrX_127567034_127571129,146,623,1258,623,1258,635,0.7964778542518616,,,,,False,False
h0_chrX_127567034_127571129,147,1258,3302,1258,3302,2044,0.7964612245559692,,,,,False,False
h0_chrX_127567034_127571129,148,1252,1808,1252,1808,556,0.7963493466377258,,Initiator,,promoter,False,False
h0_chrX_127567034_127571129,149,781,2328,781,2328,1547,0.7960800528526306,,Initiator,,promoter,False,False
h0_chrX_127567034_127571129,150,781,1323,781,1323,542,0.7959259152412415,,,,,False,False
h0_chrX_127567034_127571129,151,2100,3208,2100,3208,1108,0.795841634273529,,,,,False,False
h0_chrX_127567034_127571129,152,697,801,697,801,104,0.7957338094711304,,Initiator,,promoter,False,False
h0_chrX_127567034_127571129,153,758,3162,758,3162,2404,0.7956660985946655,,,,,False,False
h0_chrX_127567034_127571129,154,789,3162,789,3162,2373,0.7956598401069641,,,,,False,False
h0_chrX_127567034_127571129,155,1808,2110,1808,2110,302,0.7955998182296753,Initiator,,promoter,,False,False
h0_chrX_127567034_127571129,156,1334,2328,1334,2328,994,0.7955673336982727,,Initiator,,promoter,False,False
h0_chrX_127567034_127571129,157,697,1172,697,1172,475,0.7955653667449951,,Initiator,,promoter,False,False
h0_chrX_127567034_127571129,158,2100,2745,2100,2745,645,0.7955295443534851,,,,,False,False
h0_chrX_127567034_127571129,159,1172,1258,1172,1258,86,0.7954138517379761,Initiator,,promoter,,False,False
h0_chrX_127567034_127571129,160,782,2328,782,2328,1546,0.7953094244003296,,Initiator,,promoter,False,False
h0_chrX_127567034_127571129,161,1433,2100,1433,2100,667,0.7952736020088196,,,,,False,False
h0_chrX_127567034_127571129,162,697,2100,697,2100,1403,0.7950999736785889,,,,,False,False
h0_chrX_127567034_127571129,163,691,2110,691,2110,1419,0.7950127720832825,,,,,False,False
h0_chrX_127567034_127571129,164,691,1258,691,1258,567,0.7948915362358093,,,,,False,False
h0_chrX_127567034_127571129,165,1323,2953,1323,2953,1630,0.7948665618896484,,,,,False,False
h0_chrX_127567034_127571129,166,1879,3268,1879,3268,1389,0.794773280620575,,,,,False,False
h0_chrX_127567034_127571129,167,691,2140,691,2140,1449,0.7946946620941162,,,,,False,False
h0_chrX_127567034_127571129,168,37,1352,37,1352,1315,0.7946705222129822,,Initiator,,promoter,False,False
h0_chrX_127567034_127571129,169,2261,3162,2261,3162,901,0.7946662902832031,,,,,False,False
h0_chrX_127567034_127571129,170,1402,3162,1402,3162,1760,0.7946642637252808,,,,,False,False
h0_chrX_127567034_127571129,171,1323,3252,1323,3252,1929,0.7945950031280518,,,,,False,False
h0_chrX_127567034_127571129,172,564,801,564,801,237,0.7945354580879211,,Initiator,,promoter,False,False
h0_chrX_127567034_127571129,173,697,1311,697,1311,614,0.7944474220275879,,,,,False,False
h0_chrX_127567034_127571129,174,1258,2110,1258,2110,852,0.794377863407135,,,,,False,False
h0_chrX_127567034_127571129,175,697,2889,697,2889,2192,0.7942619323730469,,Initiator,,promoter,False,False
h0_chrX_127567034_127571129,176,2793,2889,2793,2889,96,0.7941995859146118,,Initiator,,promoter,False,False
h0_chrX_127567034_127571129,177,1323,2619,1323,2619,1296,0.7941731214523315,,,,,False,False
h0_chrX_127567034_127571129,178,605,2100,605,2100,1495,0.794143557548523,,,,,False,False
h0_chrX_127567034_127571129,179,1323,2632,1323,2632,1309,0.7940900921821594,,,,,False,False
h0_chrX_127567034_127571129,180,320,3268,320,3268,2948,0.7940605878829956,Initiator,,promoter,,False,False
h0_chrX_127567034_127571129,181,691,3302,691,3302,2611,0.7940589189529419,,,,,False,False
h0_chrX_127567034_127571129,182,750,1258,750,1258,508,0.7940171957015991,,,,,False,False
h0_chrX_127567034_127571129,183,2100,3302,2100,3302,1202,0.7939372062683105,,,,,False,False
h0_chrX_127567034_127571129,184,2632,3185,2632,3185,553,0.7939131259918213,,,,,False,False
h0_chrX_127567034_127571129,185,555,3268,555,3268,2713,0.7938806414604187,,,,,False,False
h0_chrX_127567034_127571129,186,782,1461,782,1461,679,0.7938781380653381,,,,,False,False
h0_chrX_127567034_127571129,187,3162,3975,3162,3975,813,0.7938475608825684,,,,,False,False
h0_chrX_127567034_127571129,188,2109,3268,2109,3268,1159,0.793826699256897,,,,,False,False
h0_chrX_127567034_127571129,189,2110,2632,2110,2632,522,0.793805718421936,,,,,False,False
h0_chrX_127567034_127571129,190,1066,3268,1066,3268,2202,0.7935353517532349,,,,,False,False
h0_chrX_127567034_127571129,191,1252,3302,1252,3302,2050,0.7932487726211548,,,,,False,False
h0_chrX_127567034_127571129,192,697,2619,697,2619,1922,0.7931379079818726,,,,,False,False
h0_chrX_127567034_127571129,193,727,1352,727,1352,625,0.7930567264556885,,Initiator,,promoter,False,False
h0_chrX_127567034_127571129,194,1323,2140,1323,2140,817,0.7929704189300537,,,,,False,False
h0_chrX_127567034_127571129,195,2140,2745,2140,2745,605,0.7929567098617554,,,,,False,False
h0_chrX_127567034_127571129,196,803,1402,803,1402,599,0.792954683303833,Initiator,,promoter,,False,False
h0_chrX_127567034_127571129,197,992,3162,992,3162,2170,0.7929021120071411,,,,,False,False
h0_chrX_127567034_127571129,198,733,2889,733,2889,2156,0.7927783131599426,,Initiator,,promoter,False,False
h0_chrX_127567034_127571129,199,564,2745,564,2745,2181,0.7927241921424866,,,,,False,False
h0_chrX_127567034_127571129,200,3068,3162,3068,3162,94,0.7926835417747498,,,,,False,False
h0_chrX_130740848_130744943,1,727,3453,727,3453,2726,0.6472642421722412,,,,,False,False
h0_chrX_130740848_130744943,2,2314,3453,2314,3453,1139,0.6393875479698181,,,,,False,False
h0_chrX_130740848_130744943,3,770,3453,770,3453,2683,0.636314332485199,,,,,False,False
h0_chrX_130740848_130744943,4,3453,4055,3453,4055,602,0.6357578039169312,,,,,False,False
h0_chrX_130740848_130744943,5,3829,4076,3829,4076,247,0.6314820051193237,,,,,False,False
h0_chrX_130740848_130744943,6,946,3609,946,3609,2663,0.6310453414916992,,,,,False,False
h0_chrX_130740848_130744943,7,3145,3748,3145,3748,603,0.6281695365905762,,,,,False,False
h0_chrX_130740848_130744943,8,1440,3808,1440,3808,2368,0.6220873594284058,,,,,False,False
h0_chrX_130740848_130744943,9,576,3808,576,3808,3232,0.620404839515686,,,,,False,False
h0_chrX_130740848_130744943,10,3645,3852,3645,3852,207,0.6193497180938721,,,,,False,False
h0_chrX_130740848_130744943,11,1381,4076,1381,4076,2695,0.6191737055778503,Initiator,,promoter,,False,False
h0_chrX_130740848_130744943,12,727,3424,727,3424,2697,0.6191117763519287,,,,,False,False
h0_chrX_130740848_130744943,13,3453,3819,3453,3819,366,0.6189485788345337,,,,,False,False
h0_chrX_130740848_130744943,14,3090,4076,3090,4076,986,0.6176770925521851,,,,,False,False
h0_chrX_130740848_130744943,15,3436,3609,3436,3609,173,0.6148920059204102,,,,,False,False
h0_chrX_130740848_130744943,16,3747,4076,3747,4076,329,0.6138738393783569,,,,,False,False
h0_chrX_130740848_130744943,17,3453,3612,3453,3612,159,0.6137884855270386,,GATA,,tfbs,False,False
h0_chrX_130740848_130744943,18,551,3453,551,3453,2902,0.6128605604171753,,,,,False,False
h0_chrX_130740848_130744943,19,3376,3453,3376,3453,77,0.6123552322387695,,,,,False,False
h0_chrX_130740848_130744943,20,770,3424,770,3424,2654,0.6117998361587524,,,,,False,False
h0_chrX_130740848_130744943,21,2574,3453,2574,3453,879,0.6116760969161987,,,,,False,False
h0_chrX_130740848_130744943,22,767,3453,767,3453,2686,0.6111252307891846,,,,,False,False
h0_chrX_130740848_130744943,23,2314,2769,2314,2769,455,0.6111223697662354,,,,,False,False
h0_chrX_130740848_130744943,24,3453,3872,3453,3872,419,0.6097110509872437,,,,,False,False
h0_chrX_130740848_130744943,25,3196,3808,3196,3808,612,0.609230637550354,,,,,False,False
h0_chrX_130740848_130744943,26,1328,3196,1328,3196,1868,0.6090548038482666,,,,,False,False
h0_chrX_130740848_130744943,27,2125,4076,2125,4076,1951,0.6089102029800415,Initiator,,promoter,,False,False
h0_chrX_130740848_130744943,28,3282,4076,3282,4076,794,0.6082394123077393,,,,,False,False
h0_chrX_130740848_130744943,29,2607,3453,2607,3453,846,0.6080172061920166,,,,,False,False
h0_chrX_130740848_130744943,30,1730,4076,1730,4076,2346,0.6076911091804504,,,,,False,False
h0_chrX_130740848_130744943,31,770,2769,770,2769,1999,0.6073727607727051,,,,,False,False
h0_chrX_130740848_130744943,32,3048,3748,3048,3748,700,0.606436014175415,,,,,False,False
h0_chrX_130740848_130744943,33,944,3453,944,3453,2509,0.6060444116592407,,,,,False,False
h0_chrX_130740848_130744943,34,576,1328,576,1328,752,0.6060306429862976,,,,,False,False
h0_chrX_130740848_130744943,35,727,2769,727,2769,2042,0.6056240200996399,,,,,False,False
h0_chrX_130740848_130744943,36,2866,4055,2866,4055,1189,0.6053208708763123,,,,,False,False
h0_chrX_130740848_130744943,37,1328,3878,1328,3878,2550,0.6049602031707764,,,,,False,False
h0_chrX_130740848_130744943,38,580,3808,580,3808,3228,0.6049286127090454,,,,,False,False
h0_chrX_130740848_130744943,39,2733,3609,2733,3609,876,0.6047828793525696,,,,,False,False
h0_chrX_130740848_130744943,40,3433,4076,3433,4076,643,0.6046677827835083,,,,,False,False
h0_chrX_130740848_130744943,41,2769,4055,2769,4055,1286,0.6038641333580017,,,,,False,False
h0_chrX_130740848_130744943,42,1328,3802,1328,3802,2474,0.6038185954093933,,,,,False,False
h0_chrX_130740848_130744943,43,769,3748,769,3748,2979,0.6037604808807373,,,,,False,False
h0_chrX_130740848_130744943,44,2310,3453,2310,3453,1143,0.6037501096725464,,,,,False,False
h0_chrX_130740848_130744943,45,3417,3609,3417,3609,192,0.60335373878479,Initiator,,promoter,,False,False
h0_chrX_130740848_130744943,46,3145,4048,3145,4048,903,0.603312611579895,,,,,False,False
h0_chrX_130740848_130744943,47,805,1118,805,1118,313,0.6031492352485657,,,,,False,False
h0_chrX_130740848_130744943,48,770,2866,770,2866,2096,0.6029089689254761,,,,,False,False
h0_chrX_130740848_130744943,49,1337,3453,1337,3453,2116,0.6027219295501709,Initiator,,promoter,,False,False
h0_chrX_130740848_130744943,50,3741,3852,3741,3852,111,0.6026756763458252,Initiator,,promoter,,False,False
h0_chrX_130740848_130744943,51,1656,3852,1656,3852,2196,0.6026214957237244,,,,,False,False
h0_chrX_130740848_130744943,52,580,1328,580,1328,748,0.602479100227356,,,,,False,False
h0_chrX_130740848_130744943,53,556,3808,556,3808,3252,0.6022623777389526,,,,,False,False
h0_chrX_130740848_130744943,54,727,2866,727,2866,2139,0.601804256439209,,,,,False,False
h0_chrX_130740848_130744943,55,3894,4046,3894,4046,152,0.6017405986785889,,,,,False,False
h0_chrX_130740848_130744943,56,3453,3777,3453,3777,324,0.6014609336853027,,,,,False,False
h0_chrX_130740848_130744943,57,1118,1639,1118,1639,521,0.6013028025627136,,,,,False,False
h0_chrX_130740848_130744943,58,1394,4076,1394,4076,2682,0.6011335253715515,,,,,False,False
h0_chrX_130740848_130744943,59,2288,3808,2288,3808,1520,0.6010594964027405,,,,,False,False
h0_chrX_130740848_130744943,60,1639,3458,1639,3458,1819,0.6008914709091187,,,,,False,False
h0_chrX_130740848_130744943,61,1328,3263,1328,3263,1935,0.6008484363555908,,Initiator,,promoter,False,False
h0_chrX_130740848_130744943,62,770,3878,770,3878,3108,0.6008480191230774,,,,,False,False
h0_chrX_130740848_130744943,63,1328,2050,1328,2050,722,0.6008096933364868,,,,,False,False
h0_chrX_130740848_130744943,64,1328,3813,1328,3813,2485,0.6006289720535278,,,,,False,False
h0_chrX_130740848_130744943,65,727,3426,727,3426,2699,0.6006176471710205,,,,,False,False
h0_chrX_130740848_130744943,66,1946,3808,1946,3808,1862,0.6006056070327759,Initiator,,promoter,,False,False
h0_chrX_130740848_130744943,67,1639,3728,1639,3728,2089,0.6005510091781616,,GATA,,tfbs,False,False
h0_chrX_130740848_130744943,68,3415,3748,3415,3748,333,0.6004626750946045,Initiator,,promoter,,False,False
h0_chrX_130740848_130744943,69,3453,3648,3453,3648,195,0.6004217267036438,,,,,False,False
h0_chrX_130740848_130744943,70,1656,3850,1656,3850,2194,0.6004180312156677,,,,,False,False
h0_chrX_130740848_130744943,71,3487,3852,3487,3852,365,0.6003087759017944,,,,,False,False
h0_chrX_130740848_130744943,72,770,3426,770,3426,2656,0.6002967357635498,,,,,False,False
h0_chrX_130740848_130744943,73,2257,3748,2257,3748,1491,0.6002259254455566,,,,,False,False
h0_chrX_130740848_130744943,74,663,3609,663,3609,2946,0.6002010107040405,,,,,False,False
h0_chrX_130740848_130744943,75,2917,3748,2917,3748,831,0.5997053384780884,,,,,False,False
h0_chrX_130740848_130744943,76,1639,3717,1639,3717,2078,0.5996524095535278,,,,,False,False
h0_chrX_130740848_130744943,77,727,1437,727,1437,710,0.5993591547012329,,,,,False,False
h0_chrX_130740848_130744943,78,2314,3424,2314,3424,1110,0.5986012816429138,,,,,False,False
h0_chrX_130740848_130744943,79,1639,3876,1639,3876,2237,0.5984733700752258,,,,,False,False
h0_chrX_130740848_130744943,80,556,1328,556,1328,772,0.5984519720077515,,,,,False,False
h0_chrX_130740848_130744943,81,1650,3609,1650,3609,1959,0.5984054803848267,,,,,False,False
h0_chrX_130740848_130744943,82,3453,3647,3453,3647,194,0.5983777046203613,,,,,False,False
h0_chrX_130740848_130744943,83,3453,3658,3453,3658,205,0.5981070399284363,,,,,False,False
h0_chrX_130740848_130744943,84,3273,3453,3273,3453,180,0.598003625869751,,,,,False,False
h0_chrX_130740848_130744943,85,714,3813,714,3813,3099,0.597828209400177,Initiator,,promoter,,False,False
h0_chrX_130740848_130744943,86,743,3453,743,3453,2710,0.5977280139923096,,,,,False,False
h0_chrX_130740848_130744943,87,2405,4076,2405,4076,1671,0.5977060794830322,,,,,False,False
h0_chrX_130740848_130744943,88,3124,3748,3124,3748,624,0.5976392030715942,Initiator,,promoter,,False,False
h0_chrX_130740848_130744943,89,3808,3878,3808,3878,70,0.5975227355957031,,,,,False,False
h0_chrX_130740848_130744943,90,3424,4055,3424,4055,631,0.5973178148269653,,,,,False,False
h0_chrX_130740848_130744943,91,1328,2288,1328,2288,960,0.5970430374145508,,,,,False,False
h0_chrX_130740848_130744943,92,805,1204,805,1204,399,0.597032904624939,,,,,False,False
h0_chrX_130740848_130744943,93,766,3453,766,3453,2687,0.597028374671936,,,,,False,False
h0_chrX_130740848_130744943,94,727,1729,727,1729,1002,0.596903920173645,,,,,False,False
h0_chrX_130740848_130744943,95,1328,3476,1328,3476,2148,0.5968334078788757,,,,,False,False
h0_chrX_130740848_130744943,96,1328,3498,1328,3498,2170,0.5967429876327515,,,,,False,False
h0_chrX_130740848_130744943,97,945,3453,945,3453,2508,0.5966339111328125,,,,,False,False
h0_chrX_130740848_130744943,98,3476,3808,3476,3808,332,0.5966090559959412,,,,,False,False
h0_chrX_130740848_130744943,99,982,3453,982,3453,2471,0.5964616537094116,Initiator,,promoter,,False,False
h0_chrX_130740848_130744943,100,3233,3415,3233,3415,182,0.5962604880332947,,Initiator,,promoter,False,False
h0_chrX_130740848_130744943,101,2313,3453,2313,3453,1140,0.5962230563163757,,,,,False,False
h0_chrX_130740848_130744943,102,1021,3808,1021,3808,2787,0.5961488485336304,,,,,False,False
h0_chrX_130740848_130744943,103,3347,3808,3347,3808,461,0.595930278301239,,,,,False,False
h0_chrX_130740848_130744943,104,115,1440,115,1440,1325,0.5958974957466125,,,,,False,False
h0_chrX_130740848_130744943,105,727,3878,727,3878,3151,0.5958936214447021,,,,,False,False
h0_chrX_130740848_130744943,106,1381,3721,1381,3721,2340,0.5957844257354736,Initiator,,promoter,,False,False
h0_chrX_130740848_130744943,107,2079,3453,2079,3453,1374,0.5957645773887634,Initiator,,promoter,,False,False
h0_chrX_130740848_130744943,108,115,576,115,576,461,0.595733642578125,,,,,False,False
h0_chrX_130740848_130744943,109,3090,3721,3090,3721,631,0.595270037651062,,,,,False,False
h0_chrX_130740848_130744943,110,1437,2314,1437,2314,877,0.5951273441314697,,,,,False,False
h0_chrX_130740848_130744943,111,805,3876,805,3876,3071,0.5949103832244873,,,,,False,False
h0_chrX_130740848_130744943,112,1328,3347,1328,3347,2019,0.5947223901748657,,,,,False,False
h0_chrX_130740848_130744943,113,3032,3453,3032,3453,421,0.5945031046867371,Initiator,,promoter,,False,False
h0_chrX_130740848_130744943,114,3652,3852,3652,3852,200,0.5941267013549805,Initiator,,promoter,,False,False
h0_chrX_130740848_130744943,115,3609,3724,3609,3724,115,0.5940654873847961,,,,,False,False
h0_chrX_130740848_130744943,116,770,3268,770,3268,2498,0.5937517285346985,,Initiator,,promoter,False,False
h0_chrX_130740848_130744943,117,1030,3453,1030,3453,2423,0.5937269926071167,,,,,False,False
h0_chrX_130740848_130744943,118,3106,3776,3106,3776,670,0.5936520099639893,,,,,False,False
h0_chrX_130740848_130744943,119,3106,4046,3106,4046,940,0.5936495065689087,,,,,False,False
h0_chrX_130740848_130744943,120,3477,3748,3477,3748,271,0.5935564041137695,,,,,False,False
h0_chrX_130740848_130744943,121,2182,3453,2182,3453,1271,0.5933946371078491,,,,,False,False
h0_chrX_130740848_130744943,122,420,3808,420,3808,3388,0.593346118927002,,,,,False,False
h0_chrX_130740848_130744943,123,3343,3609,3343,3609,266,0.5931640267372131,,,,,False,False
h0_chrX_130740848_130744943,124,1358,3748,1358,3748,2390,0.5931299924850464,,,,,False,False
h0_chrX_130740848_130744943,125,3721,3829,3721,3829,108,0.5931200981140137,,,,,False,False
h0_chrX_130740848_130744943,126,2769,3819,2769,3819,1050,0.5930225849151611,,,,,False,False
h0_chrX_130740848_130744943,127,1535,4076,1535,4076,2541,0.5929863452911377,,,,,False,False
h0_chrX_130740848_130744943,128,1381,3718,1381,3718,2337,0.5929359197616577,Initiator,,promoter,,False,False
h0_chrX_130740848_130744943,129,2164,3453,2164,3453,1289,0.5929139852523804,Initiator,,promoter,,False,False
h0_chrX_130740848_130744943,130,1674,3453,1674,3453,1779,0.5928853154182434,,,,,False,False
h0_chrX_130740848_130744943,131,2446,3748,2446,3748,1302,0.5927531123161316,Initiator,,promoter,,False,False
h0_chrX_130740848_130744943,132,1328,3268,1328,3268,1940,0.5926811695098877,,Initiator,,promoter,False,False
h0_chrX_130740848_130744943,133,2442,3453,2442,3453,1011,0.5924550890922546,Initiator,,promoter,,False,False
h0_chrX_130740848_130744943,134,3411,3747,3411,3747,336,0.5920853614807129,,,,,False,False
h0_chrX_130740848_130744943,135,805,3603,805,3603,2798,0.5919158458709717,,Initiator,,promoter,False,False
h0_chrX_130740848_130744943,136,2277,3748,2277,3748,1471,0.5919060111045837,,,,,False,False
h0_chrX_130740848_130744943,137,2405,3411,2405,3411,1006,0.5918564796447754,,,,,False,False
h0_chrX_130740848_130744943,138,1380,3609,1380,3609,2229,0.5918527245521545,Initiator,,promoter,,False,False
h0_chrX_130740848_130744943,139,805,3841,805,3841,3036,0.5918169021606445,,,,,False,False
h0_chrX_130740848_130744943,140,3208,3453,3208,3453,245,0.5918099880218506,,,,,False,False
h0_chrX_130740848_130744943,141,3765,4046,3765,4046,281,0.591674268245697,,,,,False,False
h0_chrX_130740848_130744943,142,483,727,483,727,244,0.5916571617126465,,,,,False,False
h0_chrX_130740848_130744943,143,769,4048,769,4048,3279,0.591568112373352,,,,,False,False
h0_chrX_130740848_130744943,144,3862,4076,3862,4076,214,0.5915388464927673,Initiator,,promoter,,False,False
h0_chrX_130740848_130744943,145,1639,2521,1639,2521,882,0.5914218425750732,,,,,False,False
h0_chrX_130740848_130744943,146,1535,3411,1535,3411,1876,0.5914180874824524,,,,,False,False
h0_chrX_130740848_130744943,147,805,2246,805,2246,1441,0.5912389755249023,,Initiator,,promoter,False,False
h0_chrX_130740848_130744943,148,2011,3609,2011,3609,1598,0.5912237763404846,,,,,False,False
h0_chrX_130740848_130744943,149,2314,2866,2314,2866,552,0.5911557674407959,,,,,False,False
h0_chrX_130740848_130744943,150,2464,3609,2464,3609,1145,0.5910724401473999,,,,,False,False
h0_chrX_130740848_130744943,151,1729,2314,1729,2314,585,0.5909715890884399,,,,,False,False
h0_chrX_130740848_130744943,152,770,3347,770,3347,2577,0.5909383296966553,,,,,False,False
h0_chrX_130740848_130744943,153,805,3645,805,3645,2840,0.5908610224723816,,,,,False,False
h0_chrX_130740848_130744943,154,2257,3106,2257,3106,849,0.5908188819885254,,,,,False,False
h0_chrX_130740848_130744943,155,2611,4076,2611,4076,1465,0.5907720327377319,Initiator,,promoter,,False,False
h0_chrX_130740848_130744943,156,3477,4048,3477,4048,571,0.590724766254425,,,,,False,False
h0_chrX_130740848_130744943,157,2769,3376,2769,3376,607,0.5904721617698669,,,,,False,False
h0_chrX_130740848_130744943,158,805,1727,805,1727,922,0.5904592871665955,,,,,False,False
h0_chrX_130740848_130744943,159,805,3487,805,3487,2682,0.5904537439346313,,,,,False,False
h0_chrX_130740848_130744943,160,3778,4048,3778,4048,270,0.590427041053772,,,,,False,False
h0_chrX_130740848_130744943,161,710,770,710,770,60,0.5903559923171997,,,,,False,False
h0_chrX_130740848_130744943,162,770,2288,770,2288,1518,0.5903272032737732,,,,,False,False
h0_chrX_130740848_130744943,163,3589,3852,3589,3852,263,0.5902044177055359,TATA_box,,promoter,,False,False
h0_chrX_130740848_130744943,164,805,2521,805,2521,1716,0.5899940133094788,,,,,False,False
h0_chrX_130740848_130744943,165,302,3453,302,3453,3151,0.5899423360824585,Initiator,,promoter,,False,False
h0_chrX_130740848_130744943,166,1739,4076,1739,4076,2337,0.5899360775947571,,,,,False,False
h0_chrX_130740848_130744943,167,576,714,576,714,138,0.5899207592010498,,Initiator,,promoter,False,False
h0_chrX_130740848_130744943,168,1328,1440,1328,1440,112,0.5898088216781616,,,,,False,False
h0_chrX_130740848_130744943,169,636,3453,636,3453,2817,0.5897120237350464,,,,,False,False
h0_chrX_130740848_130744943,170,3360,3748,3360,3748,388,0.5895935893058777,,,,,False,False
h0_chrX_130740848_130744943,171,1730,3721,1730,3721,1991,0.5893795490264893,,,,,False,False
h0_chrX_130740848_130744943,172,551,2769,551,2769,2218,0.5893059968948364,,,,,False,False
h0_chrX_130740848_130744943,173,2287,2917,2287,2917,630,0.5892794132232666,,,,,False,False
h0_chrX_130740848_130744943,174,483,770,483,770,287,0.5892670154571533,,,,,False,False
h0_chrX_130740848_130744943,175,3748,4046,3748,4046,298,0.5891269445419312,,,,,False,False
h0_chrX_130740848_130744943,176,767,2769,767,2769,2002,0.5890430212020874,,,,,False,False
h0_chrX_130740848_130744943,177,3200,3748,3200,3748,548,0.5888767242431641,,,,,False,False
h0_chrX_130740848_130744943,178,727,3326,727,3326,2599,0.5888394713401794,,,,,False,False
h0_chrX_130740848_130744943,179,3537,3829,3537,3829,292,0.5887851119041443,,,,,False,False
h0_chrX_130740848_130744943,180,1381,3537,1381,3537,2156,0.5887819528579712,Initiator,,promoter,,False,False
h0_chrX_130740848_130744943,181,3098,3453,3098,3453,355,0.5886809825897217,Initiator,,promoter,,False,False
h0_chrX_130740848_130744943,182,805,3458,805,3458,2653,0.5886013507843018,,,,,False,False
h0_chrX_130740848_130744943,183,1731,3852,1731,3852,2121,0.588576078414917,,,,,False,False
h0_chrX_130740848_130744943,184,727,3268,727,3268,2541,0.588571310043335,,Initiator,,promoter,False,False
h0_chrX_130740848_130744943,185,1639,3645,1639,3645,2006,0.5884749889373779,,,,,False,False
h0_chrX_130740848_130744943,186,2050,3808,2050,3808,1758,0.5884677171707153,,,,,False,False
h0_chrX_130740848_130744943,187,2314,3268,2314,3268,954,0.5883201360702515,,Initiator,,promoter,False,False
h0_chrX_130740848_130744943,188,1179,4076,1179,4076,2897,0.5882496237754822,Initiator,,promoter,,False,False
h0_chrX_130740848_130744943,189,2209,3852,2209,3852,1643,0.5879703760147095,,,,,False,False
h0_chrX_130740848_130744943,190,727,3347,727,3347,2620,0.587834894657135,,,,,False,False
h0_chrX_130740848_130744943,191,805,3589,805,3589,2784,0.5878245830535889,,TATA_box,,promoter,False,False
h0_chrX_130740848_130744943,192,1118,3852,1118,3852,2734,0.5877892971038818,,,,,False,False
h0_chrX_130740848_130744943,193,2521,3852,2521,3852,1331,0.5877276062965393,,,,,False,False
h0_chrX_130740848_130744943,194,727,3813,727,3813,3086,0.5877200961112976,,,,,False,False
h0_chrX_130740848_130744943,195,2257,3829,2257,3829,1572,0.5876914262771606,,,,,False,False
h0_chrX_130740848_130744943,196,2235,3748,2235,3748,1513,0.5875324010848999,,,,,False,False
h0_chrX_130740848_130744943,197,805,3811,805,3811,3006,0.5874375104904175,,,,,False,False
h0_chrX_130740848_130744943,198,1437,4055,1437,4055,2618,0.5874256491661072,,,,,False,False
h0_chrX_130740848_130744943,199,3510,4076,3510,4076,566,0.5873005986213684,,,,,False,False
h0_chrX_130740848_130744943,200,3587,3808,3587,3808,221,0.5872748494148254,Initiator;TATA_box,,promoter,,False,False
h0_chrX_83970161_83974256,1,1479,1563,1479,1563,84,0.6564960479736328,,,,,False,False
h0_chrX_83970161_83974256,2,1323,1479,1323,1479,156,0.6548444032669067,,,,,False,False
h0_chrX_83970161_83974256,3,1323,1484,1323,1484,161,0.6534702181816101,,,,,False,False
h0_chrX_83970161_83974256,4,1484,1563,1484,1563,79,0.6410911083221436,,,,,False,False
h0_chrX_83970161_83974256,5,1479,1935,1479,1935,456,0.6383575201034546,,GATA,,tfbs,False,False
h0_chrX_83970161_83974256,6,1098,1798,1098,1798,700,0.6363771557807922,Initiator,,promoter,,False,False
h0_chrX_83970161_83974256,7,153,1479,153,1479,1326,0.6330187916755676,,,,,False,False
h0_chrX_83970161_83974256,8,1563,1798,1563,1798,235,0.6323979496955872,,,,,False,False
h0_chrX_83970161_83974256,9,153,1484,153,1484,1331,0.6320428848266602,,,,,False,False
h0_chrX_83970161_83974256,10,1484,1935,1484,1935,451,0.6284642219543457,,GATA,,tfbs,False,False
h0_chrX_83970161_83974256,11,1306,1798,1306,1798,492,0.6269539594650269,,,,,False,False
h0_chrX_83970161_83974256,12,167,1798,167,1798,1631,0.6264481544494629,,,,,False,False
h0_chrX_83970161_83974256,13,159,1563,159,1563,1404,0.6258491277694702,,,,,False,False
h0_chrX_83970161_83974256,14,79,1798,79,1798,1719,0.625295877456665,YY1,,tfbs,,False,False
h0_chrX_83970161_83974256,15,159,1323,159,1323,1164,0.6213040351867676,,,,,False,False
h0_chrX_83970161_83974256,16,1479,1811,1479,1811,332,0.6139903664588928,,Initiator,,promoter,False,False
h0_chrX_83970161_83974256,17,1079,1479,1079,1479,400,0.6127457618713379,,,,,False,False
h0_chrX_83970161_83974256,18,63,1798,63,1798,1735,0.6057111620903015,,,,,False,False
h0_chrX_83970161_83974256,19,1798,1935,1798,1935,137,0.6050002574920654,,GATA,,tfbs,False,False
h0_chrX_83970161_83974256,20,81,1484,81,1484,1403,0.6045050621032715,YY1,,tfbs,,False,False
h0_chrX_83970161_83974256,21,1323,1798,1323,1798,475,0.6043344736099243,,,,,False,False
h0_chrX_83970161_83974256,22,159,1811,159,1811,1652,0.6041538715362549,,Initiator,,promoter,False,False
h0_chrX_83970161_83974256,23,160,1798,160,1798,1638,0.6034731268882751,,,,,False,False
h0_chrX_83970161_83974256,24,676,1479,676,1479,803,0.6029954552650452,,,,,False,False
h0_chrX_83970161_83974256,25,1079,1798,1079,1798,719,0.6000562310218811,,,,,False,False
h0_chrX_83970161_83974256,26,79,1484,79,1484,1405,0.5991225242614746,YY1,,tfbs,,False,False
h0_chrX_83970161_83974256,27,657,1484,657,1484,827,0.5984072685241699,,,,,False,False
h0_chrX_83970161_83974256,28,1098,1479,1098,1479,381,0.5972972512245178,Initiator,,promoter,,False,False
h0_chrX_83970161_83974256,29,79,1479,79,1479,1400,0.5963773727416992,YY1,,tfbs,,False,False
h0_chrX_83970161_83974256,30,63,1484,63,1484,1421,0.5953149795532227,,,,,False,False
h0_chrX_83970161_83974256,31,1306,1484,1306,1484,178,0.5941282510757446,,,,,False,False
h0_chrX_83970161_83974256,32,159,1306,159,1306,1147,0.5941017866134644,,,,,False,False
h0_chrX_83970161_83974256,33,79,159,79,159,80,0.5933451056480408,YY1,,tfbs,,False,False
h0_chrX_83970161_83974256,34,199,358,199,358,159,0.5924183130264282,,,,,False,False
h0_chrX_83970161_83974256,35,657,1479,657,1479,822,0.5893158912658691,,,,,False,False
h0_chrX_83970161_83974256,36,127,1479,127,1479,1352,0.5872180461883545,,,,,False,False
h0_chrX_83970161_83974256,37,153,1798,153,1798,1645,0.5847235321998596,,,,,False,False
h0_chrX_83970161_83974256,38,127,1484,127,1484,1357,0.5829971432685852,,,,,False,False
h0_chrX_83970161_83974256,39,123,1798,123,1798,1675,0.5828894376754761,,,,,False,False
h0_chrX_83970161_83974256,40,676,1484,676,1484,808,0.5828704833984375,,,,,False,False
h0_chrX_83970161_83974256,41,1484,1811,1484,1811,327,0.5807230472564697,,Initiator,,promoter,False,False
h0_chrX_83970161_83974256,42,188,1798,188,1798,1610,0.5796130299568176,,,,,False,False
h0_chrX_83970161_83974256,43,63,1479,63,1479,1416,0.5789797306060791,,,,,False,False
h0_chrX_83970161_83974256,44,159,1098,159,1098,939,0.5765230655670166,,Initiator,,promoter,False,False
h0_chrX_83970161_83974256,45,123,1479,123,1479,1356,0.5742775797843933,,,,,False,False
h0_chrX_83970161_83974256,46,1306,1479,1306,1479,173,0.5736514329910278,,,,,False,False
h0_chrX_83970161_83974256,47,188,1479,188,1479,1291,0.5731602907180786,,,,,False,False
h0_chrX_83970161_83974256,48,63,159,63,159,96,0.572868824005127,,,,,False,False
h0_chrX_83970161_83974256,49,676,1798,676,1798,1122,0.5726457238197327,,,,,False,False
h0_chrX_83970161_83974256,50,167,1479,167,1479,1312,0.5718982815742493,,,,,False,False
h0_chrX_83970161_83974256,51,81,1479,81,1479,1398,0.5681461691856384,YY1,,tfbs,,False,False
h0_chrX_83970161_83974256,52,199,361,199,361,162,0.5669664740562439,,,,,False,False
h0_chrX_83970161_83974256,53,160,1479,160,1479,1319,0.5615063905715942,,,,,False,False
h0_chrX_83970161_83974256,54,199,384,199,384,185,0.5604282021522522,,,,,False,False
h0_chrX_83970161_83974256,55,1098,1484,1098,1484,386,0.5581908822059631,Initiator,,promoter,,False,False
h0_chrX_83970161_83974256,56,199,362,199,362,163,0.5564477443695068,,,,,False,False
h0_chrX_83970161_83974256,57,253,323,253,323,70,0.5544580221176147,,,,,False,False
h0_chrX_83970161_83974256,58,657,1798,657,1798,1141,0.5539565086364746,,,,,False,False
h0_chrX_83970161_83974256,59,159,1079,159,1079,920,0.5520700812339783,,,,,False,False
h0_chrX_83970161_83974256,60,159,1935,159,1935,1776,0.5496052503585815,,GATA,,tfbs,False,False
h0_chrX_83970161_83974256,61,153,1563,153,1563,1410,0.548979640007019,,,,,False,False
h0_chrX_83970161_83974256,62,1079,1484,1079,1484,405,0.548112154006958,,,,,False,False
h0_chrX_83970161_83974256,63,199,359,199,359,160,0.5480130314826965,,,,,False,False
h0_chrX_83970161_83974256,64,2175,2250,2175,2250,75,0.5467125177383423,,,,,False,False
h0_chrX_83970161_83974256,65,199,360,199,360,161,0.5463739633560181,,,,,False,False
h0_chrX_83970161_83974256,66,81,159,81,159,78,0.5437999963760376,YY1,,tfbs,,False,False
h0_chrX_83970161_83974256,67,123,1484,123,1484,1361,0.5402460098266602,,,,,False,False
h0_chrX_83970161_83974256,68,160,1484,160,1484,1324,0.5378037691116333,,,,,False,False
h0_chrX_83970161_83974256,69,188,1484,188,1484,1296,0.5370007157325745,,,,,False,False
h0_chrX_83970161_83974256,70,155,1798,155,1798,1643,0.536589503288269,,,,,False,False
h0_chrX_83970161_83974256,71,954,1238,954,1238,284,0.5306011438369751,,,,,False,False
h0_chrX_83970161_83974256,72,167,1484,167,1484,1317,0.5304229259490967,,,,,False,False
h0_chrX_83970161_83974256,73,1238,2175,1238,2175,937,0.5292412042617798,,,,,False,False
h0_chrX_83970161_83974256,74,363,1582,363,1582,1219,0.5257632732391357,,,,,False,False
h0_chrX_83970161_83974256,75,127,188,127,188,61,0.5251349210739136,,,,,False,False
h0_chrX_83970161_83974256,76,159,676,159,676,517,0.5245639085769653,,,,,False,False
h0_chrX_83970161_83974256,77,159,657,159,657,498,0.5241501927375793,,,,,False,False
h0_chrX_83970161_83974256,78,160,1079,160,1079,919,0.5235553979873657,,,,,False,False
h0_chrX_83970161_83974256,79,201,384,201,384,183,0.5215755701065063,,,,,False,False
h0_chrX_83970161_83974256,80,127,1798,127,1798,1671,0.5210820436477661,,,,,False,False
h0_chrX_83970161_83974256,81,81,657,81,657,576,0.5199294090270996,YY1,,tfbs,,False,False
h0_chrX_83970161_83974256,82,155,1479,155,1479,1324,0.5191677212715149,,,,,False,False
h0_chrX_83970161_83974256,83,253,1582,253,1582,1329,0.5187335014343262,,,,,False,False
h0_chrX_83970161_83974256,84,253,324,253,324,71,0.5173465013504028,,,,,False,False
h0_chrX_83970161_83974256,85,153,1079,153,1079,926,0.5157403945922852,,,,,False,False
h0_chrX_83970161_83974256,86,160,1098,160,1098,938,0.515733003616333,,Initiator,,promoter,False,False
h0_chrX_83970161_83974256,87,82,2140,82,2140,2058,0.5153617858886719,YY1,,tfbs,,False,False
h0_chrX_83970161_83974256,88,252,1582,252,1582,1330,0.5132835507392883,,,,,False,False
h0_chrX_83970161_83974256,89,1098,1306,1098,1306,208,0.5121018290519714,Initiator,,promoter,,False,False
h0_chrX_83970161_83974256,90,1238,2176,1238,2176,938,0.5119460821151733,,,,,False,False
h0_chrX_83970161_83974256,91,1577,2305,1577,2305,728,0.5115514397621155,Initiator,,promoter,,False,False
h0_chrX_83970161_83974256,92,155,1079,155,1079,924,0.5106728076934814,,,,,False,False
h0_chrX_83970161_83974256,93,201,361,201,361,160,0.508755087852478,,,,,False,False
h0_chrX_83970161_83974256,94,1079,1563,1079,1563,484,0.5084714889526367,,,,,False,False
h0_chrX_83970161_83974256,95,81,1798,81,1798,1717,0.5069416165351868,YY1,,tfbs,,False,False
h0_chrX_83970161_83974256,96,954,1527,954,1527,573,0.5069239139556885,,Initiator,,promoter,False,False
h0_chrX_83970161_83974256,97,862,2305,862,2305,1443,0.5068814754486084,,,,,False,False
h0_chrX_83970161_83974256,98,1594,2009,1594,2009,415,0.5068554878234863,Initiator,,promoter,,False,False
h0_chrX_83970161_83974256,99,253,361,253,361,108,0.506553590297699,,,,,False,False
h0_chrX_83970161_83974256,100,201,360,201,360,159,0.504663348197937,,,,,False,False
h0_chrX_83970161_83974256,101,1323,1563,1323,1563,240,0.5027002096176147,,,,,False,False
h0_chrX_83970161_83974256,102,1479,1798,1479,1798,319,0.5019287467002869,,,,,False,False
h0_chrX_83970161_83974256,103,159,1484,159,1484,1325,0.5018293261528015,,,,,False,False
h0_chrX_83970161_83974256,104,954,1577,954,1577,623,0.5014716982841492,,Initiator,,promoter,False,False
h0_chrX_83970161_83974256,105,201,362,201,362,161,0.5003107786178589,,,,,False,False
h0_chrX_83970161_83974256,106,954,2250,954,2250,1296,0.49879950284957886,,,,,False,False
h0_chrX_83970161_83974256,107,81,153,81,153,72,0.49862533807754517,YY1,,tfbs,,False,False
h0_chrX_83970161_83974256,108,862,2176,862,2176,1314,0.4984070956707001,,,,,False,False
h0_chrX_83970161_83974256,109,361,1582,361,1582,1221,0.4981367588043213,,,,,False,False
h0_chrX_83970161_83974256,110,360,1582,360,1582,1222,0.4978616237640381,,,,,False,False
h0_chrX_83970161_83974256,111,1577,1826,1577,1826,249,0.4957849681377411,Initiator,,promoter,,False,False
h0_chrX_83970161_83974256,112,63,153,63,153,90,0.4952161908149719,,,,,False,False
h0_chrX_83970161_83974256,113,252,323,252,323,71,0.4937790036201477,,,,,False,False
h0_chrX_83970161_83974256,114,2183,2305,2183,2305,122,0.49326831102371216,,,,,False,False
h0_chrX_83970161_83974256,115,1297,2176,1297,2176,879,0.4928739666938782,Initiator,,promoter,,False,False
h0_chrX_83970161_83974256,116,199,253,199,253,54,0.49278122186660767,,,,,False,False
h0_chrX_83970161_83974256,117,2175,2305,2175,2305,130,0.49241262674331665,,,,,False,False
h0_chrX_83970161_83974256,118,252,324,252,324,72,0.4921973943710327,,,,,False,False
h0_chrX_83970161_83974256,119,159,1798,159,1798,1639,0.4910317063331604,,,,,False,False
h0_chrX_83970161_83974256,120,253,360,253,360,107,0.4908847510814667,,,,,False,False
h0_chrX_83970161_83974256,121,3834,3920,3834,3920,86,0.489687979221344,,,,,False,False
h0_chrX_83970161_83974256,122,201,358,201,358,157,0.4885238707065582,,,,,False,False
h0_chrX_83970161_83974256,123,443,1582,443,1582,1139,0.48766225576400757,,,,,False,False
h0_chrX_83970161_83974256,124,188,1079,188,1079,891,0.4872041344642639,,,,,False,False
h0_chrX_83970161_83974256,125,1582,2176,1582,2176,594,0.4868028461933136,,,,,False,False
h0_chrX_83970161_83974256,126,862,2175,862,2175,1313,0.4863440692424774,,,,,False,False
h0_chrX_83970161_83974256,127,123,1098,123,1098,975,0.4861471354961395,,Initiator,,promoter,False,False
h0_chrX_83970161_83974256,128,657,1563,657,1563,906,0.48573631048202515,,,,,False,False
h0_chrX_83970161_83974256,129,153,1098,153,1098,945,0.48555660247802734,,Initiator,,promoter,False,False
h0_chrX_83970161_83974256,130,73,1582,73,1582,1509,0.4846242666244507,,,,,False,False
h0_chrX_83970161_83974256,131,199,1577,199,1577,1378,0.484489768743515,,Initiator,,promoter,False,False
h0_chrX_83970161_83974256,132,160,1563,160,1563,1403,0.48440665006637573,,,,,False,False
h0_chrX_83970161_83974256,133,2176,2305,2176,2305,129,0.4828636944293976,,,,,False,False
h0_chrX_83970161_83974256,134,1563,1811,1563,1811,248,0.4824085831642151,,Initiator,,promoter,False,False
h0_chrX_83970161_83974256,135,155,1484,155,1484,1329,0.4816979765892029,,,,,False,False
h0_chrX_83970161_83974256,136,1608,2305,1608,2305,697,0.4815885126590729,,,,,False,False
h0_chrX_83970161_83974256,137,81,1563,81,1563,1482,0.4811612367630005,YY1,,tfbs,,False,False
h0_chrX_83970161_83974256,138,201,1577,201,1577,1376,0.4811471998691559,,Initiator,,promoter,False,False
h0_chrX_83970161_83974256,139,362,862,362,862,500,0.4798734188079834,,,,,False,False
h0_chrX_83970161_83974256,140,1577,2140,1577,2140,563,0.47950121760368347,Initiator,,promoter,,False,False
h0_chrX_83970161_83974256,141,954,2305,954,2305,1351,0.47947007417678833,,,,,False,False
h0_chrX_83970161_83974256,142,1577,3680,1577,3680,2103,0.4790777564048767,Initiator,Initiator,promoter,promoter,True,True
h0_chrX_83970161_83974256,143,127,1079,127,1079,952,0.4785537123680115,,,,,False,False
h0_chrX_83970161_83974256,144,1527,2175,1527,2175,648,0.47853654623031616,Initiator,,promoter,,False,False
h0_chrX_83970161_83974256,145,1527,1577,1527,1577,50,0.4782077968120575,Initiator,Initiator,promoter,promoter,True,True
h0_chrX_83970161_83974256,146,199,279,199,279,80,0.4773346483707428,,,,,False,False
h0_chrX_83970161_83974256,147,679,1760,679,1760,1081,0.47710120677948,,,,,False,False
h0_chrX_83970161_83974256,148,18,1322,18,1322,1304,0.4769252836704254,,,,,False,False
h0_chrX_83970161_83974256,149,253,358,253,358,105,0.47686767578125,,,,,False,False
h0_chrX_83970161_83974256,150,954,2176,954,2176,1222,0.4761393070220947,,,,,False,False
h0_chrX_83970161_83974256,151,1594,1755,1594,1755,161,0.4759228825569153,Initiator,,promoter,,False,False
h0_chrX_83970161_83974256,152,1594,1757,1594,1757,163,0.4741789698600769,Initiator,,promoter,,False,False
h0_chrX_83970161_83974256,153,167,1098,167,1098,931,0.47410261631011963,,Initiator,,promoter,False,False
h0_chrX_83970161_83974256,154,862,954,862,954,92,0.47377273440361023,,,,,False,False
h0_chrX_83970161_83974256,155,345,1577,345,1577,1232,0.47350606322288513,,Initiator,,promoter,False,False
h0_chrX_83970161_83974256,156,167,1079,167,1079,912,0.4734596610069275,,,,,False,False
h0_chrX_83970161_83974256,157,1582,2678,1582,2678,1096,0.4722447395324707,,,,,False,False
h0_chrX_83970161_83974256,158,1514,2009,1514,2009,495,0.47221705317497253,,,,,False,False
h0_chrX_83970161_83974256,159,317,2678,317,2678,2361,0.4721348285675049,,,,,False,False
h0_chrX_83970161_83974256,160,153,1323,153,1323,1170,0.4711148142814636,,,,,False,False
h0_chrX_83970161_83974256,161,153,657,153,657,504,0.47084593772888184,,,,,False,False
h0_chrX_83970161_83974256,162,1079,1811,1079,1811,732,0.47052717208862305,,Initiator,,promoter,False,False
h0_chrX_83970161_83974256,163,2183,2315,2183,2315,132,0.4692237377166748,,,,,False,False
h0_chrX_83970161_83974256,164,167,1811,167,1811,1644,0.46879956126213074,,Initiator,,promoter,False,False
h0_chrX_83970161_83974256,165,317,1527,317,1527,1210,0.4686201214790344,,Initiator,,promoter,False,False
h0_chrX_83970161_83974256,166,191,345,191,345,154,0.4678463935852051,,,,,False,False
h0_chrX_83970161_83974256,167,862,1577,862,1577,715,0.46763598918914795,,Initiator,,promoter,False,False
h0_chrX_83970161_83974256,168,123,1079,123,1079,956,0.46726030111312866,,,,,False,False
h0_chrX_83970161_83974256,169,358,1594,358,1594,1236,0.4669339060783386,,Initiator,,promoter,False,False
h0_chrX_83970161_83974256,170,676,1079,676,1079,403,0.4654483199119568,,,,,False,False
h0_chrX_83970161_83974256,171,253,362,253,362,109,0.4649646282196045,,,,,False,False
h0_chrX_83970161_83974256,172,677,1771,677,1771,1094,0.46495407819747925,,,,,False,False
h0_chrX_83970161_83974256,173,63,167,63,167,104,0.4649321436882019,,,,,False,False
h0_chrX_83970161_83974256,174,1402,1582,1402,1582,180,0.46428948640823364,,,,,False,False
h0_chrX_83970161_83974256,175,738,1757,738,1757,1019,0.4641988277435303,,,,,False,False
h0_chrX_83970161_83974256,176,1402,3081,1402,3081,1679,0.46401387453079224,,,,,False,False
h0_chrX_83970161_83974256,177,127,1563,127,1563,1436,0.46345055103302,,,,,False,False
h0_chrX_83970161_83974256,178,1238,1577,1238,1577,339,0.4626103341579437,,Initiator,,promoter,False,False
h0_chrX_83970161_83974256,179,1402,2009,1402,2009,607,0.4621073007583618,,,,,False,False
h0_chrX_83970161_83974256,180,862,2315,862,2315,1453,0.46200305223464966,,,,,False,False
h0_chrX_83970161_83974256,181,201,359,201,359,158,0.46197256445884705,,,,,False,False
h0_chrX_83970161_83974256,182,279,359,279,359,80,0.4614800214767456,,,,,False,False
h0_chrX_83970161_83974256,183,1098,1811,1098,1811,713,0.4614364504814148,Initiator,Initiator,promoter,promoter,True,True
h0_chrX_83970161_83974256,184,1582,1757,1582,1757,175,0.461361289024353,,,,,False,False
h0_chrX_83970161_83974256,185,2250,3673,2250,3673,1423,0.4611925482749939,,,,,False,False
h0_chrX_83970161_83974256,186,362,1577,362,1577,1215,0.46116602420806885,,Initiator,,promoter,False,False
h0_chrX_83970161_83974256,187,210,300,210,300,90,0.46110963821411133,Initiator,,promoter,,False,False
h0_chrX_83970161_83974256,188,360,1577,360,1577,1217,0.4610966444015503,,Initiator,,promoter,False,False
h0_chrX_83970161_83974256,189,781,846,781,846,65,0.46067163348197937,,,,,False,False
h0_chrX_83970161_83974256,190,676,1563,676,1563,887,0.4605847895145416,,,,,False,False
h0_chrX_83970161_83974256,191,1297,1577,1297,1577,280,0.4602477252483368,Initiator,Initiator,promoter,promoter,True,True
h0_chrX_83970161_83974256,192,3268,3373,3268,3373,105,0.4599008560180664,,GATA,,tfbs,False,False
h0_chrX_83970161_83974256,193,253,359,253,359,106,0.4593566358089447,,,,,False,False
h0_chrX_83970161_83974256,194,82,345,82,345,263,0.4590946435928345,YY1,,tfbs,,False,False
h0_chrX_83970161_83974256,195,191,362,191,362,171,0.45726895332336426,,,,,False,False
h0_chrX_83970161_83974256,196,153,676,153,676,523,0.456945538520813,,,,,False,False
h0_chrX_83970161_83974256,197,63,676,63,676,613,0.4568716287612915,,,,,False,False
h0_chrX_83970161_83974256,198,1323,1935,1323,1935,612,0.4567747712135315,,GATA,,tfbs,False,False
h0_chrX_83970161_83974256,199,362,3081,362,3081,2719,0.4565578103065491,,,,,False,False
h0_chrX_83970161_83974256,200,188,1811,188,1811,1623,0.4560956060886383,,Initiator,,promoter,False,False
h4_chr10_110104373_110108468,1,2186,2251,2186,2251,65,0.983954131603241,,,,,False,False
h4_chr10_110104373_110108468,2,1227,1285,1227,1285,58,0.983726441860199,,,,,False,False
h4_chr10_110104373_110108468,3,2298,2351,2298,2351,53,0.9829163551330566,,,,,False,False
h4_chr10_110104373_110108468,4,191,271,191,271,80,0.9828773140907288,,,,,False,False
h4_chr10_110104373_110108468,5,3208,3260,3208,3260,52,0.9825331568717957,Initiator;YY1,Initiator,promoter;tfbs,promoter,True,True
h4_chr10_110104373_110108468,6,141,191,141,191,50,0.9821940660476685,,,,,False,False
h4_chr10_110104373_110108468,7,1254,1309,1254,1309,55,0.9814432263374329,Initiator,,promoter,,False,False
h4_chr10_110104373_110108468,8,23,74,23,74,51,0.9813840985298157,,,,,False,False
h4_chr10_110104373_110108468,9,2298,2349,2298,2349,51,0.9808112382888794,,,,,False,False
h4_chr10_110104373_110108468,10,462,513,462,513,51,0.9799477458000183,,Initiator,,promoter,False,False
h4_chr10_110104373_110108468,11,213,270,213,270,57,0.9795669913291931,Initiator,,promoter,,False,False
h4_chr10_110104373_110108468,12,3782,3946,3782,3946,164,0.9792997241020203,,,,,False,False
h4_chr10_110104373_110108468,13,325,406,325,406,81,0.9792365431785583,,,,,False,False
h4_chr10_110104373_110108468,14,3190,3260,3190,3260,70,0.9792147278785706,,Initiator,,promoter,False,False
h4_chr10_110104373_110108468,15,213,271,213,271,58,0.979131817817688,Initiator,,promoter,,False,False
h4_chr10_110104373_110108468,16,2594,2666,2594,2666,72,0.9790858626365662,,Initiator,,promoter,False,False
h4_chr10_110104373_110108468,17,2298,2363,2298,2363,65,0.9789264798164368,,,,,False,False
h4_chr10_110104373_110108468,18,3739,3816,3739,3816,77,0.9789013266563416,,,,,False,False
h4_chr10_110104373_110108468,19,520,619,520,619,99,0.9787673354148865,,,,,False,False
h4_chr10_110104373_110108468,20,186,249,186,249,63,0.97874516248703,,,,,False,False
h4_chr10_110104373_110108468,21,3804,3941,3804,3941,137,0.9786034822463989,,,,,False,False
h4_chr10_110104373_110108468,22,1228,1320,1228,1320,92,0.9781644344329834,,,,,False,False
h4_chr10_110104373_110108468,23,3145,3208,3145,3208,63,0.9780582785606384,,Initiator;YY1,,promoter;tfbs,False,False
h4_chr10_110104373_110108468,24,206,271,206,271,65,0.9779794812202454,,,,,False,False
h4_chr10_110104373_110108468,25,2298,2350,2298,2350,52,0.977690577507019,,,,,False,False
h4_chr10_110104373_110108468,26,1288,1346,1288,1346,58,0.977625846862793,,,,,False,False
h4_chr10_110104373_110108468,27,206,270,206,270,64,0.9775732159614563,,,,,False,False
h4_chr10_110104373_110108468,28,164,249,164,249,85,0.9774894714355469,,,,,False,False
h4_chr10_110104373_110108468,29,441,513,441,513,72,0.9774519205093384,Initiator,Initiator,promoter,promoter,True,True
h4_chr10_110104373_110108468,30,141,206,141,206,65,0.9774460196495056,,,,,False,False
h4_chr10_110104373_110108468,31,441,493,441,493,52,0.9773005247116089,Initiator,,promoter,,False,False
h4_chr10_110104373_110108468,32,325,392,325,392,67,0.9772540330886841,,,,,False,False
h4_chr10_110104373_110108468,33,3398,3463,3398,3463,65,0.9771397113800049,,,,,False,False
h4_chr10_110104373_110108468,34,2788,2844,2788,2844,56,0.9769658446311951,Initiator,Initiator,promoter,promoter,True,True
h4_chr10_110104373_110108468,35,190,271,190,271,81,0.9769254922866821,,,,,False,False
h4_chr10_110104373_110108468,36,2364,2420,2364,2420,56,0.9768214821815491,,,,,False,False
h4_chr10_110104373_110108468,37,392,447,392,447,55,0.9767968654632568,,,,,False,False
h4_chr10_110104373_110108468,38,1202,1288,1202,1288,86,0.976498544216156,,,,,False,False
h4_chr10_110104373_110108468,39,22,74,22,74,52,0.9764960408210754,,,,,False,False
h4_chr10_110104373_110108468,40,190,270,190,270,80,0.9764363169670105,,,,,False,False
h4_chr10_110104373_110108468,41,447,578,447,578,131,0.9763503074645996,,,,,False,False
h4_chr10_110104373_110108468,42,578,707,578,707,129,0.9762503504753113,,,,,False,False
h4_chr10_110104373_110108468,43,521,620,521,620,99,0.976152777671814,,,,,False,False
h4_chr10_110104373_110108468,44,21,80,21,80,59,0.9760998487472534,,,,,False,False
h4_chr10_110104373_110108468,45,3163,3260,3163,3260,97,0.9760195016860962,Initiator;YY1,Initiator,promoter;tfbs,promoter,True,True
h4_chr10_110104373_110108468,46,620,671,620,671,51,0.9760003089904785,,,,,False,False
h4_chr10_110104373_110108468,47,1465,1524,1465,1524,59,0.9759176969528198,,,,,False,False
h4_chr10_110104373_110108468,48,249,319,249,319,70,0.9756714105606079,,,,,False,False
h4_chr10_110104373_110108468,49,141,213,141,213,72,0.9756584763526917,,Initiator,,promoter,False,False
h4_chr10_110104373_110108468,50,191,311,191,311,120,0.975616455078125,,Initiator,,promoter,False,False
h4_chr10_110104373_110108468,51,3838,3938,3838,3938,100,0.9755824208259583,,Initiator,,promoter,False,False
h4_chr10_110104373_110108468,52,423,586,423,586,163,0.9753488898277283,,,,,False,False
h4_chr10_110104373_110108468,53,3146,3208,3146,3208,62,0.9752422571182251,,Initiator;YY1,,promoter;tfbs,False,False
h4_chr10_110104373_110108468,54,1007,1090,1007,1090,83,0.9751569628715515,,Initiator,,promoter,False,False
h4_chr10_110104373_110108468,55,213,299,213,299,86,0.9750170111656189,Initiator,,promoter,,False,False
h4_chr10_110104373_110108468,56,52,120,52,120,68,0.9750075340270996,,,,,False,False
h4_chr10_110104373_110108468,57,213,311,213,311,98,0.9749128222465515,Initiator,Initiator,promoter,promoter,True,True
h4_chr10_110104373_110108468,58,3357,3411,3357,3411,54,0.9746964573860168,,,,,False,False
h4_chr10_110104373_110108468,59,917,978,917,978,61,0.9746258854866028,,Initiator,,promoter,False,False
h4_chr10_110104373_110108468,60,144,206,144,206,62,0.9744553565979004,,,,,False,False
h4_chr10_110104373_110108468,61,2298,2362,2298,2362,64,0.9744319915771484,,,,,False,False
h4_chr10_110104373_110108468,62,577,706,577,706,129,0.974352240562439,,,,,False,False
h4_chr10_110104373_110108468,63,1474,1560,1474,1560,86,0.9743454456329346,,,,,False,False
h4_chr10_110104373_110108468,64,1320,1447,1320,1447,127,0.9741608500480652,,,,,False,False
h4_chr10_110104373_110108468,65,3804,3929,3804,3929,125,0.9739863872528076,,,,,False,False
h4_chr10_110104373_110108468,66,249,311,249,311,62,0.9739825129508972,,Initiator,,promoter,False,False
h4_chr10_110104373_110108468,67,23,79,23,79,56,0.973862886428833,,,,,False,False
h4_chr10_110104373_110108468,68,23,99,23,99,76,0.9736834168434143,,,,,False,False
h4_chr10_110104373_110108468,69,1151,1216,1151,1216,65,0.9736825823783875,,Initiator,,promoter,False,False
h4_chr10_110104373_110108468,70,191,270,191,270,79,0.9736769795417786,,,,,False,False
h4_chr10_110104373_110108468,71,206,299,206,299,93,0.9735521078109741,,,,,False,False
h4_chr10_110104373_110108468,72,147,222,147,222,75,0.9735443592071533,,Initiator,,promoter,False,False
h4_chr10_110104373_110108468,73,206,311,206,311,105,0.9735021591186523,,Initiator,,promoter,False,False
h4_chr10_110104373_110108468,74,364,426,364,426,62,0.9733719825744629,,,,,False,False
h4_chr10_110104373_110108468,75,15,80,15,80,65,0.9733337759971619,Initiator,,promoter,,False,False
h4_chr10_110104373_110108468,76,190,299,190,299,109,0.9732851982116699,,,,,False,False
h4_chr10_110104373_110108468,77,2362,2421,2362,2421,59,0.973259449005127,,,,,False,False
h4_chr10_110104373_110108468,78,1226,1320,1226,1320,94,0.9731636643409729,,,,,False,False
h4_chr10_110104373_110108468,79,3163,3222,3163,3222,59,0.9731420874595642,Initiator;YY1,TATA_box,promoter;tfbs,promoter,True,False
h4_chr10_110104373_110108468,80,213,319,213,319,106,0.9731175303459167,Initiator,,promoter,,False,False
h4_chr10_110104373_110108468,81,3164,3242,3164,3242,78,0.9729399681091309,Initiator;YY1,,promoter;tfbs,,False,False
h4_chr10_110104373_110108468,82,190,249,190,249,59,0.9728842973709106,,,,,False,False
h4_chr10_110104373_110108468,83,22,79,22,79,57,0.9728120565414429,,,,,False,False
h4_chr10_110104373_110108468,84,2187,2252,2187,2252,65,0.9727927446365356,,,,,False,False
h4_chr10_110104373_110108468,85,2788,2849,2788,2849,61,0.97272789478302,Initiator,Initiator,promoter,promoter,True,True
h4_chr10_110104373_110108468,86,586,650,586,650,64,0.9727185368537903,,,,,False,False
h4_chr10_110104373_110108468,87,576,706,576,706,130,0.9724491238594055,,,,,False,False
h4_chr10_110104373_110108468,88,144,213,144,213,69,0.9723782539367676,,Initiator,,promoter,False,False
h4_chr10_110104373_110108468,89,3512,3619,3512,3619,107,0.9723196029663086,,,,,False,False
h4_chr10_110104373_110108468,90,542,769,542,769,227,0.9723017811775208,,,,,False,False
h4_chr10_110104373_110108468,91,23,73,23,73,50,0.9722785353660583,,,,,False,False
h4_chr10_110104373_110108468,92,249,299,249,299,50,0.9721865057945251,,,,,False,False
h4_chr10_110104373_110108468,93,455,506,455,506,51,0.9720138907432556,,,,,False,False
h4_chr10_110104373_110108468,94,2363,2421,2363,2421,58,0.9719984531402588,,,,,False,False
h4_chr10_110104373_110108468,95,206,319,206,319,113,0.9719873666763306,,,,,False,False
h4_chr10_110104373_110108468,96,15,91,15,91,76,0.9719815850257874,Initiator,,promoter,,False,False
h4_chr10_110104373_110108468,97,3790,3844,3790,3844,54,0.9719246029853821,,,,,False,False
h4_chr10_110104373_110108468,98,3430,3522,3430,3522,92,0.9718727469444275,,,,,False,False
h4_chr10_110104373_110108468,99,3163,3241,3163,3241,78,0.9718244671821594,Initiator;YY1,,promoter;tfbs,,False,False
h4_chr10_110104373_110108468,100,3393,3470,3393,3470,77,0.9717333912849426,,,,,False,False
h4_chr10_110104373_110108468,101,3190,3241,3190,3241,51,0.9717168807983398,,,,,False,False
h4_chr10_110104373_110108468,102,21,74,21,74,53,0.9716333150863647,,,,,False,False
h4_chr10_110104373_110108468,103,520,578,520,578,58,0.9715889096260071,,,,,False,False
h4_chr10_110104373_110108468,104,190,311,190,311,121,0.9715884923934937,,Initiator,,promoter,False,False
h4_chr10_110104373_110108468,105,1346,1447,1346,1447,101,0.9715101718902588,,,,,False,False
h4_chr10_110104373_110108468,106,3164,3222,3164,3222,58,0.9714659452438354,Initiator;YY1,TATA_box,promoter;tfbs,promoter,True,False
h4_chr10_110104373_110108468,107,52,147,52,147,95,0.9714215397834778,,,,,False,False
h4_chr10_110104373_110108468,108,148,222,148,222,74,0.9713001251220703,,Initiator,,promoter,False,False
h4_chr10_110104373_110108468,109,1007,1091,1007,1091,84,0.9712520241737366,,Initiator,,promoter,False,False
h4_chr10_110104373_110108468,110,186,270,186,270,84,0.9711472988128662,,,,,False,False
h4_chr10_110104373_110108468,111,1035,1093,1035,1093,58,0.9711122512817383,,Initiator,,promoter,False,False
h4_chr10_110104373_110108468,112,619,705,619,705,86,0.9710926413536072,,,,,False,False
h4_chr10_110104373_110108468,113,1286,1371,1286,1371,85,0.9710642099380493,,,,,False,False
h4_chr10_110104373_110108468,114,1524,1588,1524,1588,64,0.9710191488265991,,,,,False,False
h4_chr10_110104373_110108468,115,141,271,141,271,130,0.9708121418952942,,,,,False,False
h4_chr10_110104373_110108468,116,270,320,270,320,50,0.9707297682762146,,,,,False,False
h4_chr10_110104373_110108468,117,2783,2844,2783,2844,61,0.970729649066925,Initiator;YY1,Initiator,promoter;tfbs,promoter,True,True
h4_chr10_110104373_110108468,118,743,846,743,846,103,0.9706277847290039,,,,,False,False
h4_chr10_110104373_110108468,119,692,743,692,743,51,0.9706040024757385,Initiator,,promoter,,False,False
h4_chr10_110104373_110108468,120,325,447,325,447,122,0.9704473614692688,,,,,False,False
h4_chr10_110104373_110108468,121,148,223,148,223,75,0.9704296588897705,,,,,False,False
h4_chr10_110104373_110108468,122,3429,3522,3429,3522,93,0.9704259634017944,,,,,False,False
h4_chr10_110104373_110108468,123,656,733,656,733,77,0.9703938364982605,,,,,False,False
h4_chr10_110104373_110108468,124,2351,2421,2351,2421,70,0.9703656435012817,,,,,False,False
h4_chr10_110104373_110108468,125,186,271,186,271,85,0.970354437828064,,,,,False,False
h4_chr10_110104373_110108468,126,147,223,147,223,76,0.9703278541564941,,,,,False,False
h4_chr10_110104373_110108468,127,513,692,513,692,179,0.9703210592269897,Initiator,Initiator,promoter,promoter,True,True
h4_chr10_110104373_110108468,128,1233,1287,1233,1287,54,0.9703071713447571,,,,,False,False
h4_chr10_110104373_110108468,129,270,325,270,325,55,0.9701547622680664,,,,,False,False
h4_chr10_110104373_110108468,130,3484,3575,3484,3575,91,0.9700717329978943,,,,,False,False
h4_chr10_110104373_110108468,131,1261,1315,1261,1315,54,0.9700208306312561,,,,,False,False
h4_chr10_110104373_110108468,132,2593,2666,2593,2666,73,0.9699952006340027,,Initiator,,promoter,False,False
h4_chr10_110104373_110108468,133,190,319,190,319,129,0.9698407053947449,,,,,False,False
h4_chr10_110104373_110108468,134,319,406,319,406,87,0.9698362350463867,,,,,False,False
h4_chr10_110104373_110108468,135,191,299,191,299,108,0.9697248339653015,,,,,False,False
h4_chr10_110104373_110108468,136,320,406,320,406,86,0.9696899056434631,,,,,False,False
h4_chr10_110104373_110108468,137,1474,1579,1474,1579,105,0.9696842432022095,,,,,False,False
h4_chr10_110104373_110108468,138,2364,2434,2364,2434,70,0.9695627093315125,,,,,False,False
h4_chr10_110104373_110108468,139,1398,1464,1398,1464,66,0.9695002436637878,,,,,False,False
h4_chr10_110104373_110108468,140,144,271,144,271,127,0.9694911241531372,,,,,False,False
h4_chr10_110104373_110108468,141,23,80,23,80,57,0.9694852828979492,,,,,False,False
h4_chr10_110104373_110108468,142,3889,3947,3889,3947,58,0.9694527983665466,,,,,False,False
h4_chr10_110104373_110108468,143,3209,3260,3209,3260,51,0.9694425463676453,Initiator;YY1,Initiator,promoter;tfbs,promoter,True,True
h4_chr10_110104373_110108468,144,141,270,141,270,129,0.9693582653999329,,,,,False,False
h4_chr10_110104373_110108468,145,1261,1365,1261,1365,104,0.9693325757980347,,,,,False,False
h4_chr10_110104373_110108468,146,3428,3495,3428,3495,67,0.9693131446838379,,,,,False,False
h4_chr10_110104373_110108468,147,513,686,513,686,173,0.9692893028259277,Initiator,Initiator,promoter,promoter,True,True
h4_chr10_110104373_110108468,148,2783,2849,2783,2849,66,0.9692741632461548,Initiator;YY1,Initiator,promoter;tfbs,promoter,True,True
h4_chr10_110104373_110108468,149,3767,3838,3767,3838,71,0.9692263603210449,,,,,False,False
h4_chr10_110104373_110108468,150,1126,1216,1126,1216,90,0.9691799879074097,,Initiator,,promoter,False,False
h4_chr10_110104373_110108468,151,3431,3516,3431,3516,85,0.9691583514213562,,,,,False,False
h4_chr10_110104373_110108468,152,2329,2420,2329,2420,91,0.9690629243850708,,,,,False,False
h4_chr10_110104373_110108468,153,3213,3307,3213,3307,94,0.9689924716949463,,,,,False,False
h4_chr10_110104373_110108468,154,3804,3944,3804,3944,140,0.9689673781394958,,,,,False,False
h4_chr10_110104373_110108468,155,3492,3633,3492,3633,141,0.9689342379570007,,,,,False,False
h4_chr10_110104373_110108468,156,919,1054,919,1054,135,0.9689279794692993,,,,,False,False
h4_chr10_110104373_110108468,157,249,325,249,325,76,0.9688836932182312,,,,,False,False
h4_chr10_110104373_110108468,158,426,633,426,633,207,0.9688434600830078,,,,,False,False
h4_chr10_110104373_110108468,159,2173,2314,2173,2314,141,0.9687859416007996,,,,,False,False
h4_chr10_110104373_110108468,160,1228,1288,1228,1288,60,0.9687217473983765,,,,,False,False
h4_chr10_110104373_110108468,161,3399,3464,3399,3464,65,0.9687113165855408,,,,,False,False
h4_chr10_110104373_110108468,162,3643,3781,3643,3781,138,0.9687056541442871,,,,,False,False
h4_chr10_110104373_110108468,163,406,462,406,462,56,0.9686964750289917,,,,,False,False
h4_chr10_110104373_110108468,164,1286,1346,1286,1346,60,0.9686819911003113,,,,,False,False
h4_chr10_110104373_110108468,165,3145,3260,3145,3260,115,0.9686592221260071,,Initiator,,promoter,False,False
h4_chr10_110104373_110108468,166,164,271,164,271,107,0.9686477780342102,,,,,False,False
h4_chr10_110104373_110108468,167,392,520,392,520,128,0.9686086177825928,,,,,False,False
h4_chr10_110104373_110108468,168,3164,3241,3164,3241,77,0.9685357213020325,Initiator;YY1,,promoter;tfbs,,False,False
h4_chr10_110104373_110108468,169,3146,3260,3146,3260,114,0.9685348868370056,,Initiator,,promoter,False,False
h4_chr10_110104373_110108468,170,3164,3260,3164,3260,96,0.9684579968452454,Initiator;YY1,Initiator,promoter;tfbs,promoter,True,True
h4_chr10_110104373_110108468,171,3146,3209,3146,3209,63,0.9684399366378784,,Initiator;YY1,,promoter;tfbs,False,False
h4_chr10_110104373_110108468,172,2299,2352,2299,2352,53,0.9684221148490906,,,,,False,False
h4_chr10_110104373_110108468,173,3146,3242,3146,3242,96,0.9683237671852112,,,,,False,False
h4_chr10_110104373_110108468,174,3430,3523,3430,3523,93,0.9683210253715515,,,,,False,False
h4_chr10_110104373_110108468,175,410,475,410,475,65,0.9683136940002441,,,,,False,False
h4_chr10_110104373_110108468,176,698,769,698,769,71,0.9682655930519104,Initiator,,promoter,,False,False
h4_chr10_110104373_110108468,177,507,574,507,574,67,0.9682560563087463,Initiator,,promoter,,False,False
h4_chr10_110104373_110108468,178,1074,1232,1074,1232,158,0.9682431817054749,,,,,False,False
h4_chr10_110104373_110108468,179,1012,1077,1012,1077,65,0.9681622982025146,,,,,False,False
h4_chr10_110104373_110108468,180,582,759,582,759,177,0.9680956602096558,,Initiator,,promoter,False,False
h4_chr10_110104373_110108468,181,1232,1320,1232,1320,88,0.9680948853492737,,,,,False,False
h4_chr10_110104373_110108468,182,479,596,479,596,117,0.9680905342102051,,Initiator;TATA_box,,promoter,False,False
h4_chr10_110104373_110108468,183,271,325,271,325,54,0.9680681824684143,,,,,False,False
h4_chr10_110104373_110108468,184,2286,2388,2286,2388,102,0.9680639505386353,,Initiator,,promoter,False,False
h4_chr10_110104373_110108468,185,164,270,164,270,106,0.9680570960044861,,,,,False,False
h4_chr10_110104373_110108468,186,21,79,21,79,58,0.9679996967315674,,,,,False,False
h4_chr10_110104373_110108468,187,423,623,423,623,200,0.9679795503616333,,,,,False,False
h4_chr10_110104373_110108468,188,2477,2551,2477,2551,74,0.9679726958274841,,,,,False,False
h4_chr10_110104373_110108468,189,1228,1346,1228,1346,118,0.9678941369056702,,,,,False,False
h4_chr10_110104373_110108468,190,213,320,213,320,107,0.9678851366043091,Initiator,,promoter,,False,False
h4_chr10_110104373_110108468,191,1074,1228,1074,1228,154,0.9678729176521301,,,,,False,False
h4_chr10_110104373_110108468,192,578,705,578,705,127,0.9678668975830078,,,,,False,False
h4_chr10_110104373_110108468,193,2336,2402,2336,2402,66,0.9678603410720825,,,,,False,False
h4_chr10_110104373_110108468,194,3739,3855,3739,3855,116,0.9678499102592468,,TATA_box,,promoter,False,False
h4_chr10_110104373_110108468,195,222,340,222,340,118,0.9677820801734924,Initiator,,promoter,,False,False
h4_chr10_110104373_110108468,196,478,594,478,594,116,0.967772364616394,,TATA_box,,promoter,False,False
h4_chr10_110104373_110108468,197,1315,1464,1315,1464,149,0.9677068591117859,,,,,False,False
h4_chr10_110104373_110108468,198,222,285,222,285,63,0.9676883220672607,Initiator,Initiator,promoter,promoter,True,True
h4_chr10_110104373_110108468,199,21,99,21,99,78,0.9676474332809448,,,,,False,False
h4_chr10_110104373_110108468,200,1232,1286,1232,1286,54,0.9675952196121216,,,,,False,False
h4_chr10_19287595_19291690,1,1682,1745,1682,1745,63,0.9949328899383545,,,,,False,False
h4_chr10_19287595_19291690,2,1617,1682,1617,1682,65,0.9936382174491882,,,,,False,False
h4_chr10_19287595_19291690,3,1682,1765,1682,1765,83,0.9935449361801147,,Initiator,,promoter,False,False
h4_chr10_19287595_19291690,4,1544,1617,1544,1617,73,0.9935239553451538,,,,,False,False
h4_chr10_19287595_19291690,5,1546,1617,1546,1617,71,0.9933745861053467,,,,,False,False
h4_chr10_19287595_19291690,6,2197,2258,2197,2258,61,0.993350625038147,Initiator,Initiator,promoter,promoter,True,True
h4_chr10_19287595_19291690,7,2197,2256,2197,2256,59,0.9929055571556091,Initiator,,promoter,,False,False
h4_chr10_19287595_19291690,8,2146,2233,2146,2233,87,0.9925634264945984,,Initiator,,promoter,False,False
h4_chr10_19287595_19291690,9,1617,1745,1617,1745,128,0.9924783706665039,,,,,False,False
h4_chr10_19287595_19291690,10,1674,1765,1674,1765,91,0.992361843585968,,Initiator,,promoter,False,False
h4_chr10_19287595_19291690,11,1674,1745,1674,1745,71,0.9922279119491577,,,,,False,False
h4_chr10_19287595_19291690,12,2145,2233,2145,2233,88,0.9919219017028809,,Initiator,,promoter,False,False
h4_chr10_19287595_19291690,13,2146,2197,2146,2197,51,0.9918674230575562,,Initiator,,promoter,False,False
h4_chr10_19287595_19291690,14,1765,1848,1765,1848,83,0.9917029142379761,Initiator,,promoter,,False,False
h4_chr10_19287595_19291690,15,1617,1674,1617,1674,57,0.9916937947273254,,,,,False,False
h4_chr10_19287595_19291690,16,1617,1718,1617,1718,101,0.991689920425415,,,,,False,False
h4_chr10_19287595_19291690,17,1544,1682,1544,1682,138,0.9912894368171692,,,,,False,False
h4_chr10_19287595_19291690,18,1641,1714,1641,1714,73,0.9909906983375549,Initiator,,promoter,,False,False
h4_chr10_19287595_19291690,19,2379,2439,2379,2439,60,0.9907190203666687,,,,,False,False
h4_chr10_19287595_19291690,20,1430,1488,1430,1488,58,0.990486204624176,Initiator,Initiator,promoter,promoter,True,True
h4_chr10_19287595_19291690,21,2145,2256,2145,2256,111,0.9903570413589478,,,,,False,False
h4_chr10_19287595_19291690,22,1765,1883,1765,1883,118,0.9902976155281067,Initiator,Initiator,promoter,promoter,True,True
h4_chr10_19287595_19291690,23,1745,1847,1745,1847,102,0.9902644157409668,,,,,False,False
h4_chr10_19287595_19291690,24,2379,2440,2379,2440,61,0.9902487397193909,,,,,False,False
h4_chr10_19287595_19291690,25,1617,1765,1617,1765,148,0.990236759185791,,Initiator,,promoter,False,False
h4_chr10_19287595_19291690,26,1544,1674,1544,1674,130,0.9902135133743286,,,,,False,False
h4_chr10_19287595_19291690,27,2377,2439,2377,2439,62,0.990130603313446,,,,,False,False
h4_chr10_19287595_19291690,28,2145,2197,2145,2197,52,0.9900180101394653,,Initiator,,promoter,False,False
h4_chr10_19287595_19291690,29,1539,1641,1539,1641,102,0.9899834990501404,,Initiator,,promoter,False,False
h4_chr10_19287595_19291690,30,2378,2439,2378,2439,61,0.9898830652236938,,,,,False,False
h4_chr10_19287595_19291690,31,1745,1848,1745,1848,103,0.9897599816322327,,,,,False,False
h4_chr10_19287595_19291690,32,1765,1847,1765,1847,82,0.9894868731498718,Initiator,,promoter,,False,False
h4_chr10_19287595_19291690,33,2378,2440,2378,2440,62,0.9893832802772522,,,,,False,False
h4_chr10_19287595_19291690,34,1766,1883,1766,1883,117,0.9893726706504822,Initiator,Initiator,promoter,promoter,True,True
h4_chr10_19287595_19291690,35,1886,1942,1886,1942,56,0.989366352558136,Initiator,,promoter,,False,False
h4_chr10_19287595_19291690,36,2376,2440,2376,2440,64,0.9892858266830444,,,,,False,False
h4_chr10_19287595_19291690,37,2145,2257,2145,2257,112,0.9892827272415161,,Initiator,,promoter,False,False
h4_chr10_19287595_19291690,38,1602,1658,1602,1658,56,0.9890633225440979,,,,,False,False
h4_chr10_19287595_19291690,39,1745,1883,1745,1883,138,0.9888736605644226,,Initiator,,promoter,False,False
h4_chr10_19287595_19291690,40,2203,2256,2203,2256,53,0.9888197183609009,Initiator,,promoter,,False,False
h4_chr10_19287595_19291690,41,1431,1488,1431,1488,57,0.9887000918388367,,Initiator,,promoter,False,False
h4_chr10_19287595_19291690,42,2203,2258,2203,2258,55,0.9885787963867188,Initiator,Initiator,promoter,promoter,True,True
h4_chr10_19287595_19291690,43,2054,2146,2054,2146,92,0.9885653257369995,,,,,False,False
h4_chr10_19287595_19291690,44,1544,1718,1544,1718,174,0.9884768128395081,,,,,False,False
h4_chr10_19287595_19291690,45,2376,2439,2376,2439,63,0.9884066581726074,,,,,False,False
h4_chr10_19287595_19291690,46,1701,1766,1701,1766,65,0.9882573485374451,Initiator,Initiator,promoter,promoter,True,True
h4_chr10_19287595_19291690,47,1540,1602,1540,1602,62,0.9882386922836304,,,,,False,False
h4_chr10_19287595_19291690,48,2146,2203,2146,2203,57,0.9881842136383057,,Initiator,,promoter,False,False
h4_chr10_19287595_19291690,49,2146,2256,2146,2256,110,0.9879612326622009,,,,,False,False
h4_chr10_19287595_19291690,50,1430,1489,1430,1489,59,0.9878765940666199,Initiator,,promoter,,False,False
h4_chr10_19287595_19291690,51,1766,1882,1766,1882,116,0.9877969622612,Initiator,,promoter,,False,False
h4_chr10_19287595_19291690,52,1546,1682,1546,1682,136,0.9877766966819763,,,,,False,False
h4_chr10_19287595_19291690,53,2377,2440,2377,2440,63,0.9877408146858215,,,,,False,False
h4_chr10_19287595_19291690,54,1429,1487,1429,1487,58,0.9874715209007263,Initiator,Initiator,promoter,promoter,True,True
h4_chr10_19287595_19291690,55,1544,1745,1544,1745,201,0.9874477982521057,,,,,False,False
h4_chr10_19287595_19291690,56,2380,2438,2380,2438,58,0.987424373626709,,,,,False,False
h4_chr10_19287595_19291690,57,2146,2258,2146,2258,112,0.9873412847518921,,Initiator,,promoter,False,False
h4_chr10_19287595_19291690,58,2053,2145,2053,2145,92,0.9873399138450623,,,,,False,False
h4_chr10_19287595_19291690,59,1541,1642,1541,1642,101,0.987334132194519,,Initiator,,promoter,False,False
h4_chr10_19287595_19291690,60,1540,1658,1540,1658,118,0.987332284450531,,,,,False,False
h4_chr10_19287595_19291690,61,2145,2258,2145,2258,113,0.9873215556144714,,Initiator,,promoter,False,False
h4_chr10_19287595_19291690,62,1718,1883,1718,1883,165,0.9873070120811462,,Initiator,,promoter,False,False
h4_chr10_19287595_19291690,63,1766,1847,1766,1847,81,0.9872429370880127,Initiator,,promoter,,False,False
h4_chr10_19287595_19291690,64,1430,1490,1430,1490,60,0.9870405793190002,Initiator,,promoter,,False,False
h4_chr10_19287595_19291690,65,1718,1847,1718,1847,129,0.9869351387023926,,,,,False,False
h4_chr10_19287595_19291690,66,2052,2145,2052,2145,93,0.9869018197059631,,,,,False,False
h4_chr10_19287595_19291690,67,371,449,371,449,78,0.986860454082489,,,,,False,False
h4_chr10_19287595_19291690,68,1867,1957,1867,1957,90,0.9867496490478516,,,,,False,False
h4_chr10_19287595_19291690,69,1883,2040,1883,2040,157,0.9865590333938599,Initiator,Initiator,promoter,promoter,True,True
h4_chr10_19287595_19291690,70,2120,2203,2120,2203,83,0.9865541458129883,Initiator,Initiator,promoter,promoter,True,True
h4_chr10_19287595_19291690,71,2120,2197,2120,2197,77,0.9865289926528931,Initiator,Initiator,promoter,promoter,True,True
h4_chr10_19287595_19291690,72,1491,1545,1491,1545,54,0.9864897727966309,,,,,False,False
h4_chr10_19287595_19291690,73,1718,1848,1718,1848,130,0.9864722490310669,,,,,False,False
h4_chr10_19287595_19291690,74,2380,2431,2380,2431,51,0.9863619804382324,,,,,False,False
h4_chr10_19287595_19291690,75,1488,1545,1488,1545,57,0.9863308072090149,Initiator,,promoter,,False,False
h4_chr10_19287595_19291690,76,1745,1803,1745,1803,58,0.9862319827079773,,,,,False,False
h4_chr10_19287595_19291690,77,2045,2130,2045,2130,85,0.9857826828956604,,,,,False,False
h4_chr10_19287595_19291690,78,2258,2343,2258,2343,85,0.9856787323951721,Initiator,Initiator,promoter,promoter,True,True
h4_chr10_19287595_19291690,79,1546,1745,1546,1745,199,0.9855426549911499,,,,,False,False
h4_chr10_19287595_19291690,80,1546,1674,1546,1674,128,0.9854897856712341,,,,,False,False
h4_chr10_19287595_19291690,81,1546,1718,1546,1718,172,0.9854422807693481,,,,,False,False
h4_chr10_19287595_19291690,82,2256,2343,2256,2343,87,0.9854264855384827,,Initiator,,promoter,False,False
h4_chr10_19287595_19291690,83,1987,2045,1987,2045,58,0.9854001402854919,,,,,False,False
h4_chr10_19287595_19291690,84,2380,2440,2380,2440,60,0.9853776097297668,,,,,False,False
h4_chr10_19287595_19291690,85,1988,2040,1988,2040,52,0.9853472709655762,,Initiator,,promoter,False,False
h4_chr10_19287595_19291690,86,1544,1765,1544,1765,221,0.9852287769317627,,Initiator,,promoter,False,False
h4_chr10_19287595_19291690,87,1545,1766,1545,1766,221,0.985169529914856,,Initiator,,promoter,False,False
h4_chr10_19287595_19291690,88,2145,2203,2145,2203,58,0.9851197004318237,,Initiator,,promoter,False,False
h4_chr10_19287595_19291690,89,1683,1746,1683,1746,63,0.9849993586540222,,,,,False,False
h4_chr10_19287595_19291690,90,1431,1489,1431,1489,58,0.9849553108215332,,,,,False,False
h4_chr10_19287595_19291690,91,2040,2114,2040,2114,74,0.98491370677948,Initiator,Initiator,promoter,promoter,True,True
h4_chr10_19287595_19291690,92,1892,1957,1892,1957,65,0.9848759770393372,,,,,False,False
h4_chr10_19287595_19291690,93,1765,1841,1765,1841,76,0.9848713874816895,Initiator,,promoter,,False,False
h4_chr10_19287595_19291690,94,1487,1544,1487,1544,57,0.9847617149353027,Initiator,,promoter,,False,False
h4_chr10_19287595_19291690,95,1988,2045,1988,2045,57,0.9847508668899536,,,,,False,False
h4_chr10_19287595_19291690,96,2045,2129,2045,2129,84,0.984610915184021,,,,,False,False
h4_chr10_19287595_19291690,97,1657,1715,1657,1715,58,0.9846041798591614,,,,,False,False
h4_chr10_19287595_19291690,98,1431,1490,1431,1490,59,0.9845830798149109,,,,,False,False
h4_chr10_19287595_19291690,99,1520,1602,1520,1602,82,0.9844736456871033,,,,,False,False
h4_chr10_19287595_19291690,100,1882,2045,1882,2045,163,0.9844368696212769,,,,,False,False
h4_chr10_19287595_19291690,101,1618,1767,1618,1767,149,0.984268844127655,,Initiator,,promoter,False,False
h4_chr10_19287595_19291690,102,1882,2040,1882,2040,158,0.9842145442962646,,Initiator,,promoter,False,False
h4_chr10_19287595_19291690,103,1601,1658,1601,1658,57,0.984180212020874,,,,,False,False
h4_chr10_19287595_19291690,104,1539,1714,1539,1714,175,0.9841169118881226,,,,,False,False
h4_chr10_19287595_19291690,105,2380,2439,2380,2439,59,0.9840968251228333,,,,,False,False
h4_chr10_19287595_19291690,106,1617,1803,1617,1803,186,0.984047532081604,,,,,False,False
h4_chr10_19287595_19291690,107,1766,1848,1766,1848,82,0.9840022921562195,Initiator,,promoter,,False,False
h4_chr10_19287595_19291690,108,1682,1847,1682,1847,165,0.9839842319488525,,,,,False,False
h4_chr10_19287595_19291690,109,2343,2402,2343,2402,59,0.983980655670166,Initiator,,promoter,,False,False
h4_chr10_19287595_19291690,110,3514,3581,3514,3581,67,0.9839588403701782,Initiator,Initiator,promoter,promoter,True,True
h4_chr10_19287595_19291690,111,1682,1803,1682,1803,121,0.9839543104171753,,,,,False,False
h4_chr10_19287595_19291690,112,1617,1848,1617,1848,231,0.9839223027229309,,,,,False,False
h4_chr10_19287595_19291690,113,1803,1883,1803,1883,80,0.983856201171875,,Initiator,,promoter,False,False
h4_chr10_19287595_19291690,114,1598,1659,1598,1659,61,0.9838453531265259,,,,,False,False
h4_chr10_19287595_19291690,115,3456,3511,3456,3511,55,0.9838229417800903,Initiator,,promoter,,False,False
h4_chr10_19287595_19291690,116,2380,2447,2380,2447,67,0.9837856292724609,,Initiator,,promoter,False,False
h4_chr10_19287595_19291690,117,2144,2196,2144,2196,52,0.9837749004364014,,,,,False,False
h4_chr10_19287595_19291690,118,1766,1988,1766,1988,222,0.9837079644203186,Initiator,,promoter,,False,False
h4_chr10_19287595_19291690,119,1682,1848,1682,1848,166,0.9836867451667786,,,,,False,False
h4_chr10_19287595_19291690,120,3458,3511,3458,3511,53,0.9835923910140991,Initiator,,promoter,,False,False
h4_chr10_19287595_19291690,121,1602,1657,1602,1657,55,0.9835631847381592,,,,,False,False
h4_chr10_19287595_19291690,122,1432,1487,1432,1487,55,0.983562707901001,,Initiator,,promoter,False,False
h4_chr10_19287595_19291690,123,1634,1715,1634,1715,81,0.9834756255149841,,,,,False,False
h4_chr10_19287595_19291690,124,2054,2145,2054,2145,91,0.9834545254707336,,,,,False,False
h4_chr10_19287595_19291690,125,1995,2045,1995,2045,50,0.9834362864494324,,,,,False,False
h4_chr10_19287595_19291690,126,2045,2114,2045,2114,69,0.9834029674530029,,Initiator,,promoter,False,False
h4_chr10_19287595_19291690,127,1617,1847,1617,1847,230,0.9833627939224243,,,,,False,False
h4_chr10_19287595_19291690,128,1490,1545,1490,1545,55,0.9833203554153442,,,,,False,False
h4_chr10_19287595_19291690,129,2052,2146,2052,2146,94,0.9832043647766113,,,,,False,False
h4_chr10_19287595_19291690,130,2158,2213,2158,2213,55,0.9831303954124451,Initiator,,promoter,,False,False
h4_chr10_19287595_19291690,131,2044,2129,2044,2129,85,0.9830601811408997,,,,,False,False
h4_chr10_19287595_19291690,132,3405,3485,3405,3485,80,0.983055591583252,,,,,False,False
h4_chr10_19287595_19291690,133,1539,1600,1539,1600,61,0.983045756816864,,,,,False,False
h4_chr10_19287595_19291690,134,1803,1915,1803,1915,112,0.9829878807067871,,,,,False,False
h4_chr10_19287595_19291690,135,1675,1746,1675,1746,71,0.9829840660095215,,,,,False,False
h4_chr10_19287595_19291690,136,1882,1987,1882,1987,105,0.9829815030097961,,,,,False,False
h4_chr10_19287595_19291690,137,1520,1658,1520,1658,138,0.9829763174057007,,,,,False,False
h4_chr10_19287595_19291690,138,2054,2120,2054,2120,66,0.9829654097557068,,Initiator,,promoter,False,False
h4_chr10_19287595_19291690,139,2054,2197,2054,2197,143,0.9829325675964355,,Initiator,,promoter,False,False
h4_chr10_19287595_19291690,140,1545,1718,1545,1718,173,0.9829254150390625,,,,,False,False
h4_chr10_19287595_19291690,141,1883,1988,1883,1988,105,0.9829096794128418,Initiator,,promoter,,False,False
h4_chr10_19287595_19291690,142,2040,2128,2040,2128,88,0.9828941822052002,Initiator,,promoter,,False,False
h4_chr10_19287595_19291690,143,1841,1915,1841,1915,74,0.9828802347183228,,,,,False,False
h4_chr10_19287595_19291690,144,2040,2123,2040,2123,83,0.9827617406845093,Initiator,Initiator,promoter,promoter,True,True
h4_chr10_19287595_19291690,145,1517,1657,1517,1657,140,0.9827355742454529,,,,,False,False
h4_chr10_19287595_19291690,146,1745,1841,1745,1841,96,0.9827048778533936,,,,,False,False
h4_chr10_19287595_19291690,147,2257,2377,2257,2377,120,0.9826838374137878,Initiator,,promoter,,False,False
h4_chr10_19287595_19291690,148,1617,1668,1617,1668,51,0.9826536774635315,,,,,False,False
h4_chr10_19287595_19291690,149,1546,1765,1546,1765,219,0.9826167821884155,,Initiator,,promoter,False,False
h4_chr10_19287595_19291690,150,2044,2130,2044,2130,86,0.9825542569160461,,,,,False,False
h4_chr10_19287595_19291690,151,1668,1803,1668,1803,135,0.9825515151023865,,,,,False,False
h4_chr10_19287595_19291690,152,2034,2099,2034,2099,65,0.982536792755127,,,,,False,False
h4_chr10_19287595_19291690,153,1674,1803,1674,1803,129,0.9824597835540771,,,,,False,False
h4_chr10_19287595_19291690,154,2053,2146,2053,2146,93,0.9824516773223877,,,,,False,False
h4_chr10_19287595_19291690,155,1882,1988,1882,1988,106,0.982375979423523,,,,,False,False
h4_chr10_19287595_19291690,156,1545,1701,1545,1701,156,0.9823482632637024,,Initiator,,promoter,False,False
h4_chr10_19287595_19291690,157,1456,1564,1456,1564,108,0.9823417067527771,,,,,False,False
h4_chr10_19287595_19291690,158,2045,2158,2045,2158,113,0.982318639755249,,Initiator,,promoter,False,False
h4_chr10_19287595_19291690,159,2045,2123,2045,2123,78,0.9822465777397156,,Initiator,,promoter,False,False
h4_chr10_19287595_19291690,160,2233,2343,2233,2343,110,0.9822423458099365,Initiator,Initiator,promoter,promoter,True,True
h4_chr10_19287595_19291690,161,1430,1491,1430,1491,61,0.9822099208831787,Initiator,,promoter,,False,False
h4_chr10_19287595_19291690,162,2051,2162,2051,2162,111,0.9821291565895081,,Initiator,,promoter,False,False
h4_chr10_19287595_19291690,163,2045,2115,2045,2115,70,0.9821061491966248,,Initiator,,promoter,False,False
h4_chr10_19287595_19291690,164,2158,2214,2158,2214,56,0.9820711016654968,Initiator,,promoter,,False,False
h4_chr10_19287595_19291690,165,2040,2131,2040,2131,91,0.9820626378059387,Initiator,,promoter,,False,False
h4_chr10_19287595_19291690,166,1987,2040,1987,2040,53,0.9820591807365417,,Initiator,,promoter,False,False
h4_chr10_19287595_19291690,167,1614,1727,1614,1727,113,0.9820573925971985,,,,,False,False
h4_chr10_19287595_19291690,168,2146,2257,2146,2257,111,0.9819183349609375,,Initiator,,promoter,False,False
h4_chr10_19287595_19291690,169,2159,2214,2159,2214,55,0.9819027185440063,Initiator,,promoter,,False,False
h4_chr10_19287595_19291690,170,2158,2212,2158,2212,54,0.981899082660675,Initiator,,promoter,,False,False
h4_chr10_19287595_19291690,171,1541,1598,1541,1598,57,0.9817831516265869,,,,,False,False
h4_chr10_19287595_19291690,172,1766,1996,1766,1996,230,0.9817724227905273,Initiator,,promoter,,False,False
h4_chr10_19287595_19291690,173,1848,1915,1848,1915,67,0.9817686676979065,,,,,False,False
h4_chr10_19287595_19291690,174,1488,1544,1488,1544,56,0.981759250164032,Initiator,,promoter,,False,False
h4_chr10_19287595_19291690,175,1520,1657,1520,1657,137,0.9817236661911011,,,,,False,False
h4_chr10_19287595_19291690,176,1489,1545,1489,1545,56,0.9816864132881165,,,,,False,False
h4_chr10_19287595_19291690,177,1540,1601,1540,1601,61,0.9816544055938721,,,,,False,False
h4_chr10_19287595_19291690,178,1682,1841,1682,1841,159,0.9815890192985535,,,,,False,False
h4_chr10_19287595_19291690,179,1460,1544,1460,1544,84,0.9815421104431152,,,,,False,False
h4_chr10_19287595_19291690,180,2045,2131,2045,2131,86,0.9815337657928467,,,,,False,False
h4_chr10_19287595_19291690,181,1518,1657,1518,1657,139,0.9815277457237244,,,,,False,False
h4_chr10_19287595_19291690,182,1702,1767,1702,1767,65,0.9815272688865662,Initiator,Initiator,promoter,promoter,True,True
h4_chr10_19287595_19291690,183,3460,3514,3460,3514,54,0.9814837574958801,,Initiator,,promoter,False,False
h4_chr10_19287595_19291690,184,1487,1617,1487,1617,130,0.981477677822113,Initiator,,promoter,,False,False
h4_chr10_19287595_19291690,185,2045,2159,2045,2159,114,0.9814242124557495,,Initiator,,promoter,False,False
h4_chr10_19287595_19291690,186,1847,2040,1847,2040,193,0.9814176559448242,,Initiator,,promoter,False,False
h4_chr10_19287595_19291690,187,1674,1848,1674,1848,174,0.9813841581344604,,,,,False,False
h4_chr10_19287595_19291690,188,2378,2438,2378,2438,60,0.9813446402549744,,,,,False,False
h4_chr10_19287595_19291690,189,2159,2213,2159,2213,54,0.9812806248664856,Initiator,,promoter,,False,False
h4_chr10_19287595_19291690,190,1600,1714,1600,1714,114,0.9812611937522888,,,,,False,False
h4_chr10_19287595_19291690,191,2114,2212,2114,2212,98,0.9812560081481934,Initiator,,promoter,,False,False
h4_chr10_19287595_19291690,192,3418,3486,3418,3486,68,0.9811533689498901,GATA;Initiator,,promoter;tfbs,,False,False
h4_chr10_19287595_19291690,193,3418,3485,3418,3485,67,0.9810785055160522,GATA;Initiator,,promoter;tfbs,,False,False
h4_chr10_19287595_19291690,194,2159,2212,2159,2212,53,0.981062114238739,Initiator,,promoter,,False,False
h4_chr10_19287595_19291690,195,1517,1602,1517,1602,85,0.981056272983551,,,,,False,False
h4_chr10_19287595_19291690,196,1517,1658,1517,1658,141,0.9809974431991577,,,,,False,False
h4_chr10_19287595_19291690,197,2044,2114,2044,2114,70,0.9809671640396118,,Initiator,,promoter,False,False
h4_chr10_19287595_19291690,198,1519,1657,1519,1657,138,0.9809532165527344,,,,,False,False
h4_chr10_19287595_19291690,199,1987,2044,1987,2044,57,0.9808298349380493,,,,,False,False
h4_chr10_19287595_19291690,200,1431,1491,1431,1491,60,0.9808194041252136,,,,,False,False
h4_chr10_4663039_4667134,1,1896,1956,1896,1956,60,1.0092579126358032,,,,,False,False
h4_chr10_4663039_4667134,2,1937,2002,1937,2002,65,1.008349895477295,,,,,False,False
h4_chr10_4663039_4667134,3,1896,2002,1896,2002,106,1.0005581378936768,,,,,False,False
h4_chr10_4663039_4667134,4,2178,2243,2178,2243,65,0.9939509034156799,,,,,False,False
h4_chr10_4663039_4667134,5,2243,2297,2243,2297,54,0.9890108704566956,,Initiator,,promoter,False,False
h4_chr10_4663039_4667134,6,1956,2008,1956,2008,52,0.9872309565544128,,,,,False,False
h4_chr10_4663039_4667134,7,2301,2380,2301,2380,79,0.9860727787017822,Initiator,,promoter,,False,False
h4_chr10_4663039_4667134,8,912,965,912,965,53,0.9847066402435303,,,,,False,False
h4_chr10_4663039_4667134,9,2285,2386,2285,2386,101,0.983269989490509,,,,,False,False
h4_chr10_4663039_4667134,10,1939,2002,1939,2002,63,0.9830165505409241,,,,,False,False
h4_chr10_4663039_4667134,11,2697,2809,2697,2809,112,0.9821489453315735,GATA,,tfbs,,False,False
h4_chr10_4663039_4667134,12,1181,1235,1181,1235,54,0.9821400046348572,Initiator,,promoter,,False,False
h4_chr10_4663039_4667134,13,2301,2398,2301,2398,97,0.9818220734596252,Initiator,,promoter,,False,False
h4_chr10_4663039_4667134,14,2115,2165,2115,2165,50,0.9813511371612549,Initiator,,promoter,,False,False
h4_chr10_4663039_4667134,15,834,896,834,896,62,0.9813112616539001,,,,,False,False
h4_chr10_4663039_4667134,16,2683,2737,2683,2737,54,0.9812174439430237,Initiator,,promoter,,False,False
h4_chr10_4663039_4667134,17,2316,2380,2316,2380,64,0.9806602597236633,,,,,False,False
h4_chr10_4663039_4667134,18,2298,2418,2298,2418,120,0.9802844524383545,Initiator,,promoter,,False,False
h4_chr10_4663039_4667134,19,1956,2010,1956,2010,54,0.9801958203315735,,,,,False,False
h4_chr10_4663039_4667134,20,2285,2380,2285,2380,95,0.9798222780227661,,,,,False,False
h4_chr10_4663039_4667134,21,2880,2942,2880,2942,62,0.9796798825263977,Initiator,Initiator,promoter,promoter,True,True
h4_chr10_4663039_4667134,22,1936,2003,1936,2003,67,0.9790892004966736,,,,,False,False
h4_chr10_4663039_4667134,23,2945,3001,2945,3001,56,0.979038417339325,,GATA,,tfbs,False,False
h4_chr10_4663039_4667134,24,390,479,390,479,89,0.9784748554229736,,,,,False,False
h4_chr10_4663039_4667134,25,2988,3063,2988,3063,75,0.9784271717071533,,,,,False,False
h4_chr10_4663039_4667134,26,2316,2398,2316,2398,82,0.9782537221908569,,,,,False,False
h4_chr10_4663039_4667134,27,3342,3408,3342,3408,66,0.9781163930892944,Initiator,,promoter,,False,False
h4_chr10_4663039_4667134,28,2312,2386,2312,2386,74,0.977944016456604,Initiator,,promoter,,False,False
h4_chr10_4663039_4667134,29,2099,2212,2099,2212,113,0.9776408672332764,,,,,False,False
h4_chr10_4663039_4667134,30,3468,3587,3468,3587,119,0.9773763418197632,,,,,False,False
h4_chr10_4663039_4667134,31,2986,3062,2986,3062,76,0.9771702885627747,,,,,False,False
h4_chr10_4663039_4667134,32,693,751,693,751,58,0.9767563343048096,,Initiator,,promoter,False,False
h4_chr10_4663039_4667134,33,2838,2904,2838,2904,66,0.9763880372047424,,Initiator,,promoter,False,False
h4_chr10_4663039_4667134,34,2942,3008,2942,3008,66,0.9759746789932251,Initiator,Initiator,promoter,promoter,True,True
h4_chr10_4663039_4667134,35,2318,2382,2318,2382,64,0.9759505391120911,,,,,False,False
h4_chr10_4663039_4667134,36,708,777,708,777,69,0.9756560921669006,,,,,False,False
h4_chr10_4663039_4667134,37,2328,2418,2328,2418,90,0.9756066799163818,Initiator,,promoter,,False,False
h4_chr10_4663039_4667134,38,3460,3587,3460,3587,127,0.9755796194076538,,,,,False,False
h4_chr10_4663039_4667134,39,2874,2942,2874,2942,68,0.9753412008285522,,Initiator,,promoter,False,False
h4_chr10_4663039_4667134,40,2312,2380,2312,2380,68,0.9750723242759705,Initiator,,promoter,,False,False
h4_chr10_4663039_4667134,41,2200,2250,2200,2250,50,0.9750471115112305,,,,,False,False
h4_chr10_4663039_4667134,42,896,958,896,958,62,0.97504061460495,,,,,False,False
h4_chr10_4663039_4667134,43,2839,2911,2839,2911,72,0.974945068359375,,,,,False,False
h4_chr10_4663039_4667134,44,2986,3063,2986,3063,77,0.974830150604248,,,,,False,False
h4_chr10_4663039_4667134,45,2219,2426,2219,2426,207,0.9747669100761414,,Initiator,,promoter,False,False
h4_chr10_4663039_4667134,46,3523,3587,3523,3587,64,0.9746696949005127,,,,,False,False
h4_chr10_4663039_4667134,47,2301,2386,2301,2386,85,0.9744612574577332,Initiator,,promoter,,False,False
h4_chr10_4663039_4667134,48,2136,2227,2136,2227,91,0.9744435548782349,,,,,False,False
h4_chr10_4663039_4667134,49,2701,2756,2701,2756,55,0.9744209051132202,GATA,TATA_box,tfbs,promoter,True,False
h4_chr10_4663039_4667134,50,2104,2163,2104,2163,59,0.9741017818450928,Initiator,,promoter,,False,False
h4_chr10_4663039_4667134,51,919,996,919,996,77,0.973891019821167,,,,,False,False
h4_chr10_4663039_4667134,52,3008,3063,3008,3063,55,0.9738330245018005,Initiator,,promoter,,False,False
h4_chr10_4663039_4667134,53,223,274,223,274,51,0.9737779498100281,,Initiator,,promoter,False,False
h4_chr10_4663039_4667134,54,2505,2567,2505,2567,62,0.9737572073936462,,,,,False,False
h4_chr10_4663039_4667134,55,3462,3587,3462,3587,125,0.973743200302124,,,,,False,False
h4_chr10_4663039_4667134,56,1910,2002,1910,2002,92,0.9735711216926575,,,,,False,False
h4_chr10_4663039_4667134,57,2737,2794,2737,2794,57,0.9735201597213745,,,,,False,False
h4_chr10_4663039_4667134,58,2945,3009,2945,3009,64,0.9734487533569336,,Initiator,,promoter,False,False
h4_chr10_4663039_4667134,59,424,500,424,500,76,0.9733977913856506,Initiator,,promoter,,False,False
h4_chr10_4663039_4667134,60,2483,2538,2483,2538,55,0.9733694791793823,,Initiator,,promoter,False,False
h4_chr10_4663039_4667134,61,920,970,920,970,50,0.9730597734451294,,,,,False,False
h4_chr10_4663039_4667134,62,223,293,223,293,70,0.9730532765388489,,,,,False,False
h4_chr10_4663039_4667134,63,2732,2814,2732,2814,82,0.9730376601219177,,,,,False,False
h4_chr10_4663039_4667134,64,2740,2814,2740,2814,74,0.9727059602737427,,,,,False,False
h4_chr10_4663039_4667134,65,777,846,777,846,69,0.9726459383964539,,,,,False,False
h4_chr10_4663039_4667134,66,751,810,751,810,59,0.9726452231407166,Initiator,,promoter,,False,False
h4_chr10_4663039_4667134,67,1935,2008,1935,2008,73,0.9725303649902344,,,,,False,False
h4_chr10_4663039_4667134,68,697,751,697,751,54,0.9724933505058289,,Initiator,,promoter,False,False
h4_chr10_4663039_4667134,69,2912,2986,2912,2986,74,0.9724861979484558,,,,,False,False
h4_chr10_4663039_4667134,70,2943,3008,2943,3008,65,0.9724618792533875,Initiator,Initiator,promoter,promoter,True,True
h4_chr10_4663039_4667134,71,2163,2227,2163,2227,64,0.9723597168922424,,,,,False,False
h4_chr10_4663039_4667134,72,2182,2233,2182,2233,51,0.9722772836685181,,,,,False,False
h4_chr10_4663039_4667134,73,2301,2382,2301,2382,81,0.9722621440887451,Initiator,,promoter,,False,False
h4_chr10_4663039_4667134,74,2944,3008,2944,3008,64,0.9722613096237183,Initiator,Initiator,promoter,promoter,True,True
h4_chr10_4663039_4667134,75,367,479,367,479,112,0.9722485542297363,,,,,False,False
h4_chr10_4663039_4667134,76,2114,2165,2114,2165,51,0.9721266031265259,,,,,False,False
h4_chr10_4663039_4667134,77,703,760,703,760,57,0.9719943404197693,,,,,False,False
h4_chr10_4663039_4667134,78,2212,2265,2212,2265,53,0.9718384146690369,,Initiator,,promoter,False,False
h4_chr10_4663039_4667134,79,3064,3115,3064,3115,51,0.9718185067176819,,,,,False,False
h4_chr10_4663039_4667134,80,1076,1143,1076,1143,67,0.9717678427696228,,,,,False,False
h4_chr10_4663039_4667134,81,2990,3062,2990,3062,72,0.9717639088630676,,,,,False,False
h4_chr10_4663039_4667134,82,3470,3587,3470,3587,117,0.9717528223991394,,,,,False,False
h4_chr10_4663039_4667134,83,2011,2069,2011,2069,58,0.9717233180999756,,,,,False,False
h4_chr10_4663039_4667134,84,3062,3115,3062,3115,53,0.971663236618042,,,,,False,False
h4_chr10_4663039_4667134,85,2028,2190,2028,2190,162,0.9715809226036072,Initiator,,promoter,,False,False
h4_chr10_4663039_4667134,86,1252,1303,1252,1303,51,0.9714437127113342,,,,,False,False
h4_chr10_4663039_4667134,87,2990,3063,2990,3063,73,0.9714321494102478,,,,,False,False
h4_chr10_4663039_4667134,88,2839,2905,2839,2905,66,0.9714280366897583,,Initiator,,promoter,False,False
h4_chr10_4663039_4667134,89,479,545,479,545,66,0.9713565707206726,,,,,False,False
h4_chr10_4663039_4667134,90,2285,2398,2285,2398,113,0.9712595343589783,,,,,False,False
h4_chr10_4663039_4667134,91,2871,2936,2871,2936,65,0.9712051153182983,,Initiator,,promoter,False,False
h4_chr10_4663039_4667134,92,2905,2989,2905,2989,84,0.9711480736732483,Initiator,,promoter,,False,False
h4_chr10_4663039_4667134,93,2945,3008,2945,3008,63,0.9710448980331421,,Initiator,,promoter,False,False
h4_chr10_4663039_4667134,94,1202,1279,1202,1279,77,0.9708793759346008,TATA_box,,promoter,,False,False
h4_chr10_4663039_4667134,95,2839,2906,2839,2906,67,0.9708788990974426,,Initiator,,promoter,False,False
h4_chr10_4663039_4667134,96,2936,3013,2936,3013,77,0.9708753824234009,Initiator,,promoter,,False,False
h4_chr10_4663039_4667134,97,2482,2537,2482,2537,55,0.9707828760147095,,Initiator,,promoter,False,False
h4_chr10_4663039_4667134,98,1434,1496,1434,1496,62,0.970649778842926,Initiator,Initiator,promoter,promoter,True,True
h4_chr10_4663039_4667134,99,923,994,923,994,71,0.9706084728240967,,,,,False,False
h4_chr10_4663039_4667134,100,2405,2483,2405,2483,78,0.9705668687820435,Initiator,,promoter,,False,False
h4_chr10_4663039_4667134,101,21,95,21,95,74,0.9704861044883728,,,,,False,False
h4_chr10_4663039_4667134,102,1935,2010,1935,2010,75,0.9703088402748108,,,,,False,False
h4_chr10_4663039_4667134,103,1341,1391,1341,1391,50,0.970242440700531,,Initiator,,promoter,False,False
h4_chr10_4663039_4667134,104,3460,3597,3460,3597,137,0.9701671004295349,,,,,False,False
h4_chr10_4663039_4667134,105,3468,3597,3468,3597,129,0.9699477553367615,,,,,False,False
h4_chr10_4663039_4667134,106,697,777,697,777,80,0.9699404835700989,,,,,False,False
h4_chr10_4663039_4667134,107,2882,2942,2882,2942,60,0.9698264002799988,,Initiator,,promoter,False,False
h4_chr10_4663039_4667134,108,911,964,911,964,53,0.9697489142417908,,,,,False,False
h4_chr10_4663039_4667134,109,2986,3064,2986,3064,78,0.9696416258811951,,,,,False,False
h4_chr10_4663039_4667134,110,1126,1181,1126,1181,55,0.9695368409156799,,Initiator,,promoter,False,False
h4_chr10_4663039_4667134,111,2905,2987,2905,2987,82,0.9694221019744873,Initiator,,promoter,,False,False
h4_chr10_4663039_4667134,112,2764,2814,2764,2814,50,0.9691864252090454,,,,,False,False
h4_chr10_4663039_4667134,113,207,311,207,311,104,0.9690473675727844,,Initiator,,promoter,False,False
h4_chr10_4663039_4667134,114,3833,3916,3833,3916,83,0.969041109085083,RUNX,,tfbs,,False,False
h4_chr10_4663039_4667134,115,2942,3022,2942,3022,80,0.9689719080924988,Initiator,,promoter,,False,False
h4_chr10_4663039_4667134,116,2683,2794,2683,2794,111,0.9689710736274719,Initiator,,promoter,,False,False
h4_chr10_4663039_4667134,117,2988,3062,2988,3062,74,0.9689104557037354,,,,,False,False
h4_chr10_4663039_4667134,118,3265,3374,3265,3374,109,0.9688500761985779,,,,,False,False
h4_chr10_4663039_4667134,119,777,847,777,847,70,0.9687600135803223,,,,,False,False
h4_chr10_4663039_4667134,120,5,125,5,125,120,0.9686415791511536,,,,,False,False
h4_chr10_4663039_4667134,121,2081,2163,2081,2163,82,0.9686385989189148,Initiator,,promoter,,False,False
h4_chr10_4663039_4667134,122,2404,2482,2404,2482,78,0.9686128497123718,Initiator,,promoter,,False,False
h4_chr10_4663039_4667134,123,2809,2869,2809,2869,60,0.9685702323913574,,,,,False,False
h4_chr10_4663039_4667134,124,2943,3000,2943,3000,57,0.9684965014457703,Initiator,,promoter,,False,False
h4_chr10_4663039_4667134,125,2192,2415,2192,2415,223,0.9684945940971375,,,,,False,False
h4_chr10_4663039_4667134,126,2282,2418,2282,2418,136,0.9684563875198364,,,,,False,False
h4_chr10_4663039_4667134,127,2212,2415,2212,2415,203,0.9684406518936157,,,,,False,False
h4_chr10_4663039_4667134,128,2838,2906,2838,2906,68,0.968367874622345,,Initiator,,promoter,False,False
h4_chr10_4663039_4667134,129,3000,3063,3000,3063,63,0.9683637619018555,,,,,False,False
h4_chr10_4663039_4667134,130,370,479,370,479,109,0.9683389663696289,,,,,False,False
h4_chr10_4663039_4667134,131,2318,2398,2318,2398,80,0.9682307243347168,,,,,False,False
h4_chr10_4663039_4667134,132,2143,2200,2143,2200,57,0.9682168364524841,,,,,False,False
h4_chr10_4663039_4667134,133,3523,3597,3523,3597,74,0.9682141542434692,,,,,False,False
h4_chr10_4663039_4667134,134,2987,3063,2987,3063,76,0.9682082533836365,,,,,False,False
h4_chr10_4663039_4667134,135,2316,2386,2316,2386,70,0.968084454536438,,,,,False,False
h4_chr10_4663039_4667134,136,1340,1390,1340,1390,50,0.9679495692253113,,Initiator,,promoter,False,False
h4_chr10_4663039_4667134,137,1015,1074,1015,1074,59,0.9678871631622314,,,,,False,False
h4_chr10_4663039_4667134,138,1181,1279,1181,1279,98,0.9677659273147583,Initiator,,promoter,,False,False
h4_chr10_4663039_4667134,139,2600,2683,2600,2683,83,0.9676797389984131,Initiator,Initiator,promoter,promoter,True,True
h4_chr10_4663039_4667134,140,2669,2743,2669,2743,74,0.9676508903503418,,,,,False,False
h4_chr10_4663039_4667134,141,2943,3063,2943,3063,120,0.9675300121307373,Initiator,,promoter,,False,False
h4_chr10_4663039_4667134,142,5,110,5,110,105,0.967268705368042,,Initiator;YY1,,promoter;tfbs,False,False
h4_chr10_4663039_4667134,143,2112,2212,2112,2212,100,0.9672539234161377,,,,,False,False
h4_chr10_4663039_4667134,144,1338,1390,1338,1390,52,0.9672107696533203,,Initiator,,promoter,False,False
h4_chr10_4663039_4667134,145,3013,3074,3013,3074,61,0.9672098755836487,,,,,False,False
h4_chr10_4663039_4667134,146,2944,3022,2944,3022,78,0.9671883583068848,Initiator,,promoter,,False,False
h4_chr10_4663039_4667134,147,2944,3000,2944,3000,56,0.9671812057495117,Initiator,,promoter,,False,False
h4_chr10_4663039_4667134,148,2312,2398,2312,2398,86,0.9670542478561401,Initiator,,promoter,,False,False
h4_chr10_4663039_4667134,149,2906,2986,2906,2986,80,0.9670082330703735,Initiator,,promoter,,False,False
h4_chr10_4663039_4667134,150,2911,2986,2911,2986,75,0.9669994711875916,,,,,False,False
h4_chr10_4663039_4667134,151,3460,3569,3460,3569,109,0.9666000604629517,,Initiator,,promoter,False,False
h4_chr10_4663039_4667134,152,2112,2182,2112,2182,70,0.9665287733078003,,,,,False,False
h4_chr10_4663039_4667134,153,2859,2911,2859,2911,52,0.966495156288147,,,,,False,False
h4_chr10_4663039_4667134,154,2989,3063,2989,3063,74,0.9664798974990845,,,,,False,False
h4_chr10_4663039_4667134,155,3266,3374,3266,3374,108,0.9664616584777832,,,,,False,False
h4_chr10_4663039_4667134,156,2318,2380,2318,2380,62,0.9663842916488647,,,,,False,False
h4_chr10_4663039_4667134,157,922,983,922,983,61,0.9663464426994324,,,,,False,False
h4_chr10_4663039_4667134,158,248,333,248,333,85,0.9662257432937622,,,,,False,False
h4_chr10_4663039_4667134,159,1446,1511,1446,1511,65,0.966159999370575,,,,,False,False
h4_chr10_4663039_4667134,160,1908,2002,1908,2002,94,0.9661465883255005,,,,,False,False
h4_chr10_4663039_4667134,161,2944,3063,2944,3063,119,0.9661157727241516,Initiator,,promoter,,False,False
h4_chr10_4663039_4667134,162,2945,3022,2945,3022,77,0.966058075428009,,,,,False,False
h4_chr10_4663039_4667134,163,390,545,390,545,155,0.9656601548194885,,,,,False,False
h4_chr10_4663039_4667134,164,240,332,240,332,92,0.9656325578689575,,,,,False,False
h4_chr10_4663039_4667134,165,3022,3096,3022,3096,74,0.9656294584274292,,,,,False,False
h4_chr10_4663039_4667134,166,2943,3022,2943,3022,79,0.9655580520629883,Initiator,,promoter,,False,False
h4_chr10_4663039_4667134,167,2083,2165,2083,2165,82,0.9655199646949768,,,,,False,False
h4_chr10_4663039_4667134,168,2649,2737,2649,2737,88,0.9654455780982971,,,,,False,False
h4_chr10_4663039_4667134,169,895,957,895,957,62,0.9653554558753967,,,,,False,False
h4_chr10_4663039_4667134,170,726,834,726,834,108,0.96535325050354,,,,,False,False
h4_chr10_4663039_4667134,171,2838,2911,2838,2911,73,0.9653087258338928,,,,,False,False
h4_chr10_4663039_4667134,172,2690,2743,2690,2743,53,0.9652134776115417,GATA,,tfbs,,False,False
h4_chr10_4663039_4667134,173,2662,2732,2662,2732,70,0.9650659561157227,Initiator,,promoter,,False,False
h4_chr10_4663039_4667134,174,2990,3064,2990,3064,74,0.964873194694519,,,,,False,False
h4_chr10_4663039_4667134,175,2302,2367,2302,2367,65,0.9648433923721313,,,,,False,False
h4_chr10_4663039_4667134,176,1218,1279,1218,1279,61,0.9648064970970154,,,,,False,False
h4_chr10_4663039_4667134,177,2875,2942,2875,2942,67,0.9647814035415649,Initiator,Initiator,promoter,promoter,True,True
h4_chr10_4663039_4667134,178,2161,2233,2161,2233,72,0.964720606803894,,,,,False,False
h4_chr10_4663039_4667134,179,317,432,317,432,115,0.9647096991539001,,,,,False,False
h4_chr10_4663039_4667134,180,2723,2814,2723,2814,91,0.9647071361541748,Initiator,,promoter,,False,False
h4_chr10_4663039_4667134,181,2165,2227,2165,2227,62,0.9646945595741272,,,,,False,False
h4_chr10_4663039_4667134,182,2495,2567,2495,2567,72,0.964608907699585,,,,,False,False
h4_chr10_4663039_4667134,183,2298,2373,2298,2373,75,0.964599609375,Initiator,,promoter,,False,False
h4_chr10_4663039_4667134,184,2912,2988,2912,2988,76,0.9645935893058777,,,,,False,False
h4_chr10_4663039_4667134,185,920,1013,920,1013,93,0.9645288586616516,,,,,False,False
h4_chr10_4663039_4667134,186,2912,2987,2912,2987,75,0.9644752144813538,,,,,False,False
h4_chr10_4663039_4667134,187,2740,2838,2740,2838,98,0.9644366502761841,,,,,False,False
h4_chr10_4663039_4667134,188,2143,2250,2143,2250,107,0.9643575549125671,,,,,False,False
h4_chr10_4663039_4667134,189,2085,2210,2085,2210,125,0.9643537402153015,,,,,False,False
h4_chr10_4663039_4667134,190,639,702,639,702,63,0.9643250107765198,,,,,False,False
h4_chr10_4663039_4667134,191,2030,2212,2030,2212,182,0.9641662836074829,Initiator,,promoter,,False,False
h4_chr10_4663039_4667134,192,2725,2814,2725,2814,89,0.9640710949897766,GATA;Initiator,,promoter;tfbs,,False,False
h4_chr10_4663039_4667134,193,3420,3521,3420,3521,101,0.9640305042266846,Initiator,,promoter,,False,False
h4_chr10_4663039_4667134,194,2408,2465,2408,2465,57,0.9640055298805237,,,,,False,False
h4_chr10_4663039_4667134,195,3462,3597,3462,3597,135,0.9640043377876282,,,,,False,False
h4_chr10_4663039_4667134,196,3587,3671,3587,3671,84,0.9638946652412415,,,,,False,False
h4_chr10_4663039_4667134,197,2912,2989,2912,2989,77,0.9638682007789612,,,,,False,False
h4_chr10_4663039_4667134,198,2904,2989,2904,2989,85,0.9638198614120483,Initiator,,promoter,,False,False
h4_chr10_4663039_4667134,199,2988,3064,2988,3064,76,0.9637754559516907,,,,,False,False
h4_chr10_4663039_4667134,200,2574,2653,2574,2653,79,0.9637424349784851,,,,,False,False
h4_chr1_117801428_117805523,1,2516,2593,2516,2593,77,0.998310923576355,,,,,False,False
h4_chr1_117801428_117805523,2,2516,2601,2516,2601,85,0.9982941746711731,,,,,False,False
h4_chr1_117801428_117805523,3,2429,2565,2429,2565,136,0.9971783757209778,,,,,False,False
h4_chr1_117801428_117805523,4,2429,2601,2429,2601,172,0.9955586791038513,,,,,False,False
h4_chr1_117801428_117805523,5,1635,1692,1635,1692,57,0.9937849640846252,,,,,False,False
h4_chr1_117801428_117805523,6,2231,2302,2231,2302,71,0.9936096668243408,,,,,False,False
h4_chr1_117801428_117805523,7,2536,2593,2536,2593,57,0.9935700297355652,,,,,False,False
h4_chr1_117801428_117805523,8,2449,2565,2449,2565,116,0.9925236105918884,,,,,False,False
h4_chr1_117801428_117805523,9,2232,2303,2232,2303,71,0.9924516677856445,,,,,False,False
h4_chr1_117801428_117805523,10,1753,1803,1753,1803,50,0.9916002154350281,Initiator,,promoter,,False,False
h4_chr1_117801428_117805523,11,2491,2601,2491,2601,110,0.9908744692802429,,,,,False,False
h4_chr1_117801428_117805523,12,2593,2682,2593,2682,89,0.9905918836593628,,,,,False,False
h4_chr1_117801428_117805523,13,1303,1373,1303,1373,70,0.9905586838722229,,,,,False,False
h4_chr1_117801428_117805523,14,1834,1909,1834,1909,75,0.9898984432220459,,,,,False,False
h4_chr1_117801428_117805523,15,1635,1694,1635,1694,59,0.9892475605010986,,,,,False,False
h4_chr1_117801428_117805523,16,1212,1265,1212,1265,53,0.9891606569290161,,,,,False,False
h4_chr1_117801428_117805523,17,1853,1921,1853,1921,68,0.9890422821044922,,,,,False,False
h4_chr1_117801428_117805523,18,2579,2682,2579,2682,103,0.9888888597488403,,,,,False,False
h4_chr1_117801428_117805523,19,2168,2231,2168,2231,63,0.9874148964881897,,,,,False,False
h4_chr1_117801428_117805523,20,2168,2302,2168,2302,134,0.9869153499603271,,,,,False,False
h4_chr1_117801428_117805523,21,2449,2593,2449,2593,144,0.9868510961532593,,,,,False,False
h4_chr1_117801428_117805523,22,2584,2646,2584,2646,62,0.9866498708724976,,,,,False,False
h4_chr1_117801428_117805523,23,1929,1997,1929,1997,68,0.9863537549972534,,,,,False,False
h4_chr1_117801428_117805523,24,180,249,180,249,69,0.986345112323761,,GATA;Initiator,,promoter;tfbs,False,False
h4_chr1_117801428_117805523,25,1465,1518,1465,1518,53,0.986325204372406,Initiator,Initiator,promoter,promoter,True,True
h4_chr1_117801428_117805523,26,2244,2295,2244,2295,51,0.9857048988342285,,RUNX,,tfbs,False,False
h4_chr1_117801428_117805523,27,1710,1773,1710,1773,63,0.9856933355331421,,,,,False,False
h4_chr1_117801428_117805523,28,1635,1718,1635,1718,83,0.9854914546012878,,,,,False,False
h4_chr1_117801428_117805523,29,2182,2246,2182,2246,64,0.9852339029312134,,,,,False,False
h4_chr1_117801428_117805523,30,3635,3793,3635,3793,158,0.9847546815872192,,,,,False,False
h4_chr1_117801428_117805523,31,2584,2656,2584,2656,72,0.9847193360328674,,,,,False,False
h4_chr1_117801428_117805523,32,1684,1798,1684,1798,114,0.9847052693367004,,,,,False,False
h4_chr1_117801428_117805523,33,1853,1968,1853,1968,115,0.9844199419021606,,,,,False,False
h4_chr1_117801428_117805523,34,1120,1175,1120,1175,55,0.984280526638031,,,,,False,False
h4_chr1_117801428_117805523,35,2449,2601,2449,2601,152,0.984259843826294,,,,,False,False
h4_chr1_117801428_117805523,36,2491,2633,2491,2633,142,0.9841036200523376,,,,,False,False
h4_chr1_117801428_117805523,37,2429,2593,2429,2593,164,0.9839537143707275,,,,,False,False
h4_chr1_117801428_117805523,38,1719,1810,1719,1810,91,0.9839187264442444,,,,,False,False
h4_chr1_117801428_117805523,39,1692,1783,1692,1783,91,0.9838789105415344,,,,,False,False
h4_chr1_117801428_117805523,40,3455,3527,3455,3527,72,0.9837365746498108,,,,,False,False
h4_chr1_117801428_117805523,41,2593,2646,2593,2646,53,0.9833789467811584,,,,,False,False
h4_chr1_117801428_117805523,42,1909,1999,1909,1999,90,0.9833357334136963,,,,,False,False
h4_chr1_117801428_117805523,43,2182,2244,2182,2244,62,0.9832702279090881,,,,,False,False
h4_chr1_117801428_117805523,44,2209,2312,2209,2312,103,0.9831985831260681,,Initiator,,promoter,False,False
h4_chr1_117801428_117805523,45,170,221,170,221,51,0.9831216335296631,Initiator,,promoter,,False,False
h4_chr1_117801428_117805523,46,1720,1806,1720,1806,86,0.983051061630249,,,,,False,False
h4_chr1_117801428_117805523,47,2182,2268,2182,2268,86,0.9829732775688171,,,,,False,False
h4_chr1_117801428_117805523,48,2541,2661,2541,2661,120,0.9829541444778442,,,,,False,False
h4_chr1_117801428_117805523,49,2516,2633,2516,2633,117,0.9828242659568787,,,,,False,False
h4_chr1_117801428_117805523,50,2168,2303,2168,2303,135,0.9827987551689148,,,,,False,False
h4_chr1_117801428_117805523,51,2231,2303,2231,2303,72,0.9826406240463257,,,,,False,False
h4_chr1_117801428_117805523,52,2536,2601,2536,2601,65,0.9826073050498962,,,,,False,False
h4_chr1_117801428_117805523,53,1909,2006,1909,2006,97,0.9825748205184937,,Initiator,,promoter,False,False
h4_chr1_117801428_117805523,54,2168,2232,2168,2232,64,0.9824275970458984,,,,,False,False
h4_chr1_117801428_117805523,55,1247,1326,1247,1326,79,0.9823713302612305,,,,,False,False
h4_chr1_117801428_117805523,56,2596,2648,2596,2648,52,0.9823369979858398,,,,,False,False
h4_chr1_117801428_117805523,57,1247,1299,1247,1299,52,0.9823052883148193,,,,,False,False
h4_chr1_117801428_117805523,58,1637,1696,1637,1696,59,0.9822748303413391,,,,,False,False
h4_chr1_117801428_117805523,59,2182,2248,2182,2248,66,0.9822003841400146,,,,,False,False
h4_chr1_117801428_117805523,60,2593,2656,2593,2656,63,0.9820539355278015,,,,,False,False
h4_chr1_117801428_117805523,61,1686,1785,1686,1785,99,0.981902003288269,,,,,False,False
h4_chr1_117801428_117805523,62,3433,3488,3433,3488,55,0.9817022681236267,,Initiator,,promoter,False,False
h4_chr1_117801428_117805523,63,1840,1997,1840,1997,157,0.9816309213638306,,,,,False,False
h4_chr1_117801428_117805523,64,3613,3765,3613,3765,152,0.9815565347671509,,,,,False,False
h4_chr1_117801428_117805523,65,2525,2596,2525,2596,71,0.9815293550491333,YY1,,tfbs,,False,False
h4_chr1_117801428_117805523,66,1265,1326,1265,1326,61,0.9814402461051941,,,,,False,False
h4_chr1_117801428_117805523,67,1834,2006,1834,2006,172,0.9814373254776001,,Initiator,,promoter,False,False
h4_chr1_117801428_117805523,68,1196,1265,1196,1265,69,0.9813910126686096,,,,,False,False
h4_chr1_117801428_117805523,69,2491,2565,2491,2565,74,0.9813715219497681,,,,,False,False
h4_chr1_117801428_117805523,70,3418,3468,3418,3468,50,0.9812980890274048,,,,,False,False
h4_chr1_117801428_117805523,71,2601,2682,2601,2682,81,0.981222927570343,,,,,False,False
h4_chr1_117801428_117805523,72,416,467,416,467,51,0.9811589121818542,,,,,False,False
h4_chr1_117801428_117805523,73,2458,2512,2458,2512,54,0.9809213280677795,,,,,False,False
h4_chr1_117801428_117805523,74,2232,2302,2232,2302,70,0.9808831810951233,,,,,False,False
h4_chr1_117801428_117805523,75,3548,3657,3548,3657,109,0.9808489084243774,Initiator,Initiator,promoter,promoter,True,True
h4_chr1_117801428_117805523,76,2089,2182,2089,2182,93,0.9807672500610352,,,,,False,False
h4_chr1_117801428_117805523,77,1893,2061,1893,2061,168,0.980575442314148,Initiator,,promoter,,False,False
h4_chr1_117801428_117805523,78,132,196,132,196,64,0.9805707335472107,,,,,False,False
h4_chr1_117801428_117805523,79,3618,3682,3618,3682,64,0.980537474155426,,Initiator,,promoter,False,False
h4_chr1_117801428_117805523,80,1380,1491,1380,1491,111,0.980471670627594,Initiator,,promoter,,False,False
h4_chr1_117801428_117805523,81,1688,1785,1688,1785,97,0.98044753074646,,,,,False,False
h4_chr1_117801428_117805523,82,2087,2213,2087,2213,126,0.9804306626319885,,,,,False,False
h4_chr1_117801428_117805523,83,221,279,221,279,58,0.9804278612136841,,,,,False,False
h4_chr1_117801428_117805523,84,196,273,196,273,77,0.9804251790046692,,,,,False,False
h4_chr1_117801428_117805523,85,1333,1416,1333,1416,83,0.9804177284240723,,,,,False,False
h4_chr1_117801428_117805523,86,2102,2201,2102,2201,99,0.9803767204284668,,,,,False,False
h4_chr1_117801428_117805523,87,3782,3848,3782,3848,66,0.9801684021949768,,,,,False,False
h4_chr1_117801428_117805523,88,1853,1929,1853,1929,76,0.980076253414154,,,,,False,False
h4_chr1_117801428_117805523,89,2539,2661,2539,2661,122,0.9800642132759094,,,,,False,False
h4_chr1_117801428_117805523,90,2593,2702,2593,2702,109,0.9800474047660828,,,,,False,False
h4_chr1_117801428_117805523,91,2449,2512,2449,2512,63,0.9800321459770203,,,,,False,False
h4_chr1_117801428_117805523,92,2565,2682,2565,2682,117,0.9799973964691162,,,,,False,False
h4_chr1_117801428_117805523,93,1212,1286,1212,1286,74,0.9799408912658691,,,,,False,False
h4_chr1_117801428_117805523,94,273,369,273,369,96,0.9798272252082825,,,,,False,False
h4_chr1_117801428_117805523,95,3682,3819,3682,3819,137,0.9798188805580139,Initiator,,promoter,,False,False
h4_chr1_117801428_117805523,96,1706,1787,1706,1787,81,0.9797542691230774,,,,,False,False
h4_chr1_117801428_117805523,97,2002,2071,2002,2071,69,0.9797489643096924,Initiator,,promoter,,False,False
h4_chr1_117801428_117805523,98,3693,3779,3693,3779,86,0.9797234535217285,,,,,False,False
h4_chr1_117801428_117805523,99,3679,3765,3679,3765,86,0.9795485138893127,Initiator,,promoter,,False,False
h4_chr1_117801428_117805523,100,1749,1803,1749,1803,54,0.9795355200767517,Initiator,,promoter,,False,False
h4_chr1_117801428_117805523,101,1834,1999,1834,1999,165,0.9794151186943054,,,,,False,False
h4_chr1_117801428_117805523,102,1840,1929,1840,1929,89,0.9794009923934937,,,,,False,False
h4_chr1_117801428_117805523,103,3587,3690,3587,3690,103,0.979375958442688,,,,,False,False
h4_chr1_117801428_117805523,104,1624,1686,1624,1686,62,0.9793717861175537,,,,,False,False
h4_chr1_117801428_117805523,105,1386,1459,1386,1459,73,0.9793480634689331,Initiator,Initiator,promoter,promoter,True,True
h4_chr1_117801428_117805523,106,1236,1297,1236,1297,61,0.9792929291725159,,,,,False,False
h4_chr1_117801428_117805523,107,1320,1380,1320,1380,60,0.979285717010498,,Initiator,,promoter,False,False
h4_chr1_117801428_117805523,108,3607,3679,3607,3679,72,0.9792026281356812,,Initiator,,promoter,False,False
h4_chr1_117801428_117805523,109,529,609,529,609,80,0.9791975021362305,,,,,False,False
h4_chr1_117801428_117805523,110,3610,3793,3610,3793,183,0.9791759252548218,,,,,False,False
h4_chr1_117801428_117805523,111,3548,3626,3548,3626,78,0.9791730642318726,Initiator,Initiator,promoter,promoter,True,True
h4_chr1_117801428_117805523,112,1694,1783,1694,1783,89,0.9790143966674805,,,,,False,False
h4_chr1_117801428_117805523,113,3601,3723,3601,3723,122,0.9789243936538696,,,,,False,False
h4_chr1_117801428_117805523,114,82,211,82,211,129,0.9788374900817871,,,,,False,False
h4_chr1_117801428_117805523,115,1355,1491,1355,1491,136,0.9788182973861694,,,,,False,False
h4_chr1_117801428_117805523,116,1364,1462,1364,1462,98,0.978754460811615,,Initiator,,promoter,False,False
h4_chr1_117801428_117805523,117,3607,3763,3607,3763,156,0.9787514209747314,,,,,False,False
h4_chr1_117801428_117805523,118,3657,3719,3657,3719,62,0.9787188768386841,Initiator,,promoter,,False,False
h4_chr1_117801428_117805523,119,3790,3847,3790,3847,57,0.9784602522850037,,,,,False,False
h4_chr1_117801428_117805523,120,2516,2579,2516,2579,63,0.9783620238304138,,,,,False,False
h4_chr1_117801428_117805523,121,243,318,243,318,75,0.9783217906951904,,,,,False,False
h4_chr1_117801428_117805523,122,1203,1265,1203,1265,62,0.9782803058624268,,,,,False,False
h4_chr1_117801428_117805523,123,3682,3798,3682,3798,116,0.9782670140266418,Initiator,,promoter,,False,False
h4_chr1_117801428_117805523,124,1648,1757,1648,1757,109,0.9782635569572449,,,,,False,False
h4_chr1_117801428_117805523,125,500,554,500,554,54,0.9782416224479675,,,,,False,False
h4_chr1_117801428_117805523,126,3418,3486,3418,3486,68,0.9782166481018066,,Initiator,,promoter,False,False
h4_chr1_117801428_117805523,127,1818,1970,1818,1970,152,0.9782035946846008,Initiator,,promoter,,False,False
h4_chr1_117801428_117805523,128,3626,3719,3626,3719,93,0.9781914353370667,Initiator,,promoter,,False,False
h4_chr1_117801428_117805523,129,1874,1933,1874,1933,59,0.9781765937805176,,,,,False,False
h4_chr1_117801428_117805523,130,196,369,196,369,173,0.9781368374824524,,,,,False,False
h4_chr1_117801428_117805523,131,549,651,549,651,102,0.978083610534668,,Initiator,,promoter,False,False
h4_chr1_117801428_117805523,132,1382,1489,1382,1489,107,0.9780216813087463,Initiator,,promoter,,False,False
h4_chr1_117801428_117805523,133,3618,3793,3618,3793,175,0.9780060648918152,,,,,False,False
h4_chr1_117801428_117805523,134,2491,2593,2491,2593,102,0.977928876876831,,,,,False,False
h4_chr1_117801428_117805523,135,493,549,493,549,56,0.9778310060501099,Initiator,,promoter,,False,False
h4_chr1_117801428_117805523,136,1437,1487,1437,1487,50,0.9777394533157349,,,,,False,False
h4_chr1_117801428_117805523,137,2565,2646,2565,2646,81,0.9776598215103149,,,,,False,False
h4_chr1_117801428_117805523,138,1238,1299,1238,1299,61,0.9776341319084167,Initiator,,promoter,,False,False
h4_chr1_117801428_117805523,139,3763,3896,3763,3896,133,0.9776172637939453,,,,,False,False
h4_chr1_117801428_117805523,140,1840,1921,1840,1921,81,0.9775961637496948,,,,,False,False
h4_chr1_117801428_117805523,141,1978,2056,1978,2056,78,0.977552592754364,Initiator,Initiator,promoter,promoter,True,True
h4_chr1_117801428_117805523,142,3893,4082,3893,4082,189,0.977550208568573,,,,,False,False
h4_chr1_117801428_117805523,143,2268,2446,2268,2446,178,0.9774631261825562,,,,,False,False
h4_chr1_117801428_117805523,144,2182,2295,2182,2295,113,0.9774323105812073,,RUNX,,tfbs,False,False
h4_chr1_117801428_117805523,145,467,549,467,549,82,0.9773890376091003,,,,,False,False
h4_chr1_117801428_117805523,146,1850,1926,1850,1926,76,0.9773814678192139,,,,,False,False
h4_chr1_117801428_117805523,147,1624,1696,1624,1696,72,0.9772746562957764,,,,,False,False
h4_chr1_117801428_117805523,148,1562,1624,1562,1624,62,0.977240264415741,,,,,False,False
h4_chr1_117801428_117805523,149,252,315,252,315,63,0.9771411418914795,GATA,GATA,tfbs,tfbs,True,True
h4_chr1_117801428_117805523,150,1244,1326,1244,1326,82,0.9771344661712646,Initiator,,promoter,,False,False
h4_chr1_117801428_117805523,151,3671,3805,3671,3805,134,0.9771064519882202,,,,,False,False
h4_chr1_117801428_117805523,152,1278,1342,1278,1342,64,0.977103054523468,,,,,False,False
h4_chr1_117801428_117805523,153,1891,1960,1891,1960,69,0.9770447611808777,Initiator,,promoter,,False,False
h4_chr1_117801428_117805523,154,1545,1619,1545,1619,74,0.9770430326461792,,,,,False,False
h4_chr1_117801428_117805523,155,1276,1342,1276,1342,66,0.9770390391349792,,,,,False,False
h4_chr1_117801428_117805523,156,1535,1606,1535,1606,71,0.9770358204841614,Initiator,,promoter,,False,False
h4_chr1_117801428_117805523,157,143,196,143,196,53,0.9769994616508484,,,,,False,False
h4_chr1_117801428_117805523,158,3719,3793,3719,3793,74,0.9769871234893799,,,,,False,False
h4_chr1_117801428_117805523,159,1487,1545,1487,1545,58,0.976985514163971,,,,,False,False
h4_chr1_117801428_117805523,160,2187,2337,2187,2337,150,0.976948082447052,Initiator,,promoter,,False,False
h4_chr1_117801428_117805523,161,1219,1269,1219,1269,50,0.9768751859664917,,,,,False,False
h4_chr1_117801428_117805523,162,3527,3615,3527,3615,88,0.9768425226211548,,,,,False,False
h4_chr1_117801428_117805523,163,3216,3267,3216,3267,51,0.97682785987854,,Initiator;RUNX,,promoter;tfbs,False,False
h4_chr1_117801428_117805523,164,1619,1684,1619,1684,65,0.9767091870307922,,,,,False,False
h4_chr1_117801428_117805523,165,3679,3763,3679,3763,84,0.9766857028007507,Initiator,,promoter,,False,False
h4_chr1_117801428_117805523,166,1364,1445,1364,1445,81,0.9766848683357239,,,,,False,False
h4_chr1_117801428_117805523,167,1558,1609,1558,1609,51,0.9766818881034851,,Initiator,,promoter,False,False
h4_chr1_117801428_117805523,168,1939,2018,1939,2018,79,0.9766650199890137,,,,,False,False
h4_chr1_117801428_117805523,169,1562,1637,1562,1637,75,0.9766526222229004,,,,,False,False
h4_chr1_117801428_117805523,170,1643,1713,1643,1713,70,0.9766388535499573,,,,,False,False
h4_chr1_117801428_117805523,171,940,1006,940,1006,66,0.9766262173652649,,,,,False,False
h4_chr1_117801428_117805523,172,886,947,886,947,61,0.9766154289245605,,,,,False,False
h4_chr1_117801428_117805523,173,1624,1723,1624,1723,99,0.9765774011611938,,,,,False,False
h4_chr1_117801428_117805523,174,1394,1489,1394,1489,95,0.9765318036079407,,,,,False,False
h4_chr1_117801428_117805523,175,315,438,315,438,123,0.976525068283081,GATA,GATA,tfbs,tfbs,True,True
h4_chr1_117801428_117805523,176,1103,1164,1103,1164,61,0.9764773845672607,Initiator,,promoter,,False,False
h4_chr1_117801428_117805523,177,1874,2061,1874,2061,187,0.9764223694801331,,,,,False,False
h4_chr1_117801428_117805523,178,3682,3768,3682,3768,86,0.9763991236686707,Initiator,,promoter,,False,False
h4_chr1_117801428_117805523,179,2213,2325,2213,2325,112,0.9763254523277283,,,,,False,False
h4_chr1_117801428_117805523,180,1244,1299,1244,1299,55,0.9763004183769226,Initiator,,promoter,,False,False
h4_chr1_117801428_117805523,181,1202,1262,1202,1262,60,0.9762735962867737,,,,,False,False
h4_chr1_117801428_117805523,182,2579,2646,2579,2646,67,0.9762700200080872,,,,,False,False
h4_chr1_117801428_117805523,183,310,367,310,367,57,0.9762448072433472,,,,,False,False
h4_chr1_117801428_117805523,184,317,367,317,367,50,0.9761673808097839,GATA,,tfbs,,False,False
h4_chr1_117801428_117805523,185,1997,2085,1997,2085,88,0.9761368036270142,,,,,False,False
h4_chr1_117801428_117805523,186,3532,3697,3532,3697,165,0.9761308431625366,Initiator,,promoter,,False,False
h4_chr1_117801428_117805523,187,211,315,211,315,104,0.9761288166046143,,GATA,,tfbs,False,False
h4_chr1_117801428_117805523,188,1583,1647,1583,1647,64,0.9761120080947876,,,,,False,False
h4_chr1_117801428_117805523,189,1624,1725,1624,1725,101,0.9760404825210571,,,,,False,False
h4_chr1_117801428_117805523,190,161,217,161,217,56,0.9760284423828125,,,,,False,False
h4_chr1_117801428_117805523,191,1212,1289,1212,1289,77,0.9759969711303711,,,,,False,False
h4_chr1_117801428_117805523,192,2528,2651,2528,2651,123,0.9759728908538818,,,,,False,False
h4_chr1_117801428_117805523,193,3958,4039,3958,4039,81,0.9759114384651184,,,,,False,False
h4_chr1_117801428_117805523,194,3614,3778,3614,3778,164,0.9759098887443542,,,,,False,False
h4_chr1_117801428_117805523,195,1562,1686,1562,1686,124,0.9759096503257751,,,,,False,False
h4_chr1_117801428_117805523,196,2224,2312,2224,2312,88,0.9757879376411438,,Initiator,,promoter,False,False
h4_chr1_117801428_117805523,197,969,1025,969,1025,56,0.9757510423660278,,,,,False,False
h4_chr1_117801428_117805523,198,1968,2126,1968,2126,158,0.9757490158081055,,Initiator,,promoter,False,False
h4_chr1_117801428_117805523,199,3961,4082,3961,4082,121,0.9757140874862671,,,,,False,False
h4_chr1_117801428_117805523,200,1933,2035,1933,2035,102,0.975709855556488,,,,,False,False
h4_chr1_188000709_188004804,1,2443,2561,2443,2561,118,0.9745318293571472,,,,,False,False
h4_chr1_188000709_188004804,2,2229,2304,2229,2304,75,0.9738612174987793,,,,,False,False
h4_chr1_188000709_188004804,3,2187,2259,2187,2259,72,0.9705414175987244,,,,,False,False
h4_chr1_188000709_188004804,4,2187,2255,2187,2255,68,0.9653592109680176,,,,,False,False
h4_chr1_188000709_188004804,5,3835,3919,3835,3919,84,0.9632788896560669,,,,,False,False
h4_chr1_188000709_188004804,6,1147,1254,1147,1254,107,0.9616363644599915,,Initiator,,promoter,False,False
h4_chr1_188000709_188004804,7,2694,2794,2694,2794,100,0.9601839184761047,,,,,False,False
h4_chr1_188000709_188004804,8,3835,3921,3835,3921,86,0.9577232003211975,,,,,False,False
h4_chr1_188000709_188004804,9,2229,2306,2229,2306,77,0.9576612710952759,,,,,False,False
h4_chr1_188000709_188004804,10,2761,2901,2761,2901,140,0.9574173092842102,Initiator,,promoter,,False,False
h4_chr1_188000709_188004804,11,3929,4045,3929,4045,116,0.9564931392669678,,Initiator,,promoter,False,False
h4_chr1_188000709_188004804,12,2963,3051,2963,3051,88,0.9557034969329834,,,,,False,False
h4_chr1_188000709_188004804,13,2639,2694,2639,2694,55,0.9555641412734985,,,,,False,False
h4_chr1_188000709_188004804,14,2868,2990,2868,2990,122,0.9555104970932007,,,,,False,False
h4_chr1_188000709_188004804,15,2839,2892,2839,2892,53,0.9549264311790466,Initiator,,promoter,,False,False
h4_chr1_188000709_188004804,16,3950,4003,3950,4003,53,0.9546839594841003,,,,,False,False
h4_chr1_188000709_188004804,17,2367,2459,2367,2459,92,0.9543778300285339,,,,,False,False
h4_chr1_188000709_188004804,18,3919,4003,3919,4003,84,0.9540833830833435,,,,,False,False
h4_chr1_188000709_188004804,19,2894,3096,2894,3096,202,0.9532455205917358,,,,,False,False
h4_chr1_188000709_188004804,20,2963,3028,2963,3028,65,0.9532333612442017,,,,,False,False
h4_chr1_188000709_188004804,21,2773,2892,2773,2892,119,0.9530723690986633,,,,,False,False
h4_chr1_188000709_188004804,22,3921,3996,3921,3996,75,0.9525959491729736,,,,,False,False
h4_chr1_188000709_188004804,23,2470,2560,2470,2560,90,0.9522579908370972,BREu,,promoter,,False,False
h4_chr1_188000709_188004804,24,1146,1209,1146,1209,63,0.9522037506103516,,,,,False,False
h4_chr1_188000709_188004804,25,2561,2644,2561,2644,83,0.952181875705719,,Initiator,,promoter,False,False
h4_chr1_188000709_188004804,26,2560,2693,2560,2693,133,0.9517337083816528,,,,,False,False
h4_chr1_188000709_188004804,27,3956,4045,3956,4045,89,0.9514994025230408,,Initiator,,promoter,False,False
h4_chr1_188000709_188004804,28,1049,1254,1049,1254,205,0.951364278793335,,Initiator,,promoter,False,False
h4_chr1_188000709_188004804,29,3929,4086,3929,4086,157,0.9512768983840942,,,,,False,False
h4_chr1_188000709_188004804,30,2561,2672,2561,2672,111,0.9509418606758118,,Initiator,,promoter,False,False
h4_chr1_188000709_188004804,31,3929,4026,3929,4026,97,0.9508651494979858,,,,,False,False
h4_chr1_188000709_188004804,32,2563,2694,2563,2694,131,0.9491605758666992,,,,,False,False
h4_chr1_188000709_188004804,33,2375,2596,2375,2596,221,0.9487603306770325,,,,,False,False
h4_chr1_188000709_188004804,34,2894,2990,2894,2990,96,0.9486874341964722,,,,,False,False
h4_chr1_188000709_188004804,35,3921,4003,3921,4003,82,0.9483236074447632,,,,,False,False
h4_chr1_188000709_188004804,36,2229,2443,2229,2443,214,0.9480962753295898,,,,,False,False
h4_chr1_188000709_188004804,37,2561,2725,2561,2725,164,0.9480268359184265,,,,,False,False
h4_chr1_188000709_188004804,38,2255,2561,2255,2561,306,0.9479092359542847,,,,,False,False
h4_chr1_188000709_188004804,39,1147,1209,1147,1209,62,0.9477034211158752,,,,,False,False
h4_chr1_188000709_188004804,40,2725,2826,2725,2826,101,0.9473762512207031,,,,,False,False
h4_chr1_188000709_188004804,41,2562,2620,2562,2620,58,0.9473065733909607,,,,,False,False
h4_chr1_188000709_188004804,42,2307,2444,2307,2444,137,0.9471614956855774,,,,,False,False
h4_chr1_188000709_188004804,43,3572,3625,3572,3625,53,0.9463734030723572,,,,,False,False
h4_chr1_188000709_188004804,44,2561,2639,2561,2639,78,0.9463484287261963,,,,,False,False
h4_chr1_188000709_188004804,45,3921,4064,3921,4064,143,0.9463451504707336,,,,,False,False
h4_chr1_188000709_188004804,46,1049,1147,1049,1147,98,0.9457438588142395,,,,,False,False
h4_chr1_188000709_188004804,47,3523,3574,3523,3574,51,0.9454400539398193,,,,,False,False
h4_chr1_188000709_188004804,48,2389,2460,2389,2460,71,0.9453564286231995,,,,,False,False
h4_chr1_188000709_188004804,49,2894,3073,2894,3073,179,0.9451490044593811,,,,,False,False
h4_chr1_188000709_188004804,50,2304,2561,2304,2561,257,0.9445825815200806,,,,,False,False
h4_chr1_188000709_188004804,51,2757,2920,2757,2920,163,0.9444867372512817,,,,,False,False
h4_chr1_188000709_188004804,52,1147,1238,1147,1238,91,0.9443801045417786,,,,,False,False
h4_chr1_188000709_188004804,53,3028,3081,3028,3081,53,0.944290041923523,,,,,False,False
h4_chr1_188000709_188004804,54,1045,1101,1045,1101,56,0.9442206025123596,,,,,False,False
h4_chr1_188000709_188004804,55,3401,3502,3401,3502,101,0.9440230131149292,,,,,False,False
h4_chr1_188000709_188004804,56,2187,2443,2187,2443,256,0.9438993334770203,,,,,False,False
h4_chr1_188000709_188004804,57,2899,2967,2899,2967,68,0.943845808506012,,,,,False,False
h4_chr1_188000709_188004804,58,3768,3921,3768,3921,153,0.9437294602394104,,,,,False,False
h4_chr1_188000709_188004804,59,1146,1238,1146,1238,92,0.9436061382293701,,,,,False,False
h4_chr1_188000709_188004804,60,2868,2963,2868,2963,95,0.9435922503471375,,,,,False,False
h4_chr1_188000709_188004804,61,2892,2965,2892,2965,73,0.9432700276374817,,,,,False,False
h4_chr1_188000709_188004804,62,1300,1350,1300,1350,50,0.9432494640350342,Initiator,,promoter,,False,False
h4_chr1_188000709_188004804,63,2459,2608,2459,2608,149,0.9430525898933411,,,,,False,False
h4_chr1_188000709_188004804,64,2097,2216,2097,2216,119,0.9428814649581909,,Initiator,,promoter,False,False
h4_chr1_188000709_188004804,65,2229,2518,2229,2518,289,0.94244784116745,,,,,False,False
h4_chr1_188000709_188004804,66,2377,2596,2377,2596,219,0.942289412021637,,,,,False,False
h4_chr1_188000709_188004804,67,3917,4003,3917,4003,86,0.9421424865722656,,,,,False,False
h4_chr1_188000709_188004804,68,2846,2916,2846,2916,70,0.9419291615486145,Initiator,,promoter,,False,False
h4_chr1_188000709_188004804,69,3098,3181,3098,3181,83,0.9419140219688416,,,,,False,False
h4_chr1_188000709_188004804,70,2259,2561,2259,2561,302,0.9418179988861084,,,,,False,False
h4_chr1_188000709_188004804,71,2725,2894,2725,2894,169,0.941449761390686,,,,,False,False
h4_chr1_188000709_188004804,72,1147,1253,1147,1253,106,0.9413313865661621,,Initiator,,promoter,False,False
h4_chr1_188000709_188004804,73,2810,2963,2810,2963,153,0.9413208365440369,,,,,False,False
h4_chr1_188000709_188004804,74,3503,3625,3503,3625,122,0.9412623643875122,,,,,False,False
h4_chr1_188000709_188004804,75,3996,4051,3996,4051,55,0.9412294626235962,,,,,False,False
h4_chr1_188000709_188004804,76,3051,3109,3051,3109,58,0.9411339163780212,,,,,False,False
h4_chr1_188000709_188004804,77,2376,2472,2376,2472,96,0.941127359867096,,BREu,,promoter,False,False
h4_chr1_188000709_188004804,78,2444,2607,2444,2607,163,0.941101610660553,,,,,False,False
h4_chr1_188000709_188004804,79,3991,4072,3991,4072,81,0.941013753414154,Initiator,,promoter,,False,False
h4_chr1_188000709_188004804,80,3028,3096,3028,3096,68,0.9406211972236633,,,,,False,False
h4_chr1_188000709_188004804,81,4021,4076,4021,4076,55,0.9404419660568237,Initiator,,promoter,,False,False
h4_chr1_188000709_188004804,82,3950,4064,3950,4064,114,0.9404157400131226,,,,,False,False
h4_chr1_188000709_188004804,83,2229,2490,2229,2490,261,0.9402298331260681,,,,,False,False
h4_chr1_188000709_188004804,84,2837,2894,2837,2894,57,0.940171480178833,,,,,False,False
h4_chr1_188000709_188004804,85,3400,3503,3400,3503,103,0.9401368498802185,,,,,False,False
h4_chr1_188000709_188004804,86,3768,3919,3768,3919,151,0.9400781989097595,,,,,False,False
h4_chr1_188000709_188004804,87,2562,2740,2562,2740,178,0.9400362968444824,,,,,False,False
h4_chr1_188000709_188004804,88,3051,3181,3051,3181,130,0.9399275183677673,,,,,False,False
h4_chr1_188000709_188004804,89,2490,2561,2490,2561,71,0.9398182034492493,,,,,False,False
h4_chr1_188000709_188004804,90,2854,3098,2854,3098,244,0.9397972226142883,Initiator,,promoter,,False,False
h4_chr1_188000709_188004804,91,2868,3096,2868,3096,228,0.9397906064987183,,,,,False,False
h4_chr1_188000709_188004804,92,2992,3073,2992,3073,81,0.9397811889648438,,,,,False,False
h4_chr1_188000709_188004804,93,2562,2698,2562,2698,136,0.9396959543228149,,,,,False,False
h4_chr1_188000709_188004804,94,2562,2693,2562,2693,131,0.9395583868026733,,,,,False,False
h4_chr1_188000709_188004804,95,1049,1209,1049,1209,160,0.9395293593406677,,,,,False,False
h4_chr1_188000709_188004804,96,2868,3181,2868,3181,313,0.9394362568855286,,,,,False,False
h4_chr1_188000709_188004804,97,2846,2906,2846,2906,60,0.9391905069351196,Initiator,,promoter,,False,False
h4_chr1_188000709_188004804,98,3553,3605,3553,3605,52,0.939012348651886,,,,,False,False
h4_chr1_188000709_188004804,99,2705,2796,2705,2796,91,0.938976526260376,Initiator,,promoter,,False,False
h4_chr1_188000709_188004804,100,2608,2694,2608,2694,86,0.9388608336448669,,,,,False,False
h4_chr1_188000709_188004804,101,3078,3204,3078,3204,126,0.938690185546875,,,,,False,False
h4_chr1_188000709_188004804,102,2810,2990,2810,2990,180,0.9385833144187927,,,,,False,False
h4_chr1_188000709_188004804,103,2490,2694,2490,2694,204,0.938557505607605,,,,,False,False
h4_chr1_188000709_188004804,104,2467,2560,2467,2560,93,0.9384739995002747,,,,,False,False
h4_chr1_188000709_188004804,105,2187,2304,2187,2304,117,0.9384171366691589,,,,,False,False
h4_chr1_188000709_188004804,106,2839,2965,2839,2965,126,0.938405454158783,Initiator,,promoter,,False,False
h4_chr1_188000709_188004804,107,2587,2796,2587,2796,209,0.9383504986763,,,,,False,False
h4_chr1_188000709_188004804,108,3956,4062,3956,4062,106,0.9380825757980347,,,,,False,False
h4_chr1_188000709_188004804,109,2839,2967,2839,2967,128,0.9380578398704529,Initiator,,promoter,,False,False
h4_chr1_188000709_188004804,110,2810,2901,2810,2901,91,0.9380471706390381,,,,,False,False
h4_chr1_188000709_188004804,111,3399,3502,3399,3502,103,0.9380097389221191,,,,,False,False
h4_chr1_188000709_188004804,112,2393,2608,2393,2608,215,0.9379852414131165,,,,,False,False
h4_chr1_188000709_188004804,113,2725,2868,2725,2868,143,0.9377184510231018,,,,,False,False
h4_chr1_188000709_188004804,114,3098,3191,3098,3191,93,0.9376310110092163,,Initiator,,promoter,False,False
h4_chr1_188000709_188004804,115,892,977,892,977,85,0.9375752210617065,,,,,False,False
h4_chr1_188000709_188004804,116,2990,3098,2990,3098,108,0.9375607967376709,,,,,False,False
h4_chr1_188000709_188004804,117,2794,2868,2794,2868,74,0.9375072121620178,,,,,False,False
h4_chr1_188000709_188004804,118,2773,2967,2773,2967,194,0.9373699426651001,,,,,False,False
h4_chr1_188000709_188004804,119,3990,4072,3990,4072,82,0.937332808971405,Initiator,,promoter,,False,False
h4_chr1_188000709_188004804,120,4010,4076,4010,4076,66,0.9372658133506775,,,,,False,False
h4_chr1_188000709_188004804,121,3991,4073,3991,4073,82,0.9370641112327576,Initiator,,promoter,,False,False
h4_chr1_188000709_188004804,122,2826,3096,2826,3096,270,0.9369959831237793,,,,,False,False
h4_chr1_188000709_188004804,123,2898,2967,2898,2967,69,0.9369662404060364,,,,,False,False
h4_chr1_188000709_188004804,124,3929,4088,3929,4088,159,0.9368149042129517,,,,,False,False
h4_chr1_188000709_188004804,125,2455,2608,2455,2608,153,0.9366958141326904,,,,,False,False
h4_chr1_188000709_188004804,126,2773,2831,2773,2831,58,0.9366812705993652,,,,,False,False
h4_chr1_188000709_188004804,127,2966,3147,2966,3147,181,0.9366163611412048,,,,,False,False
h4_chr1_188000709_188004804,128,2826,2990,2826,2990,164,0.9365814328193665,,,,,False,False
h4_chr1_188000709_188004804,129,3919,4036,3919,4036,117,0.9364507794380188,,,,,False,False
h4_chr1_188000709_188004804,130,1228,1300,1228,1300,72,0.936447024345398,Initiator,Initiator,promoter,promoter,True,True
h4_chr1_188000709_188004804,131,3917,4051,3917,4051,134,0.9364008903503418,,,,,False,False
h4_chr1_188000709_188004804,132,3929,4025,3929,4025,96,0.9363635182380676,,,,,False,False
h4_chr1_188000709_188004804,133,3835,4003,3835,4003,168,0.9363416433334351,,,,,False,False
h4_chr1_188000709_188004804,134,2717,2768,2717,2768,51,0.9363114237785339,,,,,False,False
h4_chr1_188000709_188004804,135,2796,2899,2796,2899,103,0.9361971616744995,,,,,False,False
h4_chr1_188000709_188004804,136,2846,2932,2846,2932,86,0.9359886050224304,Initiator,,promoter,,False,False
h4_chr1_188000709_188004804,137,2460,2560,2460,2560,100,0.9359691739082336,,,,,False,False
h4_chr1_188000709_188004804,138,3503,3558,3503,3558,55,0.9357707500457764,,Initiator,,promoter,False,False
h4_chr1_188000709_188004804,139,2561,2661,2561,2661,100,0.9356377124786377,,,,,False,False
h4_chr1_188000709_188004804,140,3929,4062,3929,4062,133,0.9354633688926697,,,,,False,False
h4_chr1_188000709_188004804,141,2455,2697,2455,2697,242,0.9353612065315247,,,,,False,False
h4_chr1_188000709_188004804,142,2393,2459,2393,2459,66,0.9353565573692322,,,,,False,False
h4_chr1_188000709_188004804,143,2228,2444,2228,2444,216,0.9352980852127075,,,,,False,False
h4_chr1_188000709_188004804,144,3319,3428,3319,3428,109,0.935122013092041,,,,,False,False
h4_chr1_188000709_188004804,145,2705,2839,2705,2839,134,0.9349338412284851,Initiator,Initiator,promoter,promoter,True,True
h4_chr1_188000709_188004804,146,1300,1355,1300,1355,55,0.9348278045654297,Initiator,,promoter,,False,False
h4_chr1_188000709_188004804,147,3929,3998,3929,3998,69,0.934747040271759,,,,,False,False
h4_chr1_188000709_188004804,148,2561,2655,2561,2655,94,0.9346885085105896,,,,,False,False
h4_chr1_188000709_188004804,149,2768,2846,2768,2846,78,0.9345133900642395,,Initiator,,promoter,False,False
h4_chr1_188000709_188004804,150,2826,3073,2826,3073,247,0.9344971179962158,,,,,False,False
h4_chr1_188000709_188004804,151,1350,1444,1350,1444,94,0.9342955350875854,,,,,False,False
h4_chr1_188000709_188004804,152,3917,3996,3917,3996,79,0.9342373609542847,,,,,False,False
h4_chr1_188000709_188004804,153,3835,3896,3835,3896,61,0.9341491460800171,,,,,False,False
h4_chr1_188000709_188004804,154,2694,2756,2694,2756,62,0.9340202808380127,,,,,False,False
h4_chr1_188000709_188004804,155,2444,2562,2444,2562,118,0.933836042881012,,,,,False,False
h4_chr1_188000709_188004804,156,2306,2459,2306,2459,153,0.9337052702903748,,,,,False,False
h4_chr1_188000709_188004804,157,3946,4072,3946,4072,126,0.933440625667572,,,,,False,False
h4_chr1_188000709_188004804,158,2392,2560,2392,2560,168,0.9332554340362549,,,,,False,False
h4_chr1_188000709_188004804,159,2459,2639,2459,2639,180,0.9330946803092957,,,,,False,False
h4_chr1_188000709_188004804,160,3853,3921,3853,3921,68,0.9329213500022888,,,,,False,False
h4_chr1_188000709_188004804,161,2561,2692,2561,2692,131,0.9327288866043091,,,,,False,False
h4_chr1_188000709_188004804,162,2725,2810,2725,2810,85,0.9327236413955688,,,,,False,False
h4_chr1_188000709_188004804,163,2231,2561,2231,2561,330,0.9325714111328125,,,,,False,False
h4_chr1_188000709_188004804,164,2839,2923,2839,2923,84,0.9325255155563354,Initiator,,promoter,,False,False
h4_chr1_188000709_188004804,165,2694,2763,2694,2763,69,0.9325220584869385,,Initiator,,promoter,False,False
h4_chr1_188000709_188004804,166,3919,3996,3919,3996,77,0.9324942827224731,,,,,False,False
h4_chr1_188000709_188004804,167,2878,2932,2878,2932,54,0.9323190450668335,,,,,False,False
h4_chr1_188000709_188004804,168,1052,1103,1052,1103,51,0.9322398900985718,,,,,False,False
h4_chr1_188000709_188004804,169,2307,2460,2307,2460,153,0.932225227355957,,,,,False,False
h4_chr1_188000709_188004804,170,2963,3096,2963,3096,133,0.9322037696838379,,,,,False,False
h4_chr1_188000709_188004804,171,2868,3109,2868,3109,241,0.9321444034576416,,,,,False,False
h4_chr1_188000709_188004804,172,2992,3096,2992,3096,104,0.9321332573890686,,,,,False,False
h4_chr1_188000709_188004804,173,2794,3028,2794,3028,234,0.9319263696670532,,,,,False,False
h4_chr1_188000709_188004804,174,2867,2920,2867,2920,53,0.9318684935569763,,,,,False,False
h4_chr1_188000709_188004804,175,2672,2868,2672,2868,196,0.9317898154258728,Initiator,,promoter,,False,False
h4_chr1_188000709_188004804,176,2923,3140,2923,3140,217,0.9316083192825317,,Initiator,,promoter,False,False
h4_chr1_188000709_188004804,177,3038,3140,3038,3140,102,0.931600034236908,,Initiator,,promoter,False,False
h4_chr1_188000709_188004804,178,3028,3109,3028,3109,81,0.9315392971038818,,,,,False,False
h4_chr1_188000709_188004804,179,3728,3828,3728,3828,100,0.9314271211624146,Initiator,Initiator,promoter,promoter,True,True
h4_chr1_188000709_188004804,180,2444,2698,2444,2698,254,0.9313656091690063,,,,,False,False
h4_chr1_188000709_188004804,181,2871,3098,2871,3098,227,0.931224524974823,,,,,False,False
h4_chr1_188000709_188004804,182,2697,2763,2697,2763,66,0.9312180876731873,,Initiator,,promoter,False,False
h4_chr1_188000709_188004804,183,1146,1254,1146,1254,108,0.9308488965034485,,Initiator,,promoter,False,False
h4_chr1_188000709_188004804,184,2894,2992,2894,2992,98,0.9308022856712341,,,,,False,False
h4_chr1_188000709_188004804,185,3309,3402,3309,3402,93,0.9307069778442383,,,,,False,False
h4_chr1_188000709_188004804,186,3399,3493,3399,3493,94,0.9303643703460693,,,,,False,False
h4_chr1_188000709_188004804,187,3921,4036,3921,4036,115,0.9303256273269653,,,,,False,False
h4_chr1_188000709_188004804,188,2769,2846,2769,2846,77,0.9302315711975098,,Initiator,,promoter,False,False
h4_chr1_188000709_188004804,189,2868,2921,2868,2921,53,0.9302124977111816,,,,,False,False
h4_chr1_188000709_188004804,190,2459,2692,2459,2692,233,0.9301602840423584,,,,,False,False
h4_chr1_188000709_188004804,191,2187,2306,2187,2306,119,0.9301192164421082,,,,,False,False
h4_chr1_188000709_188004804,192,1052,1104,1052,1104,52,0.9301175475120544,,,,,False,False
h4_chr1_188000709_188004804,193,3921,4060,3921,4060,139,0.9300384521484375,,,,,False,False
h4_chr1_188000709_188004804,194,3848,3929,3848,3929,81,0.930034875869751,,,,,False,False
h4_chr1_188000709_188004804,195,2389,2467,2389,2467,78,0.9300185441970825,,,,,False,False
h4_chr1_188000709_188004804,196,2708,2769,2708,2769,61,0.9299479722976685,Initiator,,promoter,,False,False
h4_chr1_188000709_188004804,197,2790,2906,2790,2906,116,0.9299395680427551,Initiator,,promoter,,False,False
h4_chr1_188000709_188004804,198,2562,2622,2562,2622,60,0.9299384355545044,,,,,False,False
h4_chr1_188000709_188004804,199,2708,2846,2708,2846,138,0.9299288392066956,Initiator,Initiator,promoter,promoter,True,True
h4_chr1_188000709_188004804,200,3401,3493,3401,3493,92,0.9299286007881165,,,,,False,False
h4_chr1_236620149_236624244,1,1314,1371,1314,1371,57,0.9884822368621826,,Initiator,,promoter,False,False
h4_chr1_236620149_236624244,2,1384,1434,1384,1434,50,0.9875258207321167,,,,,False,False
h4_chr1_236620149_236624244,3,1895,1971,1895,1971,76,0.9865425229072571,Initiator,,promoter,,False,False
h4_chr1_236620149_236624244,4,810,883,810,883,73,0.9865366220474243,,,,,False,False
h4_chr1_236620149_236624244,5,728,787,728,787,59,0.9864756464958191,Initiator,GATA,promoter,tfbs,True,False
h4_chr1_236620149_236624244,6,1872,1971,1872,1971,99,0.985938549041748,,,,,False,False
h4_chr1_236620149_236624244,7,584,645,584,645,61,0.9857351779937744,,,,,False,False
h4_chr1_236620149_236624244,8,1092,1159,1092,1159,67,0.9848865270614624,,,,,False,False
h4_chr1_236620149_236624244,9,1971,2023,1971,2023,52,0.9844353795051575,,,,,False,False
h4_chr1_236620149_236624244,10,1736,1796,1736,1796,60,0.9832229614257812,,,,,False,False
h4_chr1_236620149_236624244,11,1303,1353,1303,1353,50,0.9830988645553589,Initiator,GATA,promoter,tfbs,True,False
h4_chr1_236620149_236624244,12,745,810,745,810,65,0.9824108481407166,,,,,False,False
h4_chr1_236620149_236624244,13,1300,1353,1300,1353,53,0.9808541536331177,,GATA,,tfbs,False,False
h4_chr1_236620149_236624244,14,1434,1501,1434,1501,67,0.9807633757591248,,,,,False,False
h4_chr1_236620149_236624244,15,1359,1439,1359,1439,80,0.9804514050483704,,,,,False,False
h4_chr1_236620149_236624244,16,883,934,883,934,51,0.9802858233451843,,,,,False,False
h4_chr1_236620149_236624244,17,1048,1159,1048,1159,111,0.9800022840499878,,,,,False,False
h4_chr1_236620149_236624244,18,1047,1132,1047,1132,85,0.9799714684486389,,,,,False,False
h4_chr1_236620149_236624244,19,1353,1426,1353,1426,73,0.9798901677131653,GATA,,tfbs,,False,False
h4_chr1_236620149_236624244,20,1047,1099,1047,1099,52,0.9797725081443787,,Initiator,,promoter,False,False
h4_chr1_236620149_236624244,21,1055,1122,1055,1122,67,0.9794095754623413,,,,,False,False
h4_chr1_236620149_236624244,22,1159,1209,1159,1209,50,0.9792524576187134,,,,,False,False
h4_chr1_236620149_236624244,23,1339,1434,1339,1434,95,0.9790265560150146,Initiator,,promoter,,False,False
h4_chr1_236620149_236624244,24,613,693,613,693,80,0.9789705276489258,Initiator,Initiator,promoter,promoter,True,True
h4_chr1_236620149_236624244,25,3350,3442,3350,3442,92,0.9789560437202454,,,,,False,False
h4_chr1_236620149_236624244,26,1281,1339,1281,1339,58,0.9789340496063232,,Initiator,,promoter,False,False
h4_chr1_236620149_236624244,27,1678,1736,1678,1736,58,0.9785456657409668,Initiator,,promoter,,False,False
h4_chr1_236620149_236624244,28,1337,1425,1337,1425,88,0.9784110188484192,Initiator,,promoter,,False,False
h4_chr1_236620149_236624244,29,1435,1533,1435,1533,98,0.9781638979911804,,,,,False,False
h4_chr1_236620149_236624244,30,1735,1796,1735,1796,61,0.9779413342475891,,,,,False,False
h4_chr1_236620149_236624244,31,1141,1192,1141,1192,51,0.9778151512145996,,,,,False,False
h4_chr1_236620149_236624244,32,498,549,498,549,51,0.9774085879325867,Initiator,,promoter,,False,False
h4_chr1_236620149_236624244,33,1425,1501,1425,1501,76,0.9773296117782593,,,,,False,False
h4_chr1_236620149_236624244,34,1371,1434,1371,1434,63,0.9773247838020325,Initiator,,promoter,,False,False
h4_chr1_236620149_236624244,35,756,833,756,833,77,0.977318525314331,,Initiator,,promoter,False,False
h4_chr1_236620149_236624244,36,1736,1793,1736,1793,57,0.9772780537605286,,,,,False,False
h4_chr1_236620149_236624244,37,3323,3428,3323,3428,105,0.9771235585212708,,,,,False,False
h4_chr1_236620149_236624244,38,592,677,592,677,85,0.977002739906311,,,,,False,False
h4_chr1_236620149_236624244,39,1141,1194,1141,1194,53,0.9768483638763428,,,,,False,False
h4_chr1_236620149_236624244,40,1314,1384,1314,1384,70,0.9768374562263489,,,,,False,False
h4_chr1_236620149_236624244,41,1656,1712,1656,1712,56,0.9768324494361877,,,,,False,False
h4_chr1_236620149_236624244,42,1337,1434,1337,1434,97,0.9768256545066833,Initiator,,promoter,,False,False
h4_chr1_236620149_236624244,43,1346,1426,1346,1426,80,0.9766953587532043,,,,,False,False
h4_chr1_236620149_236624244,44,1384,1501,1384,1501,117,0.9766145348548889,,,,,False,False
h4_chr1_236620149_236624244,45,742,810,742,810,68,0.9765316843986511,,,,,False,False
h4_chr1_236620149_236624244,46,1426,1533,1426,1533,107,0.9764672517776489,,,,,False,False
h4_chr1_236620149_236624244,47,1303,1398,1303,1398,95,0.9762814044952393,Initiator,TATA_box,promoter,promoter,True,False
h4_chr1_236620149_236624244,48,1339,1425,1339,1425,86,0.976187527179718,Initiator,,promoter,,False,False
h4_chr1_236620149_236624244,49,1282,1385,1282,1385,103,0.9761003255844116,,,,,False,False
h4_chr1_236620149_236624244,50,1678,1735,1678,1735,57,0.9757882952690125,Initiator,,promoter,,False,False
h4_chr1_236620149_236624244,51,1426,1527,1426,1527,101,0.9757822155952454,,,,,False,False
h4_chr1_236620149_236624244,52,1895,2023,1895,2023,128,0.9757587313652039,Initiator,,promoter,,False,False
h4_chr1_236620149_236624244,53,1300,1359,1300,1359,59,0.9751958250999451,,,,,False,False
h4_chr1_236620149_236624244,54,1099,1175,1099,1175,76,0.9751948118209839,Initiator,,promoter,,False,False
h4_chr1_236620149_236624244,55,1289,1371,1289,1371,82,0.974938154220581,GATA;Initiator,Initiator,promoter;tfbs,promoter,True,True
h4_chr1_236620149_236624244,56,1051,1204,1051,1204,153,0.9749366641044617,,,,,False,False
h4_chr1_236620149_236624244,57,1448,1501,1448,1501,53,0.9748530387878418,,,,,False,False
h4_chr1_236620149_236624244,58,781,888,781,888,107,0.9748528003692627,Initiator,,promoter,,False,False
h4_chr1_236620149_236624244,59,745,883,745,883,138,0.9748514890670776,,,,,False,False
h4_chr1_236620149_236624244,60,1281,1337,1281,1337,56,0.974826991558075,,Initiator,,promoter,False,False
h4_chr1_236620149_236624244,61,1281,1371,1281,1371,90,0.9747862219810486,,Initiator,,promoter,False,False
h4_chr1_236620149_236624244,62,972,1047,972,1047,75,0.9747602343559265,,,,,False,False
h4_chr1_236620149_236624244,63,1346,1398,1346,1398,52,0.97471022605896,,TATA_box,,promoter,False,False
h4_chr1_236620149_236624244,64,1668,1720,1668,1720,52,0.9746421575546265,Initiator,,promoter,,False,False
h4_chr1_236620149_236624244,65,1292,1371,1292,1371,79,0.9746152758598328,GATA,Initiator,tfbs,promoter,True,False
h4_chr1_236620149_236624244,66,1673,1736,1673,1736,63,0.9745905995368958,Initiator,,promoter,,False,False
h4_chr1_236620149_236624244,67,1054,1121,1054,1121,67,0.9744130969047546,,,,,False,False
h4_chr1_236620149_236624244,68,810,934,810,934,124,0.9743024110794067,,,,,False,False
h4_chr1_236620149_236624244,69,1426,1520,1426,1520,94,0.9742054343223572,,,,,False,False
h4_chr1_236620149_236624244,70,1448,1516,1448,1516,68,0.9741404056549072,,,,,False,False
h4_chr1_236620149_236624244,71,3323,3430,3323,3430,107,0.9740291237831116,,,,,False,False
h4_chr1_236620149_236624244,72,1736,1795,1736,1795,59,0.9740285873413086,,,,,False,False
h4_chr1_236620149_236624244,73,1385,1435,1385,1435,50,0.9739986062049866,,,,,False,False
h4_chr1_236620149_236624244,74,1305,1426,1305,1426,121,0.9739848971366882,Initiator,,promoter,,False,False
h4_chr1_236620149_236624244,75,1303,1426,1303,1426,123,0.9739839434623718,Initiator,,promoter,,False,False
h4_chr1_236620149_236624244,76,1435,1520,1435,1520,85,0.9739775657653809,,,,,False,False
h4_chr1_236620149_236624244,77,1047,1146,1047,1146,99,0.9738735556602478,,,,,False,False
h4_chr1_236620149_236624244,78,1353,1435,1353,1435,82,0.9738560914993286,GATA,,tfbs,,False,False
h4_chr1_236620149_236624244,79,1346,1435,1346,1435,89,0.9737781286239624,,,,,False,False
h4_chr1_236620149_236624244,80,1922,2049,1922,2049,127,0.9737709760665894,,,,,False,False
h4_chr1_236620149_236624244,81,1872,2023,1872,2023,151,0.9737120270729065,,,,,False,False
h4_chr1_236620149_236624244,82,1394,1473,1394,1473,79,0.9736381769180298,,,,,False,False
h4_chr1_236620149_236624244,83,1305,1398,1305,1398,93,0.9734323620796204,Initiator,TATA_box,promoter,promoter,True,False
h4_chr1_236620149_236624244,84,1281,1384,1281,1384,103,0.9734209775924683,,,,,False,False
h4_chr1_236620149_236624244,85,1141,1207,1141,1207,66,0.9733679890632629,,,,,False,False
h4_chr1_236620149_236624244,86,1371,1422,1371,1422,51,0.9732189774513245,Initiator,Initiator,promoter,promoter,True,True
h4_chr1_236620149_236624244,87,3669,3744,3669,3744,75,0.9731887578964233,,,,,False,False
h4_chr1_236620149_236624244,88,816,901,816,901,85,0.9731473326683044,,Initiator,,promoter,False,False
h4_chr1_236620149_236624244,89,1371,1425,1371,1425,54,0.9731050133705139,Initiator,,promoter,,False,False
h4_chr1_236620149_236624244,90,1668,1736,1668,1736,68,0.9729770421981812,Initiator,,promoter,,False,False
h4_chr1_236620149_236624244,91,955,1048,955,1048,93,0.9729111790657043,Initiator,,promoter,,False,False
h4_chr1_236620149_236624244,92,1435,1527,1435,1527,92,0.9726299047470093,,,,,False,False
h4_chr1_236620149_236624244,93,1732,1864,1732,1864,132,0.9725134968757629,,,,,False,False
h4_chr1_236620149_236624244,94,3596,3654,3596,3654,58,0.9724298119544983,Initiator;TATA_box,Initiator,promoter,promoter,True,True
h4_chr1_236620149_236624244,95,1398,1527,1398,1527,129,0.9724184274673462,TATA_box,,promoter,,False,False
h4_chr1_236620149_236624244,96,742,804,742,804,62,0.9722924828529358,,,,,False,False
h4_chr1_236620149_236624244,97,469,538,469,538,69,0.9721483588218689,Initiator,,promoter,,False,False
h4_chr1_236620149_236624244,98,1338,1410,1338,1410,72,0.972017765045166,Initiator,,promoter,,False,False
h4_chr1_236620149_236624244,99,1292,1384,1292,1384,92,0.971819281578064,GATA,,tfbs,,False,False
h4_chr1_236620149_236624244,100,1305,1410,1305,1410,105,0.9717903137207031,Initiator,,promoter,,False,False
h4_chr1_236620149_236624244,101,3656,3770,3656,3770,114,0.9713054895401001,Initiator,,promoter,,False,False
h4_chr1_236620149_236624244,102,1305,1435,1305,1435,130,0.9713021516799927,Initiator,,promoter,,False,False
h4_chr1_236620149_236624244,103,1871,2023,1871,2023,152,0.9712952375411987,,,,,False,False
h4_chr1_236620149_236624244,104,1435,1517,1435,1517,82,0.9712038040161133,,,,,False,False
h4_chr1_236620149_236624244,105,1673,1735,1673,1735,62,0.9711276292800903,Initiator,,promoter,,False,False
h4_chr1_236620149_236624244,106,1434,1516,1434,1516,82,0.9710232615470886,,,,,False,False
h4_chr1_236620149_236624244,107,1871,1971,1871,1971,100,0.9709709882736206,,,,,False,False
h4_chr1_236620149_236624244,108,810,918,810,918,108,0.9709169268608093,,,,,False,False
h4_chr1_236620149_236624244,109,1371,1448,1371,1448,77,0.9709162712097168,Initiator,,promoter,,False,False
h4_chr1_236620149_236624244,110,1093,1160,1093,1160,67,0.9707692265510559,,,,,False,False
h4_chr1_236620149_236624244,111,756,857,756,857,101,0.9707489013671875,,,,,False,False
h4_chr1_236620149_236624244,112,1426,1517,1426,1517,91,0.9707235097885132,,,,,False,False
h4_chr1_236620149_236624244,113,1051,1200,1051,1200,149,0.9704389572143555,,GATA,,tfbs,False,False
h4_chr1_236620149_236624244,114,1422,1537,1422,1537,115,0.9703913331031799,Initiator,,promoter,,False,False
h4_chr1_236620149_236624244,115,1338,1402,1338,1402,64,0.9703837037086487,Initiator,TATA_box,promoter,promoter,True,False
h4_chr1_236620149_236624244,116,1099,1160,1099,1160,61,0.9703708291053772,Initiator,,promoter,,False,False
h4_chr1_236620149_236624244,117,1384,1448,1384,1448,64,0.9703476428985596,,,,,False,False
h4_chr1_236620149_236624244,118,588,677,588,677,89,0.9702415466308594,,,,,False,False
h4_chr1_236620149_236624244,119,3676,3770,3676,3770,94,0.9702094197273254,Initiator,,promoter,,False,False
h4_chr1_236620149_236624244,120,1425,1516,1425,1516,91,0.970064640045166,,,,,False,False
h4_chr1_236620149_236624244,121,1841,1922,1841,1922,81,0.9699053168296814,,,,,False,False
h4_chr1_236620149_236624244,122,1097,1160,1097,1160,63,0.969843327999115,Initiator,,promoter,,False,False
h4_chr1_236620149_236624244,123,1303,1359,1303,1359,56,0.9697613716125488,Initiator,,promoter,,False,False
h4_chr1_236620149_236624244,124,1448,1532,1448,1532,84,0.9695308804512024,,,,,False,False
h4_chr1_236620149_236624244,125,1385,1439,1385,1439,54,0.9694951176643372,,,,,False,False
h4_chr1_236620149_236624244,126,1398,1533,1398,1533,135,0.969474196434021,TATA_box,,promoter,,False,False
h4_chr1_236620149_236624244,127,3549,3634,3549,3634,85,0.9693928956985474,,,,,False,False
h4_chr1_236620149_236624244,128,1678,1796,1678,1796,118,0.9693665504455566,Initiator,,promoter,,False,False
h4_chr1_236620149_236624244,129,1736,1794,1736,1794,58,0.9693293571472168,,,,,False,False
h4_chr1_236620149_236624244,130,636,772,636,772,136,0.9693180918693542,,,,,False,False
h4_chr1_236620149_236624244,131,1303,1410,1303,1410,107,0.9692147374153137,Initiator,,promoter,,False,False
h4_chr1_236620149_236624244,132,1303,1435,1303,1435,132,0.9690812826156616,Initiator,,promoter,,False,False
h4_chr1_236620149_236624244,133,1092,1209,1092,1209,117,0.969035804271698,,,,,False,False
h4_chr1_236620149_236624244,134,900,955,900,955,55,0.969034731388092,Initiator,Initiator,promoter,promoter,True,True
h4_chr1_236620149_236624244,135,1735,1793,1735,1793,58,0.9689880013465881,,,,,False,False
h4_chr1_236620149_236624244,136,604,669,604,669,65,0.9688992500305176,,,,,False,False
h4_chr1_236620149_236624244,137,1162,1237,1162,1237,75,0.9688627123832703,,,,,False,False
h4_chr1_236620149_236624244,138,1720,1872,1720,1872,152,0.9687818288803101,,,,,False,False
h4_chr1_236620149_236624244,139,1303,1385,1303,1385,82,0.9687740802764893,Initiator,,promoter,,False,False
h4_chr1_236620149_236624244,140,1339,1448,1339,1448,109,0.9687106609344482,Initiator,,promoter,,False,False
h4_chr1_236620149_236624244,141,1371,1501,1371,1501,130,0.9686801433563232,Initiator,,promoter,,False,False
h4_chr1_236620149_236624244,142,3592,3643,3592,3643,51,0.96861332654953,TATA_box,,promoter,,False,False
h4_chr1_236620149_236624244,143,1359,1426,1359,1426,67,0.9685485363006592,,,,,False,False
h4_chr1_236620149_236624244,144,1338,1435,1338,1435,97,0.968543529510498,Initiator,,promoter,,False,False
h4_chr1_236620149_236624244,145,804,921,804,921,117,0.968486487865448,,,,,False,False
h4_chr1_236620149_236624244,146,1384,1516,1384,1516,132,0.9684311151504517,,,,,False,False
h4_chr1_236620149_236624244,147,406,499,406,499,93,0.968408465385437,,Initiator,,promoter,False,False
h4_chr1_236620149_236624244,148,3096,3277,3096,3277,181,0.9683188199996948,,,,,False,False
h4_chr1_236620149_236624244,149,1314,1434,1314,1434,120,0.968246340751648,,,,,False,False
h4_chr1_236620149_236624244,150,3766,3825,3766,3825,59,0.968166708946228,,,,,False,False
h4_chr1_236620149_236624244,151,728,784,728,784,56,0.9681270718574524,Initiator,GATA,promoter,tfbs,True,False
h4_chr1_236620149_236624244,152,815,911,815,911,96,0.9680168032646179,,,,,False,False
h4_chr1_236620149_236624244,153,3387,3501,3387,3501,114,0.9679147005081177,,,,,False,False
h4_chr1_236620149_236624244,154,1289,1339,1289,1339,50,0.9677960276603699,GATA;Initiator,Initiator,promoter;tfbs,promoter,True,True
h4_chr1_236620149_236624244,155,1735,1795,1735,1795,60,0.96779465675354,,,,,False,False
h4_chr1_236620149_236624244,156,1385,1517,1385,1517,132,0.9677104353904724,,,,,False,False
h4_chr1_236620149_236624244,157,1305,1385,1305,1385,80,0.9675970077514648,Initiator,,promoter,,False,False
h4_chr1_236620149_236624244,158,815,888,815,888,73,0.9675513505935669,,,,,False,False
h4_chr1_236620149_236624244,159,716,767,716,767,51,0.967464804649353,,Initiator,,promoter,False,False
h4_chr1_236620149_236624244,160,1796,1895,1796,1895,99,0.967352032661438,,Initiator,,promoter,False,False
h4_chr1_236620149_236624244,161,1720,1895,1720,1895,175,0.9673416018486023,,Initiator,,promoter,False,False
h4_chr1_236620149_236624244,162,1736,1872,1736,1872,136,0.9672232270240784,,,,,False,False
h4_chr1_236620149_236624244,163,3435,3501,3435,3501,66,0.9670813679695129,,,,,False,False
h4_chr1_236620149_236624244,164,1398,1520,1398,1520,122,0.9670203924179077,TATA_box,,promoter,,False,False
h4_chr1_236620149_236624244,165,1209,1281,1209,1281,72,0.9670197367668152,,,,,False,False
h4_chr1_236620149_236624244,166,1338,1398,1338,1398,60,0.9669522643089294,Initiator,TATA_box,promoter,promoter,True,False
h4_chr1_236620149_236624244,167,1496,1553,1496,1553,57,0.9667847156524658,,,,,False,False
h4_chr1_236620149_236624244,168,3598,3654,3598,3654,56,0.9667389988899231,Initiator;TATA_box,Initiator,promoter,promoter,True,True
h4_chr1_236620149_236624244,169,1678,1793,1678,1793,115,0.9667103290557861,Initiator,,promoter,,False,False
h4_chr1_236620149_236624244,170,1796,1872,1796,1872,76,0.9666752815246582,,,,,False,False
h4_chr1_236620149_236624244,171,820,921,820,921,101,0.9666251540184021,Initiator,,promoter,,False,False
h4_chr1_236620149_236624244,172,1300,1426,1300,1426,126,0.966618537902832,,,,,False,False
h4_chr1_236620149_236624244,173,1668,1735,1668,1735,67,0.9663419127464294,Initiator,,promoter,,False,False
h4_chr1_236620149_236624244,174,1300,1398,1300,1398,98,0.966255247592926,,TATA_box,,promoter,False,False
h4_chr1_236620149_236624244,175,470,539,470,539,69,0.9661216735839844,Initiator,,promoter,,False,False
h4_chr1_236620149_236624244,176,1289,1422,1289,1422,133,0.9660910964012146,GATA;Initiator,Initiator,promoter;tfbs,promoter,True,True
h4_chr1_236620149_236624244,177,1385,1502,1385,1502,117,0.9660405516624451,,,,,False,False
h4_chr1_236620149_236624244,178,3350,3430,3350,3430,80,0.966038703918457,,,,,False,False
h4_chr1_236620149_236624244,179,1410,1527,1410,1527,117,0.9659213423728943,,,,,False,False
h4_chr1_236620149_236624244,180,958,1048,958,1048,90,0.9657386541366577,,,,,False,False
h4_chr1_236620149_236624244,181,1314,1425,1314,1425,111,0.9657378196716309,,,,,False,False
h4_chr1_236620149_236624244,182,1080,1160,1080,1160,80,0.965682864189148,,,,,False,False
h4_chr1_236620149_236624244,183,1359,1435,1359,1435,76,0.9656823873519897,,,,,False,False
h4_chr1_236620149_236624244,184,3549,3643,3549,3643,94,0.965549647808075,,,,,False,False
h4_chr1_236620149_236624244,185,1439,1517,1439,1517,78,0.965515673160553,,,,,False,False
h4_chr1_236620149_236624244,186,3432,3498,3432,3498,66,0.9654969573020935,,,,,False,False
h4_chr1_236620149_236624244,187,1425,1532,1425,1532,107,0.9653661251068115,,,,,False,False
h4_chr1_236620149_236624244,188,755,834,755,834,79,0.9653323292732239,,Initiator,,promoter,False,False
h4_chr1_236620149_236624244,189,1736,1895,1736,1895,159,0.9652337431907654,,Initiator,,promoter,False,False
h4_chr1_236620149_236624244,190,1338,1426,1338,1426,88,0.9651289582252502,Initiator,,promoter,,False,False
h4_chr1_236620149_236624244,191,266,372,266,372,106,0.9651204347610474,,,,,False,False
h4_chr1_236620149_236624244,192,1339,1501,1339,1501,162,0.9651017785072327,Initiator,,promoter,,False,False
h4_chr1_236620149_236624244,193,3132,3198,3132,3198,66,0.9650838375091553,,,,,False,False
h4_chr1_236620149_236624244,194,3132,3350,3132,3350,218,0.9650126695632935,,,,,False,False
h4_chr1_236620149_236624244,195,1434,1532,1434,1532,98,0.9650102257728577,,,,,False,False
h4_chr1_236620149_236624244,196,499,561,499,561,62,0.9649795293807983,Initiator,,promoter,,False,False
h4_chr1_236620149_236624244,197,3422,3498,3422,3498,76,0.9648432731628418,,,,,False,False
h4_chr1_236620149_236624244,198,584,665,584,665,81,0.964659571647644,,,,,False,False
h4_chr1_236620149_236624244,199,3667,3825,3667,3825,158,0.9646531343460083,,,,,False,False
h4_chr1_236620149_236624244,200,1385,1506,1385,1506,121,0.9646244049072266,,,,,False,False
h4_chr14_101543080_101547175,1,3910,3975,3910,3975,65,0.9944629073143005,,,,,False,False
h4_chr14_101543080_101547175,2,3852,3985,3852,3985,133,0.9937285780906677,,,,,False,False
h4_chr14_101543080_101547175,3,3295,3345,3295,3345,50,0.9921598434448242,,E_box,,tfbs,False,False
h4_chr14_101543080_101547175,4,3909,3975,3909,3975,66,0.992017388343811,,,,,False,False
h4_chr14_101543080_101547175,5,3734,3801,3734,3801,67,0.9914610981941223,,,,,False,False
h4_chr14_101543080_101547175,6,2269,2321,2269,2321,52,0.9906677603721619,,,,,False,False
h4_chr14_101543080_101547175,7,3552,3703,3552,3703,151,0.9901852607727051,,,,,False,False
h4_chr14_101543080_101547175,8,3658,3876,3658,3876,218,0.9898239374160767,,Initiator,,promoter,False,False
h4_chr14_101543080_101547175,9,3743,3795,3743,3795,52,0.9897719025611877,,,,,False,False
h4_chr14_101543080_101547175,10,3897,4018,3897,4018,121,0.9894206523895264,,,,,False,False
h4_chr14_101543080_101547175,11,3552,3657,3552,3657,105,0.9893057346343994,,,,,False,False
h4_chr14_101543080_101547175,12,3392,3483,3392,3483,91,0.9892010688781738,,,,,False,False
h4_chr14_101543080_101547175,13,3423,3493,3423,3493,70,0.9891926646232605,,,,,False,False
h4_chr14_101543080_101547175,14,3876,3960,3876,3960,84,0.9890264272689819,Initiator,Initiator,promoter,promoter,True,True
h4_chr14_101543080_101547175,15,3780,3866,3780,3866,86,0.9889585375785828,,,,,False,False
h4_chr14_101543080_101547175,16,2260,2321,2260,2321,61,0.9886575937271118,,,,,False,False
h4_chr14_101543080_101547175,17,3814,3866,3814,3866,52,0.9884036183357239,,,,,False,False
h4_chr14_101543080_101547175,18,3887,3956,3887,3956,69,0.9883183836936951,,,,,False,False
h4_chr14_101543080_101547175,19,3483,3606,3483,3606,123,0.9882499575614929,,,,,False,False
h4_chr14_101543080_101547175,20,2990,3056,2990,3056,66,0.9881067872047424,,,,,False,False
h4_chr14_101543080_101547175,21,3627,3734,3627,3734,107,0.9880208373069763,,,,,False,False
h4_chr14_101543080_101547175,22,3552,3743,3552,3743,191,0.9874966144561768,,,,,False,False
h4_chr14_101543080_101547175,23,2773,2847,2773,2847,74,0.9874938726425171,BREu,BREu,promoter,promoter,True,True
h4_chr14_101543080_101547175,24,3909,4028,3909,4028,119,0.9873713254928589,,,,,False,False
h4_chr14_101543080_101547175,25,3376,3552,3376,3552,176,0.9873701930046082,Initiator,,promoter,,False,False
h4_chr14_101543080_101547175,26,3411,3468,3411,3468,57,0.9873473644256592,,,,,False,False
h4_chr14_101543080_101547175,27,3975,4028,3975,4028,53,0.9872737526893616,,,,,False,False
h4_chr14_101543080_101547175,28,3069,3139,3069,3139,70,0.9870352149009705,,,,,False,False
h4_chr14_101543080_101547175,29,3795,3852,3795,3852,57,0.9870243668556213,,,,,False,False
h4_chr14_101543080_101547175,30,3742,3851,3742,3851,109,0.9870176315307617,,,,,False,False
h4_chr14_101543080_101547175,31,3791,3870,3791,3870,79,0.986966073513031,,,,,False,False
h4_chr14_101543080_101547175,32,2166,2218,2166,2218,52,0.9868654012680054,,Initiator,,promoter,False,False
h4_chr14_101543080_101547175,33,3909,4029,3909,4029,120,0.9868392944335938,,,,,False,False
h4_chr14_101543080_101547175,34,3318,3397,3318,3397,79,0.9867680072784424,,,,,False,False
h4_chr14_101543080_101547175,35,3909,3974,3909,3974,65,0.9867053627967834,,,,,False,False
h4_chr14_101543080_101547175,36,3974,4029,3974,4029,55,0.9866790175437927,,,,,False,False
h4_chr14_101543080_101547175,37,3715,3767,3715,3767,52,0.9865952730178833,,,,,False,False
h4_chr14_101543080_101547175,38,3852,3990,3852,3990,138,0.9865204095840454,,,,,False,False
h4_chr14_101543080_101547175,39,3743,3985,3743,3985,242,0.9862451553344727,,,,,False,False
h4_chr14_101543080_101547175,40,3715,3801,3715,3801,86,0.9859492182731628,,,,,False,False
h4_chr14_101543080_101547175,41,3876,3930,3876,3930,54,0.9858412146568298,Initiator,,promoter,,False,False
h4_chr14_101543080_101547175,42,3791,3881,3791,3881,90,0.9857234954833984,,,,,False,False
h4_chr14_101543080_101547175,43,3441,3552,3441,3552,111,0.9856123924255371,,,,,False,False
h4_chr14_101543080_101547175,44,3852,3960,3852,3960,108,0.9855329990386963,,Initiator,,promoter,False,False
h4_chr14_101543080_101547175,45,3791,3841,3791,3841,50,0.9853957891464233,,,,,False,False
h4_chr14_101543080_101547175,46,3627,3801,3627,3801,174,0.9852259159088135,,,,,False,False
h4_chr14_101543080_101547175,47,3881,4040,3881,4040,159,0.9851187467575073,,,,,False,False
h4_chr14_101543080_101547175,48,3841,4032,3841,4032,191,0.9850819706916809,,,,,False,False
h4_chr14_101543080_101547175,49,3776,3839,3776,3839,63,0.985007107257843,,,,,False,False
h4_chr14_101543080_101547175,50,3483,3654,3483,3654,171,0.9849374294281006,,,,,False,False
h4_chr14_101543080_101547175,51,1973,2041,1973,2041,68,0.9848869442939758,,,,,False,False
h4_chr14_101543080_101547175,52,3815,3866,3815,3866,51,0.9848811030387878,,,,,False,False
h4_chr14_101543080_101547175,53,3439,3657,3439,3657,218,0.9848711490631104,,,,,False,False
h4_chr14_101543080_101547175,54,2709,2760,2709,2760,51,0.9848241806030273,,,,,False,False
h4_chr14_101543080_101547175,55,3816,3866,3816,3866,50,0.9847016930580139,,,,,False,False
h4_chr14_101543080_101547175,56,3317,3384,3317,3384,67,0.9846795201301575,,,,,False,False
h4_chr14_101543080_101547175,57,1908,2041,1908,2041,133,0.9846457839012146,,,,,False,False
h4_chr14_101543080_101547175,58,3815,3865,3815,3865,50,0.9845942258834839,,,,,False,False
h4_chr14_101543080_101547175,59,3910,3974,3910,3974,64,0.9845663905143738,,,,,False,False
h4_chr14_101543080_101547175,60,1915,2011,1915,2011,96,0.984512448310852,,,,,False,False
h4_chr14_101543080_101547175,61,3975,4029,3975,4029,54,0.9844962358474731,,,,,False,False
h4_chr14_101543080_101547175,62,3881,4032,3881,4032,151,0.9844266772270203,,,,,False,False
h4_chr14_101543080_101547175,63,3654,3771,3654,3771,117,0.9843645691871643,,,,,False,False
h4_chr14_101543080_101547175,64,4015,4081,4015,4081,66,0.9843547344207764,,,,,False,False
h4_chr14_101543080_101547175,65,3484,3606,3484,3606,122,0.984340488910675,,,,,False,False
h4_chr14_101543080_101547175,66,3669,3779,3669,3779,110,0.9843146800994873,,,,,False,False
h4_chr14_101543080_101547175,67,3318,3381,3318,3381,63,0.9841215014457703,,,,,False,False
h4_chr14_101543080_101547175,68,1891,2011,1891,2011,120,0.9840489029884338,,,,,False,False
h4_chr14_101543080_101547175,69,3294,3344,3294,3344,50,0.9837124347686768,,E_box,,tfbs,False,False
h4_chr14_101543080_101547175,70,1975,2041,1975,2041,66,0.9836012125015259,,,,,False,False
h4_chr14_101543080_101547175,71,1934,2041,1934,2041,107,0.9835818409919739,,,,,False,False
h4_chr14_101543080_101547175,72,3971,4025,3971,4025,54,0.9835293889045715,,,,,False,False
h4_chr14_101543080_101547175,73,3518,3598,3518,3598,80,0.9833781719207764,,,,,False,False
h4_chr14_101543080_101547175,74,3825,3881,3825,3881,56,0.9832503199577332,,,,,False,False
h4_chr14_101543080_101547175,75,3910,4028,3910,4028,118,0.9831026792526245,,,,,False,False
h4_chr14_101543080_101547175,76,3286,3357,3286,3357,71,0.9830588102340698,GATA,,tfbs,,False,False
h4_chr14_101543080_101547175,77,3956,4013,3956,4013,57,0.9830480813980103,,,,,False,False
h4_chr14_101543080_101547175,78,3736,3841,3736,3841,105,0.9829592704772949,,,,,False,False
h4_chr14_101543080_101547175,79,2240,2317,2240,2317,77,0.9829451441764832,Initiator,,promoter,,False,False
h4_chr14_101543080_101547175,80,3720,3838,3720,3838,118,0.9829403758049011,,,,,False,False
h4_chr14_101543080_101547175,81,3827,4032,3827,4032,205,0.9829354286193848,,,,,False,False
h4_chr14_101543080_101547175,82,3172,3244,3172,3244,72,0.982840359210968,Initiator,,promoter,,False,False
h4_chr14_101543080_101547175,83,3795,3989,3795,3989,194,0.9828159213066101,,,,,False,False
h4_chr14_101543080_101547175,84,3876,3985,3876,3985,109,0.9827725887298584,Initiator,,promoter,,False,False
h4_chr14_101543080_101547175,85,3870,4040,3870,4040,170,0.9827495217323303,,,,,False,False
h4_chr14_101543080_101547175,86,3963,4035,3963,4035,72,0.9826932549476624,Initiator,,promoter,,False,False
h4_chr14_101543080_101547175,87,3627,3715,3627,3715,88,0.9825981855392456,,,,,False,False
h4_chr14_101543080_101547175,88,1908,1973,1908,1973,65,0.9824770092964172,,,,,False,False
h4_chr14_101543080_101547175,89,3839,3899,3839,3899,60,0.9822993874549866,,,,,False,False
h4_chr14_101543080_101547175,90,3910,4029,3910,4029,119,0.9822919964790344,,,,,False,False
h4_chr14_101543080_101547175,91,3814,3903,3814,3903,89,0.9822875261306763,,,,,False,False
h4_chr14_101543080_101547175,92,3866,4016,3866,4016,150,0.982262909412384,,,,,False,False
h4_chr14_101543080_101547175,93,2119,2206,2119,2206,87,0.9822292923927307,,,,,False,False
h4_chr14_101543080_101547175,94,3841,4040,3841,4040,199,0.9821743369102478,,,,,False,False
h4_chr14_101543080_101547175,95,3817,3903,3817,3903,86,0.9821151494979858,,,,,False,False
h4_chr14_101543080_101547175,96,3974,4028,3974,4028,54,0.9820938110351562,,,,,False,False
h4_chr14_101543080_101547175,97,2895,2980,2895,2980,85,0.9820336699485779,,Initiator,,promoter,False,False
h4_chr14_101543080_101547175,98,3349,3441,3349,3441,92,0.9820165038108826,,,,,False,False
h4_chr14_101543080_101547175,99,3439,3560,3439,3560,121,0.9820153713226318,,,,,False,False
h4_chr14_101543080_101547175,100,3621,3672,3621,3672,51,0.9820062518119812,,,,,False,False
h4_chr14_101543080_101547175,101,3286,3393,3286,3393,107,0.9819931983947754,GATA,,tfbs,,False,False
h4_chr14_101543080_101547175,102,3890,4016,3890,4016,126,0.9819765686988831,,,,,False,False
h4_chr14_101543080_101547175,103,3327,3439,3327,3439,112,0.9819347858428955,,,,,False,False
h4_chr14_101543080_101547175,104,3658,3852,3658,3852,194,0.9818825721740723,,,,,False,False
h4_chr14_101543080_101547175,105,3368,3552,3368,3552,184,0.9818822145462036,,,,,False,False
h4_chr14_101543080_101547175,106,3866,3921,3866,3921,55,0.9818161129951477,,,,,False,False
h4_chr14_101543080_101547175,107,3813,3865,3813,3865,52,0.9817743897438049,,,,,False,False
h4_chr14_101543080_101547175,108,3731,3861,3731,3861,130,0.9817349910736084,,GC_box,,promoter,False,False
h4_chr14_101543080_101547175,109,3392,3484,3392,3484,92,0.9816269874572754,,,,,False,False
h4_chr14_101543080_101547175,110,268,372,268,372,104,0.9816245436668396,,,,,False,False
h4_chr14_101543080_101547175,111,3552,3682,3552,3682,130,0.9816213846206665,,,,,False,False
h4_chr14_101543080_101547175,112,3439,3703,3439,3703,264,0.9815247058868408,,,,,False,False
h4_chr14_101543080_101547175,113,3708,3880,3708,3880,172,0.9815183877944946,,,,,False,False
h4_chr14_101543080_101547175,114,952,1019,952,1019,67,0.981495201587677,,,,,False,False
h4_chr14_101543080_101547175,115,2703,2754,2703,2754,51,0.9814873337745667,,,,,False,False
h4_chr14_101543080_101547175,116,2835,2895,2835,2895,60,0.9814776182174683,,,,,False,False
h4_chr14_101543080_101547175,117,3849,4077,3849,4077,228,0.9814658164978027,,Initiator,,promoter,False,False
h4_chr14_101543080_101547175,118,3795,3971,3795,3971,176,0.9814379215240479,,,,,False,False
h4_chr14_101543080_101547175,119,1993,2064,1993,2064,71,0.9813966155052185,,,,,False,False
h4_chr14_101543080_101547175,120,4029,4082,4029,4082,53,0.9813823103904724,,,,,False,False
h4_chr14_101543080_101547175,121,2137,2218,2137,2218,81,0.9813708662986755,,Initiator,,promoter,False,False
h4_chr14_101543080_101547175,122,3540,3676,3540,3676,136,0.9813482761383057,,,,,False,False
h4_chr14_101543080_101547175,123,2645,2704,2645,2704,59,0.9812745451927185,,,,,False,False
h4_chr14_101543080_101547175,124,1665,1753,1665,1753,88,0.9811815023422241,,,,,False,False
h4_chr14_101543080_101547175,125,3619,3672,3619,3672,53,0.9811684489250183,,,,,False,False
h4_chr14_101543080_101547175,126,1908,1975,1908,1975,67,0.9811354279518127,,,,,False,False
h4_chr14_101543080_101547175,127,3743,3990,3743,3990,247,0.9810541868209839,,,,,False,False
h4_chr14_101543080_101547175,128,3870,4032,3870,4032,162,0.9810091853141785,,,,,False,False
h4_chr14_101543080_101547175,129,3347,3400,3347,3400,53,0.9809945821762085,E_box,,tfbs,,False,False
h4_chr14_101543080_101547175,130,2140,2240,2140,2240,100,0.9809399247169495,,Initiator,,promoter,False,False
h4_chr14_101543080_101547175,131,3557,3841,3557,3841,284,0.9809334874153137,,,,,False,False
h4_chr14_101543080_101547175,132,3557,3642,3557,3642,85,0.9809251427650452,,,,,False,False
h4_chr14_101543080_101547175,133,3834,4018,3834,4018,184,0.9809103608131409,,,,,False,False
h4_chr14_101543080_101547175,134,3466,3647,3466,3647,181,0.9808962345123291,,,,,False,False
h4_chr14_101543080_101547175,135,3557,3870,3557,3870,313,0.9808675050735474,,,,,False,False
h4_chr14_101543080_101547175,136,3816,3903,3816,3903,87,0.9808014631271362,,,,,False,False
h4_chr14_101543080_101547175,137,3709,3793,3709,3793,84,0.980699360370636,,,,,False,False
h4_chr14_101543080_101547175,138,3780,3921,3780,3921,141,0.9806806445121765,,,,,False,False
h4_chr14_101543080_101547175,139,3896,4016,3896,4016,120,0.9806661605834961,,,,,False,False
h4_chr14_101543080_101547175,140,3717,3841,3717,3841,124,0.9806507229804993,,,,,False,False
h4_chr14_101543080_101547175,141,3726,3841,3726,3841,115,0.9806241989135742,,,,,False,False
h4_chr14_101543080_101547175,142,3804,3976,3804,3976,172,0.9806185960769653,,,,,False,False
h4_chr14_101543080_101547175,143,3615,3743,3615,3743,128,0.9806123971939087,,,,,False,False
h4_chr14_101543080_101547175,144,2644,2703,2644,2703,59,0.9806118011474609,,,,,False,False
h4_chr14_101543080_101547175,145,3243,3367,3243,3367,124,0.9805828928947449,,,,,False,False
h4_chr14_101543080_101547175,146,3552,3640,3552,3640,88,0.9805555939674377,,,,,False,False
h4_chr14_101543080_101547175,147,3839,3905,3839,3905,66,0.9805240035057068,,,,,False,False
h4_chr14_101543080_101547175,148,3249,3316,3249,3316,67,0.9805189967155457,,,,,False,False
h4_chr14_101543080_101547175,149,3828,3880,3828,3880,52,0.980430006980896,,,,,False,False
h4_chr14_101543080_101547175,150,3393,3483,3393,3483,90,0.9803952574729919,,,,,False,False
h4_chr14_101543080_101547175,151,3279,3367,3279,3367,88,0.9803942441940308,Initiator,,promoter,,False,False
h4_chr14_101543080_101547175,152,3815,4018,3815,4018,203,0.9803635478019714,,,,,False,False
h4_chr14_101543080_101547175,153,3669,3813,3669,3813,144,0.9802857041358948,,,,,False,False
h4_chr14_101543080_101547175,154,3817,4018,3817,4018,201,0.9802529811859131,,,,,False,False
h4_chr14_101543080_101547175,155,3748,3813,3748,3813,65,0.9801914095878601,,,,,False,False
h4_chr14_101543080_101547175,156,3601,3694,3601,3694,93,0.9801216721534729,,,,,False,False
h4_chr14_101543080_101547175,157,3816,4018,3816,4018,202,0.9800792932510376,,,,,False,False
h4_chr14_101543080_101547175,158,3841,3928,3841,3928,87,0.9800774455070496,,,,,False,False
h4_chr14_101543080_101547175,159,3708,3824,3708,3824,116,0.9800707101821899,,,,,False,False
h4_chr14_101543080_101547175,160,3370,3543,3370,3543,173,0.9799968600273132,,,,,False,False
h4_chr14_101543080_101547175,161,3338,3415,3338,3415,77,0.9799670577049255,,,,,False,False
h4_chr14_101543080_101547175,162,3827,4040,3827,4040,213,0.9799659252166748,,,,,False,False
h4_chr14_101543080_101547175,163,2444,2555,2444,2555,111,0.9799041748046875,,,,,False,False
h4_chr14_101543080_101547175,164,3852,4025,3852,4025,173,0.9799038767814636,,,,,False,False
h4_chr14_101543080_101547175,165,3909,4082,3909,4082,173,0.97989821434021,,,,,False,False
h4_chr14_101543080_101547175,166,3693,3780,3693,3780,87,0.9798780679702759,,,,,False,False
h4_chr14_101543080_101547175,167,3802,3981,3802,3981,179,0.9798389077186584,,,,,False,False
h4_chr14_101543080_101547175,168,3815,3903,3815,3903,88,0.9797768592834473,,,,,False,False
h4_chr14_101543080_101547175,169,3974,4082,3974,4082,108,0.9797468781471252,,,,,False,False
h4_chr14_101543080_101547175,170,3682,3807,3682,3807,125,0.9797459244728088,,,,,False,False
h4_chr14_101543080_101547175,171,4028,4082,4028,4082,54,0.9797150492668152,,,,,False,False
h4_chr14_101543080_101547175,172,2097,2194,2097,2194,97,0.9797030091285706,,,,,False,False
h4_chr14_101543080_101547175,173,3876,4025,3876,4025,149,0.979665219783783,Initiator,,promoter,,False,False
h4_chr14_101543080_101547175,174,3833,3889,3833,3889,56,0.9796428084373474,,,,,False,False
h4_chr14_101543080_101547175,175,3908,3963,3908,3963,55,0.9796372652053833,,Initiator,,promoter,False,False
h4_chr14_101543080_101547175,176,1934,2058,1934,2058,124,0.9796313643455505,,,,,False,False
h4_chr14_101543080_101547175,177,3738,3864,3738,3864,126,0.979614794254303,,,,,False,False
h4_chr14_101543080_101547175,178,2349,2435,2349,2435,86,0.979590654373169,,,,,False,False
h4_chr14_101543080_101547175,179,3669,3815,3669,3815,146,0.9795380234718323,,,,,False,False
h4_chr14_101543080_101547175,180,3669,3897,3669,3897,228,0.9795162081718445,,,,,False,False
h4_chr14_101543080_101547175,181,3552,3876,3552,3876,324,0.9794666767120361,,Initiator,,promoter,False,False
h4_chr14_101543080_101547175,182,3593,3652,3593,3652,59,0.9794437885284424,,,,,False,False
h4_chr14_101543080_101547175,183,3930,3989,3930,3989,59,0.9794155359268188,,,,,False,False
h4_chr14_101543080_101547175,184,3814,3865,3814,3865,51,0.979357123374939,,,,,False,False
h4_chr14_101543080_101547175,185,3644,3870,3644,3870,226,0.9792262315750122,,,,,False,False
h4_chr14_101543080_101547175,186,3481,3593,3481,3593,112,0.979202926158905,,,,,False,False
h4_chr14_101543080_101547175,187,3640,3703,3640,3703,63,0.9791749715805054,,,,,False,False
h4_chr14_101543080_101547175,188,3920,4081,3920,4081,161,0.9791247248649597,,,,,False,False
h4_chr14_101543080_101547175,189,1794,1868,1794,1868,74,0.9791228175163269,BREu,BREu,promoter,promoter,True,True
h4_chr14_101543080_101547175,190,3297,3400,3297,3400,103,0.9790971279144287,,,,,False,False
h4_chr14_101543080_101547175,191,3669,3816,3669,3816,147,0.9790582656860352,,,,,False,False
h4_chr14_101543080_101547175,192,3830,3937,3830,3937,107,0.9790418148040771,,,,,False,False
h4_chr14_101543080_101547175,193,2011,2077,2011,2077,66,0.9789853692054749,,Initiator,,promoter,False,False
h4_chr14_101543080_101547175,194,3542,3744,3542,3744,202,0.9789690375328064,,,,,False,False
h4_chr14_101543080_101547175,195,3498,3657,3498,3657,159,0.9789649844169617,,,,,False,False
h4_chr14_101543080_101547175,196,3928,3992,3928,3992,64,0.9789495468139648,,,,,False,False
h4_chr14_101543080_101547175,197,3605,3694,3605,3694,89,0.9789462089538574,,,,,False,False
h4_chr14_101543080_101547175,198,3825,4077,3825,4077,252,0.9789368510246277,,Initiator,,promoter,False,False
h4_chr14_101543080_101547175,199,232,292,232,292,60,0.9788756966590881,,,,,False,False
h4_chr14_101543080_101547175,200,3589,3676,3589,3676,87,0.978829026222229,,,,,False,False
h4_chr14_26677340_26681435,1,678,730,678,730,52,0.9918071031570435,Initiator,Initiator,promoter,promoter,True,True
h4_chr14_26677340_26681435,2,415,505,415,505,90,0.9911752939224243,,,,,False,False
h4_chr14_26677340_26681435,3,505,576,505,576,71,0.9907402992248535,,,,,False,False
h4_chr14_26677340_26681435,4,427,505,427,505,78,0.9895772337913513,Initiator,,promoter,,False,False
h4_chr14_26677340_26681435,5,434,487,434,487,53,0.9881508350372314,Initiator,,promoter,,False,False
h4_chr14_26677340_26681435,6,658,730,658,730,72,0.9874110817909241,Initiator;YY1,Initiator,promoter;tfbs,promoter,True,True
h4_chr14_26677340_26681435,7,374,434,374,434,60,0.9872209429740906,,Initiator,,promoter,False,False
h4_chr14_26677340_26681435,8,658,721,658,721,63,0.9871746301651001,Initiator;YY1,Initiator,promoter;tfbs,promoter,True,True
h4_chr14_26677340_26681435,9,576,658,576,658,82,0.9871327877044678,,Initiator;YY1,,promoter;tfbs,False,False
h4_chr14_26677340_26681435,10,577,641,577,641,64,0.9866655468940735,,,,,False,False
h4_chr14_26677340_26681435,11,505,577,505,577,72,0.9866401553153992,,,,,False,False
h4_chr14_26677340_26681435,12,2134,2193,2134,2193,59,0.9863963723182678,,,,,False,False
h4_chr14_26677340_26681435,13,576,633,576,633,57,0.9861827492713928,,Initiator,,promoter,False,False
h4_chr14_26677340_26681435,14,415,576,415,576,161,0.9860416054725647,,,,,False,False
h4_chr14_26677340_26681435,15,417,505,417,505,88,0.9860326647758484,,,,,False,False
h4_chr14_26677340_26681435,16,416,505,416,505,89,0.9860164523124695,,,,,False,False
h4_chr14_26677340_26681435,17,576,641,576,641,65,0.9859302043914795,,,,,False,False
h4_chr14_26677340_26681435,18,418,505,418,505,87,0.9858822226524353,,,,,False,False
h4_chr14_26677340_26681435,19,505,633,505,633,128,0.9856776595115662,,Initiator,,promoter,False,False
h4_chr14_26677340_26681435,20,1928,1995,1928,1995,67,0.9855195879936218,,,,,False,False
h4_chr14_26677340_26681435,21,334,427,334,427,93,0.9854249358177185,,Initiator,,promoter,False,False
h4_chr14_26677340_26681435,22,641,694,641,694,53,0.9848133325576782,,,,,False,False
h4_chr14_26677340_26681435,23,374,487,374,487,113,0.98432856798172,,,,,False,False
h4_chr14_26677340_26681435,24,487,607,487,607,120,0.9842727780342102,,Initiator,,promoter,False,False
h4_chr14_26677340_26681435,25,487,576,487,576,89,0.9842156171798706,,,,,False,False
h4_chr14_26677340_26681435,26,427,487,427,487,60,0.9841535091400146,Initiator,,promoter,,False,False
h4_chr14_26677340_26681435,27,418,577,418,577,159,0.9841176867485046,,,,,False,False
h4_chr14_26677340_26681435,28,2081,2149,2081,2149,68,0.9840829968452454,Initiator,,promoter,,False,False
h4_chr14_26677340_26681435,29,633,684,633,684,51,0.9840705990791321,Initiator,Initiator,promoter,promoter,True,True
h4_chr14_26677340_26681435,30,218,287,218,287,69,0.9839091897010803,,,,,False,False
h4_chr14_26677340_26681435,31,576,678,576,678,102,0.9838142395019531,,Initiator,,promoter,False,False
h4_chr14_26677340_26681435,32,334,418,334,418,84,0.983730137348175,,,,,False,False
h4_chr14_26677340_26681435,33,415,487,415,487,72,0.9834719896316528,,,,,False,False
h4_chr14_26677340_26681435,34,334,415,334,415,81,0.9833678007125854,,,,,False,False
h4_chr14_26677340_26681435,35,577,658,577,658,81,0.9833084344863892,,Initiator;YY1,,promoter;tfbs,False,False
h4_chr14_26677340_26681435,36,505,658,505,658,153,0.9832505583763123,,Initiator;YY1,,promoter;tfbs,False,False
h4_chr14_26677340_26681435,37,3662,3725,3662,3725,63,0.9832140803337097,,,,,False,False
h4_chr14_26677340_26681435,38,417,576,417,576,159,0.9831633567810059,,,,,False,False
h4_chr14_26677340_26681435,39,418,487,418,487,69,0.9830549955368042,,,,,False,False
h4_chr14_26677340_26681435,40,416,576,416,576,160,0.983040988445282,,,,,False,False
h4_chr14_26677340_26681435,41,42,92,42,92,50,0.9826961755752563,Initiator,,promoter,,False,False
h4_chr14_26677340_26681435,42,41,91,41,91,50,0.9826756715774536,Initiator,Initiator,promoter,promoter,True,True
h4_chr14_26677340_26681435,43,334,487,334,487,153,0.9825780391693115,,,,,False,False
h4_chr14_26677340_26681435,44,505,641,505,641,136,0.9824852347373962,,,,,False,False
h4_chr14_26677340_26681435,45,138,199,138,199,61,0.9824836254119873,YY1,,tfbs,,False,False
h4_chr14_26677340_26681435,46,427,576,427,576,149,0.9823389053344727,Initiator,,promoter,,False,False
h4_chr14_26677340_26681435,47,505,607,505,607,102,0.9823068380355835,,Initiator,,promoter,False,False
h4_chr14_26677340_26681435,48,496,594,496,594,98,0.9823026657104492,,,,,False,False
h4_chr14_26677340_26681435,49,641,692,641,692,51,0.9822961688041687,,,,,False,False
h4_chr14_26677340_26681435,50,287,427,287,427,140,0.9820937514305115,,Initiator,,promoter,False,False
h4_chr14_26677340_26681435,51,691,754,691,754,63,0.9819866418838501,,,,,False,False
h4_chr14_26677340_26681435,52,641,693,641,693,52,0.9818978309631348,,,,,False,False
h4_chr14_26677340_26681435,53,487,577,487,577,90,0.9817061424255371,,,,,False,False
h4_chr14_26677340_26681435,54,417,577,417,577,160,0.9816536903381348,,,,,False,False
h4_chr14_26677340_26681435,55,427,577,427,577,150,0.9815808534622192,Initiator,,promoter,,False,False
h4_chr14_26677340_26681435,56,418,576,418,576,158,0.9815197587013245,,,,,False,False
h4_chr14_26677340_26681435,57,576,684,576,684,108,0.9814789295196533,,Initiator,,promoter,False,False
h4_chr14_26677340_26681435,58,287,415,287,415,128,0.9813811779022217,,,,,False,False
h4_chr14_26677340_26681435,59,670,721,670,721,51,0.9811674952507019,,Initiator,,promoter,False,False
h4_chr14_26677340_26681435,60,577,678,577,678,101,0.981087863445282,,Initiator,,promoter,False,False
h4_chr14_26677340_26681435,61,218,334,218,334,116,0.981027364730835,,,,,False,False
h4_chr14_26677340_26681435,62,730,821,730,821,91,0.980983555316925,Initiator,,promoter,,False,False
h4_chr14_26677340_26681435,63,1928,1981,1928,1981,53,0.9809402227401733,,,,,False,False
h4_chr14_26677340_26681435,64,416,487,416,487,71,0.9807486534118652,,,,,False,False
h4_chr14_26677340_26681435,65,219,287,219,287,68,0.9807429313659668,Initiator,,promoter,,False,False
h4_chr14_26677340_26681435,66,576,640,576,640,64,0.9807419180870056,,,,,False,False
h4_chr14_26677340_26681435,67,223,287,223,287,64,0.9807185530662537,Initiator,,promoter,,False,False
h4_chr14_26677340_26681435,68,640,694,640,694,54,0.9807029962539673,,,,,False,False
h4_chr14_26677340_26681435,69,186,276,186,276,90,0.9806641340255737,,,,,False,False
h4_chr14_26677340_26681435,70,415,577,415,577,162,0.9805536866188049,,,,,False,False
h4_chr14_26677340_26681435,71,417,487,417,487,70,0.9805395603179932,,,,,False,False
h4_chr14_26677340_26681435,72,219,334,219,334,115,0.9805023670196533,Initiator,,promoter,,False,False
h4_chr14_26677340_26681435,73,416,577,416,577,161,0.9804314970970154,,,,,False,False
h4_chr14_26677340_26681435,74,721,821,721,821,100,0.9803884029388428,Initiator,,promoter,,False,False
h4_chr14_26677340_26681435,75,287,374,287,374,87,0.9802746772766113,,,,,False,False
h4_chr14_26677340_26681435,76,640,692,640,692,52,0.9801899790763855,,,,,False,False
h4_chr14_26677340_26681435,77,334,417,334,417,83,0.980148434638977,,,,,False,False
h4_chr14_26677340_26681435,78,721,820,721,820,99,0.9801344275474548,Initiator,,promoter,,False,False
h4_chr14_26677340_26681435,79,1532,1599,1532,1599,67,0.9800041317939758,,Initiator,,promoter,False,False
h4_chr14_26677340_26681435,80,334,505,334,505,171,0.9799434542655945,,,,,False,False
h4_chr14_26677340_26681435,81,577,633,577,633,56,0.9798902273178101,,Initiator,,promoter,False,False
h4_chr14_26677340_26681435,82,670,730,670,730,60,0.9798638224601746,,Initiator,,promoter,False,False
h4_chr14_26677340_26681435,83,487,633,487,633,146,0.9798290729522705,,Initiator,,promoter,False,False
h4_chr14_26677340_26681435,84,576,683,576,683,107,0.9798138737678528,,,,,False,False
h4_chr14_26677340_26681435,85,138,219,138,219,81,0.9798121452331543,YY1,Initiator,tfbs,promoter,True,False
h4_chr14_26677340_26681435,86,334,416,334,416,82,0.9796246290206909,,,,,False,False
h4_chr14_26677340_26681435,87,287,418,287,418,131,0.9795659780502319,,,,,False,False
h4_chr14_26677340_26681435,88,287,416,287,416,129,0.9789320826530457,,,,,False,False
h4_chr14_26677340_26681435,89,633,730,633,730,97,0.9788113236427307,Initiator,Initiator,promoter,promoter,True,True
h4_chr14_26677340_26681435,90,434,607,434,607,173,0.9787635803222656,Initiator,Initiator,promoter,promoter,True,True
h4_chr14_26677340_26681435,91,223,334,223,334,111,0.9786490201950073,Initiator,,promoter,,False,False
h4_chr14_26677340_26681435,92,694,754,694,754,60,0.9786457419395447,,,,,False,False
h4_chr14_26677340_26681435,93,418,607,418,607,189,0.9786182045936584,,Initiator,,promoter,False,False
h4_chr14_26677340_26681435,94,633,683,633,683,50,0.9785940051078796,Initiator,,promoter,,False,False
h4_chr14_26677340_26681435,95,607,658,607,658,51,0.9785892367362976,Initiator,Initiator;YY1,promoter,promoter;tfbs,True,True
h4_chr14_26677340_26681435,96,641,691,641,691,50,0.9784939885139465,,,,,False,False
h4_chr14_26677340_26681435,97,496,549,496,549,53,0.9784724712371826,,,,,False,False
h4_chr14_26677340_26681435,98,576,692,576,692,116,0.9782244563102722,,,,,False,False
h4_chr14_26677340_26681435,99,577,683,577,683,106,0.9781039953231812,,,,,False,False
h4_chr14_26677340_26681435,100,577,694,577,694,117,0.9780985116958618,,,,,False,False
h4_chr14_26677340_26681435,101,287,417,287,417,130,0.9780782461166382,,,,,False,False
h4_chr14_26677340_26681435,102,282,334,282,334,52,0.9780728816986084,,,,,False,False
h4_chr14_26677340_26681435,103,641,730,641,730,89,0.978057324886322,,Initiator,,promoter,False,False
h4_chr14_26677340_26681435,104,730,820,730,820,90,0.9779314398765564,Initiator,,promoter,,False,False
h4_chr14_26677340_26681435,105,3572,3622,3572,3622,50,0.9778739809989929,Initiator,GATA,promoter,tfbs,True,False
h4_chr14_26677340_26681435,106,640,693,640,693,53,0.977825939655304,,,,,False,False
h4_chr14_26677340_26681435,107,640,691,640,691,51,0.9777926802635193,,,,,False,False
h4_chr14_26677340_26681435,108,505,678,505,678,173,0.9777533411979675,,Initiator,,promoter,False,False
h4_chr14_26677340_26681435,109,427,607,427,607,180,0.9777404069900513,Initiator,Initiator,promoter,promoter,True,True
h4_chr14_26677340_26681435,110,633,692,633,692,59,0.9774757623672485,Initiator,,promoter,,False,False
h4_chr14_26677340_26681435,111,434,505,434,505,71,0.9774512648582458,Initiator,,promoter,,False,False
h4_chr14_26677340_26681435,112,577,684,577,684,107,0.9774188995361328,,Initiator,,promoter,False,False
h4_chr14_26677340_26681435,113,754,821,754,821,67,0.977336049079895,,,,,False,False
h4_chr14_26677340_26681435,114,41,218,41,218,177,0.9773253202438354,Initiator,,promoter,,False,False
h4_chr14_26677340_26681435,115,1907,2013,1907,2013,106,0.9772772789001465,,,,,False,False
h4_chr14_26677340_26681435,116,607,678,607,678,71,0.9772266149520874,Initiator,Initiator,promoter,promoter,True,True
h4_chr14_26677340_26681435,117,607,670,607,670,63,0.9771178364753723,Initiator,,promoter,,False,False
h4_chr14_26677340_26681435,118,1111,1187,1111,1187,76,0.9770945906639099,,Initiator,,promoter,False,False
h4_chr14_26677340_26681435,119,641,721,641,721,80,0.9770357608795166,,Initiator,,promoter,False,False
h4_chr14_26677340_26681435,120,374,427,374,427,53,0.9770036935806274,,Initiator,,promoter,False,False
h4_chr14_26677340_26681435,121,577,640,577,640,63,0.9768258929252625,,,,,False,False
h4_chr14_26677340_26681435,122,334,434,334,434,100,0.9767792820930481,,Initiator,,promoter,False,False
h4_chr14_26677340_26681435,123,85,138,85,138,53,0.9767475128173828,Initiator,YY1,promoter,tfbs,True,False
h4_chr14_26677340_26681435,124,415,633,415,633,218,0.9767321944236755,,Initiator,,promoter,False,False
h4_chr14_26677340_26681435,125,576,694,576,694,118,0.9766970872879028,,,,,False,False
h4_chr14_26677340_26681435,126,1715,1830,1715,1830,115,0.9766314029693604,,,,,False,False
h4_chr14_26677340_26681435,127,41,223,41,223,182,0.9766183495521545,Initiator,Initiator,promoter,promoter,True,True
h4_chr14_26677340_26681435,128,42,103,42,103,61,0.9766100645065308,Initiator,,promoter,,False,False
h4_chr14_26677340_26681435,129,1900,1978,1900,1978,78,0.976573646068573,,,,,False,False
h4_chr14_26677340_26681435,130,633,721,633,721,88,0.9764600992202759,Initiator,Initiator,promoter,promoter,True,True
h4_chr14_26677340_26681435,131,1536,1599,1536,1599,63,0.9764584898948669,,Initiator,,promoter,False,False
h4_chr14_26677340_26681435,132,91,218,91,218,127,0.976456344127655,Initiator,,promoter,,False,False
h4_chr14_26677340_26681435,133,633,693,633,693,60,0.9763908386230469,Initiator,,promoter,,False,False
h4_chr14_26677340_26681435,134,820,888,820,888,68,0.9763023257255554,,Initiator,,promoter,False,False
h4_chr14_26677340_26681435,135,576,693,576,693,117,0.9760989546775818,,,,,False,False
h4_chr14_26677340_26681435,136,138,223,138,223,85,0.9759331345558167,YY1,Initiator,tfbs,promoter,True,False
h4_chr14_26677340_26681435,137,1693,1778,1693,1778,85,0.9758865833282471,,,,,False,False
h4_chr14_26677340_26681435,138,678,754,678,754,76,0.9758787751197815,Initiator,,promoter,,False,False
h4_chr14_26677340_26681435,139,670,754,670,754,84,0.9758768081665039,,,,,False,False
h4_chr14_26677340_26681435,140,138,218,138,218,80,0.9758338928222656,YY1,,tfbs,,False,False
h4_chr14_26677340_26681435,141,1330,1409,1330,1409,79,0.9757479429244995,,,,,False,False
h4_chr14_26677340_26681435,142,161,282,161,282,121,0.9755967855453491,,,,,False,False
h4_chr14_26677340_26681435,143,577,692,577,692,115,0.9755449891090393,,,,,False,False
h4_chr14_26677340_26681435,144,287,487,287,487,200,0.9754363298416138,,,,,False,False
h4_chr14_26677340_26681435,145,41,138,41,138,97,0.9754171967506409,Initiator,YY1,promoter,tfbs,True,False
h4_chr14_26677340_26681435,146,282,392,282,392,110,0.9753867387771606,,,,,False,False
h4_chr14_26677340_26681435,147,1122,1188,1122,1188,66,0.975253701210022,Initiator,Initiator,promoter,promoter,True,True
h4_chr14_26677340_26681435,148,334,392,334,392,58,0.9752298593521118,,,,,False,False
h4_chr14_26677340_26681435,149,91,219,91,219,128,0.9752219319343567,Initiator,Initiator,promoter,promoter,True,True
h4_chr14_26677340_26681435,150,1608,1660,1608,1660,52,0.9751654863357544,Initiator,,promoter,,False,False
h4_chr14_26677340_26681435,151,1995,2063,1995,2063,68,0.9751498103141785,,,,,False,False
h4_chr14_26677340_26681435,152,487,641,487,641,154,0.9751349091529846,,,,,False,False
h4_chr14_26677340_26681435,153,900,951,900,951,51,0.9750739932060242,,Initiator,,promoter,False,False
h4_chr14_26677340_26681435,154,1713,1778,1713,1778,65,0.9749935865402222,,,,,False,False
h4_chr14_26677340_26681435,155,633,694,633,694,61,0.9749644994735718,Initiator,,promoter,,False,False
h4_chr14_26677340_26681435,156,417,641,417,641,224,0.9747684001922607,,,,,False,False
h4_chr14_26677340_26681435,157,416,641,416,641,225,0.9747623205184937,,,,,False,False
h4_chr14_26677340_26681435,158,1720,1770,1720,1770,50,0.9746533036231995,,,,,False,False
h4_chr14_26677340_26681435,159,91,223,91,223,132,0.9746056199073792,Initiator,Initiator,promoter,promoter,True,True
h4_chr14_26677340_26681435,160,1414,1471,1414,1471,57,0.974551796913147,,,,,False,False
h4_chr14_26677340_26681435,161,2169,2238,2169,2238,69,0.9743764400482178,,,,,False,False
h4_chr14_26677340_26681435,162,607,694,607,694,87,0.9742416739463806,Initiator,,promoter,,False,False
h4_chr14_26677340_26681435,163,282,374,282,374,92,0.9742337465286255,,,,,False,False
h4_chr14_26677340_26681435,164,1599,1720,1599,1720,121,0.9742304682731628,Initiator,,promoter,,False,False
h4_chr14_26677340_26681435,165,2238,2312,2238,2312,74,0.9742189049720764,,,,,False,False
h4_chr14_26677340_26681435,166,691,821,691,821,130,0.9741997122764587,,,,,False,False
h4_chr14_26677340_26681435,167,1111,1188,1111,1188,77,0.9741122126579285,,Initiator,,promoter,False,False
h4_chr14_26677340_26681435,168,92,199,92,199,107,0.9740843772888184,,,,,False,False
h4_chr14_26677340_26681435,169,2076,2134,2076,2134,58,0.974024772644043,,,,,False,False
h4_chr14_26677340_26681435,170,505,640,505,640,135,0.9740179777145386,,,,,False,False
h4_chr14_26677340_26681435,171,577,691,577,691,114,0.9740145206451416,,,,,False,False
h4_chr14_26677340_26681435,172,138,248,138,248,110,0.9739896655082703,YY1,Initiator,tfbs,promoter,True,False
h4_chr14_26677340_26681435,173,678,821,678,821,143,0.9738814234733582,Initiator,,promoter,,False,False
h4_chr14_26677340_26681435,174,576,730,576,730,154,0.9738556146621704,,Initiator,,promoter,False,False
h4_chr14_26677340_26681435,175,951,1006,951,1006,55,0.9738330245018005,Initiator,,promoter,,False,False
h4_chr14_26677340_26681435,176,392,487,392,487,95,0.9738083481788635,,,,,False,False
h4_chr14_26677340_26681435,177,684,821,684,821,137,0.9737648963928223,Initiator,,promoter,,False,False
h4_chr14_26677340_26681435,178,576,691,576,691,115,0.9737383723258972,,,,,False,False
h4_chr14_26677340_26681435,179,1738,1807,1738,1807,69,0.9737247824668884,,,,,False,False
h4_chr14_26677340_26681435,180,577,693,577,693,116,0.9737176895141602,,,,,False,False
h4_chr14_26677340_26681435,181,417,607,417,607,190,0.9736751914024353,,Initiator,,promoter,False,False
h4_chr14_26677340_26681435,182,92,161,92,161,69,0.9736732244491577,,,,,False,False
h4_chr14_26677340_26681435,183,1867,1931,1867,1931,64,0.9736554026603699,,,,,False,False
h4_chr14_26677340_26681435,184,415,641,415,641,226,0.9736250638961792,,,,,False,False
h4_chr14_26677340_26681435,185,418,641,418,641,223,0.9736120104789734,,,,,False,False
h4_chr14_26677340_26681435,186,1737,1807,1737,1807,70,0.9735367298126221,,,,,False,False
h4_chr14_26677340_26681435,187,505,684,505,684,179,0.9734967350959778,,Initiator,,promoter,False,False
h4_chr14_26677340_26681435,188,63,138,63,138,75,0.9734939932823181,,YY1,,tfbs,False,False
h4_chr14_26677340_26681435,189,576,721,576,721,145,0.9734610319137573,,Initiator,,promoter,False,False
h4_chr14_26677340_26681435,190,85,161,85,161,76,0.9734312891960144,Initiator,,promoter,,False,False
h4_chr14_26677340_26681435,191,41,92,41,92,51,0.973385214805603,Initiator,,promoter,,False,False
h4_chr14_26677340_26681435,192,91,199,91,199,108,0.973345160484314,Initiator,,promoter,,False,False
h4_chr14_26677340_26681435,193,721,840,721,840,119,0.9733370542526245,Initiator,,promoter,,False,False
h4_chr14_26677340_26681435,194,577,670,577,670,93,0.9733203053474426,,,,,False,False
h4_chr14_26677340_26681435,195,684,754,684,754,70,0.9732937812805176,Initiator,,promoter,,False,False
h4_chr14_26677340_26681435,196,1330,1380,1330,1380,50,0.9731654524803162,,,,,False,False
h4_chr14_26677340_26681435,197,577,721,577,721,144,0.9730669260025024,,Initiator,,promoter,False,False
h4_chr14_26677340_26681435,198,41,219,41,219,178,0.9730558395385742,Initiator,Initiator,promoter,promoter,True,True
h4_chr14_26677340_26681435,199,691,820,691,820,129,0.9729462265968323,,,,,False,False
h4_chr14_26677340_26681435,200,1122,1179,1122,1179,57,0.9728968739509583,Initiator,,promoter,,False,False
h4_chr14_33378322_33382417,1,3641,3698,3641,3698,57,0.993859589099884,,Initiator,,promoter,False,False
h4_chr14_33378322_33382417,2,3589,3641,3589,3641,52,0.993556022644043,,,,,False,False
h4_chr14_33378322_33382417,3,3805,3878,3805,3878,73,0.9928234219551086,Initiator,,promoter,,False,False
h4_chr14_33378322_33382417,4,3697,3820,3697,3820,123,0.9928056597709656,Initiator,,promoter,,False,False
h4_chr14_33378322_33382417,5,3531,3589,3531,3589,58,0.9927527904510498,,,,,False,False
h4_chr14_33378322_33382417,6,3631,3686,3631,3686,55,0.9927525520324707,,,,,False,False
h4_chr14_33378322_33382417,7,3589,3698,3589,3698,109,0.9927260279655457,,Initiator,,promoter,False,False
h4_chr14_33378322_33382417,8,3531,3641,3531,3641,110,0.9926630258560181,,,,,False,False
h4_chr14_33378322_33382417,9,3727,3824,3727,3824,97,0.9924680590629578,,,,,False,False
h4_chr14_33378322_33382417,10,3698,3833,3698,3833,135,0.9921103715896606,Initiator,,promoter,,False,False
h4_chr14_33378322_33382417,11,3712,3833,3712,3833,121,0.9919621348381042,,,,,False,False
h4_chr14_33378322_33382417,12,3727,3833,3727,3833,106,0.9916541576385498,,,,,False,False
h4_chr14_33378322_33382417,13,3728,3825,3728,3825,97,0.9915305972099304,,,,,False,False
h4_chr14_33378322_33382417,14,3806,3879,3806,3879,73,0.9910892844200134,Initiator,,promoter,,False,False
h4_chr14_33378322_33382417,15,3641,3712,3641,3712,71,0.9907611012458801,,,,,False,False
h4_chr14_33378322_33382417,16,3531,3698,3531,3698,167,0.9905111193656921,,Initiator,,promoter,False,False
h4_chr14_33378322_33382417,17,3641,3727,3641,3727,86,0.9904983043670654,,,,,False,False
h4_chr14_33378322_33382417,18,3641,3833,3641,3833,192,0.9903723001480103,,,,,False,False
h4_chr14_33378322_33382417,19,3483,3557,3483,3557,74,0.9901621341705322,,Initiator;YY1,,promoter;tfbs,False,False
h4_chr14_33378322_33382417,20,3631,3712,3631,3712,81,0.9900307655334473,,,,,False,False
h4_chr14_33378322_33382417,21,3710,3874,3710,3874,164,0.989929735660553,,,,,False,False
h4_chr14_33378322_33382417,22,3532,3642,3532,3642,110,0.9898061156272888,,,,,False,False
h4_chr14_33378322_33382417,23,3604,3697,3604,3697,93,0.9897125959396362,,Initiator,,promoter,False,False
h4_chr14_33378322_33382417,24,2756,2810,2756,2810,54,0.9894265532493591,Initiator,,promoter,,False,False
h4_chr14_33378322_33382417,25,3377,3432,3377,3432,55,0.9893132448196411,,,,,False,False
h4_chr14_33378322_33382417,26,3696,3795,3696,3795,99,0.9893043041229248,Initiator,,promoter,,False,False
h4_chr14_33378322_33382417,27,3555,3631,3555,3631,76,0.9892472624778748,Initiator;YY1,,promoter;tfbs,,False,False
h4_chr14_33378322_33382417,28,3803,3876,3803,3876,73,0.9892450571060181,Initiator,,promoter,,False,False
h4_chr14_33378322_33382417,29,3728,3870,3728,3870,142,0.9892131090164185,,,,,False,False
h4_chr14_33378322_33382417,30,3916,3989,3916,3989,73,0.9891501069068909,,,,,False,False
h4_chr14_33378322_33382417,31,3460,3517,3460,3517,57,0.9888930320739746,,,,,False,False
h4_chr14_33378322_33382417,32,3455,3525,3455,3525,70,0.9887998104095459,,Initiator,,promoter,False,False
h4_chr14_33378322_33382417,33,3706,3838,3706,3838,132,0.9883982539176941,,,,,False,False
h4_chr14_33378322_33382417,34,3711,3794,3711,3794,83,0.9883136749267578,,,,,False,False
h4_chr14_33378322_33382417,35,3631,3698,3631,3698,67,0.9881494641304016,,Initiator,,promoter,False,False
h4_chr14_33378322_33382417,36,3531,3712,3531,3712,181,0.9881469011306763,,,,,False,False
h4_chr14_33378322_33382417,37,3686,3803,3686,3803,117,0.9880049824714661,,Initiator,,promoter,False,False
h4_chr14_33378322_33382417,38,1511,1626,1511,1626,115,0.9879148006439209,Initiator,,promoter,,False,False
h4_chr14_33378322_33382417,39,3712,3876,3712,3876,164,0.98772132396698,,,,,False,False
h4_chr14_33378322_33382417,40,3525,3682,3525,3682,157,0.9876260757446289,Initiator,,promoter,,False,False
h4_chr14_33378322_33382417,41,3364,3422,3364,3422,58,0.987389087677002,Initiator,,promoter,,False,False
h4_chr14_33378322_33382417,42,3706,3773,3706,3773,67,0.9873661398887634,,,,,False,False
h4_chr14_33378322_33382417,43,3697,4009,3697,4009,312,0.9872826337814331,Initiator,Initiator,promoter,promoter,True,True
h4_chr14_33378322_33382417,44,1687,1753,1687,1753,66,0.9870911836624146,,,,,False,False
h4_chr14_33378322_33382417,45,1566,1618,1566,1618,52,0.986960232257843,,,,,False,False
h4_chr14_33378322_33382417,46,3881,4016,3881,4016,135,0.9868271946907043,,Initiator,,promoter,False,False
h4_chr14_33378322_33382417,47,3371,3440,3371,3440,69,0.9867700338363647,Initiator,,promoter,,False,False
h4_chr14_33378322_33382417,48,3498,3557,3498,3557,59,0.986604630947113,Initiator,Initiator;YY1,promoter,promoter;tfbs,True,True
h4_chr14_33378322_33382417,49,1689,1753,1689,1753,64,0.9864900708198547,,,,,False,False
h4_chr14_33378322_33382417,50,1743,1815,1743,1815,72,0.9864139556884766,Initiator,Initiator,promoter,promoter,True,True
h4_chr14_33378322_33382417,51,3729,3795,3729,3795,66,0.9863156676292419,,,,,False,False
h4_chr14_33378322_33382417,52,3803,3911,3803,3911,108,0.9861431121826172,Initiator,,promoter,,False,False
h4_chr14_33378322_33382417,53,3642,3728,3642,3728,86,0.986015260219574,,,,,False,False
h4_chr14_33378322_33382417,54,3662,3730,3662,3730,68,0.9859374761581421,,,,,False,False
h4_chr14_33378322_33382417,55,3546,3688,3546,3688,142,0.9859248995780945,,,,,False,False
h4_chr14_33378322_33382417,56,3350,3422,3350,3422,72,0.9858961701393127,,,,,False,False
h4_chr14_33378322_33382417,57,3589,3727,3589,3727,138,0.9858214855194092,,,,,False,False
h4_chr14_33378322_33382417,58,2916,2984,2916,2984,68,0.9857691526412964,Initiator,Initiator,promoter,promoter,True,True
h4_chr14_33378322_33382417,59,3712,3869,3712,3869,157,0.9857261776924133,,,,,False,False
h4_chr14_33378322_33382417,60,3878,3942,3878,3942,64,0.9856753349304199,,Initiator,,promoter,False,False
h4_chr14_33378322_33382417,61,3729,3826,3729,3826,97,0.9856448769569397,,,,,False,False
h4_chr14_33378322_33382417,62,3589,3712,3589,3712,123,0.9856023788452148,,,,,False,False
h4_chr14_33378322_33382417,63,2755,2810,2755,2810,55,0.985577404499054,Initiator,,promoter,,False,False
h4_chr14_33378322_33382417,64,3527,3697,3527,3697,170,0.9854800701141357,Initiator,Initiator,promoter,promoter,True,True
h4_chr14_33378322_33382417,65,3878,3937,3878,3937,59,0.9853981137275696,,,,,False,False
h4_chr14_33378322_33382417,66,3640,3697,3640,3697,57,0.9853937029838562,,Initiator,,promoter,False,False
h4_chr14_33378322_33382417,67,3861,3954,3861,3954,93,0.9852699637413025,Initiator,,promoter,,False,False
h4_chr14_33378322_33382417,68,3795,3861,3795,3861,66,0.9851745963096619,,Initiator,,promoter,False,False
h4_chr14_33378322_33382417,69,3911,4079,3911,4079,168,0.9851318001747131,,,,,False,False
h4_chr14_33378322_33382417,70,3945,4016,3945,4016,71,0.9851130843162537,,Initiator,,promoter,False,False
h4_chr14_33378322_33382417,71,3445,3517,3445,3517,72,0.9851000308990479,,,,,False,False
h4_chr14_33378322_33382417,72,3712,3803,3712,3803,91,0.9849827885627747,,Initiator,,promoter,False,False
h4_chr14_33378322_33382417,73,3455,3524,3455,3524,69,0.9849634766578674,,Initiator,,promoter,False,False
h4_chr14_33378322_33382417,74,3631,3803,3631,3803,172,0.984876275062561,,Initiator,,promoter,False,False
h4_chr14_33378322_33382417,75,3837,3892,3837,3892,55,0.9848599433898926,,Initiator,,promoter,False,False
h4_chr14_33378322_33382417,76,3773,3838,3773,3838,65,0.9847469329833984,,,,,False,False
h4_chr14_33378322_33382417,77,3682,3838,3682,3838,156,0.984689474105835,,,,,False,False
h4_chr14_33378322_33382417,78,3288,3359,3288,3359,71,0.9846690893173218,,,,,False,False
h4_chr14_33378322_33382417,79,3712,3824,3712,3824,112,0.9846490621566772,,,,,False,False
h4_chr14_33378322_33382417,80,3942,4015,3942,4015,73,0.9844275116920471,Initiator,Initiator,promoter,promoter,True,True
h4_chr14_33378322_33382417,81,3806,3878,3806,3878,72,0.9843226671218872,Initiator,,promoter,,False,False
h4_chr14_33378322_33382417,82,3989,4079,3989,4079,90,0.9842994213104248,,,,,False,False
h4_chr14_33378322_33382417,83,3698,3824,3698,3824,126,0.9842915534973145,Initiator,,promoter,,False,False
h4_chr14_33378322_33382417,84,3828,3902,3828,3902,74,0.9842559099197388,,,,,False,False
h4_chr14_33378322_33382417,85,3433,3531,3433,3531,98,0.9842174053192139,,,,,False,False
h4_chr14_33378322_33382417,86,3944,4016,3944,4016,72,0.9841333627700806,Initiator,Initiator,promoter,promoter,True,True
h4_chr14_33378322_33382417,87,3501,3631,3501,3631,130,0.9841307401657104,Initiator,,promoter,,False,False
h4_chr14_33378322_33382417,88,3705,3838,3705,3838,133,0.9841006994247437,,,,,False,False
h4_chr14_33378322_33382417,89,3857,3948,3857,3948,91,0.9839837551116943,,,,,False,False
h4_chr14_33378322_33382417,90,3631,3727,3631,3727,96,0.9839290380477905,,,,,False,False
h4_chr14_33378322_33382417,91,3434,3697,3434,3697,263,0.9839180111885071,,Initiator,,promoter,False,False
h4_chr14_33378322_33382417,92,3838,3893,3838,3893,55,0.9838383793830872,,Initiator,,promoter,False,False
h4_chr14_33378322_33382417,93,1875,1944,1875,1944,69,0.9838208556175232,,,,,False,False
h4_chr14_33378322_33382417,94,3583,3698,3583,3698,115,0.9837857484817505,Initiator,Initiator,promoter,promoter,True,True
h4_chr14_33378322_33382417,95,3765,3879,3765,3879,114,0.983767032623291,,,,,False,False
h4_chr14_33378322_33382417,96,3641,3869,3641,3869,228,0.9837449789047241,,,,,False,False
h4_chr14_33378322_33382417,97,1262,1348,1262,1348,86,0.9837350845336914,GATA,Initiator,tfbs,promoter,True,False
h4_chr14_33378322_33382417,98,3705,3773,3705,3773,68,0.9837136268615723,,,,,False,False
h4_chr14_33378322_33382417,99,3728,3834,3728,3834,106,0.9836897253990173,,,,,False,False
h4_chr14_33378322_33382417,100,3481,3555,3481,3555,74,0.9836025238037109,,Initiator;YY1,,promoter;tfbs,False,False
h4_chr14_33378322_33382417,101,3698,3869,3698,3869,171,0.9835577607154846,Initiator,,promoter,,False,False
h4_chr14_33378322_33382417,102,3662,3751,3662,3751,89,0.9834745526313782,,,,,False,False
h4_chr14_33378322_33382417,103,3555,3712,3555,3712,157,0.9834269285202026,Initiator;YY1,,promoter;tfbs,,False,False
h4_chr14_33378322_33382417,104,3833,3916,3833,3916,83,0.983375608921051,,,,,False,False
h4_chr14_33378322_33382417,105,3766,3909,3766,3909,143,0.983327329158783,,,,,False,False
h4_chr14_33378322_33382417,106,3481,3631,3481,3631,150,0.9832339286804199,,,,,False,False
h4_chr14_33378322_33382417,107,3481,3583,3481,3583,102,0.9831887483596802,,Initiator,,promoter,False,False
h4_chr14_33378322_33382417,108,1685,1753,1685,1753,68,0.9830995202064514,,,,,False,False
h4_chr14_33378322_33382417,109,3697,3825,3697,3825,128,0.983054518699646,Initiator,,promoter,,False,False
h4_chr14_33378322_33382417,110,3824,4050,3824,4050,226,0.9830504655838013,,,,,False,False
h4_chr14_33378322_33382417,111,3530,3640,3530,3640,110,0.9830120205879211,,,,,False,False
h4_chr14_33378322_33382417,112,3921,4000,3921,4000,79,0.982990562915802,,,,,False,False
h4_chr14_33378322_33382417,113,1659,1753,1659,1753,94,0.9829144477844238,,,,,False,False
h4_chr14_33378322_33382417,114,3922,4000,3922,4000,78,0.9828551411628723,,,,,False,False
h4_chr14_33378322_33382417,115,3923,4000,3923,4000,77,0.9828130602836609,,,,,False,False
h4_chr14_33378322_33382417,116,3531,3583,3531,3583,52,0.9827510714530945,,Initiator,,promoter,False,False
h4_chr14_33378322_33382417,117,3826,3954,3826,3954,128,0.9827436208724976,,,,,False,False
h4_chr14_33378322_33382417,118,3729,3867,3729,3867,138,0.982742965221405,,,,,False,False
h4_chr14_33378322_33382417,119,3641,3824,3641,3824,183,0.9825954437255859,,,,,False,False
h4_chr14_33378322_33382417,120,3642,3825,3642,3825,183,0.9825869202613831,,,,,False,False
h4_chr14_33378322_33382417,121,3714,3805,3714,3805,91,0.9824265837669373,,Initiator,,promoter,False,False
h4_chr14_33378322_33382417,122,3583,3712,3583,3712,129,0.9823641180992126,Initiator,,promoter,,False,False
h4_chr14_33378322_33382417,123,3531,3833,3531,3833,302,0.9822829961776733,,,,,False,False
h4_chr14_33378322_33382417,124,3805,3942,3805,3942,137,0.9822516441345215,Initiator,Initiator,promoter,promoter,True,True
h4_chr14_33378322_33382417,125,3555,3686,3555,3686,131,0.982132077217102,Initiator;YY1,,promoter;tfbs,,False,False
h4_chr14_33378322_33382417,126,3457,3530,3457,3530,73,0.9821026921272278,,,,,False,False
h4_chr14_33378322_33382417,127,3925,4000,3925,4000,75,0.9820758104324341,,,,,False,False
h4_chr14_33378322_33382417,128,3501,3583,3501,3583,82,0.9820445775985718,Initiator,Initiator,promoter,promoter,True,True
h4_chr14_33378322_33382417,129,3712,3916,3712,3916,204,0.9820438623428345,,,,,False,False
h4_chr14_33378322_33382417,130,3686,3833,3686,3833,147,0.9819958806037903,,,,,False,False
h4_chr14_33378322_33382417,131,3531,3631,3531,3631,100,0.9819216132164001,,,,,False,False
h4_chr14_33378322_33382417,132,3837,3922,3837,3922,85,0.9818907380104065,,,,,False,False
h4_chr14_33378322_33382417,133,3622,3730,3622,3730,108,0.9818708896636963,,,,,False,False
h4_chr14_33378322_33382417,134,3377,3477,3377,3477,100,0.9818166494369507,,,,,False,False
h4_chr14_33378322_33382417,135,1661,1753,1661,1753,92,0.9817866086959839,,,,,False,False
h4_chr14_33378322_33382417,136,3876,4079,3876,4079,203,0.9817724823951721,,,,,False,False
h4_chr14_33378322_33382417,137,3924,4000,3924,4000,76,0.98175448179245,,,,,False,False
h4_chr14_33378322_33382417,138,2837,2917,2837,2917,80,0.9816592335700989,,,,,False,False
h4_chr14_33378322_33382417,139,2555,2606,2555,2606,51,0.9816165566444397,RUNX,,tfbs,,False,False
h4_chr14_33378322_33382417,140,3364,3451,3364,3451,87,0.9815945625305176,Initiator,,promoter,,False,False
h4_chr14_33378322_33382417,141,3837,3923,3837,3923,86,0.9815239310264587,,,,,False,False
h4_chr14_33378322_33382417,142,3727,3869,3727,3869,142,0.9814006090164185,,,,,False,False
h4_chr14_33378322_33382417,143,3805,3879,3805,3879,74,0.9813726544380188,Initiator,,promoter,,False,False
h4_chr14_33378322_33382417,144,2347,2401,2347,2401,54,0.9813722372055054,Initiator,,promoter,,False,False
h4_chr14_33378322_33382417,145,3589,3833,3589,3833,244,0.9813488125801086,,,,,False,False
h4_chr14_33378322_33382417,146,3759,3902,3759,3902,143,0.9813094139099121,,,,,False,False
h4_chr14_33378322_33382417,147,3911,3989,3911,3989,78,0.981213390827179,,,,,False,False
h4_chr14_33378322_33382417,148,1394,1473,1394,1473,79,0.9811184406280518,,E_box,,tfbs,False,False
h4_chr14_33378322_33382417,149,3655,3751,3655,3751,96,0.9810780882835388,,,,,False,False
h4_chr14_33378322_33382417,150,3837,3926,3837,3926,89,0.9810518026351929,,,,,False,False
h4_chr14_33378322_33382417,151,3434,3530,3434,3530,96,0.9810419082641602,,,,,False,False
h4_chr14_33378322_33382417,152,3622,3794,3622,3794,172,0.9810335636138916,,,,,False,False
h4_chr14_33378322_33382417,153,3604,3796,3604,3796,192,0.9810116291046143,,,,,False,False
h4_chr14_33378322_33382417,154,3937,4015,3937,4015,78,0.980976402759552,,Initiator,,promoter,False,False
h4_chr14_33378322_33382417,155,3730,3794,3730,3794,64,0.9809728264808655,,,,,False,False
h4_chr14_33378322_33382417,156,3729,3954,3729,3954,225,0.9809611439704895,,,,,False,False
h4_chr14_33378322_33382417,157,3555,3698,3555,3698,143,0.9809179306030273,Initiator;YY1,Initiator,promoter;tfbs,promoter,True,True
h4_chr14_33378322_33382417,158,3803,4079,3803,4079,276,0.9809057116508484,Initiator,,promoter,,False,False
h4_chr14_33378322_33382417,159,3697,3870,3697,3870,173,0.980879545211792,Initiator,,promoter,,False,False
h4_chr14_33378322_33382417,160,3796,3905,3796,3905,109,0.980822741985321,,,,,False,False
h4_chr14_33378322_33382417,161,3501,3686,3501,3686,185,0.9808121919631958,Initiator,,promoter,,False,False
h4_chr14_33378322_33382417,162,3396,3531,3396,3531,135,0.9807955026626587,,,,,False,False
h4_chr14_33378322_33382417,163,3484,3557,3484,3557,73,0.9806621670722961,,Initiator;YY1,,promoter;tfbs,False,False
h4_chr14_33378322_33382417,164,3377,3480,3377,3480,103,0.980636715888977,,,,,False,False
h4_chr14_33378322_33382417,165,3736,3868,3736,3868,132,0.9806137681007385,,,,,False,False
h4_chr14_33378322_33382417,166,3729,3861,3729,3861,132,0.9805713295936584,,Initiator,,promoter,False,False
h4_chr14_33378322_33382417,167,3837,3927,3837,3927,90,0.9805619120597839,,,,,False,False
h4_chr14_33378322_33382417,168,3418,3530,3418,3530,112,0.9805203080177307,,,,,False,False
h4_chr14_33378322_33382417,169,3531,3727,3531,3727,196,0.980509877204895,,,,,False,False
h4_chr14_33378322_33382417,170,3803,3916,3803,3916,113,0.9804996252059937,Initiator,,promoter,,False,False
h4_chr14_33378322_33382417,171,3686,3824,3686,3824,138,0.980495274066925,,,,,False,False
h4_chr14_33378322_33382417,172,3527,3796,3527,3796,269,0.9804926514625549,Initiator,,promoter,,False,False
h4_chr14_33378322_33382417,173,3697,4080,3697,4080,383,0.9804728031158447,Initiator,,promoter,,False,False
h4_chr14_33378322_33382417,174,3514,3616,3514,3616,102,0.9804487824440002,,,,,False,False
h4_chr14_33378322_33382417,175,3871,3954,3871,3954,83,0.9804443120956421,,,,,False,False
h4_chr14_33378322_33382417,176,3583,3686,3583,3686,103,0.9804410934448242,Initiator,,promoter,,False,False
h4_chr14_33378322_33382417,177,1758,1815,1758,1815,57,0.9804259538650513,GATA,Initiator,tfbs,promoter,True,False
h4_chr14_33378322_33382417,178,3916,4079,3916,4079,163,0.9804161787033081,,,,,False,False
h4_chr14_33378322_33382417,179,3418,3477,3418,3477,59,0.9803860187530518,,,,,False,False
h4_chr14_33378322_33382417,180,3837,3921,3837,3921,84,0.9803711175918579,,,,,False,False
h4_chr14_33378322_33382417,181,3718,3796,3718,3796,78,0.9803330302238464,,,,,False,False
h4_chr14_33378322_33382417,182,3583,3641,3583,3641,58,0.9802764654159546,Initiator,,promoter,,False,False
h4_chr14_33378322_33382417,183,3686,3876,3686,3876,190,0.9801313877105713,,,,,False,False
h4_chr14_33378322_33382417,184,3640,3820,3640,3820,180,0.9800621867179871,,,,,False,False
h4_chr14_33378322_33382417,185,1331,1422,1331,1422,91,0.9800096750259399,,,,,False,False
h4_chr14_33378322_33382417,186,3895,3985,3895,3985,90,0.9800000190734863,Initiator,,promoter,,False,False
h4_chr14_33378322_33382417,187,4025,4079,4025,4079,54,0.9799832105636597,,,,,False,False
h4_chr14_33378322_33382417,188,3796,4080,3796,4080,284,0.9798667430877686,,,,,False,False
h4_chr14_33378322_33382417,189,3385,3440,3385,3440,55,0.9798325300216675,,,,,False,False
h4_chr14_33378322_33382417,190,1663,1753,1663,1753,90,0.9797723889350891,,,,,False,False
h4_chr14_33378322_33382417,191,3837,3925,3837,3925,88,0.9797658324241638,,,,,False,False
h4_chr14_33378322_33382417,192,3688,3739,3688,3739,51,0.9796987175941467,,,,,False,False
h4_chr14_33378322_33382417,193,3501,3555,3501,3555,54,0.9796916246414185,Initiator,Initiator;YY1,promoter,promoter;tfbs,True,True
h4_chr14_33378322_33382417,194,2041,2092,2041,2092,51,0.9796774387359619,,,,,False,False
h4_chr14_33378322_33382417,195,3681,3838,3681,3838,157,0.9796727895736694,,,,,False,False
h4_chr14_33378322_33382417,196,3686,3911,3686,3911,225,0.9796696305274963,,,,,False,False
h4_chr14_33378322_33382417,197,3766,3902,3766,3902,136,0.9796646237373352,,,,,False,False
h4_chr14_33378322_33382417,198,3682,3893,3682,3893,211,0.9796192049980164,,Initiator,,promoter,False,False
h4_chr14_33378322_33382417,199,3796,4009,3796,4009,213,0.9796180129051208,,Initiator,,promoter,False,False
h4_chr14_33378322_33382417,200,1394,1464,1394,1464,70,0.9795132279396057,,,,,False,False
h4_chr17_22742263_22746358,1,2485,2569,2485,2569,84,0.9966464042663574,,,,,False,False
h4_chr17_22742263_22746358,2,1208,1376,1208,1376,168,0.9952644109725952,,,,,False,False
h4_chr17_22742263_22746358,3,1277,1371,1277,1371,94,0.9936060309410095,,,,,False,False
h4_chr17_22742263_22746358,4,2337,2399,2337,2399,62,0.9932149052619934,,,,,False,False
h4_chr17_22742263_22746358,5,915,1003,915,1003,88,0.9925935864448547,,,,,False,False
h4_chr17_22742263_22746358,6,1003,1087,1003,1087,84,0.9919355511665344,,,,,False,False
h4_chr17_22742263_22746358,7,1253,1371,1253,1371,118,0.9915160536766052,,,,,False,False
h4_chr17_22742263_22746358,8,1277,1376,1277,1376,99,0.9912713766098022,,,,,False,False
h4_chr17_22742263_22746358,9,1347,1425,1347,1425,78,0.9911794662475586,,,,,False,False
h4_chr17_22742263_22746358,10,2580,2660,2580,2660,80,0.991107165813446,,,,,False,False
h4_chr17_22742263_22746358,11,1291,1393,1291,1393,102,0.9910800457000732,,,,,False,False
h4_chr17_22742263_22746358,12,1208,1371,1208,1371,163,0.9906247854232788,,,,,False,False
h4_chr17_22742263_22746358,13,2888,2948,2888,2948,60,0.9906154274940491,,,,,False,False
h4_chr17_22742263_22746358,14,1391,1498,1391,1498,107,0.990409255027771,,,,,False,False
h4_chr17_22742263_22746358,15,1389,1498,1389,1498,109,0.9901649355888367,,,,,False,False
h4_chr17_22742263_22746358,16,1038,1206,1038,1206,168,0.990130603313446,,,,,False,False
h4_chr17_22742263_22746358,17,1038,1204,1038,1204,166,0.9901209473609924,,,,,False,False
h4_chr17_22742263_22746358,18,1600,1660,1600,1660,60,0.9899550676345825,,,,,False,False
h4_chr17_22742263_22746358,19,1153,1229,1153,1229,76,0.9889752268791199,,,,,False,False
h4_chr17_22742263_22746358,20,1107,1376,1107,1376,269,0.9885488748550415,,,,,False,False
h4_chr17_22742263_22746358,21,2649,2704,2649,2704,55,0.9884105920791626,,,,,False,False
h4_chr17_22742263_22746358,22,990,1098,990,1098,108,0.9883941411972046,,,,,False,False
h4_chr17_22742263_22746358,23,915,1087,915,1087,172,0.988185465335846,,,,,False,False
h4_chr17_22742263_22746358,24,1268,1393,1268,1393,125,0.9880741238594055,,,,,False,False
h4_chr17_22742263_22746358,25,1115,1289,1115,1289,174,0.9879665970802307,,,,,False,False
h4_chr17_22742263_22746358,26,2580,2671,2580,2671,91,0.9878726005554199,,,,,False,False
h4_chr17_22742263_22746358,27,1219,1371,1219,1371,152,0.9878707528114319,,,,,False,False
h4_chr17_22742263_22746358,28,1268,1347,1268,1347,79,0.9877923130989075,,,,,False,False
h4_chr17_22742263_22746358,29,1219,1277,1219,1277,58,0.9874023199081421,,,,,False,False
h4_chr17_22742263_22746358,30,1107,1206,1107,1206,99,0.9872825741767883,,,,,False,False
h4_chr17_22742263_22746358,31,1277,1378,1277,1378,101,0.9872649312019348,,,,,False,False
h4_chr17_22742263_22746358,32,2849,2906,2849,2906,57,0.9872557520866394,,,,,False,False
h4_chr17_22742263_22746358,33,1345,1425,1345,1425,80,0.9871934056282043,,,,,False,False
h4_chr17_22742263_22746358,34,1253,1376,1253,1376,123,0.9871900677680969,,,,,False,False
h4_chr17_22742263_22746358,35,2724,2774,2724,2774,50,0.9867921471595764,,,,,False,False
h4_chr17_22742263_22746358,36,1107,1204,1107,1204,97,0.986611008644104,,,,,False,False
h4_chr17_22742263_22746358,37,1037,1207,1037,1207,170,0.9866015315055847,,,,,False,False
h4_chr17_22742263_22746358,38,1504,1611,1504,1611,107,0.9865450263023376,,,,,False,False
h4_chr17_22742263_22746358,39,1219,1376,1219,1376,157,0.9864029884338379,,,,,False,False
h4_chr17_22742263_22746358,40,2678,2781,2678,2781,103,0.9862620234489441,,,,,False,False
h4_chr17_22742263_22746358,41,1246,1418,1246,1418,172,0.9862598180770874,,,,,False,False
h4_chr17_22742263_22746358,42,2736,2805,2736,2805,69,0.986245334148407,,,,,False,False
h4_chr17_22742263_22746358,43,2795,2856,2795,2856,61,0.9860774278640747,,,,,False,False
h4_chr17_22742263_22746358,44,1289,1389,1289,1389,100,0.9857953190803528,,,,,False,False
h4_chr17_22742263_22746358,45,1027,1107,1027,1107,80,0.9856020212173462,,,,,False,False
h4_chr17_22742263_22746358,46,1098,1153,1098,1153,55,0.9855664968490601,,,,,False,False
h4_chr17_22742263_22746358,47,1393,1463,1393,1463,70,0.9855579733848572,,,,,False,False
h4_chr17_22742263_22746358,48,2354,2433,2354,2433,79,0.9855369329452515,,,,,False,False
h4_chr17_22742263_22746358,49,2723,2778,2723,2778,55,0.9854731559753418,,,,,False,False
h4_chr17_22742263_22746358,50,3406,3475,3406,3475,69,0.9854115843772888,,,,,False,False
h4_chr17_22742263_22746358,51,1620,1721,1620,1721,101,0.9854001998901367,,,,,False,False
h4_chr17_22742263_22746358,52,1289,1391,1289,1391,102,0.9853396415710449,,,,,False,False
h4_chr17_22742263_22746358,53,1029,1100,1029,1100,71,0.985326886177063,,,,,False,False
h4_chr17_22742263_22746358,54,1049,1100,1049,1100,51,0.9853106737136841,,,,,False,False
h4_chr17_22742263_22746358,55,1268,1345,1268,1345,77,0.9852175712585449,,,,,False,False
h4_chr17_22742263_22746358,56,754,818,754,818,64,0.9851784706115723,,,,,False,False
h4_chr17_22742263_22746358,57,1076,1246,1076,1246,170,0.985176682472229,,,,,False,False
h4_chr17_22742263_22746358,58,2404,2485,2404,2485,81,0.9851734042167664,,,,,False,False
h4_chr17_22742263_22746358,59,1429,1572,1429,1572,143,0.985140860080719,,,,,False,False
h4_chr17_22742263_22746358,60,1034,1204,1034,1204,170,0.9849908351898193,,,,,False,False
h4_chr17_22742263_22746358,61,1107,1371,1107,1371,264,0.9849688410758972,,,,,False,False
h4_chr17_22742263_22746358,62,1036,1206,1036,1206,170,0.9848582744598389,,,,,False,False
h4_chr17_22742263_22746358,63,3208,3259,3208,3259,51,0.9848181009292603,,,,,False,False
h4_chr17_22742263_22746358,64,2337,2433,2337,2433,96,0.9847577810287476,,,,,False,False
h4_chr17_22742263_22746358,65,2811,2888,2811,2888,77,0.9847124814987183,,,,,False,False
h4_chr17_22742263_22746358,66,1291,1347,1291,1347,56,0.9846721291542053,,,,,False,False
h4_chr17_22742263_22746358,67,1351,1402,1351,1402,51,0.9846367239952087,,,,,False,False
h4_chr17_22742263_22746358,68,2640,2706,2640,2706,66,0.9846274256706238,,,,,False,False
h4_chr17_22742263_22746358,69,1551,1620,1551,1620,69,0.9845631718635559,,,,,False,False
h4_chr17_22742263_22746358,70,1100,1153,1100,1153,53,0.9844940900802612,,,,,False,False
h4_chr17_22742263_22746358,71,1100,1291,1100,1291,191,0.9844111800193787,,,,,False,False
h4_chr17_22742263_22746358,72,1277,1432,1277,1432,155,0.9844070672988892,,,,,False,False
h4_chr17_22742263_22746358,73,2701,2757,2701,2757,56,0.9842752814292908,,,,,False,False
h4_chr17_22742263_22746358,74,1153,1291,1153,1291,138,0.9842071533203125,,,,,False,False
h4_chr17_22742263_22746358,75,1291,1391,1291,1391,100,0.9841578602790833,,,,,False,False
h4_chr17_22742263_22746358,76,3872,3976,3872,3976,104,0.9841403961181641,,,,,False,False
h4_chr17_22742263_22746358,77,1620,1719,1620,1719,99,0.9841083288192749,,,,,False,False
h4_chr17_22742263_22746358,78,1106,1218,1106,1218,112,0.9839841723442078,,,,,False,False
h4_chr17_22742263_22746358,79,756,812,756,812,56,0.9839386343955994,,,,,False,False
h4_chr17_22742263_22746358,80,1393,1498,1393,1498,105,0.9839378595352173,,,,,False,False
h4_chr17_22742263_22746358,81,1572,1660,1572,1660,88,0.9837486743927002,,,,,False,False
h4_chr17_22742263_22746358,82,2855,2909,2855,2909,54,0.9837120771408081,,,,,False,False
h4_chr17_22742263_22746358,83,1100,1289,1100,1289,189,0.9836742877960205,,,,,False,False
h4_chr17_22742263_22746358,84,1038,1208,1038,1208,170,0.9836697578430176,,,,,False,False
h4_chr17_22742263_22746358,85,877,1049,877,1049,172,0.9836503863334656,,,,,False,False
h4_chr17_22742263_22746358,86,935,1027,935,1027,92,0.9836475849151611,,,,,False,False
h4_chr17_22742263_22746358,87,2530,2589,2530,2589,59,0.9835224151611328,,,,,False,False
h4_chr17_22742263_22746358,88,2945,3021,2945,3021,76,0.9834684133529663,,,,,False,False
h4_chr17_22742263_22746358,89,2781,2849,2781,2849,68,0.9834519624710083,,,,,False,False
h4_chr17_22742263_22746358,90,2678,2754,2678,2754,76,0.9833563566207886,,,,,False,False
h4_chr17_22742263_22746358,91,3872,3993,3872,3993,121,0.9833033084869385,,,,,False,False
h4_chr17_22742263_22746358,92,2679,2743,2679,2743,64,0.9831368327140808,,,,,False,False
h4_chr17_22742263_22746358,93,3428,3482,3428,3482,54,0.9831305146217346,,Initiator,,promoter,False,False
h4_chr17_22742263_22746358,94,1347,1470,1347,1470,123,0.9830981492996216,,Initiator,,promoter,False,False
h4_chr17_22742263_22746358,95,2580,2695,2580,2695,115,0.982965886592865,,,,,False,False
h4_chr17_22742263_22746358,96,2796,2863,2796,2863,67,0.9829581379890442,,,,,False,False
h4_chr17_22742263_22746358,97,1429,1600,1429,1600,171,0.9826919436454773,,,,,False,False
h4_chr17_22742263_22746358,98,2641,2692,2641,2692,51,0.9826861619949341,,,,,False,False
h4_chr17_22742263_22746358,99,3115,3197,3115,3197,82,0.9826634526252747,,,,,False,False
h4_chr17_22742263_22746358,100,1038,1376,1038,1376,338,0.9826133847236633,,,,,False,False
h4_chr17_22742263_22746358,101,3014,3081,3014,3081,67,0.9825043082237244,Initiator,,promoter,,False,False
h4_chr17_22742263_22746358,102,2695,2754,2695,2754,59,0.9824647307395935,,,,,False,False
h4_chr17_22742263_22746358,103,1153,1268,1153,1268,115,0.9824351668357849,,,,,False,False
h4_chr17_22742263_22746358,104,1033,1203,1033,1203,170,0.9824049472808838,,,,,False,False
h4_chr17_22742263_22746358,105,2648,2750,2648,2750,102,0.9823960065841675,,,,,False,False
h4_chr17_22742263_22746358,106,2485,2580,2485,2580,95,0.982374906539917,,,,,False,False
h4_chr17_22742263_22746358,107,2679,2782,2679,2782,103,0.9823510646820068,,,,,False,False
h4_chr17_22742263_22746358,108,1267,1375,1267,1375,108,0.9823409914970398,,,,,False,False
h4_chr17_22742263_22746358,109,1027,1208,1027,1208,181,0.9823119044303894,,,,,False,False
h4_chr17_22742263_22746358,110,1660,1772,1660,1772,112,0.9822942018508911,,,,,False,False
h4_chr17_22742263_22746358,111,2494,2570,2494,2570,76,0.9822770357131958,,,,,False,False
h4_chr17_22742263_22746358,112,2795,2862,2795,2862,67,0.9822480082511902,,,,,False,False
h4_chr17_22742263_22746358,113,1107,1219,1107,1219,112,0.9822150468826294,,,,,False,False
h4_chr17_22742263_22746358,114,1010,1060,1010,1060,50,0.9821721911430359,,,,,False,False
h4_chr17_22742263_22746358,115,949,1029,949,1029,80,0.9821658730506897,,,,,False,False
h4_chr17_22742263_22746358,116,857,949,857,949,92,0.982132077217102,,,,,False,False
h4_chr17_22742263_22746358,117,1253,1432,1253,1432,179,0.9821057319641113,,,,,False,False
h4_chr17_22742263_22746358,118,1391,1463,1391,1463,72,0.9820809364318848,,,,,False,False
h4_chr17_22742263_22746358,119,2812,2879,2812,2879,67,0.9820396900177002,,,,,False,False
h4_chr17_22742263_22746358,120,754,829,754,829,75,0.9820162653923035,,RUNX,,tfbs,False,False
h4_chr17_22742263_22746358,121,866,1027,866,1027,161,0.9819791913032532,,,,,False,False
h4_chr17_22742263_22746358,122,1049,1153,1049,1153,104,0.9819669127464294,,,,,False,False
h4_chr17_22742263_22746358,123,1035,1205,1035,1205,170,0.9819539785385132,,,,,False,False
h4_chr17_22742263_22746358,124,2661,2740,2661,2740,79,0.9818110466003418,,,,,False,False
h4_chr17_22742263_22746358,125,3329,3403,3329,3403,74,0.9817048907279968,,,,,False,False
h4_chr17_22742263_22746358,126,982,1098,982,1098,116,0.9816237688064575,,,,,False,False
h4_chr17_22742263_22746358,127,1208,1378,1208,1378,170,0.9815730452537537,,,,,False,False
h4_chr17_22742263_22746358,128,926,1049,926,1049,123,0.9815398454666138,,,,,False,False
h4_chr17_22742263_22746358,129,1628,1717,1628,1717,89,0.9814602732658386,,,,,False,False
h4_chr17_22742263_22746358,130,1291,1345,1291,1345,54,0.9814406633377075,,,,,False,False
h4_chr17_22742263_22746358,131,2648,2744,2648,2744,96,0.9814158082008362,,,,,False,False
h4_chr17_22742263_22746358,132,2723,2777,2723,2777,54,0.9813385605812073,,,,,False,False
h4_chr17_22742263_22746358,133,1253,1378,1253,1378,125,0.9813215732574463,,,,,False,False
h4_chr17_22742263_22746358,134,1550,1619,1550,1619,69,0.9813109636306763,,,,,False,False
h4_chr17_22742263_22746358,135,1291,1389,1291,1389,98,0.9813007712364197,,,,,False,False
h4_chr17_22742263_22746358,136,2671,2746,2671,2746,75,0.9812357425689697,,,,,False,False
h4_chr17_22742263_22746358,137,1026,1141,1026,1141,115,0.9810927510261536,,,,,False,False
h4_chr17_22742263_22746358,138,1347,1481,1347,1481,134,0.9809743762016296,,,,,False,False
h4_chr17_22742263_22746358,139,959,1026,959,1026,67,0.9809194803237915,,,,,False,False
h4_chr17_22742263_22746358,140,2626,2692,2626,2692,66,0.9808979630470276,,,,,False,False
h4_chr17_22742263_22746358,141,1688,1767,1688,1767,79,0.9807962775230408,,,,,False,False
h4_chr17_22742263_22746358,142,2641,2706,2641,2706,65,0.980780303478241,,,,,False,False
h4_chr17_22742263_22746358,143,1097,1267,1097,1267,170,0.980752170085907,,,,,False,False
h4_chr17_22742263_22746358,144,856,948,856,948,92,0.9807423949241638,,,,,False,False
h4_chr17_22742263_22746358,145,2056,2124,2056,2124,68,0.9807051420211792,,,,,False,False
h4_chr17_22742263_22746358,146,856,959,856,959,103,0.9806885719299316,,,,,False,False
h4_chr17_22742263_22746358,147,2062,2134,2062,2134,72,0.9806763529777527,,,,,False,False
h4_chr17_22742263_22746358,148,1100,1229,1100,1229,129,0.9806087017059326,,,,,False,False
h4_chr17_22742263_22746358,149,2703,2771,2703,2771,68,0.980546772480011,,,,,False,False
h4_chr17_22742263_22746358,150,2695,2746,2695,2746,51,0.9805466532707214,,,,,False,False
h4_chr17_22742263_22746358,151,1267,1424,1267,1424,157,0.9805426597595215,,,,,False,False
h4_chr17_22742263_22746358,152,2067,2124,2067,2124,57,0.9805370569229126,,,,,False,False
h4_chr17_22742263_22746358,153,2660,2754,2660,2754,94,0.9805306196212769,,,,,False,False
h4_chr17_22742263_22746358,154,2671,2781,2671,2781,110,0.9805010557174683,,,,,False,False
h4_chr17_22742263_22746358,155,2672,2740,2672,2740,68,0.9804930090904236,,,,,False,False
h4_chr17_22742263_22746358,156,533,591,533,591,58,0.9804683327674866,,,,,False,False
h4_chr17_22742263_22746358,157,2648,2703,2648,2703,55,0.9804553985595703,,,,,False,False
h4_chr17_22742263_22746358,158,861,1033,861,1033,172,0.980427086353302,,,,,False,False
h4_chr17_22742263_22746358,159,1229,1345,1229,1345,116,0.9804255962371826,,,,,False,False
h4_chr17_22742263_22746358,160,1026,1097,1026,1097,71,0.9804121255874634,,,,,False,False
h4_chr17_22742263_22746358,161,1218,1276,1218,1276,58,0.9803986549377441,,,,,False,False
h4_chr17_22742263_22746358,162,2062,2148,2062,2148,86,0.9803871512413025,,,,,False,False
h4_chr17_22742263_22746358,163,3330,3404,3330,3404,74,0.9803569912910461,,,,,False,False
h4_chr17_22742263_22746358,164,3358,3453,3358,3453,95,0.9803405404090881,,,,,False,False
h4_chr17_22742263_22746358,165,1107,1277,1107,1277,170,0.9803202748298645,,,,,False,False
h4_chr17_22742263_22746358,166,1389,1463,1389,1463,74,0.9803194999694824,,,,,False,False
h4_chr17_22742263_22746358,167,990,1100,990,1100,110,0.9802660942077637,,,,,False,False
h4_chr17_22742263_22746358,168,1613,1717,1613,1717,104,0.9802616238594055,,,,,False,False
h4_chr17_22742263_22746358,169,2569,2656,2569,2656,87,0.9802042245864868,,,,,False,False
h4_chr17_22742263_22746358,170,1375,1462,1375,1462,87,0.9801959991455078,,,,,False,False
h4_chr17_22742263_22746358,171,3907,3976,3907,3976,69,0.9801378846168518,,,,,False,False
h4_chr17_22742263_22746358,172,949,1049,949,1049,100,0.9801025986671448,,,,,False,False
h4_chr17_22742263_22746358,173,926,1087,926,1087,161,0.9800935387611389,,,,,False,False
h4_chr17_22742263_22746358,174,1600,1688,1600,1688,88,0.9800552129745483,,,,,False,False
h4_chr17_22742263_22746358,175,3907,3993,3907,3993,86,0.9800124168395996,,,,,False,False
h4_chr17_22742263_22746358,176,990,1115,990,1115,125,0.9799830317497253,,,,,False,False
h4_chr17_22742263_22746358,177,1268,1429,1268,1429,161,0.9799743294715881,,,,,False,False
h4_chr17_22742263_22746358,178,1125,1219,1125,1219,94,0.9799530506134033,,,,,False,False
h4_chr17_22742263_22746358,179,1027,1204,1027,1204,177,0.9799420237541199,,,,,False,False
h4_chr17_22742263_22746358,180,1026,1120,1026,1120,94,0.9798457622528076,,,,,False,False
h4_chr17_22742263_22746358,181,1027,1206,1027,1206,179,0.9797383546829224,,,,,False,False
h4_chr17_22742263_22746358,182,2580,2678,2580,2678,98,0.9797315001487732,,,,,False,False
h4_chr17_22742263_22746358,183,1205,1377,1205,1377,172,0.9797257781028748,,,,,False,False
h4_chr17_22742263_22746358,184,1036,1204,1036,1204,168,0.9797229170799255,,,,,False,False
h4_chr17_22742263_22746358,185,1106,1252,1106,1252,146,0.9796596169471741,,,,,False,False
h4_chr17_22742263_22746358,186,2508,2573,2508,2573,65,0.9796496033668518,,,,,False,False
h4_chr17_22742263_22746358,187,2399,2485,2399,2485,86,0.9796244502067566,,,,,False,False
h4_chr17_22742263_22746358,188,1098,1208,1098,1208,110,0.9795249104499817,,,,,False,False
h4_chr17_22742263_22746358,189,935,1107,935,1107,172,0.9794988036155701,,,,,False,False
h4_chr17_22742263_22746358,190,934,1106,934,1106,172,0.9794356226921082,,,,,False,False
h4_chr17_22742263_22746358,191,959,1120,959,1120,161,0.979402482509613,,,,,False,False
h4_chr17_22742263_22746358,192,1161,1332,1161,1332,171,0.9793631434440613,,,,,False,False
h4_chr17_22742263_22746358,193,1393,1481,1393,1481,88,0.979354202747345,,,,,False,False
h4_chr17_22742263_22746358,194,1034,1206,1034,1206,172,0.9792940616607666,,,,,False,False
h4_chr17_22742263_22746358,195,2305,2381,2305,2381,76,0.979293167591095,,,,,False,False
h4_chr17_22742263_22746358,196,1035,1114,1035,1114,79,0.9792906641960144,,,,,False,False
h4_chr17_22742263_22746358,197,2660,2746,2660,2746,86,0.9792863726615906,,,,,False,False
h4_chr17_22742263_22746358,198,1806,1905,1806,1905,99,0.9792270064353943,,,,,False,False
h4_chr17_22742263_22746358,199,1114,1205,1114,1205,91,0.979217529296875,,,,,False,False
h4_chr17_22742263_22746358,200,982,1115,982,1115,133,0.9791916012763977,,,,,False,False
h4_chr17_35243344_35247439,1,2237,2299,2237,2299,62,0.9901533126831055,,,,,False,False
h4_chr17_35243344_35247439,2,2295,2389,2295,2389,94,0.9898381233215332,,,,,False,False
h4_chr17_35243344_35247439,3,3956,4039,3956,4039,83,0.9886265993118286,,,,,False,False
h4_chr17_35243344_35247439,4,3848,3915,3848,3915,67,0.9885202050209045,,Initiator,,promoter,False,False
h4_chr17_35243344_35247439,5,3753,3807,3753,3807,54,0.9883490800857544,,,,,False,False
h4_chr17_35243344_35247439,6,3897,3976,3897,3976,79,0.9871806502342224,,,,,False,False
h4_chr17_35243344_35247439,7,3875,3956,3875,3956,81,0.9868575930595398,,,,,False,False
h4_chr17_35243344_35247439,8,2481,2539,2481,2539,58,0.9866059422492981,,,,,False,False
h4_chr17_35243344_35247439,9,3905,4025,3905,4025,120,0.9864952564239502,,,,,False,False
h4_chr17_35243344_35247439,10,3848,3910,3848,3910,62,0.9858745336532593,,Initiator,,promoter,False,False
h4_chr17_35243344_35247439,11,2237,2360,2237,2360,123,0.9844478964805603,,,,,False,False
h4_chr17_35243344_35247439,12,2539,2625,2539,2625,86,0.984416663646698,,,,,False,False
h4_chr17_35243344_35247439,13,2211,2299,2211,2299,88,0.9842754602432251,,,,,False,False
h4_chr17_35243344_35247439,14,3664,3718,3664,3718,54,0.9842712879180908,,,,,False,False
h4_chr17_35243344_35247439,15,2181,2236,2181,2236,55,0.9841123223304749,,,,,False,False
h4_chr17_35243344_35247439,16,2179,2243,2179,2243,64,0.9836311936378479,,,,,False,False
h4_chr17_35243344_35247439,17,3664,3720,3664,3720,56,0.9836193323135376,,,,,False,False
h4_chr17_35243344_35247439,18,3875,4039,3875,4039,164,0.9833836555480957,,,,,False,False
h4_chr17_35243344_35247439,19,2236,2359,2236,2359,123,0.9831662178039551,,,,,False,False
h4_chr17_35243344_35247439,20,3894,3976,3894,3976,82,0.9830829501152039,,,,,False,False
h4_chr17_35243344_35247439,21,2217,2283,2217,2283,66,0.9830601215362549,,,,,False,False
h4_chr17_35243344_35247439,22,2299,2360,2299,2360,61,0.9830107688903809,,,,,False,False
h4_chr17_35243344_35247439,23,2360,2423,2360,2423,63,0.9829743504524231,,,,,False,False
h4_chr17_35243344_35247439,24,1786,1840,1786,1840,54,0.982833206653595,Initiator,,promoter,,False,False
h4_chr17_35243344_35247439,25,2243,2359,2243,2359,116,0.9826777577400208,,,,,False,False
h4_chr17_35243344_35247439,26,2337,2393,2337,2393,56,0.9825801253318787,,,,,False,False
h4_chr17_35243344_35247439,27,2539,2608,2539,2608,69,0.9824281334877014,,Initiator,,promoter,False,False
h4_chr17_35243344_35247439,28,2179,2236,2179,2236,57,0.9824231863021851,,,,,False,False
h4_chr17_35243344_35247439,29,3976,4031,3976,4031,55,0.9823169112205505,,,,,False,False
h4_chr17_35243344_35247439,30,2178,2237,2178,2237,59,0.9822143316268921,,,,,False,False
h4_chr17_35243344_35247439,31,3352,3515,3352,3515,163,0.9821802973747253,,,,,False,False
h4_chr17_35243344_35247439,32,3897,4031,3897,4031,134,0.982145369052887,,,,,False,False
h4_chr17_35243344_35247439,33,2181,2243,2181,2243,62,0.9819628596305847,,,,,False,False
h4_chr17_35243344_35247439,34,2194,2318,2194,2318,124,0.9818586111068726,Initiator,,promoter,,False,False
h4_chr17_35243344_35247439,35,3561,3618,3561,3618,57,0.9817166924476624,,,,,False,False
h4_chr17_35243344_35247439,36,2178,2299,2178,2299,121,0.9812548160552979,,,,,False,False
h4_chr17_35243344_35247439,37,2180,2237,2180,2237,57,0.981246829032898,,,,,False,False
h4_chr17_35243344_35247439,38,3771,3850,3771,3850,79,0.9811103343963623,,,,,False,False
h4_chr17_35243344_35247439,39,3526,3583,3526,3583,57,0.9810830950737,,,,,False,False
h4_chr17_35243344_35247439,40,2318,2372,2318,2372,54,0.9808397889137268,,,,,False,False
h4_chr17_35243344_35247439,41,3923,4031,3923,4031,108,0.980721116065979,,,,,False,False
h4_chr17_35243344_35247439,42,3359,3515,3359,3515,156,0.9806799292564392,,,,,False,False
h4_chr17_35243344_35247439,43,3850,3923,3850,3923,73,0.9806749820709229,,,,,False,False
h4_chr17_35243344_35247439,44,2539,2623,2539,2623,84,0.9805927872657776,,,,,False,False
h4_chr17_35243344_35247439,45,3839,4029,3839,4029,190,0.9804612994194031,Initiator,,promoter,,False,False
h4_chr17_35243344_35247439,46,648,726,648,726,78,0.98037189245224,,,,,False,False
h4_chr17_35243344_35247439,47,1157,1227,1157,1227,70,0.9801543354988098,,,,,False,False
h4_chr17_35243344_35247439,48,664,762,664,762,98,0.9796279072761536,,,,,False,False
h4_chr17_35243344_35247439,49,3708,3817,3708,3817,109,0.9795234203338623,,,,,False,False
h4_chr17_35243344_35247439,50,524,606,524,606,82,0.979373574256897,Initiator,,promoter,,False,False
h4_chr17_35243344_35247439,51,2787,2872,2787,2872,85,0.9792026877403259,,TATA_box,,promoter,False,False
h4_chr17_35243344_35247439,52,3850,4031,3850,4031,181,0.97911137342453,,,,,False,False
h4_chr17_35243344_35247439,53,2220,2299,2220,2299,79,0.9789823889732361,,,,,False,False
h4_chr17_35243344_35247439,54,3716,3826,3716,3826,110,0.978935718536377,,,,,False,False
h4_chr17_35243344_35247439,55,3642,3718,3642,3718,76,0.9788995981216431,,,,,False,False
h4_chr17_35243344_35247439,56,3642,3720,3642,3720,78,0.9788134098052979,,,,,False,False
h4_chr17_35243344_35247439,57,2447,2606,2447,2606,159,0.9786745309829712,,Initiator,,promoter,False,False
h4_chr17_35243344_35247439,58,3921,4018,3921,4018,97,0.9786704182624817,,,,,False,False
h4_chr17_35243344_35247439,59,3625,3720,3625,3720,95,0.9784935712814331,,,,,False,False
h4_chr17_35243344_35247439,60,1137,1208,1137,1208,71,0.9784041047096252,,,,,False,False
h4_chr17_35243344_35247439,61,3960,4043,3960,4043,83,0.9783400297164917,,,,,False,False
h4_chr17_35243344_35247439,62,2299,2423,2299,2423,124,0.9783399701118469,,,,,False,False
h4_chr17_35243344_35247439,63,2787,2870,2787,2870,83,0.9782416820526123,,TATA_box,,promoter,False,False
h4_chr17_35243344_35247439,64,2300,2361,2300,2361,61,0.9781472086906433,,,,,False,False
h4_chr17_35243344_35247439,65,2481,2623,2481,2623,142,0.9781003594398499,,,,,False,False
h4_chr17_35243344_35247439,66,2180,2242,2180,2242,62,0.9780017733573914,,,,,False,False
h4_chr17_35243344_35247439,67,3855,3980,3855,3980,125,0.9778004884719849,,Initiator,,promoter,False,False
h4_chr17_35243344_35247439,68,2217,2267,2217,2267,50,0.9777796268463135,,,,,False,False
h4_chr17_35243344_35247439,69,3554,3642,3554,3642,88,0.9776742458343506,,,,,False,False
h4_chr17_35243344_35247439,70,2241,2359,2241,2359,118,0.9776596426963806,,,,,False,False
h4_chr17_35243344_35247439,71,2632,2750,2632,2750,118,0.9776531457901001,,,,,False,False
h4_chr17_35243344_35247439,72,3850,3976,3850,3976,126,0.9774952530860901,,,,,False,False
h4_chr17_35243344_35247439,73,932,1001,932,1001,69,0.9772971272468567,,,,,False,False
h4_chr17_35243344_35247439,74,3440,3495,3440,3495,55,0.9772910475730896,,,,,False,False
h4_chr17_35243344_35247439,75,3921,3984,3921,3984,63,0.9770570397377014,,Initiator,,promoter,False,False
h4_chr17_35243344_35247439,76,3656,3753,3656,3753,97,0.9769368767738342,,,,,False,False
h4_chr17_35243344_35247439,77,3360,3515,3360,3515,155,0.9769023060798645,,,,,False,False
h4_chr17_35243344_35247439,78,2301,2425,2301,2425,124,0.9768944978713989,,,,,False,False
h4_chr17_35243344_35247439,79,3788,3875,3788,3875,87,0.9766079187393188,,,,,False,False
h4_chr17_35243344_35247439,80,2235,2295,2235,2295,60,0.9765358567237854,,,,,False,False
h4_chr17_35243344_35247439,81,3554,3638,3554,3638,84,0.9764324426651001,,,,,False,False
h4_chr17_35243344_35247439,82,3753,3853,3753,3853,100,0.9762177467346191,,,,,False,False
h4_chr17_35243344_35247439,83,1691,1745,1691,1745,54,0.9761122465133667,,,,,False,False
h4_chr17_35243344_35247439,84,3875,4009,3875,4009,134,0.9761110544204712,,,,,False,False
h4_chr17_35243344_35247439,85,3771,4031,3771,4031,260,0.9760555624961853,,,,,False,False
h4_chr17_35243344_35247439,86,2822,2895,2822,2895,73,0.9760486483573914,,GATA,,tfbs,False,False
h4_chr17_35243344_35247439,87,2473,2539,2473,2539,66,0.975959837436676,,,,,False,False
h4_chr17_35243344_35247439,88,2255,2361,2255,2361,106,0.9759398698806763,,,,,False,False
h4_chr17_35243344_35247439,89,726,783,726,783,57,0.9758853912353516,,,,,False,False
h4_chr17_35243344_35247439,90,2241,2372,2241,2372,131,0.9758090376853943,,,,,False,False
h4_chr17_35243344_35247439,91,1709,1760,1709,1760,51,0.9758041501045227,,Initiator,,promoter,False,False
h4_chr17_35243344_35247439,92,3782,3844,3782,3844,62,0.9757999181747437,Initiator,Initiator,promoter,promoter,True,True
h4_chr17_35243344_35247439,93,3960,4070,3960,4070,110,0.9757602214813232,,,,,False,False
h4_chr17_35243344_35247439,94,2202,2280,2202,2280,78,0.9756364822387695,Initiator,,promoter,,False,False
h4_chr17_35243344_35247439,95,3774,3923,3774,3923,149,0.9756189584732056,,,,,False,False
h4_chr17_35243344_35247439,96,2358,2447,2358,2447,89,0.9755887389183044,,,,,False,False
h4_chr17_35243344_35247439,97,3720,3771,3720,3771,51,0.9755712747573853,,,,,False,False
h4_chr17_35243344_35247439,98,3956,4009,3956,4009,53,0.9753760695457458,,,,,False,False
h4_chr17_35243344_35247439,99,3664,3729,3664,3729,65,0.9753543734550476,,,,,False,False
h4_chr17_35243344_35247439,100,327,411,327,411,84,0.9752835631370544,,,,,False,False
h4_chr17_35243344_35247439,101,2214,2355,2214,2355,141,0.9751092195510864,,,,,False,False
h4_chr17_35243344_35247439,102,1661,1733,1661,1733,72,0.9750142097473145,E_box,,tfbs,,False,False
h4_chr17_35243344_35247439,103,2242,2360,2242,2360,118,0.9749925136566162,,,,,False,False
h4_chr17_35243344_35247439,104,2481,2625,2481,2625,144,0.9749916791915894,,,,,False,False
h4_chr17_35243344_35247439,105,2632,2696,2632,2696,64,0.9749408960342407,,,,,False,False
h4_chr17_35243344_35247439,106,2280,2334,2280,2334,54,0.9749362468719482,,,,,False,False
h4_chr17_35243344_35247439,107,3856,3960,3856,3960,104,0.9748659133911133,,,,,False,False
h4_chr17_35243344_35247439,108,359,411,359,411,52,0.974686861038208,,,,,False,False
h4_chr17_35243344_35247439,109,2480,2607,2480,2607,127,0.9746845960617065,,Initiator,,promoter,False,False
h4_chr17_35243344_35247439,110,3716,3839,3716,3839,123,0.9745988845825195,,Initiator,,promoter,False,False
h4_chr17_35243344_35247439,111,3718,3771,3718,3771,53,0.9745673537254333,,,,,False,False
h4_chr17_35243344_35247439,112,3981,4070,3981,4070,89,0.9745124578475952,Initiator,,promoter,,False,False
h4_chr17_35243344_35247439,113,3855,4069,3855,4069,214,0.9744206070899963,,,,,False,False
h4_chr17_35243344_35247439,114,3956,4085,3956,4085,129,0.9743764400482178,,,,,False,False
h4_chr17_35243344_35247439,115,3660,3848,3660,3848,188,0.9743423461914062,,,,,False,False
h4_chr17_35243344_35247439,116,3554,3658,3554,3658,104,0.974327564239502,,,,,False,False
h4_chr17_35243344_35247439,117,3826,4029,3826,4029,203,0.9741439819335938,,,,,False,False
h4_chr17_35243344_35247439,118,3532,3588,3532,3588,56,0.974116861820221,Initiator,,promoter,,False,False
h4_chr17_35243344_35247439,119,3752,3852,3752,3852,100,0.974088191986084,,,,,False,False
h4_chr17_35243344_35247439,120,2313,2393,2313,2393,80,0.9740548729896545,,,,,False,False
h4_chr17_35243344_35247439,121,2241,2318,2241,2318,77,0.9739944338798523,,,,,False,False
h4_chr17_35243344_35247439,122,3910,4013,3910,4013,103,0.973966121673584,Initiator,,promoter,,False,False
h4_chr17_35243344_35247439,123,3718,3850,3718,3850,132,0.9739660620689392,,,,,False,False
h4_chr17_35243344_35247439,124,2480,2538,2480,2538,58,0.9739184975624084,,,,,False,False
h4_chr17_35243344_35247439,125,2202,2295,2202,2295,93,0.9738195538520813,Initiator,,promoter,,False,False
h4_chr17_35243344_35247439,126,3980,4069,3980,4069,89,0.9737227559089661,Initiator,,promoter,,False,False
h4_chr17_35243344_35247439,127,2334,2385,2334,2385,51,0.9735859632492065,,,,,False,False
h4_chr17_35243344_35247439,128,1752,1813,1752,1813,61,0.9735403656959534,,,,,False,False
h4_chr17_35243344_35247439,129,2179,2359,2179,2359,180,0.9734969139099121,,,,,False,False
h4_chr17_35243344_35247439,130,1661,1719,1661,1719,58,0.9734915494918823,E_box,,tfbs,,False,False
h4_chr17_35243344_35247439,131,2696,2750,2696,2750,54,0.9734874963760376,,,,,False,False
h4_chr17_35243344_35247439,132,3771,3897,3771,3897,126,0.9734696745872498,,,,,False,False
h4_chr17_35243344_35247439,133,3960,4085,3960,4085,125,0.9734664559364319,,,,,False,False
h4_chr17_35243344_35247439,134,3405,3513,3405,3513,108,0.9733985066413879,,,,,False,False
h4_chr17_35243344_35247439,135,3670,3764,3670,3764,94,0.9733215570449829,Initiator,,promoter,,False,False
h4_chr17_35243344_35247439,136,2220,2355,2220,2355,135,0.973285436630249,,,,,False,False
h4_chr17_35243344_35247439,137,3359,3517,3359,3517,158,0.9732452034950256,,,,,False,False
h4_chr17_35243344_35247439,138,3685,3816,3685,3816,131,0.9732417464256287,,,,,False,False
h4_chr17_35243344_35247439,139,757,901,757,901,144,0.9732014536857605,,,,,False,False
h4_chr17_35243344_35247439,140,2480,2624,2480,2624,144,0.9730619788169861,,,,,False,False
h4_chr17_35243344_35247439,141,3784,3862,3784,3862,78,0.9730448722839355,Initiator,Initiator,promoter,promoter,True,True
h4_chr17_35243344_35247439,142,3524,3582,3524,3582,58,0.9729531407356262,,,,,False,False
h4_chr17_35243344_35247439,143,2220,2295,2220,2295,75,0.9729417562484741,,,,,False,False
h4_chr17_35243344_35247439,144,3855,3992,3855,3992,137,0.9729238152503967,,,,,False,False
h4_chr17_35243344_35247439,145,2295,2385,2295,2385,90,0.9729014039039612,,,,,False,False
h4_chr17_35243344_35247439,146,756,900,756,900,144,0.9728176593780518,,,,,False,False
h4_chr17_35243344_35247439,147,3972,4074,3972,4074,102,0.9726954102516174,,Initiator,,promoter,False,False
h4_chr17_35243344_35247439,148,3525,3582,3525,3582,57,0.972617506980896,,,,,False,False
h4_chr17_35243344_35247439,149,3855,3982,3855,3982,127,0.9726027250289917,,Initiator,,promoter,False,False
h4_chr17_35243344_35247439,150,1719,1771,1719,1771,52,0.9725244045257568,,,,,False,False
h4_chr17_35243344_35247439,151,3848,3965,3848,3965,117,0.9724562168121338,,,,,False,False
h4_chr17_35243344_35247439,152,699,769,699,769,70,0.9724200963973999,,,,,False,False
h4_chr17_35243344_35247439,153,3640,3848,3640,3848,208,0.9723991751670837,,,,,False,False
h4_chr17_35243344_35247439,154,3559,3611,3559,3611,52,0.9723626971244812,,,,,False,False
h4_chr17_35243344_35247439,155,2214,2334,2214,2334,120,0.972317099571228,,,,,False,False
h4_chr17_35243344_35247439,156,3664,3774,3664,3774,110,0.97230064868927,,,,,False,False
h4_chr17_35243344_35247439,157,3557,3609,3557,3609,52,0.9722718000411987,,,,,False,False
h4_chr17_35243344_35247439,158,2780,2869,2780,2869,89,0.9722503423690796,,TATA_box,,promoter,False,False
h4_chr17_35243344_35247439,159,1779,1830,1779,1830,51,0.9720758199691772,,,,,False,False
h4_chr17_35243344_35247439,160,1162,1226,1162,1226,64,0.9720110893249512,,,,,False,False
h4_chr17_35243344_35247439,161,3821,3968,3821,3968,147,0.9719598293304443,,,,,False,False
h4_chr17_35243344_35247439,162,3728,3875,3728,3875,147,0.9719564318656921,,,,,False,False
h4_chr17_35243344_35247439,163,1764,1840,1764,1840,76,0.971899151802063,Initiator,,promoter,,False,False
h4_chr17_35243344_35247439,164,2211,2295,2211,2295,84,0.9718316197395325,,,,,False,False
h4_chr17_35243344_35247439,165,2295,2355,2295,2355,60,0.9717925786972046,,,,,False,False
h4_chr17_35243344_35247439,166,447,568,447,568,121,0.9717342853546143,Initiator,Initiator,promoter,promoter,True,True
h4_chr17_35243344_35247439,167,2443,2512,2443,2512,69,0.9716771245002747,,,,,False,False
h4_chr17_35243344_35247439,168,1134,1206,1134,1206,72,0.9716600179672241,,,,,False,False
h4_chr17_35243344_35247439,169,3923,3976,3923,3976,53,0.9716408848762512,,,,,False,False
h4_chr17_35243344_35247439,170,3720,3850,3720,3850,130,0.9715893864631653,,,,,False,False
h4_chr17_35243344_35247439,171,2181,2359,2181,2359,178,0.9715421795845032,,,,,False,False
h4_chr17_35243344_35247439,172,3935,4043,3935,4043,108,0.9715136289596558,,,,,False,False
h4_chr17_35243344_35247439,173,3788,3956,3788,3956,168,0.9714358448982239,,,,,False,False
h4_chr17_35243344_35247439,174,1036,1191,1036,1191,155,0.9714237451553345,,,,,False,False
h4_chr17_35243344_35247439,175,3718,3897,3718,3897,179,0.9714157581329346,,,,,False,False
h4_chr17_35243344_35247439,176,1169,1256,1169,1256,87,0.9712948203086853,,Initiator,,promoter,False,False
h4_chr17_35243344_35247439,177,579,665,579,665,86,0.9712039828300476,,,,,False,False
h4_chr17_35243344_35247439,178,2786,2871,2786,2871,85,0.9711586833000183,,TATA_box,,promoter,False,False
h4_chr17_35243344_35247439,179,2280,2385,2280,2385,105,0.9710724949836731,,,,,False,False
h4_chr17_35243344_35247439,180,3856,3935,3856,3935,79,0.9710235595703125,,,,,False,False
h4_chr17_35243344_35247439,181,3407,3461,3407,3461,54,0.9709036946296692,,Initiator,,promoter,False,False
h4_chr17_35243344_35247439,182,2667,2750,2667,2750,83,0.9708729386329651,,,,,False,False
h4_chr17_35243344_35247439,183,3360,3517,3360,3517,157,0.9708378911018372,,,,,False,False
h4_chr17_35243344_35247439,184,805,873,805,873,68,0.9708231091499329,,,,,False,False
h4_chr17_35243344_35247439,185,3625,3718,3625,3718,93,0.9707704186439514,,,,,False,False
h4_chr17_35243344_35247439,186,973,1042,973,1042,69,0.9707578420639038,,,,,False,False
h4_chr17_35243344_35247439,187,2112,2178,2112,2178,66,0.9706471562385559,,,,,False,False
h4_chr17_35243344_35247439,188,3875,4085,3875,4085,210,0.9705941081047058,,,,,False,False
h4_chr17_35243344_35247439,189,3771,3923,3771,3923,152,0.9705573320388794,,,,,False,False
h4_chr17_35243344_35247439,190,3611,3668,3611,3668,57,0.9705367088317871,,Initiator,,promoter,False,False
h4_chr17_35243344_35247439,191,3786,3933,3786,3933,147,0.9704738259315491,,,,,False,False
h4_chr17_35243344_35247439,192,3894,4031,3894,4031,137,0.9704685211181641,,,,,False,False
h4_chr17_35243344_35247439,193,3862,3933,3862,3933,71,0.970454752445221,Initiator,,promoter,,False,False
h4_chr17_35243344_35247439,194,3788,4039,3788,4039,251,0.9703997373580933,,,,,False,False
h4_chr17_35243344_35247439,195,2194,2365,2194,2365,171,0.9703333377838135,Initiator,,promoter,,False,False
h4_chr17_35243344_35247439,196,3915,3965,3915,3965,50,0.9703249931335449,Initiator,,promoter,,False,False
h4_chr17_35243344_35247439,197,3720,3897,3720,3897,177,0.9702712297439575,,,,,False,False
h4_chr17_35243344_35247439,198,3352,3517,3352,3517,165,0.9702135324478149,,,,,False,False
h4_chr17_35243344_35247439,199,2256,2307,2256,2307,51,0.9701917767524719,,,,,False,False
h4_chr17_35243344_35247439,200,2785,2872,2785,2872,87,0.9701310992240906,,TATA_box,,promoter,False,False
h4_chr17_72349260_72353355,1,1914,1970,1914,1970,56,0.9922353625297546,,,,,False,False
h4_chr17_72349260_72353355,2,3531,3584,3531,3584,53,0.9911307096481323,,,,,False,False
h4_chr17_72349260_72353355,3,2990,3055,2990,3055,65,0.9897856116294861,,,,,False,False
h4_chr17_72349260_72353355,4,1795,1847,1795,1847,52,0.9885001182556152,Initiator,,promoter,,False,False
h4_chr17_72349260_72353355,5,3005,3056,3005,3056,51,0.9882590770721436,,,,,False,False
h4_chr17_72349260_72353355,6,472,571,472,571,99,0.9881206750869751,,,,,False,False
h4_chr17_72349260_72353355,7,2991,3056,2991,3056,65,0.9880110025405884,,,,,False,False
h4_chr17_72349260_72353355,8,2263,2329,2263,2329,66,0.9879301190376282,,Initiator,,promoter,False,False
h4_chr17_72349260_72353355,9,1930,2022,1930,2022,92,0.9873249530792236,,GATA,,tfbs,False,False
h4_chr17_72349260_72353355,10,3529,3584,3529,3584,55,0.9862833619117737,,,,,False,False
h4_chr17_72349260_72353355,11,3529,3586,3529,3586,57,0.9862228631973267,,,,,False,False
h4_chr17_72349260_72353355,12,1977,2028,1977,2028,51,0.9860811829566956,,,,,False,False
h4_chr17_72349260_72353355,13,3530,3585,3530,3585,55,0.9855123162269592,,,,,False,False
h4_chr17_72349260_72353355,14,1737,1803,1737,1803,66,0.9852291941642761,,,,,False,False
h4_chr17_72349260_72353355,15,145,243,145,243,98,0.9848638772964478,BREu,BREu,promoter,promoter,True,True
h4_chr17_72349260_72353355,16,3047,3106,3047,3106,59,0.984585702419281,,,,,False,False
h4_chr17_72349260_72353355,17,413,569,413,569,156,0.9843494296073914,,,,,False,False
h4_chr17_72349260_72353355,18,471,569,471,569,98,0.9843344688415527,,,,,False,False
h4_chr17_72349260_72353355,19,1869,2001,1869,2001,132,0.9843312501907349,,,,,False,False
h4_chr17_72349260_72353355,20,2989,3043,2989,3043,54,0.9841871857643127,,,,,False,False
h4_chr17_72349260_72353355,21,3531,3586,3531,3586,55,0.9840646982192993,,,,,False,False
h4_chr17_72349260_72353355,22,496,582,496,582,86,0.9839879274368286,,Initiator,,promoter,False,False
h4_chr17_72349260_72353355,23,2341,2396,2341,2396,55,0.983630895614624,,,,,False,False
h4_chr17_72349260_72353355,24,472,570,472,570,98,0.9835625886917114,,,,,False,False
h4_chr17_72349260_72353355,25,3463,3530,3463,3530,67,0.9835018515586853,,,,,False,False
h4_chr17_72349260_72353355,26,3022,3081,3022,3081,59,0.9834790229797363,,,,,False,False
h4_chr17_72349260_72353355,27,3107,3213,3107,3213,106,0.9833164811134338,,,,,False,False
h4_chr17_72349260_72353355,28,3044,3152,3044,3152,108,0.9831771850585938,,,,,False,False
h4_chr17_72349260_72353355,29,3054,3108,3054,3108,54,0.9831714034080505,,,,,False,False
h4_chr17_72349260_72353355,30,1795,1869,1795,1869,74,0.9825992584228516,Initiator,,promoter,,False,False
h4_chr17_72349260_72353355,31,1840,1938,1840,1938,98,0.9824862480163574,,,,,False,False
h4_chr17_72349260_72353355,32,1577,1676,1577,1676,99,0.9824557304382324,,,,,False,False
h4_chr17_72349260_72353355,33,1617,1667,1617,1667,50,0.982451856136322,,,,,False,False
h4_chr17_72349260_72353355,34,1926,1992,1926,1992,66,0.9820885062217712,,Initiator,,promoter,False,False
h4_chr17_72349260_72353355,35,3490,3584,3490,3584,94,0.9819965958595276,,,,,False,False
h4_chr17_72349260_72353355,36,2377,2445,2377,2445,68,0.9819523692131042,,YY1,,tfbs,False,False
h4_chr17_72349260_72353355,37,2362,2419,2362,2419,57,0.9818094372749329,Initiator;RUNX,,promoter;tfbs,,False,False
h4_chr17_72349260_72353355,38,2917,3008,2917,3008,91,0.9817864298820496,Initiator,,promoter,,False,False
h4_chr17_72349260_72353355,39,3451,3530,3451,3530,79,0.981772243976593,,,,,False,False
h4_chr17_72349260_72353355,40,336,431,336,431,95,0.9816290140151978,,,,,False,False
h4_chr17_72349260_72353355,41,1470,1577,1470,1577,107,0.981567919254303,,,,,False,False
h4_chr17_72349260_72353355,42,1134,1193,1134,1193,59,0.9815423488616943,,Initiator,,promoter,False,False
h4_chr17_72349260_72353355,43,1579,1660,1579,1660,81,0.9813963770866394,,,,,False,False
h4_chr17_72349260_72353355,44,2363,2415,2363,2415,52,0.9813933968544006,Initiator;RUNX,,promoter;tfbs,,False,False
h4_chr17_72349260_72353355,45,335,388,335,388,53,0.9811873435974121,,,,,False,False
h4_chr17_72349260_72353355,46,2390,2447,2390,2447,57,0.9810312390327454,,YY1,,tfbs,False,False
h4_chr17_72349260_72353355,47,3490,3586,3490,3586,96,0.9810152649879456,,,,,False,False
h4_chr17_72349260_72353355,48,335,430,335,430,95,0.9809781312942505,,,,,False,False
h4_chr17_72349260_72353355,49,1686,1752,1686,1752,66,0.9808636903762817,Initiator,,promoter,,False,False
h4_chr17_72349260_72353355,50,2364,2419,2364,2419,55,0.9808341860771179,Initiator;RUNX,,promoter;tfbs,,False,False
h4_chr17_72349260_72353355,51,135,217,135,217,82,0.9807605147361755,,,,,False,False
h4_chr17_72349260_72353355,52,3046,3152,3046,3152,106,0.9807303547859192,,,,,False,False
h4_chr17_72349260_72353355,53,2056,2125,2056,2125,69,0.9805888533592224,,,,,False,False
h4_chr17_72349260_72353355,54,3152,3208,3152,3208,56,0.9805207252502441,,,,,False,False
h4_chr17_72349260_72353355,55,1580,1665,1580,1665,85,0.9802775979042053,,,,,False,False
h4_chr17_72349260_72353355,56,1932,1985,1932,1985,53,0.9802414178848267,,,,,False,False
h4_chr17_72349260_72353355,57,1792,1860,1792,1860,68,0.9800794720649719,Initiator,,promoter,,False,False
h4_chr17_72349260_72353355,58,1594,1669,1594,1669,75,0.9800615906715393,,,,,False,False
h4_chr17_72349260_72353355,59,470,568,470,568,98,0.980044960975647,,,,,False,False
h4_chr17_72349260_72353355,60,1914,2001,1914,2001,87,0.9798825979232788,,,,,False,False
h4_chr17_72349260_72353355,61,1921,1999,1921,1999,78,0.9797487258911133,,,,,False,False
h4_chr17_72349260_72353355,62,1847,2001,1847,2001,154,0.9797350764274597,,,,,False,False
h4_chr17_72349260_72353355,63,2919,3008,2919,3008,89,0.9794957041740417,Initiator,,promoter,,False,False
h4_chr17_72349260_72353355,64,3047,3108,3047,3108,61,0.9793470501899719,,,,,False,False
h4_chr17_72349260_72353355,65,1580,1661,1580,1661,81,0.9793086647987366,,,,,False,False
h4_chr17_72349260_72353355,66,3354,3409,3354,3409,55,0.9791640639305115,,,,,False,False
h4_chr17_72349260_72353355,67,1943,1995,1943,1995,52,0.9790379405021667,,Initiator,,promoter,False,False
h4_chr17_72349260_72353355,68,1908,1970,1908,1970,62,0.9788823127746582,,,,,False,False
h4_chr17_72349260_72353355,69,3663,3720,3663,3720,57,0.9787700772285461,,,,,False,False
h4_chr17_72349260_72353355,70,471,570,471,570,99,0.978759765625,,,,,False,False
h4_chr17_72349260_72353355,71,1598,1670,1598,1670,72,0.9787464141845703,,,,,False,False
h4_chr17_72349260_72353355,72,1835,1926,1835,1926,91,0.9786930680274963,,,,,False,False
h4_chr17_72349260_72353355,73,1134,1198,1134,1198,64,0.9785920977592468,,Initiator,,promoter,False,False
h4_chr17_72349260_72353355,74,2084,2157,2084,2157,73,0.9784508347511292,,,,,False,False
h4_chr17_72349260_72353355,75,3054,3106,3054,3106,52,0.9783660173416138,,,,,False,False
h4_chr17_72349260_72353355,76,1510,1577,1510,1577,67,0.978301465511322,,,,,False,False
h4_chr17_72349260_72353355,77,1785,1845,1785,1845,60,0.9782054424285889,Initiator,,promoter,,False,False
h4_chr17_72349260_72353355,78,990,1060,990,1060,70,0.9781820774078369,Initiator,,promoter,,False,False
h4_chr17_72349260_72353355,79,1466,1531,1466,1531,65,0.9781701564788818,,,,,False,False
h4_chr17_72349260_72353355,80,1928,2020,1928,2020,92,0.9781036376953125,,,,,False,False
h4_chr17_72349260_72353355,81,1867,1921,1867,1921,54,0.978096067905426,,,,,False,False
h4_chr17_72349260_72353355,82,1909,1986,1909,1986,77,0.978032112121582,,,,,False,False
h4_chr17_72349260_72353355,83,413,471,413,471,58,0.9779812693595886,,,,,False,False
h4_chr17_72349260_72353355,84,2020,2080,2020,2080,60,0.9779205918312073,,,,,False,False
h4_chr17_72349260_72353355,85,2341,2412,2341,2412,71,0.977880597114563,,,,,False,False
h4_chr17_72349260_72353355,86,2981,3052,2981,3052,71,0.9778307676315308,,,,,False,False
h4_chr17_72349260_72353355,87,3489,3585,3489,3585,96,0.9777737855911255,,,,,False,False
h4_chr17_72349260_72353355,88,1616,1666,1616,1666,50,0.977698802947998,,,,,False,False
h4_chr17_72349260_72353355,89,3511,3584,3511,3584,73,0.9776921272277832,,,,,False,False
h4_chr17_72349260_72353355,90,1467,1548,1467,1548,81,0.9776909947395325,,,,,False,False
h4_chr17_72349260_72353355,91,1823,1903,1823,1903,80,0.9776686429977417,,,,,False,False
h4_chr17_72349260_72353355,92,204,325,204,325,121,0.9776319265365601,,,,,False,False
h4_chr17_72349260_72353355,93,2688,2743,2688,2743,55,0.9776131510734558,,,,,False,False
h4_chr17_72349260_72353355,94,2287,2341,2287,2341,54,0.9775854349136353,,,,,False,False
h4_chr17_72349260_72353355,95,1999,2064,1999,2064,65,0.9773859977722168,,,,,False,False
h4_chr17_72349260_72353355,96,1840,1921,1840,1921,81,0.977259635925293,,,,,False,False
h4_chr17_72349260_72353355,97,1938,1999,1938,1999,61,0.9772116541862488,,,,,False,False
h4_chr17_72349260_72353355,98,1869,1970,1869,1970,101,0.9771738648414612,,,,,False,False
h4_chr17_72349260_72353355,99,3045,3106,3045,3106,61,0.9770227670669556,,,,,False,False
h4_chr17_72349260_72353355,100,1917,1995,1917,1995,78,0.9770179390907288,,Initiator,,promoter,False,False
h4_chr17_72349260_72353355,101,1580,1690,1580,1690,110,0.9769014716148376,,,,,False,False
h4_chr17_72349260_72353355,102,3053,3125,3053,3125,72,0.9768979549407959,,,,,False,False
h4_chr17_72349260_72353355,103,1772,1845,1772,1845,73,0.9768918752670288,,,,,False,False
h4_chr17_72349260_72353355,104,2989,3054,2989,3054,65,0.9767279624938965,,,,,False,False
h4_chr17_72349260_72353355,105,1862,1930,1862,1930,68,0.9765109419822693,,,,,False,False
h4_chr17_72349260_72353355,106,25,115,25,115,90,0.9763748645782471,,,,,False,False
h4_chr17_72349260_72353355,107,3053,3109,3053,3109,56,0.9763400554656982,,,,,False,False
h4_chr17_72349260_72353355,108,1802,1903,1802,1903,101,0.9763143658638,,,,,False,False
h4_chr17_72349260_72353355,109,1506,1606,1506,1606,100,0.9762766361236572,Initiator,,promoter,,False,False
h4_chr17_72349260_72353355,110,629,682,629,682,53,0.976248562335968,,,,,False,False
h4_chr17_72349260_72353355,111,1793,1849,1793,1849,56,0.9762371182441711,Initiator,,promoter,,False,False
h4_chr17_72349260_72353355,112,1539,1665,1539,1665,126,0.9762138724327087,,,,,False,False
h4_chr17_72349260_72353355,113,2110,2184,2110,2184,74,0.9761962294578552,,,,,False,False
h4_chr17_72349260_72353355,114,3037,3152,3037,3152,115,0.9759787321090698,,,,,False,False
h4_chr17_72349260_72353355,115,1506,1593,1506,1593,87,0.9759418964385986,Initiator,,promoter,,False,False
h4_chr17_72349260_72353355,116,1467,1530,1467,1530,63,0.9758234024047852,,,,,False,False
h4_chr17_72349260_72353355,117,1930,2052,1930,2052,122,0.9757915735244751,,,,,False,False
h4_chr17_72349260_72353355,118,204,272,204,272,68,0.9757800698280334,,,,,False,False
h4_chr17_72349260_72353355,119,1342,1393,1342,1393,51,0.9757623076438904,,,,,False,False
h4_chr17_72349260_72353355,120,2955,3027,2955,3027,72,0.975710391998291,,,,,False,False
h4_chr17_72349260_72353355,121,3764,3816,3764,3816,52,0.9756700992584229,,,,,False,False
h4_chr17_72349260_72353355,122,79,223,79,223,144,0.975573718547821,,YY1,,tfbs,False,False
h4_chr17_72349260_72353355,123,1291,1353,1291,1353,62,0.9755373001098633,Initiator,Initiator,promoter,promoter,True,True
h4_chr17_72349260_72353355,124,2109,2190,2109,2190,81,0.9754614233970642,,,,,False,False
h4_chr17_72349260_72353355,125,1134,1208,1134,1208,74,0.9753892421722412,,,,,False,False
h4_chr17_72349260_72353355,126,413,472,413,472,59,0.97533118724823,,,,,False,False
h4_chr17_72349260_72353355,127,2019,2108,2019,2108,89,0.9751219749450684,,,,,False,False
h4_chr17_72349260_72353355,128,2268,2330,2268,2330,62,0.9751157760620117,,Initiator,,promoter,False,False
h4_chr17_72349260_72353355,129,921,990,921,990,69,0.9750456213951111,,Initiator,,promoter,False,False
h4_chr17_72349260_72353355,130,3055,3167,3055,3167,112,0.9750040769577026,,,,,False,False
h4_chr17_72349260_72353355,131,2110,2194,2110,2194,84,0.9749703407287598,,,,,False,False
h4_chr17_72349260_72353355,132,1904,1986,1904,1986,82,0.9749671816825867,,,,,False,False
h4_chr17_72349260_72353355,133,413,571,413,571,158,0.9749507308006287,,,,,False,False
h4_chr17_72349260_72353355,134,1342,1412,1342,1412,70,0.9749506711959839,,,,,False,False
h4_chr17_72349260_72353355,135,1719,1803,1719,1803,84,0.9749459028244019,,,,,False,False
h4_chr17_72349260_72353355,136,2028,2093,2028,2093,65,0.9749153256416321,,,,,False,False
h4_chr17_72349260_72353355,137,3042,3125,3042,3125,83,0.974915087223053,,,,,False,False
h4_chr17_72349260_72353355,138,1985,2040,1985,2040,55,0.9748740792274475,,,,,False,False
h4_chr17_72349260_72353355,139,1933,1986,1933,1986,53,0.9748424887657166,,,,,False,False
h4_chr17_72349260_72353355,140,1633,1689,1633,1689,56,0.9747493267059326,NFkB,,tfbs,,False,False
h4_chr17_72349260_72353355,141,1422,1531,1422,1531,109,0.9746642112731934,,,,,False,False
h4_chr17_72349260_72353355,142,3166,3217,3166,3217,51,0.9745829105377197,,,,,False,False
h4_chr17_72349260_72353355,143,472,569,472,569,97,0.9745644330978394,,,,,False,False
h4_chr17_72349260_72353355,144,3042,3109,3042,3109,67,0.9745621681213379,,,,,False,False
h4_chr17_72349260_72353355,145,1941,2110,1941,2110,169,0.9745547771453857,,,,,False,False
h4_chr17_72349260_72353355,146,3212,3295,3212,3295,83,0.9745464324951172,,,,,False,False
h4_chr17_72349260_72353355,147,1785,1854,1785,1854,69,0.974541962146759,Initiator,,promoter,,False,False
h4_chr17_72349260_72353355,148,3002,3152,3002,3152,150,0.9745149612426758,,,,,False,False
h4_chr17_72349260_72353355,149,2462,2516,2462,2516,54,0.9745057821273804,,Initiator,,promoter,False,False
h4_chr17_72349260_72353355,150,1983,2068,1983,2068,85,0.9744724035263062,,,,,False,False
h4_chr17_72349260_72353355,151,1867,1938,1867,1938,71,0.9744360446929932,,,,,False,False
h4_chr17_72349260_72353355,152,1949,2010,1949,2010,61,0.9743525981903076,,,,,False,False
h4_chr17_72349260_72353355,153,3052,3124,3052,3124,72,0.974312961101532,,,,,False,False
h4_chr17_72349260_72353355,154,2878,2962,2878,2962,84,0.9743106365203857,,,,,False,False
h4_chr17_72349260_72353355,155,1859,1938,1859,1938,79,0.9742955565452576,,,,,False,False
h4_chr17_72349260_72353355,156,1096,1155,1096,1155,59,0.9742357730865479,,Initiator,,promoter,False,False
h4_chr17_72349260_72353355,157,1412,1470,1412,1470,58,0.9742047786712646,,,,,False,False
h4_chr17_72349260_72353355,158,1393,1470,1393,1470,77,0.9741970300674438,,,,,False,False
h4_chr17_72349260_72353355,159,1991,2074,1991,2074,83,0.9741874933242798,,,,,False,False
h4_chr17_72349260_72353355,160,1473,1582,1473,1582,109,0.9741559028625488,,Initiator,,promoter,False,False
h4_chr17_72349260_72353355,161,1714,1817,1714,1817,103,0.9741403460502625,,,,,False,False
h4_chr17_72349260_72353355,162,220,412,220,412,192,0.974137008190155,,,,,False,False
h4_chr17_72349260_72353355,163,1799,1928,1799,1928,129,0.9741204977035522,,,,,False,False
h4_chr17_72349260_72353355,164,3005,3086,3005,3086,81,0.9740942120552063,,,,,False,False
h4_chr17_72349260_72353355,165,483,599,483,599,116,0.9740361571311951,,,,,False,False
h4_chr17_72349260_72353355,166,67,217,67,217,150,0.9740360975265503,Initiator,,promoter,,False,False
h4_chr17_72349260_72353355,167,1963,2053,1963,2053,90,0.9740315675735474,Initiator,,promoter,,False,False
h4_chr17_72349260_72353355,168,1466,1549,1466,1549,83,0.974010705947876,,,,,False,False
h4_chr17_72349260_72353355,169,1745,1802,1745,1802,57,0.9738615155220032,,,,,False,False
h4_chr17_72349260_72353355,170,1523,1577,1523,1577,54,0.9738240838050842,,,,,False,False
h4_chr17_72349260_72353355,171,3022,3124,3022,3124,102,0.9738002419471741,,,,,False,False
h4_chr17_72349260_72353355,172,1203,1272,1203,1272,69,0.9737875461578369,Initiator,Initiator,promoter,promoter,True,True
h4_chr17_72349260_72353355,173,3124,3181,3124,3181,57,0.9737849831581116,,,,,False,False
h4_chr17_72349260_72353355,174,2989,3108,2989,3108,119,0.9737381339073181,,,,,False,False
h4_chr17_72349260_72353355,175,1468,1562,1468,1562,94,0.973706066608429,,,,,False,False
h4_chr17_72349260_72353355,176,1280,1353,1280,1353,73,0.9735354781150818,Initiator,Initiator,promoter,promoter,True,True
h4_chr17_72349260_72353355,177,1432,1549,1432,1549,117,0.9734638333320618,,,,,False,False
h4_chr17_72349260_72353355,178,3296,3354,3296,3354,58,0.9734542369842529,,,,,False,False
h4_chr17_72349260_72353355,179,1689,1781,1689,1781,92,0.9734351634979248,,,,,False,False
h4_chr17_72349260_72353355,180,1126,1203,1126,1203,77,0.9733856916427612,,Initiator,,promoter,False,False
h4_chr17_72349260_72353355,181,1928,2080,1928,2080,152,0.9733619093894958,,,,,False,False
h4_chr17_72349260_72353355,182,3755,3839,3755,3839,84,0.9732992053031921,Initiator,,promoter,,False,False
h4_chr17_72349260_72353355,183,3167,3249,3167,3249,82,0.9732826948165894,,,,,False,False
h4_chr17_72349260_72353355,184,1445,1548,1445,1548,103,0.9732499122619629,,,,,False,False
h4_chr17_72349260_72353355,185,1443,1531,1443,1531,88,0.9732486605644226,,,,,False,False
h4_chr17_72349260_72353355,186,3105,3213,3105,3213,108,0.9731321930885315,,,,,False,False
h4_chr17_72349260_72353355,187,3530,3593,3530,3593,63,0.9731082916259766,,,,,False,False
h4_chr17_72349260_72353355,188,1905,1985,1905,1985,80,0.9730564951896667,,,,,False,False
h4_chr17_72349260_72353355,189,3333,3408,3333,3408,75,0.9730319976806641,GATA,,tfbs,,False,False
h4_chr17_72349260_72353355,190,145,269,145,269,124,0.9730114340782166,BREu,,promoter,,False,False
h4_chr17_72349260_72353355,191,408,482,408,482,74,0.9729456901550293,,,,,False,False
h4_chr17_72349260_72353355,192,1823,1940,1823,1940,117,0.972932755947113,,,,,False,False
h4_chr17_72349260_72353355,193,1486,1616,1486,1616,130,0.9729304909706116,,,,,False,False
h4_chr17_72349260_72353355,194,1940,2109,1940,2109,169,0.972926676273346,,,,,False,False
h4_chr17_72349260_72353355,195,1634,1684,1634,1684,50,0.9728784561157227,NFkB,Initiator,tfbs,promoter,True,False
h4_chr17_72349260_72353355,196,1910,1985,1910,1985,75,0.9728603363037109,,,,,False,False
h4_chr17_72349260_72353355,197,1772,1854,1772,1854,82,0.9728182554244995,,,,,False,False
h4_chr17_72349260_72353355,198,272,325,272,325,53,0.9727861285209656,,,,,False,False
h4_chr17_72349260_72353355,199,1617,1688,1617,1688,71,0.9727343320846558,,,,,False,False
h4_chr17_72349260_72353355,200,1930,2060,1930,2060,130,0.9727166295051575,,,,,False,False
h4_chr21_12003041_12007136,1,1687,1833,1687,1833,146,0.9960899949073792,,,,,False,False
h4_chr21_12003041_12007136,2,2182,2265,2182,2265,83,0.9935355186462402,,,,,False,False
h4_chr21_12003041_12007136,3,1083,1150,1083,1150,67,0.9924973845481873,,,,,False,False
h4_chr21_12003041_12007136,4,2126,2182,2126,2182,56,0.9921351075172424,,,,,False,False
h4_chr21_12003041_12007136,5,1891,1972,1891,1972,81,0.9914385676383972,,,,,False,False
h4_chr21_12003041_12007136,6,1709,1787,1709,1787,78,0.9913544654846191,,,,,False,False
h4_chr21_12003041_12007136,7,1776,1829,1776,1829,53,0.9906839728355408,,,,,False,False
h4_chr21_12003041_12007136,8,3599,3690,3599,3690,91,0.9906376004219055,Initiator,,promoter,,False,False
h4_chr21_12003041_12007136,9,738,789,738,789,51,0.990502655506134,,,,,False,False
h4_chr21_12003041_12007136,10,1321,1423,1321,1423,102,0.9902387857437134,,,,,False,False
h4_chr21_12003041_12007136,11,1719,1787,1719,1787,68,0.9900912642478943,,,,,False,False
h4_chr21_12003041_12007136,12,1344,1415,1344,1415,71,0.9900199770927429,,,,,False,False
h4_chr21_12003041_12007136,13,1776,1826,1776,1826,50,0.9898433089256287,,,,,False,False
h4_chr21_12003041_12007136,14,2353,2418,2353,2418,65,0.9890463352203369,,,,,False,False
h4_chr21_12003041_12007136,15,2308,2360,2308,2360,52,0.9888458847999573,GATA,,tfbs,,False,False
h4_chr21_12003041_12007136,16,1931,2014,1931,2014,83,0.9887265563011169,,,,,False,False
h4_chr21_12003041_12007136,17,1530,1602,1530,1602,72,0.9887201189994812,GATA,,tfbs,,False,False
h4_chr21_12003041_12007136,18,2099,2182,2099,2182,83,0.9886242151260376,,,,,False,False
h4_chr21_12003041_12007136,19,1787,1881,1787,1881,94,0.9886178970336914,,,,,False,False
h4_chr21_12003041_12007136,20,1762,1816,1762,1816,54,0.9885966777801514,,,,,False,False
h4_chr21_12003041_12007136,21,1551,1627,1551,1627,76,0.988519012928009,,,,,False,False
h4_chr21_12003041_12007136,22,1148,1251,1148,1251,103,0.9885006546974182,,,,,False,False
h4_chr21_12003041_12007136,23,2182,2247,2182,2247,65,0.9884947538375854,,,,,False,False
h4_chr21_12003041_12007136,24,3690,3793,3690,3793,103,0.988490641117096,,,,,False,False
h4_chr21_12003041_12007136,25,690,789,690,789,99,0.9884622693061829,,,,,False,False
h4_chr21_12003041_12007136,26,1902,1986,1902,1986,84,0.9883773326873779,,,,,False,False
h4_chr21_12003041_12007136,27,3583,3690,3583,3690,107,0.9883450865745544,,,,,False,False
h4_chr21_12003041_12007136,28,2103,2154,2103,2154,51,0.9880486130714417,,,,,False,False
h4_chr21_12003041_12007136,29,1764,1816,1764,1816,52,0.9877612590789795,,,,,False,False
h4_chr21_12003041_12007136,30,1074,1152,1074,1152,78,0.9875965714454651,,,,,False,False
h4_chr21_12003041_12007136,31,1378,1457,1378,1457,79,0.9875313639640808,,,,,False,False
h4_chr21_12003041_12007136,32,2105,2182,2105,2182,77,0.9873438477516174,,,,,False,False
h4_chr21_12003041_12007136,33,3690,3748,3690,3748,58,0.9872678518295288,,,,,False,False
h4_chr21_12003041_12007136,34,1709,1759,1709,1759,50,0.9867359399795532,,,,,False,False
h4_chr21_12003041_12007136,35,2885,2962,2885,2962,77,0.9866120219230652,,,,,False,False
h4_chr21_12003041_12007136,36,1067,1133,1067,1133,66,0.9865592122077942,,,,,False,False
h4_chr21_12003041_12007136,37,1150,1253,1150,1253,103,0.9865038990974426,,,,,False,False
h4_chr21_12003041_12007136,38,802,881,802,881,79,0.9864734411239624,,,,,False,False
h4_chr21_12003041_12007136,39,1082,1133,1082,1133,51,0.9864565134048462,,,,,False,False
h4_chr21_12003041_12007136,40,979,1074,979,1074,95,0.9864223599433899,,,,,False,False
h4_chr21_12003041_12007136,41,3641,3716,3641,3716,75,0.9863112568855286,,,,,False,False
h4_chr21_12003041_12007136,42,901,979,901,979,78,0.9862053394317627,,,,,False,False
h4_chr21_12003041_12007136,43,1843,1970,1843,1970,127,0.9861472249031067,,,,,False,False
h4_chr21_12003041_12007136,44,987,1077,987,1077,90,0.9861152768135071,,,,,False,False
h4_chr21_12003041_12007136,45,690,749,690,749,59,0.9860300421714783,,,,,False,False
h4_chr21_12003041_12007136,46,983,1053,983,1053,70,0.9860190749168396,,,,,False,False
h4_chr21_12003041_12007136,47,3629,3721,3629,3721,92,0.9857649803161621,,,,,False,False
h4_chr21_12003041_12007136,48,1986,2069,1986,2069,83,0.9855868220329285,,,,,False,False
h4_chr21_12003041_12007136,49,1249,1313,1249,1313,64,0.9855504631996155,,,,,False,False
h4_chr21_12003041_12007136,50,2397,2456,2397,2456,59,0.9854604601860046,Initiator,,promoter,,False,False
h4_chr21_12003041_12007136,51,1815,1948,1815,1948,133,0.985423743724823,,,,,False,False
h4_chr21_12003041_12007136,52,908,979,908,979,71,0.9853025078773499,,,,,False,False
h4_chr21_12003041_12007136,53,1344,1413,1344,1413,69,0.9852892160415649,,,,,False,False
h4_chr21_12003041_12007136,54,2292,2348,2292,2348,56,0.9852842688560486,,,,,False,False
h4_chr21_12003041_12007136,55,537,605,537,605,68,0.985211193561554,,,,,False,False
h4_chr21_12003041_12007136,56,2098,2204,2098,2204,106,0.9852105379104614,,,,,False,False
h4_chr21_12003041_12007136,57,2189,2240,2189,2240,51,0.9851539134979248,,,,,False,False
h4_chr21_12003041_12007136,58,1524,1589,1524,1589,65,0.9851469397544861,,,,,False,False
h4_chr21_12003041_12007136,59,1755,1825,1755,1825,70,0.9849945306777954,,,,,False,False
h4_chr21_12003041_12007136,60,1551,1643,1551,1643,92,0.984983503818512,,,,,False,False
h4_chr21_12003041_12007136,61,1322,1424,1322,1424,102,0.9849308133125305,,,,,False,False
h4_chr21_12003041_12007136,62,1151,1252,1151,1252,101,0.9848787784576416,,,,,False,False
h4_chr21_12003041_12007136,63,3660,3724,3660,3724,64,0.9848521947860718,,,,,False,False
h4_chr21_12003041_12007136,64,3946,4054,3946,4054,108,0.9847954511642456,,,,,False,False
h4_chr21_12003041_12007136,65,1996,2076,1996,2076,80,0.9847805500030518,,,,,False,False
h4_chr21_12003041_12007136,66,1595,1654,1595,1654,59,0.9847782850265503,,,,,False,False
h4_chr21_12003041_12007136,67,1996,2094,1996,2094,98,0.9847701787948608,,,,,False,False
h4_chr21_12003041_12007136,68,1891,2022,1891,2022,131,0.9846152663230896,,,,,False,False
h4_chr21_12003041_12007136,69,1322,1413,1322,1413,91,0.9844830632209778,,,,,False,False
h4_chr21_12003041_12007136,70,2069,2189,2069,2189,120,0.9844562411308289,,,,,False,False
h4_chr21_12003041_12007136,71,1671,1759,1671,1759,88,0.9843969345092773,,,,,False,False
h4_chr21_12003041_12007136,72,1424,1571,1424,1571,147,0.9843841195106506,,,,,False,False
h4_chr21_12003041_12007136,73,3625,3707,3625,3707,82,0.9843640923500061,,,,,False,False
h4_chr21_12003041_12007136,74,2182,2253,2182,2253,71,0.9843199849128723,,,,,False,False
h4_chr21_12003041_12007136,75,1418,1491,1418,1491,73,0.9841529726982117,,,,,False,False
h4_chr21_12003041_12007136,76,3712,3775,3712,3775,63,0.9841393828392029,,Initiator,,promoter,False,False
h4_chr21_12003041_12007136,77,1501,1566,1501,1566,65,0.9841195940971375,,,,,False,False
h4_chr21_12003041_12007136,78,799,881,799,881,82,0.9840918779373169,,,,,False,False
h4_chr21_12003041_12007136,79,2101,2182,2101,2182,81,0.9840220212936401,,,,,False,False
h4_chr21_12003041_12007136,80,2261,2334,2261,2334,73,0.9839993715286255,,,,,False,False
h4_chr21_12003041_12007136,81,1881,1931,1881,1931,50,0.9838007092475891,,,,,False,False
h4_chr21_12003041_12007136,82,1074,1150,1074,1150,76,0.9837889671325684,,,,,False,False
h4_chr21_12003041_12007136,83,1252,1303,1252,1303,51,0.983773946762085,,,,,False,False
h4_chr21_12003041_12007136,84,3598,3689,3598,3689,91,0.9837686419487,Initiator,,promoter,,False,False
h4_chr21_12003041_12007136,85,3793,3964,3793,3964,171,0.9837563633918762,,,,,False,False
h4_chr21_12003041_12007136,86,1972,2022,1972,2022,50,0.9836320281028748,,,,,False,False
h4_chr21_12003041_12007136,87,3769,3946,3769,3946,177,0.9835876822471619,Initiator,,promoter,,False,False
h4_chr21_12003041_12007136,88,3608,3779,3608,3779,171,0.9835673570632935,,,,,False,False
h4_chr21_12003041_12007136,89,1717,1787,1717,1787,70,0.9835430383682251,,,,,False,False
h4_chr21_12003041_12007136,90,1343,1412,1343,1412,69,0.9835088849067688,,,,,False,False
h4_chr21_12003041_12007136,91,1788,1882,1788,1882,94,0.9833717346191406,,,,,False,False
h4_chr21_12003041_12007136,92,3831,3887,3831,3887,56,0.9833504557609558,,,,,False,False
h4_chr21_12003041_12007136,93,3858,4094,3858,4094,236,0.9833388924598694,,,,,False,False
h4_chr21_12003041_12007136,94,1208,1300,1208,1300,92,0.9832831621170044,,,,,False,False
h4_chr21_12003041_12007136,95,1445,1551,1445,1551,106,0.9832330942153931,,,,,False,False
h4_chr21_12003041_12007136,96,1566,1632,1566,1632,66,0.9832233786582947,,,,,False,False
h4_chr21_12003041_12007136,97,3775,3831,3775,3831,56,0.9831908941268921,Initiator,,promoter,,False,False
h4_chr21_12003041_12007136,98,1530,1679,1530,1679,149,0.9831637740135193,GATA,,tfbs,,False,False
h4_chr21_12003041_12007136,99,1932,1996,1932,1996,64,0.9831374287605286,,,,,False,False
h4_chr21_12003041_12007136,100,1671,1787,1671,1787,116,0.9830815196037292,,,,,False,False
h4_chr21_12003041_12007136,101,1395,1501,1395,1501,106,0.983069896697998,,,,,False,False
h4_chr21_12003041_12007136,102,2094,2182,2094,2182,88,0.9830322265625,,,,,False,False
h4_chr21_12003041_12007136,103,1151,1238,1151,1238,87,0.9830322265625,,,,,False,False
h4_chr21_12003041_12007136,104,3845,3998,3845,3998,153,0.9830308556556702,,,,,False,False
h4_chr21_12003041_12007136,105,904,961,904,961,57,0.9830179214477539,,,,,False,False
h4_chr21_12003041_12007136,106,1074,1132,1074,1132,58,0.9829423427581787,,,,,False,False
h4_chr21_12003041_12007136,107,1300,1368,1300,1368,68,0.9828710556030273,,,,,False,False
h4_chr21_12003041_12007136,108,3654,3781,3654,3781,127,0.9828662872314453,,,,,False,False
h4_chr21_12003041_12007136,109,3831,4058,3831,4058,227,0.98285311460495,,,,,False,False
h4_chr21_12003041_12007136,110,1219,1286,1219,1286,67,0.982846200466156,,,,,False,False
h4_chr21_12003041_12007136,111,3545,3716,3545,3716,171,0.9828133583068848,Initiator,,promoter,,False,False
h4_chr21_12003041_12007136,112,1208,1378,1208,1378,170,0.982759952545166,,,,,False,False
h4_chr21_12003041_12007136,113,1484,1573,1484,1573,89,0.9827300906181335,,,,,False,False
h4_chr21_12003041_12007136,114,1343,1414,1343,1414,71,0.9827251434326172,,,,,False,False
h4_chr21_12003041_12007136,115,1934,2057,1934,2057,123,0.9826871752738953,,TATA_box,,promoter,False,False
h4_chr21_12003041_12007136,116,3599,3793,3599,3793,194,0.9826173782348633,Initiator,,promoter,,False,False
h4_chr21_12003041_12007136,117,3712,3769,3712,3769,57,0.9825961589813232,,Initiator,,promoter,False,False
h4_chr21_12003041_12007136,118,2072,2142,2072,2142,70,0.9825863242149353,,,,,False,False
h4_chr21_12003041_12007136,119,738,817,738,817,79,0.9825680255889893,,,,,False,False
h4_chr21_12003041_12007136,120,1378,1539,1378,1539,161,0.982559859752655,,,,,False,False
h4_chr21_12003041_12007136,121,1133,1252,1133,1252,119,0.9824250936508179,,,,,False,False
h4_chr21_12003041_12007136,122,1133,1248,1133,1248,115,0.9824235439300537,,,,,False,False
h4_chr21_12003041_12007136,123,1776,1843,1776,1843,67,0.9823300838470459,,,,,False,False
h4_chr21_12003041_12007136,124,1413,1571,1413,1571,158,0.9823238849639893,,,,,False,False
h4_chr21_12003041_12007136,125,3583,3748,3583,3748,165,0.9823001623153687,,,,,False,False
h4_chr21_12003041_12007136,126,3895,4019,3895,4019,124,0.9822759628295898,,,,,False,False
h4_chr21_12003041_12007136,127,1902,2069,1902,2069,167,0.9822751879692078,,,,,False,False
h4_chr21_12003041_12007136,128,3906,4019,3906,4019,113,0.9822750091552734,,,,,False,False
h4_chr21_12003041_12007136,129,2125,2181,2125,2181,56,0.9821598529815674,,,,,False,False
h4_chr21_12003041_12007136,130,3826,4094,3826,4094,268,0.9821459650993347,,,,,False,False
h4_chr21_12003041_12007136,131,1462,1632,1462,1632,170,0.9820618033409119,,,,,False,False
h4_chr21_12003041_12007136,132,2353,2447,2353,2447,94,0.98203444480896,,,,,False,False
h4_chr21_12003041_12007136,133,2056,2137,2056,2137,81,0.982031524181366,TATA_box,,promoter,,False,False
h4_chr21_12003041_12007136,134,1146,1225,1146,1225,79,0.981996476650238,,,,,False,False
h4_chr21_12003041_12007136,135,1291,1395,1291,1395,104,0.981971025466919,,,,,False,False
h4_chr21_12003041_12007136,136,2056,2164,2056,2164,108,0.9819673895835876,TATA_box,,promoter,,False,False
h4_chr21_12003041_12007136,137,3883,3946,3883,3946,63,0.9819474816322327,,,,,False,False
h4_chr21_12003041_12007136,138,2137,2204,2137,2204,67,0.9819372296333313,,,,,False,False
h4_chr21_12003041_12007136,139,1094,1160,1094,1160,66,0.9819149374961853,,,,,False,False
h4_chr21_12003041_12007136,140,3545,3604,3545,3604,59,0.981906533241272,Initiator,Initiator,promoter,promoter,True,True
h4_chr21_12003041_12007136,141,2126,2265,2126,2265,139,0.9818972945213318,,,,,False,False
h4_chr21_12003041_12007136,142,1251,1302,1251,1302,51,0.9818795919418335,,,,,False,False
h4_chr21_12003041_12007136,143,3604,3775,3604,3775,171,0.9818480014801025,Initiator,Initiator,promoter,promoter,True,True
h4_chr21_12003041_12007136,144,1300,1378,1300,1378,78,0.9817802906036377,,,,,False,False
h4_chr21_12003041_12007136,145,760,816,760,816,56,0.9817543625831604,,,,,False,False
h4_chr21_12003041_12007136,146,1302,1415,1302,1415,113,0.981745719909668,,,,,False,False
h4_chr21_12003041_12007136,147,3597,3690,3597,3690,93,0.9817070960998535,,,,,False,False
h4_chr21_12003041_12007136,148,1487,1551,1487,1551,64,0.981639564037323,,,,,False,False
h4_chr21_12003041_12007136,149,3704,3775,3704,3775,71,0.9815759658813477,,Initiator,,promoter,False,False
h4_chr21_12003041_12007136,150,1368,1539,1368,1539,171,0.9815534353256226,,,,,False,False
h4_chr21_12003041_12007136,151,1395,1566,1395,1566,171,0.9815368056297302,,,,,False,False
h4_chr21_12003041_12007136,152,1730,1902,1730,1902,172,0.9815105199813843,,,,,False,False
h4_chr21_12003041_12007136,153,1146,1237,1146,1237,91,0.9815058708190918,,,,,False,False
h4_chr21_12003041_12007136,154,1484,1586,1484,1586,102,0.9815008640289307,,,,,False,False
h4_chr21_12003041_12007136,155,3593,3690,3593,3690,97,0.9814750552177429,,,,,False,False
h4_chr21_12003041_12007136,156,3641,3724,3641,3724,83,0.9814623594284058,,,,,False,False
h4_chr21_12003041_12007136,157,3721,3892,3721,3892,171,0.9814480543136597,,,,,False,False
h4_chr21_12003041_12007136,158,1799,1948,1799,1948,149,0.9814140796661377,,,,,False,False
h4_chr21_12003041_12007136,159,2168,2220,2168,2220,52,0.9813652038574219,,,,,False,False
h4_chr21_12003041_12007136,160,1253,1322,1253,1322,69,0.9813355803489685,,,,,False,False
h4_chr21_12003041_12007136,161,1291,1462,1291,1462,171,0.981309175491333,,,,,False,False
h4_chr21_12003041_12007136,162,1759,1891,1759,1891,132,0.9812958240509033,,,,,False,False
h4_chr21_12003041_12007136,163,824,875,824,875,51,0.9812519550323486,,,,,False,False
h4_chr21_12003041_12007136,164,1362,1473,1362,1473,111,0.9812111258506775,,,,,False,False
h4_chr21_12003041_12007136,165,2182,2261,2182,2261,79,0.9811709523200989,,,,,False,False
h4_chr21_12003041_12007136,166,775,905,775,905,130,0.9811641573905945,,,,,False,False
h4_chr21_12003041_12007136,167,802,961,802,961,159,0.9811469912528992,,,,,False,False
h4_chr21_12003041_12007136,168,2053,2168,2053,2168,115,0.9811442494392395,,,,,False,False
h4_chr21_12003041_12007136,169,1672,1788,1672,1788,116,0.9811276197433472,,,,,False,False
h4_chr21_12003041_12007136,170,157,233,157,233,76,0.981108546257019,,,,,False,False
h4_chr21_12003041_12007136,171,3641,3775,3641,3775,134,0.9810971021652222,,Initiator,,promoter,False,False
h4_chr21_12003041_12007136,172,3989,4074,3989,4074,85,0.9810915589332581,,,,,False,False
h4_chr21_12003041_12007136,173,3921,4018,3921,4018,97,0.9810280203819275,,,,,False,False
h4_chr21_12003041_12007136,174,3641,3728,3641,3728,87,0.980897843837738,,Initiator,,promoter,False,False
h4_chr21_12003041_12007136,175,1082,1151,1082,1151,69,0.9808185696601868,,,,,False,False
h4_chr21_12003041_12007136,176,3608,3791,3608,3791,183,0.9808143377304077,,,,,False,False
h4_chr21_12003041_12007136,177,1787,1931,1787,1931,144,0.9808088541030884,,,,,False,False
h4_chr21_12003041_12007136,178,1073,1142,1073,1142,69,0.9807323217391968,,,,,False,False
h4_chr21_12003041_12007136,179,1972,2058,1972,2058,86,0.9806821942329407,,TATA_box,,promoter,False,False
h4_chr21_12003041_12007136,180,3610,3736,3610,3736,126,0.9806039333343506,,,,,False,False
h4_chr21_12003041_12007136,181,1194,1291,1194,1291,97,0.9805771708488464,,,,,False,False
h4_chr21_12003041_12007136,182,1602,1679,1602,1679,77,0.9805507063865662,,,,,False,False
h4_chr21_12003041_12007136,183,2126,2247,2126,2247,121,0.9805450439453125,,,,,False,False
h4_chr21_12003041_12007136,184,1908,1975,1908,1975,67,0.9805112481117249,,,,,False,False
h4_chr21_12003041_12007136,185,1412,1483,1412,1483,71,0.9804783463478088,,,,,False,False
h4_chr21_12003041_12007136,186,2099,2163,2099,2163,64,0.980470597743988,,,,,False,False
h4_chr21_12003041_12007136,187,3610,3676,3610,3676,66,0.9804698824882507,,GATA,,tfbs,False,False
h4_chr21_12003041_12007136,188,3728,3831,3728,3831,103,0.9804535508155823,Initiator,,promoter,,False,False
h4_chr21_12003041_12007136,189,1484,1595,1484,1595,111,0.9804244041442871,,,,,False,False
h4_chr21_12003041_12007136,190,927,979,927,979,52,0.9803414940834045,Initiator,,promoter,,False,False
h4_chr21_12003041_12007136,191,2006,2075,2006,2075,69,0.9803286194801331,,,,,False,False
h4_chr21_12003041_12007136,192,1941,2010,1941,2010,69,0.9803280234336853,,,,,False,False
h4_chr21_12003041_12007136,193,1799,1941,1799,1941,142,0.9803258180618286,,,,,False,False
h4_chr21_12003041_12007136,194,2204,2269,2204,2269,65,0.9803208708763123,,,,,False,False
h4_chr21_12003041_12007136,195,3604,3728,3604,3728,124,0.9801875948905945,Initiator,Initiator,promoter,promoter,True,True
h4_chr21_12003041_12007136,196,3654,3791,3654,3791,137,0.9801713824272156,,,,,False,False
h4_chr21_12003041_12007136,197,3781,3906,3781,3906,125,0.9800769090652466,,,,,False,False
h4_chr21_12003041_12007136,198,3831,4066,3831,4066,235,0.980003833770752,,,,,False,False
h4_chr21_12003041_12007136,199,3625,3772,3625,3772,147,0.9799940586090088,,Initiator,,promoter,False,False
h4_chr21_12003041_12007136,200,3712,3946,3712,3946,234,0.9799907803535461,,,,,False,False
h4_chr21_19112010_19116105,1,2182,2240,2182,2240,58,0.9907684922218323,,,,,False,False
h4_chr21_19112010_19116105,2,3670,3759,3670,3759,89,0.9907636642456055,,,,,False,False
h4_chr21_19112010_19116105,3,2082,2148,2082,2148,66,0.99050372838974,,,,,False,False
h4_chr21_19112010_19116105,4,1137,1190,1137,1190,53,0.9898931980133057,,,,,False,False
h4_chr21_19112010_19116105,5,1136,1190,1136,1190,54,0.9897699356079102,,,,,False,False
h4_chr21_19112010_19116105,6,1136,1187,1136,1187,51,0.9897562265396118,,,,,False,False
h4_chr21_19112010_19116105,7,2168,2240,2168,2240,72,0.989091157913208,Initiator,,promoter,,False,False
h4_chr21_19112010_19116105,8,1138,1190,1138,1190,52,0.9890023469924927,,,,,False,False
h4_chr21_19112010_19116105,9,1136,1189,1136,1189,53,0.9888907074928284,,,,,False,False
h4_chr21_19112010_19116105,10,1137,1187,1137,1187,50,0.9886062741279602,,,,,False,False
h4_chr21_19112010_19116105,11,1136,1188,1136,1188,52,0.988288164138794,,,,,False,False
h4_chr21_19112010_19116105,12,1137,1189,1137,1189,52,0.9881988167762756,,,,,False,False
h4_chr21_19112010_19116105,13,2208,2275,2208,2275,67,0.9881113767623901,,,,,False,False
h4_chr21_19112010_19116105,14,1137,1188,1137,1188,51,0.987907350063324,,,,,False,False
h4_chr21_19112010_19116105,15,1138,1188,1138,1188,50,0.9873380064964294,,,,,False,False
h4_chr21_19112010_19116105,16,1138,1189,1138,1189,51,0.9872147440910339,,,,,False,False
h4_chr21_19112010_19116105,17,1821,1888,1821,1888,67,0.9871701598167419,,,,,False,False
h4_chr21_19112010_19116105,18,2209,2260,2209,2260,51,0.9869546890258789,,,,,False,False
h4_chr21_19112010_19116105,19,1594,1669,1594,1669,75,0.98685222864151,,,,,False,False
h4_chr21_19112010_19116105,20,1639,1740,1639,1740,101,0.9868311285972595,,,,,False,False
h4_chr21_19112010_19116105,21,3674,3778,3674,3778,104,0.9867329001426697,Initiator,,promoter,,False,False
h4_chr21_19112010_19116105,22,480,536,480,536,56,0.98667311668396,,Initiator,,promoter,False,False
h4_chr21_19112010_19116105,23,1823,1916,1823,1916,93,0.9865998029708862,,,,,False,False
h4_chr21_19112010_19116105,24,479,536,479,536,57,0.9862120747566223,,Initiator,,promoter,False,False
h4_chr21_19112010_19116105,25,3679,3759,3679,3759,80,0.9859766364097595,,,,,False,False
h4_chr21_19112010_19116105,26,482,536,482,536,54,0.9857604503631592,,Initiator,,promoter,False,False
h4_chr21_19112010_19116105,27,2222,2298,2222,2298,76,0.9851748943328857,,,,,False,False
h4_chr21_19112010_19116105,28,773,831,773,831,58,0.9849768877029419,,Initiator,,promoter,False,False
h4_chr21_19112010_19116105,29,481,536,481,536,55,0.984885573387146,,Initiator,,promoter,False,False
h4_chr21_19112010_19116105,30,2168,2258,2168,2258,90,0.9842228889465332,Initiator,,promoter,,False,False
h4_chr21_19112010_19116105,31,1821,1936,1821,1936,115,0.9838376045227051,,Initiator,,promoter,False,False
h4_chr21_19112010_19116105,32,2182,2258,2182,2258,76,0.9833757877349854,,,,,False,False
h4_chr21_19112010_19116105,33,3674,3792,3674,3792,118,0.983267068862915,Initiator,,promoter,,False,False
h4_chr21_19112010_19116105,34,1822,1889,1822,1889,67,0.983085572719574,,,,,False,False
h4_chr21_19112010_19116105,35,2283,2333,2283,2333,50,0.9829851388931274,,,,,False,False
h4_chr21_19112010_19116105,36,1823,1888,1823,1888,65,0.9828628897666931,,,,,False,False
h4_chr21_19112010_19116105,37,2316,2392,2316,2392,76,0.9823885560035706,,,,,False,False
h4_chr21_19112010_19116105,38,3622,3704,3622,3704,82,0.9823246002197266,,,,,False,False
h4_chr21_19112010_19116105,39,3670,3781,3670,3781,111,0.9822348952293396,,Initiator,,promoter,False,False
h4_chr21_19112010_19116105,40,1640,1739,1640,1739,99,0.9822269082069397,Initiator,,promoter,,False,False
h4_chr21_19112010_19116105,41,2317,2393,2317,2393,76,0.981965959072113,,,,,False,False
h4_chr21_19112010_19116105,42,887,945,887,945,58,0.9818598031997681,Initiator,,promoter,,False,False
h4_chr21_19112010_19116105,43,1823,1937,1823,1937,114,0.9818002581596375,,Initiator,,promoter,False,False
h4_chr21_19112010_19116105,44,1823,1936,1823,1936,113,0.9817563891410828,,Initiator,,promoter,False,False
h4_chr21_19112010_19116105,45,1669,1739,1669,1739,70,0.9815972447395325,,,,,False,False
h4_chr21_19112010_19116105,46,1822,1890,1822,1890,68,0.981545090675354,,,,,False,False
h4_chr21_19112010_19116105,47,1822,1915,1822,1915,93,0.9815276861190796,,,,,False,False
h4_chr21_19112010_19116105,48,1213,1271,1213,1271,58,0.981507420539856,,Initiator,,promoter,False,False
h4_chr21_19112010_19116105,49,1639,1766,1639,1766,127,0.981281578540802,,,,,False,False
h4_chr21_19112010_19116105,50,2183,2241,2183,2241,58,0.9811757802963257,,,,,False,False
h4_chr21_19112010_19116105,51,2211,2299,2211,2299,88,0.9809963703155518,,,,,False,False
h4_chr21_19112010_19116105,52,1821,1912,1821,1912,91,0.9807859063148499,,Initiator,,promoter,False,False
h4_chr21_19112010_19116105,53,1639,1767,1639,1767,128,0.9807279706001282,,,,,False,False
h4_chr21_19112010_19116105,54,2044,2120,2044,2120,76,0.9805184006690979,,,,,False,False
h4_chr21_19112010_19116105,55,2991,3043,2991,3043,52,0.9804713726043701,,,,,False,False
h4_chr21_19112010_19116105,56,2310,2368,2310,2368,58,0.9802802205085754,,,,,False,False
h4_chr21_19112010_19116105,57,1870,1937,1870,1937,67,0.9801705479621887,,Initiator,,promoter,False,False
h4_chr21_19112010_19116105,58,1130,1187,1130,1187,57,0.9801403284072876,Initiator,,promoter,,False,False
h4_chr21_19112010_19116105,59,1130,1190,1130,1190,60,0.9800249338150024,Initiator,,promoter,,False,False
h4_chr21_19112010_19116105,60,1823,1912,1823,1912,89,0.9799758791923523,,Initiator,,promoter,False,False
h4_chr21_19112010_19116105,61,2183,2240,2183,2240,57,0.9799137711524963,,,,,False,False
h4_chr21_19112010_19116105,62,2303,2408,2303,2408,105,0.9797858595848083,Initiator,,promoter,,False,False
h4_chr21_19112010_19116105,63,1821,1916,1821,1916,95,0.9797832369804382,,,,,False,False
h4_chr21_19112010_19116105,64,2319,2399,2319,2399,80,0.9797229170799255,,Initiator,,promoter,False,False
h4_chr21_19112010_19116105,65,1822,1913,1822,1913,91,0.9796949028968811,,Initiator,,promoter,False,False
h4_chr21_19112010_19116105,66,2004,2056,2004,2056,52,0.9796825051307678,,Initiator;YY1,,promoter;tfbs,False,False
h4_chr21_19112010_19116105,67,1130,1189,1130,1189,59,0.9795301556587219,Initiator,,promoter,,False,False
h4_chr21_19112010_19116105,68,1136,1191,1136,1191,55,0.9795265197753906,,,,,False,False
h4_chr21_19112010_19116105,69,2211,2266,2211,2266,55,0.9795222282409668,,,,,False,False
h4_chr21_19112010_19116105,70,1129,1186,1129,1186,57,0.9794830679893494,Initiator,,promoter,,False,False
h4_chr21_19112010_19116105,71,1639,1768,1639,1768,129,0.9794487357139587,,Initiator,,promoter,False,False
h4_chr21_19112010_19116105,72,1138,1191,1138,1191,53,0.9793552756309509,,,,,False,False
h4_chr21_19112010_19116105,73,1669,1741,1669,1741,72,0.9792549014091492,,,,,False,False
h4_chr21_19112010_19116105,74,769,887,769,887,118,0.9790739417076111,,Initiator,,promoter,False,False
h4_chr21_19112010_19116105,75,1139,1190,1139,1190,51,0.97901850938797,,,,,False,False
h4_chr21_19112010_19116105,76,2075,2212,2075,2212,137,0.978991687297821,,,,,False,False
h4_chr21_19112010_19116105,77,1641,1739,1641,1739,98,0.9789648056030273,Initiator,,promoter,,False,False
h4_chr21_19112010_19116105,78,452,536,452,536,84,0.9788230657577515,,Initiator,,promoter,False,False
h4_chr21_19112010_19116105,79,2346,2401,2346,2401,55,0.9786392450332642,,,,,False,False
h4_chr21_19112010_19116105,80,2183,2258,2183,2258,75,0.978604257106781,,,,,False,False
h4_chr21_19112010_19116105,81,1137,1191,1137,1191,54,0.978600025177002,,,,,False,False
h4_chr21_19112010_19116105,82,1822,1937,1822,1937,115,0.97853022813797,,Initiator,,promoter,False,False
h4_chr21_19112010_19116105,83,1354,1419,1354,1419,65,0.9784991145133972,,,,,False,False
h4_chr21_19112010_19116105,84,2132,2204,2132,2204,72,0.9784766435623169,,,,,False,False
h4_chr21_19112010_19116105,85,2222,2398,2222,2398,176,0.9784412980079651,,Initiator,,promoter,False,False
h4_chr21_19112010_19116105,86,2072,2132,2072,2132,60,0.9784116744995117,,,,,False,False
h4_chr21_19112010_19116105,87,536,592,536,592,56,0.9783421754837036,Initiator,,promoter,,False,False
h4_chr21_19112010_19116105,88,2268,2320,2268,2320,52,0.9782046675682068,,,,,False,False
h4_chr21_19112010_19116105,89,846,933,846,933,87,0.9781137108802795,,Initiator,,promoter,False,False
h4_chr21_19112010_19116105,90,536,593,536,593,57,0.9781093597412109,Initiator,,promoter,,False,False
h4_chr21_19112010_19116105,91,1873,1937,1873,1937,64,0.9781062006950378,,Initiator,,promoter,False,False
h4_chr21_19112010_19116105,92,1130,1188,1130,1188,58,0.978094220161438,Initiator,,promoter,,False,False
h4_chr21_19112010_19116105,93,1823,1890,1823,1890,67,0.9780803322792053,,,,,False,False
h4_chr21_19112010_19116105,94,452,537,452,537,85,0.9779545068740845,,,,,False,False
h4_chr21_19112010_19116105,95,478,536,478,536,58,0.9779525399208069,,Initiator,,promoter,False,False
h4_chr21_19112010_19116105,96,636,707,636,707,71,0.9777922630310059,Initiator,,promoter,,False,False
h4_chr21_19112010_19116105,97,1139,1189,1139,1189,50,0.9777615666389465,,,,,False,False
h4_chr21_19112010_19116105,98,3679,3781,3679,3781,102,0.9776424765586853,,Initiator,,promoter,False,False
h4_chr21_19112010_19116105,99,2316,2401,2316,2401,85,0.9775790572166443,,,,,False,False
h4_chr21_19112010_19116105,100,895,968,895,968,73,0.9775753021240234,Initiator,,promoter,,False,False
h4_chr21_19112010_19116105,101,1623,1704,1623,1704,81,0.9775564074516296,,,,,False,False
h4_chr21_19112010_19116105,102,2203,2299,2203,2299,96,0.9773107171058655,,,,,False,False
h4_chr21_19112010_19116105,103,2353,2420,2353,2420,67,0.9772297739982605,Initiator,,promoter,,False,False
h4_chr21_19112010_19116105,104,2260,2319,2260,2319,59,0.9771905541419983,,,,,False,False
h4_chr21_19112010_19116105,105,480,593,480,593,113,0.977173924446106,,,,,False,False
h4_chr21_19112010_19116105,106,1700,1750,1700,1750,50,0.9771651029586792,Initiator,Initiator,promoter,promoter,True,True
h4_chr21_19112010_19116105,107,2169,2240,2169,2240,71,0.9771175384521484,,,,,False,False
h4_chr21_19112010_19116105,108,945,995,945,995,50,0.9770719408988953,,Initiator,,promoter,False,False
h4_chr21_19112010_19116105,109,2147,2208,2147,2208,61,0.9770306944847107,,,,,False,False
h4_chr21_19112010_19116105,110,1170,1225,1170,1225,55,0.9770089387893677,,Initiator,,promoter,False,False
h4_chr21_19112010_19116105,111,2165,2293,2165,2293,128,0.9770050048828125,Initiator,,promoter,,False,False
h4_chr21_19112010_19116105,112,536,591,536,591,55,0.9769682288169861,Initiator,,promoter,,False,False
h4_chr21_19112010_19116105,113,480,535,480,535,55,0.9769549369812012,,Initiator,,promoter,False,False
h4_chr21_19112010_19116105,114,2321,2398,2321,2398,77,0.9768978357315063,,Initiator,,promoter,False,False
h4_chr21_19112010_19116105,115,2258,2310,2258,2310,52,0.9768189191818237,,,,,False,False
h4_chr21_19112010_19116105,116,1822,1914,1822,1914,92,0.9766549468040466,,,,,False,False
h4_chr21_19112010_19116105,117,479,593,479,593,114,0.9766526222229004,,,,,False,False
h4_chr21_19112010_19116105,118,2081,2148,2081,2148,67,0.9766355156898499,,,,,False,False
h4_chr21_19112010_19116105,119,480,592,480,592,112,0.9765686392784119,,,,,False,False
h4_chr21_19112010_19116105,120,1638,1739,1638,1739,101,0.9765263795852661,,,,,False,False
h4_chr21_19112010_19116105,121,1700,1755,1700,1755,55,0.9765023589134216,Initiator,Initiator,promoter,promoter,True,True
h4_chr21_19112010_19116105,122,479,535,479,535,56,0.9764987230300903,,Initiator,,promoter,False,False
h4_chr21_19112010_19116105,123,1635,1741,1635,1741,106,0.9764761924743652,,,,,False,False
h4_chr21_19112010_19116105,124,2237,2293,2237,2293,56,0.9763929843902588,,,,,False,False
h4_chr21_19112010_19116105,125,482,593,482,593,111,0.9763721227645874,,,,,False,False
h4_chr21_19112010_19116105,126,2165,2237,2165,2237,72,0.9763704538345337,Initiator,,promoter,,False,False
h4_chr21_19112010_19116105,127,2070,2147,2070,2147,77,0.9762564897537231,,,,,False,False
h4_chr21_19112010_19116105,128,1885,1943,1885,1943,58,0.9761938452720642,,,,,False,False
h4_chr21_19112010_19116105,129,482,535,482,535,53,0.976174533367157,,Initiator,,promoter,False,False
h4_chr21_19112010_19116105,130,481,593,481,593,112,0.976146936416626,,,,,False,False
h4_chr21_19112010_19116105,131,1823,1873,1823,1873,50,0.9760865569114685,,,,,False,False
h4_chr21_19112010_19116105,132,537,590,537,590,53,0.9760366678237915,,,,,False,False
h4_chr21_19112010_19116105,133,452,535,452,535,83,0.9759958386421204,,Initiator,,promoter,False,False
h4_chr21_19112010_19116105,134,708,758,708,758,50,0.9759728908538818,,,,,False,False
h4_chr21_19112010_19116105,135,478,593,478,593,115,0.9758833646774292,,,,,False,False
h4_chr21_19112010_19116105,136,1139,1191,1139,1191,52,0.9758656024932861,,,,,False,False
h4_chr21_19112010_19116105,137,1010,1068,1010,1068,58,0.9758576154708862,,,,,False,False
h4_chr21_19112010_19116105,138,479,592,479,592,113,0.9757938981056213,,,,,False,False
h4_chr21_19112010_19116105,139,482,592,482,592,110,0.9757842421531677,,,,,False,False
h4_chr21_19112010_19116105,140,2302,2399,2302,2399,97,0.9757584929466248,,Initiator,,promoter,False,False
h4_chr21_19112010_19116105,141,846,896,846,896,50,0.9757137298583984,,Initiator,,promoter,False,False
h4_chr21_19112010_19116105,142,895,945,895,945,50,0.9756966829299927,Initiator,,promoter,,False,False
h4_chr21_19112010_19116105,143,1340,1419,1340,1419,79,0.9756501913070679,,,,,False,False
h4_chr21_19112010_19116105,144,2056,2154,2056,2154,98,0.9755741357803345,Initiator;YY1,,promoter;tfbs,,False,False
h4_chr21_19112010_19116105,145,1871,1937,1871,1937,66,0.9755606055259705,,Initiator,,promoter,False,False
h4_chr21_19112010_19116105,146,481,592,481,592,111,0.9755334258079529,,,,,False,False
h4_chr21_19112010_19116105,147,478,592,478,592,114,0.9753987193107605,,,,,False,False
h4_chr21_19112010_19116105,148,1113,1180,1113,1180,67,0.9753439426422119,,Initiator,,promoter,False,False
h4_chr21_19112010_19116105,149,1135,1187,1135,1187,52,0.9753434062004089,Initiator,,promoter,,False,False
h4_chr21_19112010_19116105,150,481,535,481,535,54,0.9753178954124451,,Initiator,,promoter,False,False
h4_chr21_19112010_19116105,151,480,591,480,591,111,0.975304901599884,,,,,False,False
h4_chr21_19112010_19116105,152,1594,1739,1594,1739,145,0.9752615094184875,,,,,False,False
h4_chr21_19112010_19116105,153,769,861,769,861,92,0.9752215147018433,,Initiator,,promoter,False,False
h4_chr21_19112010_19116105,154,527,590,527,590,63,0.9752141237258911,,,,,False,False
h4_chr21_19112010_19116105,155,2203,2260,2203,2260,57,0.9752039909362793,,,,,False,False
h4_chr21_19112010_19116105,156,2920,2991,2920,2991,71,0.9751777648925781,,,,,False,False
h4_chr21_19112010_19116105,157,451,536,451,536,85,0.9751502275466919,,Initiator,,promoter,False,False
h4_chr21_19112010_19116105,158,1823,1914,1823,1914,91,0.9751060605049133,,,,,False,False
h4_chr21_19112010_19116105,159,1212,1270,1212,1270,58,0.975100040435791,,Initiator,,promoter,False,False
h4_chr21_19112010_19116105,160,2309,2408,2309,2408,99,0.9750863313674927,Initiator,,promoter,,False,False
h4_chr21_19112010_19116105,161,1873,1936,1873,1936,63,0.9750031232833862,,Initiator,,promoter,False,False
h4_chr21_19112010_19116105,162,4036,4091,4036,4091,55,0.974993109703064,Initiator,,promoter,,False,False
h4_chr21_19112010_19116105,163,2203,2276,2203,2276,73,0.9749732613563538,,,,,False,False
h4_chr21_19112010_19116105,164,482,537,482,537,55,0.9749494791030884,,,,,False,False
h4_chr21_19112010_19116105,165,480,537,480,537,57,0.9749418497085571,,,,,False,False
h4_chr21_19112010_19116105,166,2317,2401,2317,2401,84,0.9749405980110168,,,,,False,False
h4_chr21_19112010_19116105,167,479,537,479,537,58,0.9749382734298706,,,,,False,False
h4_chr21_19112010_19116105,168,2203,2266,2203,2266,63,0.9749298095703125,,,,,False,False
h4_chr21_19112010_19116105,169,2256,2327,2256,2327,71,0.9749085307121277,,,,,False,False
h4_chr21_19112010_19116105,170,452,527,452,527,75,0.9748914837837219,,,,,False,False
h4_chr21_19112010_19116105,171,1823,1889,1823,1889,66,0.9748861193656921,,,,,False,False
h4_chr21_19112010_19116105,172,2075,2132,2075,2132,57,0.9748100638389587,,,,,False,False
h4_chr21_19112010_19116105,173,1068,1121,1068,1121,53,0.9747715592384338,,,,,False,False
h4_chr21_19112010_19116105,174,637,708,637,708,71,0.9747033715248108,Initiator,,promoter,,False,False
h4_chr21_19112010_19116105,175,1135,1188,1135,1188,53,0.9746788740158081,Initiator,,promoter,,False,False
h4_chr21_19112010_19116105,176,1135,1186,1135,1186,51,0.9746463298797607,Initiator,,promoter,,False,False
h4_chr21_19112010_19116105,177,1618,1739,1618,1739,121,0.974563717842102,,,,,False,False
h4_chr21_19112010_19116105,178,2075,2204,2075,2204,129,0.9745633006095886,,,,,False,False
h4_chr21_19112010_19116105,179,2261,2320,2261,2320,59,0.9745619297027588,,,,,False,False
h4_chr21_19112010_19116105,180,2991,3059,2991,3059,68,0.9745168089866638,,,,,False,False
h4_chr21_19112010_19116105,181,2210,2268,2210,2268,58,0.9745020270347595,,,,,False,False
h4_chr21_19112010_19116105,182,2169,2258,2169,2258,89,0.974492609500885,,,,,False,False
h4_chr21_19112010_19116105,183,3109,3163,3109,3163,54,0.9744701385498047,,,,,False,False
h4_chr21_19112010_19116105,184,1135,1189,1135,1189,54,0.9744569659233093,Initiator,,promoter,,False,False
h4_chr21_19112010_19116105,185,1823,1913,1823,1913,90,0.9744515419006348,,Initiator,,promoter,False,False
h4_chr21_19112010_19116105,186,3772,3833,3772,3833,61,0.9744289517402649,Initiator,Initiator,promoter,promoter,True,True
h4_chr21_19112010_19116105,187,896,969,896,969,73,0.9743191599845886,Initiator,,promoter,,False,False
h4_chr21_19112010_19116105,188,579,637,579,637,58,0.9743097424507141,Initiator,Initiator,promoter,promoter,True,True
h4_chr21_19112010_19116105,189,2211,2276,2211,2276,65,0.974295973777771,,,,,False,False
h4_chr21_19112010_19116105,190,479,591,479,591,112,0.9742794036865234,,,,,False,False
h4_chr21_19112010_19116105,191,535,590,535,590,55,0.9741817116737366,Initiator,,promoter,,False,False
h4_chr21_19112010_19116105,192,535,592,535,592,57,0.9741716384887695,Initiator,,promoter,,False,False
h4_chr21_19112010_19116105,193,2018,2095,2018,2095,77,0.974147617816925,,,,,False,False
h4_chr21_19112010_19116105,194,2202,2267,2202,2267,65,0.9741299748420715,,,,,False,False
h4_chr21_19112010_19116105,195,1135,1190,1135,1190,55,0.974114179611206,Initiator,,promoter,,False,False
h4_chr21_19112010_19116105,196,1502,1618,1502,1618,116,0.9740850329399109,,,,,False,False
h4_chr21_19112010_19116105,197,636,708,636,708,72,0.974084734916687,Initiator,,promoter,,False,False
h4_chr21_19112010_19116105,198,482,591,482,591,109,0.974031388759613,,,,,False,False
h4_chr21_19112010_19116105,199,1010,1072,1010,1072,62,0.9740285873413086,,,,,False,False
h4_chr21_19112010_19116105,200,1639,1739,1639,1739,100,0.9740190505981445,,,,,False,False
h4_chr21_38658585_38662680,1,323,389,323,389,66,0.9917222857475281,,GATA,,tfbs,False,False
h4_chr21_38658585_38662680,2,190,389,190,389,199,0.9887151122093201,,GATA,,tfbs,False,False
h4_chr21_38658585_38662680,3,450,501,450,501,51,0.9880983829498291,,,,,False,False
h4_chr21_38658585_38662680,4,190,367,190,367,177,0.9878624081611633,,,,,False,False
h4_chr21_38658585_38662680,5,655,725,655,725,70,0.9875503182411194,,Initiator,,promoter,False,False
h4_chr21_38658585_38662680,6,190,382,190,382,192,0.987250030040741,,Initiator,,promoter,False,False
h4_chr21_38658585_38662680,7,323,382,323,382,59,0.9869748950004578,,Initiator,,promoter,False,False
h4_chr21_38658585_38662680,8,382,435,382,435,53,0.9867427945137024,Initiator,,promoter,,False,False
h4_chr21_38658585_38662680,9,417,492,417,492,75,0.9862739443778992,Initiator,,promoter,,False,False
h4_chr21_38658585_38662680,10,410,461,410,461,51,0.9862597584724426,,,,,False,False
h4_chr21_38658585_38662680,11,451,518,451,518,67,0.9855493903160095,,,,,False,False
h4_chr21_38658585_38662680,12,417,483,417,483,66,0.9853015542030334,Initiator,,promoter,,False,False
h4_chr21_38658585_38662680,13,367,435,367,435,68,0.9850775003433228,,,,,False,False
h4_chr21_38658585_38662680,14,406,460,406,460,54,0.9845690727233887,,,,,False,False
h4_chr21_38658585_38662680,15,382,445,382,445,63,0.9845105409622192,Initiator,Initiator,promoter,promoter,True,True
h4_chr21_38658585_38662680,16,435,518,435,518,83,0.9843043088912964,,,,,False,False
h4_chr21_38658585_38662680,17,406,483,406,483,77,0.9838409423828125,,,,,False,False
h4_chr21_38658585_38662680,18,367,445,367,445,78,0.983696699142456,,Initiator,,promoter,False,False
h4_chr21_38658585_38662680,19,684,750,684,750,66,0.983013927936554,,,,,False,False
h4_chr21_38658585_38662680,20,382,440,382,440,58,0.9830049276351929,Initiator,Initiator,promoter,promoter,True,True
h4_chr21_38658585_38662680,21,190,323,190,323,133,0.9829666614532471,,,,,False,False
h4_chr21_38658585_38662680,22,406,492,406,492,86,0.9828059077262878,,,,,False,False
h4_chr21_38658585_38662680,23,409,460,409,460,51,0.9827861785888672,,,,,False,False
h4_chr21_38658585_38662680,24,389,440,389,440,51,0.9827612638473511,GATA,Initiator,tfbs,promoter,True,False
h4_chr21_38658585_38662680,25,3788,3838,3788,3838,50,0.982684850692749,Initiator,,promoter,,False,False
h4_chr21_38658585_38662680,26,389,451,389,451,62,0.9826611876487732,GATA,,tfbs,,False,False
h4_chr21_38658585_38662680,27,367,451,367,451,84,0.9826154112815857,,,,,False,False
h4_chr21_38658585_38662680,28,389,445,389,445,56,0.9824677109718323,GATA,Initiator,tfbs,promoter,True,False
h4_chr21_38658585_38662680,29,409,483,409,483,74,0.9824007749557495,,,,,False,False
h4_chr21_38658585_38662680,30,655,711,655,711,56,0.982356607913971,,,,,False,False
h4_chr21_38658585_38662680,31,323,445,323,445,122,0.9823524951934814,,Initiator,,promoter,False,False
h4_chr21_38658585_38662680,32,406,457,406,457,51,0.9821984767913818,,,,,False,False
h4_chr21_38658585_38662680,33,389,484,389,484,95,0.9821953177452087,GATA,,tfbs,,False,False
h4_chr21_38658585_38662680,34,676,748,676,748,72,0.9821529388427734,,,,,False,False
h4_chr21_38658585_38662680,35,242,389,242,389,147,0.9821487069129944,Initiator;TATA_box,GATA,promoter,tfbs,True,False
h4_chr21_38658585_38662680,36,242,367,242,367,125,0.9821388125419617,Initiator;TATA_box,,promoter,,False,False
h4_chr21_38658585_38662680,37,367,484,367,484,117,0.9819928407669067,,,,,False,False
h4_chr21_38658585_38662680,38,406,501,406,501,95,0.9819262027740479,,,,,False,False
h4_chr21_38658585_38662680,39,242,451,242,451,209,0.981796383857727,Initiator;TATA_box,,promoter,,False,False
h4_chr21_38658585_38662680,40,382,484,382,484,102,0.9817348718643188,Initiator,,promoter,,False,False
h4_chr21_38658585_38662680,41,190,242,190,242,52,0.9816542267799377,,Initiator;TATA_box,,promoter,False,False
h4_chr21_38658585_38662680,42,417,501,417,501,84,0.9816381931304932,Initiator,,promoter,,False,False
h4_chr21_38658585_38662680,43,323,435,323,435,112,0.9814324378967285,,,,,False,False
h4_chr21_38658585_38662680,44,207,451,207,451,244,0.9814237356185913,,,,,False,False
h4_chr21_38658585_38662680,45,242,382,242,382,140,0.9812614917755127,Initiator;TATA_box,Initiator,promoter,promoter,True,True
h4_chr21_38658585_38662680,46,607,686,607,686,79,0.981110155582428,,,,,False,False
h4_chr21_38658585_38662680,47,382,451,382,451,69,0.9810919165611267,Initiator,,promoter,,False,False
h4_chr21_38658585_38662680,48,242,435,242,435,193,0.9810237288475037,Initiator;TATA_box,,promoter,,False,False
h4_chr21_38658585_38662680,49,242,484,242,484,242,0.9806207418441772,Initiator;TATA_box,,promoter,,False,False
h4_chr21_38658585_38662680,50,207,435,207,435,228,0.9805759191513062,,,,,False,False
h4_chr21_38658585_38662680,51,367,440,367,440,73,0.9805516004562378,,Initiator,,promoter,False,False
h4_chr21_38658585_38662680,52,554,625,554,625,71,0.9805158376693726,,,,,False,False
h4_chr21_38658585_38662680,53,148,206,148,206,58,0.9805063009262085,,,,,False,False
h4_chr21_38658585_38662680,54,445,518,445,518,73,0.9800707101821899,Initiator,,promoter,,False,False
h4_chr21_38658585_38662680,55,207,389,207,389,182,0.9800571799278259,,GATA,,tfbs,False,False
h4_chr21_38658585_38662680,56,377,440,377,440,63,0.9798150658607483,,Initiator,,promoter,False,False
h4_chr21_38658585_38662680,57,207,367,207,367,160,0.9797518253326416,,,,,False,False
h4_chr21_38658585_38662680,58,3505,3583,3505,3583,78,0.9797207117080688,Initiator,,promoter,,False,False
h4_chr21_38658585_38662680,59,409,492,409,492,83,0.9796484708786011,,,,,False,False
h4_chr21_38658585_38662680,60,483,534,483,534,51,0.979646623134613,,,,,False,False
h4_chr21_38658585_38662680,61,385,514,385,514,129,0.9796058535575867,,,,,False,False
h4_chr21_38658585_38662680,62,461,514,461,514,53,0.9795352220535278,,,,,False,False
h4_chr21_38658585_38662680,63,409,501,409,501,92,0.9794751405715942,,,,,False,False
h4_chr21_38658585_38662680,64,377,435,377,435,58,0.9794526100158691,,,,,False,False
h4_chr21_38658585_38662680,65,42,103,42,103,61,0.9794455766677856,,,,,False,False
h4_chr21_38658585_38662680,66,3545,3662,3545,3662,117,0.979182243347168,,Initiator,,promoter,False,False
h4_chr21_38658585_38662680,67,534,594,534,594,60,0.9790827631950378,,,,,False,False
h4_chr21_38658585_38662680,68,3489,3571,3489,3571,82,0.9790379405021667,Initiator,,promoter,,False,False
h4_chr21_38658585_38662680,69,607,711,607,711,104,0.9788187146186829,,,,,False,False
h4_chr21_38658585_38662680,70,410,514,410,514,104,0.9788085222244263,,,,,False,False
h4_chr21_38658585_38662680,71,3583,3640,3583,3640,57,0.9787458181381226,,Initiator,,promoter,False,False
h4_chr21_38658585_38662680,72,3404,3466,3404,3466,62,0.9785458445549011,,Initiator,,promoter,False,False
h4_chr21_38658585_38662680,73,195,389,195,389,194,0.9785333871841431,,GATA,,tfbs,False,False
h4_chr21_38658585_38662680,74,3796,3911,3796,3911,115,0.9785099029541016,,,,,False,False
h4_chr21_38658585_38662680,75,190,240,190,240,50,0.978431224822998,,Initiator;TATA_box,,promoter,False,False
h4_chr21_38658585_38662680,76,1022,1153,1022,1153,131,0.9782192707061768,Initiator,Initiator,promoter,promoter,True,True
h4_chr21_38658585_38662680,77,3788,3840,3788,3840,52,0.9780785441398621,Initiator,,promoter,,False,False
h4_chr21_38658585_38662680,78,405,461,405,461,56,0.9780184030532837,,,,,False,False
h4_chr21_38658585_38662680,79,404,457,404,457,53,0.9779942631721497,,,,,False,False
h4_chr21_38658585_38662680,80,655,740,655,740,85,0.9779573678970337,,,,,False,False
h4_chr21_38658585_38662680,81,3426,3485,3426,3485,59,0.977888286113739,Initiator,Initiator,promoter,promoter,True,True
h4_chr21_38658585_38662680,82,1077,1192,1077,1192,115,0.9778234958648682,,Initiator,,promoter,False,False
h4_chr21_38658585_38662680,83,93,158,93,158,65,0.9778017997741699,,,,,False,False
h4_chr21_38658585_38662680,84,607,740,607,740,133,0.977686882019043,,,,,False,False
h4_chr21_38658585_38662680,85,3852,3958,3852,3958,106,0.9776126146316528,Initiator,,promoter,,False,False
h4_chr21_38658585_38662680,86,207,382,207,382,175,0.9774353504180908,,Initiator,,promoter,False,False
h4_chr21_38658585_38662680,87,323,451,323,451,128,0.9773478507995605,,,,,False,False
h4_chr21_38658585_38662680,88,389,518,389,518,129,0.9773166179656982,GATA,,tfbs,,False,False
h4_chr21_38658585_38662680,89,323,484,323,484,161,0.9772735238075256,,,,,False,False
h4_chr21_38658585_38662680,90,362,417,362,417,55,0.977187991142273,,Initiator,,promoter,False,False
h4_chr21_38658585_38662680,91,1097,1182,1097,1182,85,0.9771804213523865,Initiator,,promoter,,False,False
h4_chr21_38658585_38662680,92,553,624,553,624,71,0.9771069884300232,,,,,False,False
h4_chr21_38658585_38662680,93,206,450,206,450,244,0.9769626259803772,,,,,False,False
h4_chr21_38658585_38662680,94,3882,3939,3882,3939,57,0.9765833616256714,,,,,False,False
h4_chr21_38658585_38662680,95,195,367,195,367,172,0.9765491485595703,,,,,False,False
h4_chr21_38658585_38662680,96,93,186,93,186,93,0.9765129685401917,,RUNX,,tfbs,False,False
h4_chr21_38658585_38662680,97,402,457,402,457,55,0.9763808250427246,,,,,False,False
h4_chr21_38658585_38662680,98,382,518,382,518,136,0.976367175579071,Initiator,,promoter,,False,False
h4_chr21_38658585_38662680,99,66,118,66,118,52,0.9762677550315857,,,,,False,False
h4_chr21_38658585_38662680,100,3574,3700,3574,3700,126,0.9762659668922424,,,,,False,False
h4_chr21_38658585_38662680,101,308,385,308,385,77,0.9762341976165771,,,,,False,False
h4_chr21_38658585_38662680,102,186,385,186,385,199,0.9761951565742493,RUNX,,tfbs,,False,False
h4_chr21_38658585_38662680,103,377,451,377,451,74,0.9760783910751343,,,,,False,False
h4_chr21_38658585_38662680,104,195,435,195,435,240,0.9760693311691284,,,,,False,False
h4_chr21_38658585_38662680,105,445,514,445,514,69,0.9760643243789673,Initiator,,promoter,,False,False
h4_chr21_38658585_38662680,106,3622,3695,3622,3695,73,0.9760599136352539,,,,,False,False
h4_chr21_38658585_38662680,107,450,505,450,505,55,0.9760419130325317,,,,,False,False
h4_chr21_38658585_38662680,108,195,382,195,382,187,0.9760311841964722,,Initiator,,promoter,False,False
h4_chr21_38658585_38662680,109,594,710,594,710,116,0.9760060906410217,,,,,False,False
h4_chr21_38658585_38662680,110,3411,3489,3411,3489,78,0.9760023355484009,,Initiator,,promoter,False,False
h4_chr21_38658585_38662680,111,104,158,104,158,54,0.975989043712616,,,,,False,False
h4_chr21_38658585_38662680,112,206,417,206,417,211,0.9759517312049866,,Initiator,,promoter,False,False
h4_chr21_38658585_38662680,113,93,151,93,151,58,0.975914478302002,,,,,False,False
h4_chr21_38658585_38662680,114,207,377,207,377,170,0.9758584499359131,,,,,False,False
h4_chr21_38658585_38662680,115,385,461,385,461,76,0.9758356213569641,,,,,False,False
h4_chr21_38658585_38662680,116,323,440,323,440,117,0.9758269190788269,,Initiator,,promoter,False,False
h4_chr21_38658585_38662680,117,553,620,553,620,67,0.9757429361343384,,,,,False,False
h4_chr21_38658585_38662680,118,367,518,367,518,151,0.9756826162338257,,,,,False,False
h4_chr21_38658585_38662680,119,306,405,306,405,99,0.9756444692611694,,,,,False,False
h4_chr21_38658585_38662680,120,190,435,190,435,245,0.9756413102149963,,,,,False,False
h4_chr21_38658585_38662680,121,151,253,151,253,102,0.9756270051002502,,,,,False,False
h4_chr21_38658585_38662680,122,622,724,622,724,102,0.9755033850669861,,Initiator,,promoter,False,False
h4_chr21_38658585_38662680,123,3426,3583,3426,3583,157,0.9754895567893982,Initiator,,promoter,,False,False
h4_chr21_38658585_38662680,124,3537,3640,3537,3640,103,0.9754365086555481,,Initiator,,promoter,False,False
h4_chr21_38658585_38662680,125,242,323,242,323,81,0.975317656993866,Initiator;TATA_box,,promoter,,False,False
h4_chr21_38658585_38662680,126,620,724,620,724,104,0.9753011465072632,,Initiator,,promoter,False,False
h4_chr21_38658585_38662680,127,240,389,240,389,149,0.9752437472343445,Initiator;TATA_box,GATA,promoter,tfbs,True,False
h4_chr21_38658585_38662680,128,405,504,405,504,99,0.9751917719841003,,,,,False,False
h4_chr21_38658585_38662680,129,207,323,207,323,116,0.9749963283538818,,,,,False,False
h4_chr21_38658585_38662680,130,240,382,240,382,142,0.9749642610549927,Initiator;TATA_box,Initiator,promoter,promoter,True,True
h4_chr21_38658585_38662680,131,158,253,158,253,95,0.9749575853347778,,,,,False,False
h4_chr21_38658585_38662680,132,3855,3911,3855,3911,56,0.9749466776847839,,,,,False,False
h4_chr21_38658585_38662680,133,186,308,186,308,122,0.9749330878257751,RUNX,,tfbs,,False,False
h4_chr21_38658585_38662680,134,206,409,206,409,203,0.9749048948287964,,,,,False,False
h4_chr21_38658585_38662680,135,376,450,376,450,74,0.9748913645744324,,,,,False,False
h4_chr21_38658585_38662680,136,460,534,460,534,74,0.9748363494873047,,,,,False,False
h4_chr21_38658585_38662680,137,393,504,393,504,111,0.9746623635292053,,,,,False,False
h4_chr21_38658585_38662680,138,242,377,242,377,135,0.9746568202972412,Initiator;TATA_box,,promoter,,False,False
h4_chr21_38658585_38662680,139,240,367,240,367,127,0.9746041893959045,Initiator;TATA_box,,promoter,,False,False
h4_chr21_38658585_38662680,140,308,410,308,410,102,0.9745222926139832,,,,,False,False
h4_chr21_38658585_38662680,141,406,505,406,505,99,0.9745054841041565,,,,,False,False
h4_chr21_38658585_38662680,142,3493,3583,3493,3583,90,0.974498987197876,,,,,False,False
h4_chr21_38658585_38662680,143,395,461,395,461,66,0.974349856376648,,,,,False,False
h4_chr21_38658585_38662680,144,594,668,594,668,74,0.9742351174354553,,,,,False,False
h4_chr21_38658585_38662680,145,195,323,195,323,128,0.974028468132019,,,,,False,False
h4_chr21_38658585_38662680,146,353,437,353,437,84,0.9739908576011658,Initiator,Initiator,promoter,promoter,True,True
h4_chr21_38658585_38662680,147,144,206,144,206,62,0.9739262461662292,,,,,False,False
h4_chr21_38658585_38662680,148,3729,3782,3729,3782,53,0.9739176034927368,,Initiator,,promoter,False,False
h4_chr21_38658585_38662680,149,151,260,151,260,109,0.9738567471504211,,,,,False,False
h4_chr21_38658585_38662680,150,624,724,624,724,100,0.9734441041946411,,Initiator,,promoter,False,False
h4_chr21_38658585_38662680,151,594,735,594,735,141,0.9734380841255188,,,,,False,False
h4_chr21_38658585_38662680,152,190,377,190,377,187,0.9734352231025696,,,,,False,False
h4_chr21_38658585_38662680,153,47,103,47,103,56,0.9733543395996094,Initiator,,promoter,,False,False
h4_chr21_38658585_38662680,154,323,377,323,377,54,0.9733405709266663,,,,,False,False
h4_chr21_38658585_38662680,155,323,518,323,518,195,0.9732066988945007,,,,,False,False
h4_chr21_38658585_38662680,156,196,409,196,409,213,0.9732031226158142,,,,,False,False
h4_chr21_38658585_38662680,157,75,151,75,151,76,0.9731718897819519,,,,,False,False
h4_chr21_38658585_38662680,158,684,748,684,748,64,0.9731080532073975,,,,,False,False
h4_chr21_38658585_38662680,159,242,440,242,440,198,0.972938060760498,Initiator;TATA_box,Initiator,promoter,promoter,True,True
h4_chr21_38658585_38662680,160,686,740,686,740,54,0.9728591442108154,,,,,False,False
h4_chr21_38658585_38662680,161,377,484,377,484,107,0.9728430509567261,,,,,False,False
h4_chr21_38658585_38662680,162,186,240,186,240,54,0.9727729558944702,RUNX,Initiator;TATA_box,tfbs,promoter,True,False
h4_chr21_38658585_38662680,163,376,483,376,483,107,0.9727681875228882,,,,,False,False
h4_chr21_38658585_38662680,164,242,518,242,518,276,0.9727113246917725,Initiator;TATA_box,,promoter,,False,False
h4_chr21_38658585_38662680,165,405,502,405,502,97,0.9726763367652893,,,,,False,False
h4_chr21_38658585_38662680,166,3444,3496,3444,3496,52,0.9726431965827942,,RUNX,,tfbs,False,False
h4_chr21_38658585_38662680,167,451,504,451,504,53,0.9726354479789734,,,,,False,False
h4_chr21_38658585_38662680,168,254,409,254,409,155,0.9725868701934814,,,,,False,False
h4_chr21_38658585_38662680,169,385,445,385,445,60,0.9725480079650879,,Initiator,,promoter,False,False
h4_chr21_38658585_38662680,170,196,417,196,417,221,0.9724734425544739,,Initiator,,promoter,False,False
h4_chr21_38658585_38662680,171,440,518,440,518,78,0.9724004864692688,Initiator,,promoter,,False,False
h4_chr21_38658585_38662680,172,518,607,518,607,89,0.9723438620567322,,,,,False,False
h4_chr21_38658585_38662680,173,405,484,405,484,79,0.9723393321037292,,,,,False,False
h4_chr21_38658585_38662680,174,1009,1061,1009,1061,52,0.9723048806190491,,,,,False,False
h4_chr21_38658585_38662680,175,393,502,393,502,109,0.9722877144813538,,,,,False,False
h4_chr21_38658585_38662680,176,405,518,405,518,113,0.9722249507904053,,,,,False,False
h4_chr21_38658585_38662680,177,417,505,417,505,88,0.972186803817749,Initiator,,promoter,,False,False
h4_chr21_38658585_38662680,178,3866,3916,3866,3916,50,0.9721371531486511,Initiator,,promoter,,False,False
h4_chr21_38658585_38662680,179,948,1006,948,1006,58,0.9720513820648193,Initiator,,promoter,,False,False
h4_chr21_38658585_38662680,180,182,417,182,417,235,0.9720280766487122,RUNX,Initiator,tfbs,promoter,True,False
h4_chr21_38658585_38662680,181,3426,3493,3426,3493,67,0.9720132350921631,Initiator,,promoter,,False,False
h4_chr21_38658585_38662680,182,260,403,260,403,143,0.9719455242156982,,,,,False,False
h4_chr21_38658585_38662680,183,3478,3568,3478,3568,90,0.9719035625457764,,,,,False,False
h4_chr21_38658585_38662680,184,305,394,305,394,89,0.9718798398971558,,,,,False,False
h4_chr21_38658585_38662680,185,402,492,402,492,90,0.9718420505523682,,,,,False,False
h4_chr21_38658585_38662680,186,395,445,395,445,50,0.9718417525291443,,Initiator,,promoter,False,False
h4_chr21_38658585_38662680,187,1078,1193,1078,1193,115,0.9717377424240112,,Initiator,,promoter,False,False
h4_chr21_38658585_38662680,188,409,505,409,505,96,0.9717376828193665,,,,,False,False
h4_chr21_38658585_38662680,189,3556,3651,3556,3651,95,0.9717209935188293,,,,,False,False
h4_chr21_38658585_38662680,190,206,406,206,406,200,0.9716744422912598,,,,,False,False
h4_chr21_38658585_38662680,191,625,725,625,725,100,0.9716545343399048,,Initiator,,promoter,False,False
h4_chr21_38658585_38662680,192,75,158,75,158,83,0.9716348648071289,,,,,False,False
h4_chr21_38658585_38662680,193,3827,3946,3827,3946,119,0.9714852571487427,,,,,False,False
h4_chr21_38658585_38662680,194,644,699,644,699,55,0.971474826335907,,,,,False,False
h4_chr21_38658585_38662680,195,457,538,457,538,81,0.9714269042015076,,,,,False,False
h4_chr21_38658585_38662680,196,408,491,408,491,83,0.9713991284370422,,,,,False,False
h4_chr21_38658585_38662680,197,1119,1173,1119,1173,54,0.9713749885559082,GATA,,tfbs,,False,False
h4_chr21_38658585_38662680,198,555,668,555,668,113,0.9713252782821655,,,,,False,False
h4_chr21_38658585_38662680,199,402,538,402,538,136,0.9712889194488525,,,,,False,False
h4_chr21_38658585_38662680,200,3838,3901,3838,3901,63,0.9712872505187988,,YY1,,tfbs,False,False
h4_chr3_108979737_108983832,1,1936,2087,1936,2087,151,1.0156636238098145,,,,,False,False
h4_chr3_108979737_108983832,2,1838,1936,1838,1936,98,1.0140091180801392,,,,,False,False
h4_chr3_108979737_108983832,3,1707,1809,1707,1809,102,1.0104495286941528,,,,,False,False
h4_chr3_108979737_108983832,4,1751,1838,1751,1838,87,1.0037585496902466,,,,,False,False
h4_chr3_108979737_108983832,5,1707,1843,1707,1843,136,1.003388524055481,,Initiator,,promoter,False,False
h4_chr3_108979737_108983832,6,1936,2101,1936,2101,165,1.0020118951797485,,,,,False,False
h4_chr3_108979737_108983832,7,1751,1843,1751,1843,92,1.0003938674926758,,Initiator,,promoter,False,False
h4_chr3_108979737_108983832,8,1751,1809,1751,1809,58,0.99822998046875,,,,,False,False
h4_chr3_108979737_108983832,9,2031,2107,2031,2107,76,0.9976994395256042,,,,,False,False
h4_chr3_108979737_108983832,10,1707,1838,1707,1838,131,0.9971516132354736,,,,,False,False
h4_chr3_108979737_108983832,11,1664,1720,1664,1720,56,0.9968117475509644,,,,,False,False
h4_chr3_108979737_108983832,12,2317,2369,2317,2369,52,0.9966666102409363,,,,,False,False
h4_chr3_108979737_108983832,13,2031,2267,2031,2267,236,0.9965633749961853,,,,,False,False
h4_chr3_108979737_108983832,14,2260,2352,2260,2352,92,0.9943210482597351,,,,,False,False
h4_chr3_108979737_108983832,15,1709,1809,1709,1809,100,0.9938782453536987,,,,,False,False
h4_chr3_108979737_108983832,16,1853,1962,1853,1962,109,0.9936913847923279,,Initiator,,promoter,False,False
h4_chr3_108979737_108983832,17,1709,1843,1709,1843,134,0.9933205246925354,,Initiator,,promoter,False,False
h4_chr3_108979737_108983832,18,1853,2087,1853,2087,234,0.993019700050354,,,,,False,False
h4_chr3_108979737_108983832,19,1960,2031,1960,2031,71,0.992932140827179,Initiator,,promoter,,False,False
h4_chr3_108979737_108983832,20,1751,1831,1751,1831,80,0.9922788739204407,,,,,False,False
h4_chr3_108979737_108983832,21,2105,2224,2105,2224,119,0.9922187328338623,,Initiator,,promoter,False,False
h4_chr3_108979737_108983832,22,2169,2260,2169,2260,91,0.9920088648796082,,,,,False,False
h4_chr3_108979737_108983832,23,2031,2087,2031,2087,56,0.9918549656867981,,,,,False,False
h4_chr3_108979737_108983832,24,2317,2386,2317,2386,69,0.9911455512046814,,,,,False,False
h4_chr3_108979737_108983832,25,2269,2319,2269,2319,50,0.9911186099052429,,,,,False,False
h4_chr3_108979737_108983832,26,1843,1936,1843,1936,93,0.9909480214118958,Initiator,,promoter,,False,False
h4_chr3_108979737_108983832,27,661,753,661,753,92,0.9907122850418091,,GATA,,tfbs,False,False
h4_chr3_108979737_108983832,28,2131,2267,2131,2267,136,0.9904993176460266,,,,,False,False
h4_chr3_108979737_108983832,29,2317,2405,2317,2405,88,0.9897657036781311,,,,,False,False
h4_chr3_108979737_108983832,30,2031,2101,2031,2101,70,0.9896017909049988,,,,,False,False
h4_chr3_108979737_108983832,31,2169,2232,2169,2232,63,0.9878060817718506,,,,,False,False
h4_chr3_108979737_108983832,32,2131,2287,2131,2287,156,0.9877930283546448,,,,,False,False
h4_chr3_108979737_108983832,33,2260,2348,2260,2348,88,0.9876477122306824,,Initiator,,promoter,False,False
h4_chr3_108979737_108983832,34,1707,1792,1707,1792,85,0.9874134659767151,,,,,False,False
h4_chr3_108979737_108983832,35,1853,1923,1853,1923,70,0.9873109459877014,,,,,False,False
h4_chr3_108979737_108983832,36,800,911,800,911,111,0.9870140552520752,Initiator,,promoter,,False,False
h4_chr3_108979737_108983832,37,2105,2169,2105,2169,64,0.9866911172866821,,,,,False,False
h4_chr3_108979737_108983832,38,2319,2407,2319,2407,88,0.9864431619644165,,,,,False,False
h4_chr3_108979737_108983832,39,3225,3296,3225,3296,71,0.9862169623374939,,,,,False,False
h4_chr3_108979737_108983832,40,1182,1244,1182,1244,62,0.9859570264816284,,,,,False,False
h4_chr3_108979737_108983832,41,3226,3295,3226,3295,69,0.9854394197463989,,,,,False,False
h4_chr3_108979737_108983832,42,3225,3293,3225,3293,68,0.9852103590965271,,,,,False,False
h4_chr3_108979737_108983832,43,1556,1649,1556,1649,93,0.9852038621902466,,,,,False,False
h4_chr3_108979737_108983832,44,2200,2267,2200,2267,67,0.9851522445678711,,,,,False,False
h4_chr3_108979737_108983832,45,3226,3294,3226,3294,68,0.985080897808075,,,,,False,False
h4_chr3_108979737_108983832,46,3225,3294,3225,3294,69,0.9849453568458557,,,,,False,False
h4_chr3_108979737_108983832,47,1557,1647,1557,1647,90,0.9846954345703125,,,,,False,False
h4_chr3_108979737_108983832,48,2224,2332,2224,2332,108,0.9846813678741455,Initiator,,promoter,,False,False
h4_chr3_108979737_108983832,49,3226,3296,3226,3296,70,0.9844346046447754,,,,,False,False
h4_chr3_108979737_108983832,50,1936,2107,1936,2107,171,0.9841880202293396,,,,,False,False
h4_chr3_108979737_108983832,51,3226,3292,3226,3292,66,0.9841400980949402,,,,,False,False
h4_chr3_108979737_108983832,52,3226,3297,3226,3297,71,0.9840477705001831,,,,,False,False
h4_chr3_108979737_108983832,53,3226,3293,3226,3293,67,0.9840055108070374,,,,,False,False
h4_chr3_108979737_108983832,54,2224,2321,2224,2321,97,0.9835876822471619,Initiator,,promoter,,False,False
h4_chr3_108979737_108983832,55,586,644,586,644,58,0.9832653999328613,,,,,False,False
h4_chr3_108979737_108983832,56,626,913,626,913,287,0.9831026196479797,,,,,False,False
h4_chr3_108979737_108983832,57,1809,1936,1809,1936,127,0.9830156564712524,,,,,False,False
h4_chr3_108979737_108983832,58,1118,1212,1118,1212,94,0.9827489852905273,,,,,False,False
h4_chr3_108979737_108983832,59,1173,1244,1173,1244,71,0.9827176332473755,,,,,False,False
h4_chr3_108979737_108983832,60,1477,1530,1477,1530,53,0.982521116733551,,,,,False,False
h4_chr3_108979737_108983832,61,2031,2122,2031,2122,91,0.982477605342865,,,,,False,False
h4_chr3_108979737_108983832,62,1664,1843,1664,1843,179,0.9824625253677368,,Initiator,,promoter,False,False
h4_chr3_108979737_108983832,63,1853,1945,1853,1945,92,0.9824462532997131,,Initiator,,promoter,False,False
h4_chr3_108979737_108983832,64,538,606,538,606,68,0.9824395179748535,Initiator,,promoter,,False,False
h4_chr3_108979737_108983832,65,2031,2287,2031,2287,256,0.9823933839797974,,,,,False,False
h4_chr3_108979737_108983832,66,954,1026,954,1026,72,0.9823558926582336,,Initiator,,promoter,False,False
h4_chr3_108979737_108983832,67,498,626,498,626,128,0.9822583794593811,,,,,False,False
h4_chr3_108979737_108983832,68,1471,1530,1471,1530,59,0.9821879863739014,,,,,False,False
h4_chr3_108979737_108983832,69,1221,1292,1221,1292,71,0.9821010828018188,,,,,False,False
h4_chr3_108979737_108983832,70,3225,3295,3225,3295,70,0.9820820093154907,,,,,False,False
h4_chr3_108979737_108983832,71,1125,1212,1125,1212,87,0.9820153117179871,,,,,False,False
h4_chr3_108979737_108983832,72,3222,3295,3222,3295,73,0.9819566607475281,,,,,False,False
h4_chr3_108979737_108983832,73,1962,2049,1962,2049,87,0.9818366765975952,Initiator,,promoter,,False,False
h4_chr3_108979737_108983832,74,2317,2478,2317,2478,161,0.9818218946456909,,Initiator,,promoter,False,False
h4_chr3_108979737_108983832,75,2224,2300,2224,2300,76,0.9818153381347656,Initiator,,promoter,,False,False
h4_chr3_108979737_108983832,76,2224,2313,2224,2313,89,0.9817179441452026,Initiator,,promoter,,False,False
h4_chr3_108979737_108983832,77,1966,2031,1966,2031,65,0.9816734194755554,,,,,False,False
h4_chr3_108979737_108983832,78,626,709,626,709,83,0.9816455245018005,,,,,False,False
h4_chr3_108979737_108983832,79,2260,2317,2260,2317,57,0.9816168546676636,,,,,False,False
h4_chr3_108979737_108983832,80,3225,3292,3225,3292,67,0.981606662273407,,,,,False,False
h4_chr3_108979737_108983832,81,2352,2417,2352,2417,65,0.9815605878829956,,,,,False,False
h4_chr3_108979737_108983832,82,2317,2401,2317,2401,84,0.9815393686294556,,,,,False,False
h4_chr3_108979737_108983832,83,3605,3735,3605,3735,130,0.9813665747642517,,,,,False,False
h4_chr3_108979737_108983832,84,769,855,769,855,86,0.9812715649604797,,Initiator,,promoter,False,False
h4_chr3_108979737_108983832,85,2198,2319,2198,2319,121,0.9811914563179016,,,,,False,False
h4_chr3_108979737_108983832,86,3219,3291,3219,3291,72,0.9811902642250061,,,,,False,False
h4_chr3_108979737_108983832,87,692,793,692,793,101,0.981166660785675,,,,,False,False
h4_chr3_108979737_108983832,88,800,932,800,932,132,0.9811362624168396,Initiator,Initiator;RUNX,promoter,promoter;tfbs,True,True
h4_chr3_108979737_108983832,89,3223,3296,3223,3296,73,0.9811281561851501,,,,,False,False
h4_chr3_108979737_108983832,90,1709,1838,1709,1838,129,0.9810495972633362,,,,,False,False
h4_chr3_108979737_108983832,91,3222,3297,3222,3297,75,0.9809744954109192,,,,,False,False
h4_chr3_108979737_108983832,92,1831,1936,1831,1936,105,0.9809376001358032,,,,,False,False
h4_chr3_108979737_108983832,93,1664,1809,1664,1809,145,0.9807961583137512,,,,,False,False
h4_chr3_108979737_108983832,94,3225,3297,3225,3297,72,0.9807432293891907,,,,,False,False
h4_chr3_108979737_108983832,95,2232,2352,2232,2352,120,0.9807326197624207,,,,,False,False
h4_chr3_108979737_108983832,96,1556,1647,1556,1647,91,0.9807175397872925,,,,,False,False
h4_chr3_108979737_108983832,97,1648,1771,1648,1771,123,0.9806939363479614,,,,,False,False
h4_chr3_108979737_108983832,98,814,908,814,908,94,0.9806336760520935,,,,,False,False
h4_chr3_108979737_108983832,99,3224,3296,3224,3296,72,0.9806021451950073,,,,,False,False
h4_chr3_108979737_108983832,100,3222,3294,3222,3294,72,0.9805974960327148,,,,,False,False
h4_chr3_108979737_108983832,101,443,529,443,529,86,0.980467677116394,,,,,False,False
h4_chr3_108979737_108983832,102,476,529,476,529,53,0.9804676175117493,,,,,False,False
h4_chr3_108979737_108983832,103,3223,3294,3223,3294,71,0.9804209470748901,,,,,False,False
h4_chr3_108979737_108983832,104,1475,1530,1475,1530,55,0.9802168011665344,,,,,False,False
h4_chr3_108979737_108983832,105,3222,3296,3222,3296,74,0.9800499081611633,,,,,False,False
h4_chr3_108979737_108983832,106,1650,1771,1650,1771,121,0.980027973651886,,,,,False,False
h4_chr3_108979737_108983832,107,1480,1534,1480,1534,54,0.9800217151641846,,,,,False,False
h4_chr3_108979737_108983832,108,2224,2369,2224,2369,145,0.9799854755401611,Initiator,,promoter,,False,False
h4_chr3_108979737_108983832,109,654,783,654,783,129,0.979809582233429,Initiator,,promoter,,False,False
h4_chr3_108979737_108983832,110,692,812,692,812,120,0.9798057079315186,,,,,False,False
h4_chr3_108979737_108983832,111,904,973,904,973,69,0.9797869324684143,,,,,False,False
h4_chr3_108979737_108983832,112,3224,3295,3224,3295,71,0.9796563982963562,,,,,False,False
h4_chr3_108979737_108983832,113,3224,3293,3224,3293,69,0.9796326756477356,,,,,False,False
h4_chr3_108979737_108983832,114,3742,3808,3742,3808,66,0.9796220660209656,Initiator,,promoter,,False,False
h4_chr3_108979737_108983832,115,3224,3297,3224,3297,73,0.9795839190483093,,,,,False,False
h4_chr3_108979737_108983832,116,3223,3293,3223,3293,70,0.9795036911964417,,,,,False,False
h4_chr3_108979737_108983832,117,3224,3294,3224,3294,70,0.9794595837593079,,,,,False,False
h4_chr3_108979737_108983832,118,1556,1650,1556,1650,94,0.9794005751609802,,,,,False,False
h4_chr3_108979737_108983832,119,508,666,508,666,158,0.979378879070282,,,,,False,False
h4_chr3_108979737_108983832,120,3605,3699,3605,3699,94,0.9793035387992859,,,,,False,False
h4_chr3_108979737_108983832,121,2348,2417,2348,2417,69,0.9790744781494141,Initiator,,promoter,,False,False
h4_chr3_108979737_108983832,122,2232,2348,2232,2348,116,0.9790045619010925,,Initiator,,promoter,False,False
h4_chr3_108979737_108983832,123,1477,1531,1477,1531,54,0.9789983034133911,,,,,False,False
h4_chr3_108979737_108983832,124,518,719,518,719,201,0.9789945483207703,,,,,False,False
h4_chr3_108979737_108983832,125,3222,3292,3222,3292,70,0.9789735674858093,,,,,False,False
h4_chr3_108979737_108983832,126,442,529,442,529,87,0.9789487719535828,,,,,False,False
h4_chr3_108979737_108983832,127,1118,1168,1118,1168,50,0.9788733124732971,,,,,False,False
h4_chr3_108979737_108983832,128,1709,1831,1709,1831,122,0.9788104295730591,,,,,False,False
h4_chr3_108979737_108983832,129,3223,3295,3223,3295,72,0.9787794947624207,,,,,False,False
h4_chr3_108979737_108983832,130,409,476,409,476,67,0.9786158204078674,,,,,False,False
h4_chr3_108979737_108983832,131,692,742,692,742,50,0.9785712957382202,,,,,False,False
h4_chr3_108979737_108983832,132,3172,3243,3172,3243,71,0.9784982204437256,,,,,False,False
h4_chr3_108979737_108983832,133,953,1026,953,1026,73,0.9784976840019226,,Initiator,,promoter,False,False
h4_chr3_108979737_108983832,134,1168,1267,1168,1267,99,0.9784629940986633,,,,,False,False
h4_chr3_108979737_108983832,135,1476,1530,1476,1530,54,0.9784563183784485,,,,,False,False
h4_chr3_108979737_108983832,136,3224,3292,3224,3292,68,0.9784488081932068,,,,,False,False
h4_chr3_108979737_108983832,137,968,1021,968,1021,53,0.9784280061721802,,Initiator,,promoter,False,False
h4_chr3_108979737_108983832,138,1556,1648,1556,1648,92,0.9782823920249939,,,,,False,False
h4_chr3_108979737_108983832,139,789,904,789,904,115,0.9781621694564819,,,,,False,False
h4_chr3_108979737_108983832,140,1473,1530,1473,1530,57,0.9781312942504883,,,,,False,False
h4_chr3_108979737_108983832,141,476,612,476,612,136,0.9780745506286621,,,,,False,False
h4_chr3_108979737_108983832,142,536,800,536,800,264,0.9780556559562683,Initiator,Initiator,promoter,promoter,True,True
h4_chr3_108979737_108983832,143,1475,1556,1475,1556,81,0.9780462980270386,,,,,False,False
h4_chr3_108979737_108983832,144,3222,3293,3222,3293,71,0.9780121445655823,,,,,False,False
h4_chr3_108979737_108983832,145,1664,1792,1664,1792,128,0.9777219295501709,,,,,False,False
h4_chr3_108979737_108983832,146,464,529,464,529,65,0.9777154922485352,,,,,False,False
h4_chr3_108979737_108983832,147,3187,3243,3187,3243,56,0.9776120781898499,,,,,False,False
h4_chr3_108979737_108983832,148,2200,2287,2200,2287,87,0.9775449633598328,,,,,False,False
h4_chr3_108979737_108983832,149,1477,1557,1477,1557,80,0.9774919152259827,,,,,False,False
h4_chr3_108979737_108983832,150,1557,1614,1557,1614,57,0.9773886799812317,,,,,False,False
h4_chr3_108979737_108983832,151,1472,1530,1472,1530,58,0.9772934913635254,,,,,False,False
h4_chr3_108979737_108983832,152,3838,4037,3838,4037,199,0.9772642254829407,,,,,False,False
h4_chr3_108979737_108983832,153,1534,1590,1534,1590,56,0.9772527813911438,,,,,False,False
h4_chr3_108979737_108983832,154,2319,2405,2319,2405,86,0.9770817160606384,,,,,False,False
h4_chr3_108979737_108983832,155,1578,1664,1578,1664,86,0.9770517945289612,Initiator,,promoter,,False,False
h4_chr3_108979737_108983832,156,1555,1613,1555,1613,58,0.9770281910896301,,,,,False,False
h4_chr3_108979737_108983832,157,2239,2317,2239,2317,78,0.9769628047943115,,,,,False,False
h4_chr3_108979737_108983832,158,952,1026,952,1026,74,0.9769255518913269,,Initiator,,promoter,False,False
h4_chr3_108979737_108983832,159,518,717,518,717,199,0.9769012331962585,,,,,False,False
h4_chr3_108979737_108983832,160,2049,2101,2049,2101,52,0.9768244624137878,,,,,False,False
h4_chr3_108979737_108983832,161,2200,2319,2200,2319,119,0.9767763018608093,,,,,False,False
h4_chr3_108979737_108983832,162,744,795,744,795,51,0.9767727851867676,,,,,False,False
h4_chr3_108979737_108983832,163,1212,1267,1212,1267,55,0.9767423868179321,,,,,False,False
h4_chr3_108979737_108983832,164,1557,1651,1557,1651,94,0.9767076969146729,,,,,False,False
h4_chr3_108979737_108983832,165,1474,1530,1474,1530,56,0.9766895771026611,,,,,False,False
h4_chr3_108979737_108983832,166,1639,1776,1639,1776,137,0.9766330122947693,,,,,False,False
h4_chr3_108979737_108983832,167,563,639,563,639,76,0.9764642119407654,,,,,False,False
h4_chr3_108979737_108983832,168,476,614,476,614,138,0.976413905620575,,,,,False,False
h4_chr3_108979737_108983832,169,1474,1556,1474,1556,82,0.9763959646224976,,,,,False,False
h4_chr3_108979737_108983832,170,711,906,711,906,195,0.9762275815010071,,,,,False,False
h4_chr3_108979737_108983832,171,1473,1556,1473,1556,83,0.9761644601821899,,,,,False,False
h4_chr3_108979737_108983832,172,402,476,402,476,74,0.9761164784431458,,,,,False,False
h4_chr3_108979737_108983832,173,2267,2407,2267,2407,140,0.9761113524436951,,,,,False,False
h4_chr3_108979737_108983832,174,1476,1556,1476,1556,80,0.9761098027229309,,,,,False,False
h4_chr3_108979737_108983832,175,510,572,510,572,62,0.976108193397522,,,,,False,False
h4_chr3_108979737_108983832,176,742,793,742,793,51,0.9760506749153137,,,,,False,False
h4_chr3_108979737_108983832,177,978,1031,978,1031,53,0.9759555459022522,,,,,False,False
h4_chr3_108979737_108983832,178,3223,3297,3223,3297,74,0.9757936000823975,,,,,False,False
h4_chr3_108979737_108983832,179,623,687,623,687,64,0.9756940603256226,,GATA,,tfbs,False,False
h4_chr3_108979737_108983832,180,1664,1745,1664,1745,81,0.97530597448349,,,,,False,False
h4_chr3_108979737_108983832,181,570,742,570,742,172,0.9752603769302368,,,,,False,False
h4_chr3_108979737_108983832,182,1649,1771,1649,1771,122,0.9752517342567444,,,,,False,False
h4_chr3_108979737_108983832,183,557,625,557,625,68,0.9752256274223328,,,,,False,False
h4_chr3_108979737_108983832,184,3223,3292,3223,3292,69,0.9752164483070374,,,,,False,False
h4_chr3_108979737_108983832,185,1472,1556,1472,1556,84,0.9751796126365662,,,,,False,False
h4_chr3_108979737_108983832,186,2140,2224,2140,2224,84,0.9751616716384888,,Initiator,,promoter,False,False
h4_chr3_108979737_108983832,187,2239,2319,2239,2319,80,0.9751255512237549,,,,,False,False
h4_chr3_108979737_108983832,188,2317,2407,2317,2407,90,0.9750754833221436,,,,,False,False
h4_chr3_108979737_108983832,189,951,1026,951,1026,75,0.9750642776489258,,Initiator,,promoter,False,False
h4_chr3_108979737_108983832,190,3726,3790,3726,3790,64,0.975061297416687,,,,,False,False
h4_chr3_108979737_108983832,191,491,564,491,564,73,0.97496497631073,,,,,False,False
h4_chr3_108979737_108983832,192,606,711,606,711,105,0.9749011993408203,,,,,False,False
h4_chr3_108979737_108983832,193,2409,2520,2409,2520,111,0.9748995900154114,,,,,False,False
h4_chr3_108979737_108983832,194,3223,3318,3223,3318,95,0.9748534560203552,,,,,False,False
h4_chr3_108979737_108983832,195,286,336,286,336,50,0.974740743637085,,,,,False,False
h4_chr3_108979737_108983832,196,872,938,872,938,66,0.9747014045715332,Initiator,,promoter,,False,False
h4_chr3_108979737_108983832,197,2337,2420,2337,2420,83,0.9746876955032349,,,,,False,False
h4_chr3_108979737_108983832,198,570,692,570,692,122,0.9746483564376831,,,,,False,False
h4_chr3_108979737_108983832,199,127,200,127,200,73,0.9746461510658264,,,,,False,False
h4_chr3_108979737_108983832,200,2165,2224,2165,2224,59,0.9745980501174927,,Initiator,,promoter,False,False
h4_chr3_127665795_127669890,1,28,279,28,279,251,0.9741865396499634,E_box,,tfbs,,False,False
h4_chr3_127665795_127669890,2,31,276,31,276,245,0.9737043380737305,E_box,,tfbs,,False,False
h4_chr3_127665795_127669890,3,497,593,497,593,96,0.9688456058502197,,,,,False,False
h4_chr3_127665795_127669890,4,55,160,55,160,105,0.9682504534721375,,,,,False,False
h4_chr3_127665795_127669890,5,28,268,28,268,240,0.9682230353355408,E_box,,tfbs,,False,False
h4_chr3_127665795_127669890,6,18,161,18,161,143,0.9677098989486694,,,,,False,False
h4_chr3_127665795_127669890,7,31,282,31,282,251,0.9664790034294128,E_box,,tfbs,,False,False
h4_chr3_127665795_127669890,8,30,283,30,283,253,0.9653940200805664,E_box,,tfbs,,False,False
h4_chr3_127665795_127669890,9,28,275,28,275,247,0.964966356754303,E_box,,tfbs,,False,False
h4_chr3_127665795_127669890,10,3917,4022,3917,4022,105,0.9642544984817505,BREu,,promoter,,False,False
h4_chr3_127665795_127669890,11,29,161,29,161,132,0.9620262384414673,E_box,,tfbs,,False,False
h4_chr3_127665795_127669890,12,161,276,161,276,115,0.9618909358978271,,,,,False,False
h4_chr3_127665795_127669890,13,763,903,763,903,140,0.9611576795578003,,,,,False,False
h4_chr3_127665795_127669890,14,16,276,16,276,260,0.9600597023963928,,,,,False,False
h4_chr3_127665795_127669890,15,675,763,675,763,88,0.9596943259239197,,,,,False,False
h4_chr3_127665795_127669890,16,348,466,348,466,118,0.9596297740936279,,,,,False,False
h4_chr3_127665795_127669890,17,20,282,20,282,262,0.9594913721084595,,,,,False,False
h4_chr3_127665795_127669890,18,959,1026,959,1026,67,0.9587923884391785,,Initiator,,promoter,False,False
h4_chr3_127665795_127669890,19,483,594,483,594,111,0.9577425718307495,,,,,False,False
h4_chr3_127665795_127669890,20,20,258,20,258,238,0.9576088190078735,,,,,False,False
h4_chr3_127665795_127669890,21,1036,1141,1036,1141,105,0.9572080373764038,,,,,False,False
h4_chr3_127665795_127669890,22,31,159,31,159,128,0.9566695094108582,E_box,,tfbs,,False,False
h4_chr3_127665795_127669890,23,354,489,354,489,135,0.9564247727394104,,,,,False,False
h4_chr3_127665795_127669890,24,361,414,361,414,53,0.9564178586006165,,Initiator,,promoter,False,False
h4_chr3_127665795_127669890,25,150,212,150,212,62,0.956325352191925,Initiator,Initiator,promoter,promoter,True,True
h4_chr3_127665795_127669890,26,161,349,161,349,188,0.9561907649040222,,,,,False,False
h4_chr3_127665795_127669890,27,31,258,31,258,227,0.9560662508010864,E_box,,tfbs,,False,False
h4_chr3_127665795_127669890,28,28,160,28,160,132,0.9558905959129333,E_box,,tfbs,,False,False
h4_chr3_127665795_127669890,29,892,997,892,997,105,0.9554932117462158,,Initiator,,promoter,False,False
h4_chr3_127665795_127669890,30,375,466,375,466,91,0.9553669095039368,,,,,False,False
h4_chr3_127665795_127669890,31,160,296,160,296,136,0.9545814394950867,,,,,False,False
h4_chr3_127665795_127669890,32,55,268,55,268,213,0.9544568061828613,,,,,False,False
h4_chr3_127665795_127669890,33,54,161,54,161,107,0.9544236063957214,,,,,False,False
h4_chr3_127665795_127669890,34,20,284,20,284,264,0.953680157661438,,,,,False,False
h4_chr3_127665795_127669890,35,760,816,760,816,56,0.9534375071525574,,,,,False,False
h4_chr3_127665795_127669890,36,498,563,498,563,65,0.9533767700195312,,,,,False,False
h4_chr3_127665795_127669890,37,18,159,18,159,141,0.953119158744812,,,,,False,False
h4_chr3_127665795_127669890,38,373,495,373,495,122,0.9530936479568481,Initiator,,promoter,,False,False
h4_chr3_127665795_127669890,39,16,159,16,159,143,0.9527029991149902,,,,,False,False
h4_chr3_127665795_127669890,40,296,348,296,348,52,0.9526433348655701,,,,,False,False
h4_chr3_127665795_127669890,41,517,599,517,599,82,0.9524633884429932,,,,,False,False
h4_chr3_127665795_127669890,42,1024,1115,1024,1115,91,0.9521743655204773,Initiator,,promoter,,False,False
h4_chr3_127665795_127669890,43,3893,4022,3893,4022,129,0.9521715044975281,,,,,False,False
h4_chr3_127665795_127669890,44,295,361,295,361,66,0.9519073367118835,,,,,False,False
h4_chr3_127665795_127669890,45,56,167,56,167,111,0.9517237544059753,,,,,False,False
h4_chr3_127665795_127669890,46,296,634,296,634,338,0.9516873359680176,,,,,False,False
h4_chr3_127665795_127669890,47,55,348,55,348,293,0.9516785740852356,,,,,False,False
h4_chr3_127665795_127669890,48,352,468,352,468,116,0.9516522884368896,,,,,False,False
h4_chr3_127665795_127669890,49,55,375,55,375,320,0.9514798521995544,,,,,False,False
h4_chr3_127665795_127669890,50,554,655,554,655,101,0.9514580368995667,,,,,False,False
h4_chr3_127665795_127669890,51,3937,3997,3937,3997,60,0.9513928890228271,,,,,False,False
h4_chr3_127665795_127669890,52,360,470,360,470,110,0.9513171911239624,,,,,False,False
h4_chr3_127665795_127669890,53,166,470,166,470,304,0.9512373805046082,,,,,False,False
h4_chr3_127665795_127669890,54,297,483,297,483,186,0.9512335062026978,,,,,False,False
h4_chr3_127665795_127669890,55,466,634,466,634,168,0.9510592818260193,,,,,False,False
h4_chr3_127665795_127669890,56,348,497,348,497,149,0.951030433177948,,,,,False,False
h4_chr3_127665795_127669890,57,483,563,483,563,80,0.9509267807006836,,,,,False,False
h4_chr3_127665795_127669890,58,296,360,296,360,64,0.9508638978004456,,,,,False,False
h4_chr3_127665795_127669890,59,159,276,159,276,117,0.9508347511291504,,,,,False,False
h4_chr3_127665795_127669890,60,1128,1207,1128,1207,79,0.9507083892822266,,,,,False,False
h4_chr3_127665795_127669890,61,54,159,54,159,105,0.9504151344299316,,,,,False,False
h4_chr3_127665795_127669890,62,3788,3997,3788,3997,209,0.9500892162322998,,,,,False,False
h4_chr3_127665795_127669890,63,160,257,160,257,97,0.9498038291931152,,,,,False,False
h4_chr3_127665795_127669890,64,361,483,361,483,122,0.949654221534729,,,,,False,False
h4_chr3_127665795_127669890,65,19,268,19,268,249,0.9493728280067444,,,,,False,False
h4_chr3_127665795_127669890,66,762,902,762,902,140,0.9493656754493713,,,,,False,False
h4_chr3_127665795_127669890,67,160,466,160,466,306,0.9492447972297668,,,,,False,False
h4_chr3_127665795_127669890,68,352,491,352,491,139,0.9491772651672363,,,,,False,False
h4_chr3_127665795_127669890,69,557,621,557,621,64,0.949148952960968,,Initiator,,promoter,False,False
h4_chr3_127665795_127669890,70,17,283,17,283,266,0.9491023421287537,,,,,False,False
h4_chr3_127665795_127669890,71,1088,1187,1088,1187,99,0.9490765333175659,,,,,False,False
h4_chr3_127665795_127669890,72,1088,1141,1088,1141,53,0.949073076248169,,,,,False,False
h4_chr3_127665795_127669890,73,296,375,296,375,79,0.9489824175834656,,,,,False,False
h4_chr3_127665795_127669890,74,297,414,297,414,117,0.9489119052886963,,Initiator,,promoter,False,False
h4_chr3_127665795_127669890,75,122,177,122,177,55,0.9488615989685059,,,,,False,False
h4_chr3_127665795_127669890,76,1036,1088,1036,1088,52,0.9487217664718628,,,,,False,False
h4_chr3_127665795_127669890,77,31,284,31,284,253,0.9487168788909912,E_box,,tfbs,,False,False
h4_chr3_127665795_127669890,78,483,589,483,589,106,0.9486207365989685,,,,,False,False
h4_chr3_127665795_127669890,79,3878,4024,3878,4024,146,0.9486142992973328,,,,,False,False
h4_chr3_127665795_127669890,80,19,279,19,279,260,0.9486022591590881,,,,,False,False
h4_chr3_127665795_127669890,81,166,348,166,348,182,0.948505699634552,,,,,False,False
h4_chr3_127665795_127669890,82,27,161,27,161,134,0.9484578967094421,E_box,,tfbs,,False,False
h4_chr3_127665795_127669890,83,1144,1207,1144,1207,63,0.9484390020370483,,,,,False,False
h4_chr3_127665795_127669890,84,692,762,692,762,70,0.9481884837150574,,,,,False,False
h4_chr3_127665795_127669890,85,497,634,497,634,137,0.9480870962142944,,,,,False,False
h4_chr3_127665795_127669890,86,30,257,30,257,227,0.9480781555175781,E_box,,tfbs,,False,False
h4_chr3_127665795_127669890,87,25,161,25,161,136,0.9480389952659607,,,,,False,False
h4_chr3_127665795_127669890,88,493,640,493,640,147,0.9480159282684326,,,,,False,False
h4_chr3_127665795_127669890,89,827,902,827,902,75,0.9479067921638489,,,,,False,False
h4_chr3_127665795_127669890,90,161,282,161,282,121,0.94773930311203,,,,,False,False
h4_chr3_127665795_127669890,91,166,266,166,266,100,0.9475149512290955,,,,,False,False
h4_chr3_127665795_127669890,92,400,506,400,506,106,0.9473505616188049,,,,,False,False
h4_chr3_127665795_127669890,93,25,159,25,159,134,0.9469322562217712,,,,,False,False
h4_chr3_127665795_127669890,94,1036,1090,1036,1090,54,0.9469190835952759,,,,,False,False
h4_chr3_127665795_127669890,95,3916,3997,3916,3997,81,0.9466755390167236,BREu,,promoter,,False,False
h4_chr3_127665795_127669890,96,221,418,221,418,197,0.9466462135314941,Initiator;YY1,Initiator,promoter;tfbs,promoter,True,True
h4_chr3_127665795_127669890,97,375,497,375,497,122,0.9465383291244507,,,,,False,False
h4_chr3_127665795_127669890,98,55,180,55,180,125,0.9461655020713806,,,,,False,False
h4_chr3_127665795_127669890,99,309,395,309,395,86,0.945672869682312,,Initiator,,promoter,False,False
h4_chr3_127665795_127669890,100,16,282,16,282,266,0.9455445408821106,,,,,False,False
h4_chr3_127665795_127669890,101,675,903,675,903,228,0.9453157186508179,,,,,False,False
h4_chr3_127665795_127669890,102,55,634,55,634,579,0.9452067613601685,,,,,False,False
h4_chr3_127665795_127669890,103,26,275,26,275,249,0.9450804591178894,,,,,False,False
h4_chr3_127665795_127669890,104,1090,1141,1090,1141,51,0.9450779557228088,,,,,False,False
h4_chr3_127665795_127669890,105,348,484,348,484,136,0.9449634552001953,,,,,False,False
h4_chr3_127665795_127669890,106,296,470,296,470,174,0.9445576667785645,,,,,False,False
h4_chr3_127665795_127669890,107,27,159,27,159,132,0.9445524215698242,E_box,,tfbs,,False,False
h4_chr3_127665795_127669890,108,493,644,493,644,151,0.9444864392280579,,Initiator,,promoter,False,False
h4_chr3_127665795_127669890,109,414,498,414,498,84,0.944243848323822,Initiator,,promoter,,False,False
h4_chr3_127665795_127669890,110,959,1024,959,1024,65,0.9441956281661987,,Initiator,,promoter,False,False
h4_chr3_127665795_127669890,111,36,348,36,348,312,0.9441866278648376,,,,,False,False
h4_chr3_127665795_127669890,112,31,161,31,161,130,0.9441121816635132,E_box,,tfbs,,False,False
h4_chr3_127665795_127669890,113,27,280,27,280,253,0.9440870881080627,E_box,,tfbs,,False,False
h4_chr3_127665795_127669890,114,203,388,203,388,185,0.9438565373420715,,Initiator,,promoter,False,False
h4_chr3_127665795_127669890,115,350,466,350,466,116,0.9436933994293213,,,,,False,False
h4_chr3_127665795_127669890,116,25,280,25,280,255,0.943602979183197,,,,,False,False
h4_chr3_127665795_127669890,117,347,469,347,469,122,0.9434841275215149,,,,,False,False
h4_chr3_127665795_127669890,118,29,159,29,159,130,0.9434784054756165,E_box,,tfbs,,False,False
h4_chr3_127665795_127669890,119,674,762,674,762,88,0.9432775378227234,,,,,False,False
h4_chr3_127665795_127669890,120,30,259,30,259,229,0.9432282447814941,E_box,,tfbs,,False,False
h4_chr3_127665795_127669890,121,334,418,334,418,84,0.9431819319725037,,Initiator,,promoter,False,False
h4_chr3_127665795_127669890,122,297,361,297,361,64,0.943030595779419,,,,,False,False
h4_chr3_127665795_127669890,123,528,634,528,634,106,0.9430236220359802,YY1,,tfbs,,False,False
h4_chr3_127665795_127669890,124,415,470,415,470,55,0.9429489970207214,Initiator,,promoter,,False,False
h4_chr3_127665795_127669890,125,19,160,19,160,141,0.9428473114967346,,,,,False,False
h4_chr3_127665795_127669890,126,203,426,203,426,223,0.9427210688591003,,,,,False,False
h4_chr3_127665795_127669890,127,1036,1177,1036,1177,141,0.9427106976509094,,,,,False,False
h4_chr3_127665795_127669890,128,414,594,414,594,180,0.9427075386047363,Initiator,,promoter,,False,False
h4_chr3_127665795_127669890,129,384,495,384,495,111,0.9425590634346008,,,,,False,False
h4_chr3_127665795_127669890,130,55,279,55,279,224,0.9424073100090027,,,,,False,False
h4_chr3_127665795_127669890,131,30,281,30,281,251,0.9422833323478699,E_box,,tfbs,,False,False
h4_chr3_127665795_127669890,132,557,616,557,616,59,0.942062258720398,,,,,False,False
h4_chr3_127665795_127669890,133,160,249,160,249,89,0.9417898654937744,,,,,False,False
h4_chr3_127665795_127669890,134,900,1036,900,1036,136,0.9416174292564392,,,,,False,False
h4_chr3_127665795_127669890,135,593,675,593,675,82,0.9416003227233887,,,,,False,False
h4_chr3_127665795_127669890,136,729,848,729,848,119,0.9414275288581848,,,,,False,False
h4_chr3_127665795_127669890,137,483,605,483,605,122,0.941369354724884,,,,,False,False
h4_chr3_127665795_127669890,138,28,162,28,162,134,0.941159188747406,E_box,,tfbs,,False,False
h4_chr3_127665795_127669890,139,352,495,352,495,143,0.9411466121673584,,,,,False,False
h4_chr3_127665795_127669890,140,761,901,761,901,140,0.9411052465438843,,,,,False,False
h4_chr3_127665795_127669890,141,295,376,295,376,81,0.941078782081604,,,,,False,False
h4_chr3_127665795_127669890,142,816,902,816,902,86,0.9409379959106445,,,,,False,False
h4_chr3_127665795_127669890,143,713,790,713,790,77,0.9409201145172119,E_box,,tfbs,,False,False
h4_chr3_127665795_127669890,144,3715,3781,3715,3781,66,0.9408872723579407,,,,,False,False
h4_chr3_127665795_127669890,145,159,282,159,282,123,0.940841019153595,,,,,False,False
h4_chr3_127665795_127669890,146,166,340,166,340,174,0.940756618976593,,,,,False,False
h4_chr3_127665795_127669890,147,172,354,172,354,182,0.9407209753990173,,,,,False,False
h4_chr3_127665795_127669890,148,497,713,497,713,216,0.9405566453933716,,E_box,,tfbs,False,False
h4_chr3_127665795_127669890,149,130,297,130,297,167,0.9404971599578857,,,,,False,False
h4_chr3_127665795_127669890,150,30,277,30,277,247,0.9403215050697327,E_box,,tfbs,,False,False
h4_chr3_127665795_127669890,151,3878,4067,3878,4067,189,0.9402170181274414,,Initiator,,promoter,False,False
h4_chr3_127665795_127669890,152,26,279,26,279,253,0.9402017593383789,,,,,False,False
h4_chr3_127665795_127669890,153,760,902,760,902,142,0.9401851892471313,,,,,False,False
h4_chr3_127665795_127669890,154,360,634,360,634,274,0.9399976134300232,,,,,False,False
h4_chr3_127665795_127669890,155,160,281,160,281,121,0.9399940371513367,,,,,False,False
h4_chr3_127665795_127669890,156,754,816,754,816,62,0.939955472946167,RUNX,,tfbs,,False,False
h4_chr3_127665795_127669890,157,3767,3838,3767,3838,71,0.9396762251853943,,,,,False,False
h4_chr3_127665795_127669890,158,218,415,218,415,197,0.9396435022354126,Initiator;YY1,Initiator,promoter;tfbs,promoter,True,True
h4_chr3_127665795_127669890,159,400,501,400,501,101,0.939633309841156,,,,,False,False
h4_chr3_127665795_127669890,160,668,816,668,816,148,0.9395061731338501,,,,,False,False
h4_chr3_127665795_127669890,161,166,530,166,530,364,0.9394367337226868,,YY1,,tfbs,False,False
h4_chr3_127665795_127669890,162,3792,3878,3792,3878,86,0.9394224882125854,,,,,False,False
h4_chr3_127665795_127669890,163,517,621,517,621,104,0.9391181468963623,,Initiator,,promoter,False,False
h4_chr3_127665795_127669890,164,468,554,468,554,86,0.9391019344329834,,,,,False,False
h4_chr3_127665795_127669890,165,16,97,16,97,81,0.9389746189117432,,,,,False,False
h4_chr3_127665795_127669890,166,180,466,180,466,286,0.9389520287513733,,,,,False,False
h4_chr3_127665795_127669890,167,415,530,415,530,115,0.9389297962188721,Initiator,YY1,promoter,tfbs,True,False
h4_chr3_127665795_127669890,168,408,466,408,466,58,0.9388953447341919,,,,,False,False
h4_chr3_127665795_127669890,169,711,848,711,848,137,0.9388567805290222,,,,,False,False
h4_chr3_127665795_127669890,170,380,495,380,495,115,0.9387357831001282,,,,,False,False
h4_chr3_127665795_127669890,171,426,596,426,596,170,0.9387354850769043,,,,,False,False
h4_chr3_127665795_127669890,172,1088,1177,1088,1177,89,0.938479483127594,,,,,False,False
h4_chr3_127665795_127669890,173,166,234,166,234,68,0.9384253025054932,,,,,False,False
h4_chr3_127665795_127669890,174,147,352,147,352,205,0.9382727742195129,Initiator,,promoter,,False,False
h4_chr3_127665795_127669890,175,3788,3916,3788,3916,128,0.9382727146148682,,BREu,,promoter,False,False
h4_chr3_127665795_127669890,176,1006,1092,1006,1092,86,0.9382419586181641,,,,,False,False
h4_chr3_127665795_127669890,177,667,824,667,824,157,0.93807452917099,,,,,False,False
h4_chr3_127665795_127669890,178,470,528,470,528,58,0.937985897064209,,YY1,,tfbs,False,False
h4_chr3_127665795_127669890,179,137,204,137,204,67,0.9379552602767944,Initiator,,promoter,,False,False
h4_chr3_127665795_127669890,180,762,816,762,816,54,0.9378929138183594,,,,,False,False
h4_chr3_127665795_127669890,181,55,470,55,470,415,0.9378784894943237,,,,,False,False
h4_chr3_127665795_127669890,182,1083,1191,1083,1191,108,0.9378527998924255,YY1,,tfbs,,False,False
h4_chr3_127665795_127669890,183,164,526,164,526,362,0.9376742839813232,,YY1,,tfbs,False,False
h4_chr3_127665795_127669890,184,282,349,282,349,67,0.937639057636261,,,,,False,False
h4_chr3_127665795_127669890,185,360,512,360,512,152,0.9375248551368713,,,,,False,False
h4_chr3_127665795_127669890,186,361,563,361,563,202,0.937512218952179,,,,,False,False
h4_chr3_127665795_127669890,187,138,203,138,203,65,0.9374606609344482,Initiator,,promoter,,False,False
h4_chr3_127665795_127669890,188,147,495,147,495,348,0.9373183846473694,Initiator,,promoter,,False,False
h4_chr3_127665795_127669890,189,348,415,348,415,67,0.9373008012771606,,Initiator,,promoter,False,False
h4_chr3_127665795_127669890,190,593,713,593,713,120,0.9372818470001221,,E_box,,tfbs,False,False
h4_chr3_127665795_127669890,191,593,667,593,667,74,0.93715900182724,,,,,False,False
h4_chr3_127665795_127669890,192,1026,1133,1026,1133,107,0.9370613694190979,Initiator,,promoter,,False,False
h4_chr3_127665795_127669890,193,470,564,470,564,94,0.9369263648986816,,,,,False,False
h4_chr3_127665795_127669890,194,517,664,517,664,147,0.9368936419487,,,,,False,False
h4_chr3_127665795_127669890,195,653,726,653,726,73,0.9368419647216797,,,,,False,False
h4_chr3_127665795_127669890,196,675,788,675,788,113,0.9367370009422302,,,,,False,False
h4_chr3_127665795_127669890,197,557,620,557,620,63,0.9366585612297058,,,,,False,False
h4_chr3_127665795_127669890,198,166,375,166,375,209,0.9366077184677124,,,,,False,False
h4_chr3_127665795_127669890,199,3913,3997,3913,3997,84,0.936606764793396,BREu,,promoter,,False,False
h4_chr3_127665795_127669890,200,56,297,56,297,241,0.93653804063797,,,,,False,False
h4_chr3_17001367_17005462,1,3543,3702,3543,3702,159,0.9986039400100708,Initiator,Initiator,promoter,promoter,True,True
h4_chr3_17001367_17005462,2,3295,3352,3295,3352,57,0.9942286610603333,,,,,False,False
h4_chr3_17001367_17005462,3,3767,3820,3767,3820,53,0.993280827999115,,,,,False,False
h4_chr3_17001367_17005462,4,3259,3317,3259,3317,58,0.992695689201355,,,,,False,False
h4_chr3_17001367_17005462,5,3500,3567,3500,3567,67,0.992667555809021,GATA;YY1,,tfbs,,False,False
h4_chr3_17001367_17005462,6,3858,3934,3858,3934,76,0.992560625076294,,,,,False,False
h4_chr3_17001367_17005462,7,3769,3822,3769,3822,53,0.9925175309181213,,,,,False,False
h4_chr3_17001367_17005462,8,3638,3693,3638,3693,55,0.992232620716095,Initiator,,promoter,,False,False
h4_chr3_17001367_17005462,9,3604,3659,3604,3659,55,0.9921445250511169,Initiator,Initiator,promoter,promoter,True,True
h4_chr3_17001367_17005462,10,3638,3730,3638,3730,92,0.9919420480728149,Initiator,,promoter,,False,False
h4_chr3_17001367_17005462,11,3750,3820,3750,3820,70,0.9917442202568054,,,,,False,False
h4_chr3_17001367_17005462,12,3622,3772,3622,3772,150,0.9916786551475525,,,,,False,False
h4_chr3_17001367_17005462,13,3620,3689,3620,3689,69,0.9915080666542053,Initiator,,promoter,,False,False
h4_chr3_17001367_17005462,14,3442,3500,3442,3500,58,0.9914186596870422,,GATA;YY1,,tfbs,False,False
h4_chr3_17001367_17005462,15,3301,3381,3301,3381,80,0.9913861155509949,,,,,False,False
h4_chr3_17001367_17005462,16,3891,3958,3891,3958,67,0.9913361072540283,,,,,False,False
h4_chr3_17001367_17005462,17,3352,3410,3352,3410,58,0.9912337064743042,,,,,False,False
h4_chr3_17001367_17005462,18,3711,3778,3711,3778,67,0.9912315607070923,,,,,False,False
h4_chr3_17001367_17005462,19,3586,3689,3586,3689,103,0.9912068247795105,,,,,False,False
h4_chr3_17001367_17005462,20,3587,3664,3587,3664,77,0.9911844730377197,,,,,False,False
h4_chr3_17001367_17005462,21,3651,3727,3651,3727,76,0.9911521077156067,Initiator,,promoter,,False,False
h4_chr3_17001367_17005462,22,3068,3120,3068,3120,52,0.9910866022109985,,,,,False,False
h4_chr3_17001367_17005462,23,3759,3822,3759,3822,63,0.9910169839859009,Initiator;YY1,,promoter;tfbs,,False,False
h4_chr3_17001367_17005462,24,3282,3337,3282,3337,55,0.990903913974762,,,,,False,False
h4_chr3_17001367_17005462,25,3651,3730,3651,3730,79,0.9904764294624329,Initiator,,promoter,,False,False
h4_chr3_17001367_17005462,26,3598,3715,3598,3715,117,0.9903045892715454,Initiator,,promoter,,False,False
h4_chr3_17001367_17005462,27,3337,3398,3337,3398,61,0.9901629686355591,,,,,False,False
h4_chr3_17001367_17005462,28,3604,3727,3604,3727,123,0.9900821447372437,Initiator,,promoter,,False,False
h4_chr3_17001367_17005462,29,3503,3598,3503,3598,95,0.9898541569709778,YY1,Initiator,tfbs,promoter,True,False
h4_chr3_17001367_17005462,30,3858,4019,3858,4019,161,0.9897928833961487,,,,,False,False
h4_chr3_17001367_17005462,31,3683,3733,3683,3733,50,0.9896665215492249,,,,,False,False
h4_chr3_17001367_17005462,32,3189,3252,3189,3252,63,0.989652156829834,Initiator,,promoter,,False,False
h4_chr3_17001367_17005462,33,3787,3858,3787,3858,71,0.9895067811012268,,,,,False,False
h4_chr3_17001367_17005462,34,3543,3663,3543,3663,120,0.989422082901001,Initiator,,promoter,,False,False
h4_chr3_17001367_17005462,35,3783,3834,3783,3834,51,0.9893998503684998,,,,,False,False
h4_chr3_17001367_17005462,36,3651,3759,3651,3759,108,0.9893711805343628,Initiator,Initiator;YY1,promoter,promoter;tfbs,True,True
h4_chr3_17001367_17005462,37,3486,3549,3486,3549,63,0.9893438220024109,Initiator,Initiator,promoter,promoter,True,True
h4_chr3_17001367_17005462,38,3486,3567,3486,3567,81,0.9893286228179932,Initiator,,promoter,,False,False
h4_chr3_17001367_17005462,39,3616,3715,3616,3715,99,0.9892159104347229,Initiator,,promoter,,False,False
h4_chr3_17001367_17005462,40,3516,3603,3516,3603,87,0.9891273975372314,,Initiator,,promoter,False,False
h4_chr3_17001367_17005462,41,3430,3638,3430,3638,208,0.9889091849327087,,Initiator,,promoter,False,False
h4_chr3_17001367_17005462,42,3307,3431,3307,3431,124,0.9888867139816284,,,,,False,False
h4_chr3_17001367_17005462,43,3613,3724,3613,3724,111,0.9886888861656189,,,,,False,False
h4_chr3_17001367_17005462,44,3647,3724,3647,3724,77,0.9886622428894043,,,,,False,False
h4_chr3_17001367_17005462,45,3442,3567,3442,3567,125,0.9886486530303955,,,,,False,False
h4_chr3_17001367_17005462,46,3622,3740,3622,3740,118,0.9886457920074463,,Initiator,,promoter,False,False
h4_chr3_17001367_17005462,47,3744,3827,3744,3827,83,0.988392174243927,Initiator,Initiator,promoter,promoter,True,True
h4_chr3_17001367_17005462,48,3901,3961,3901,3961,60,0.9883432984352112,,,,,False,False
h4_chr3_17001367_17005462,49,3598,3726,3598,3726,128,0.9883107542991638,Initiator,,promoter,,False,False
h4_chr3_17001367_17005462,50,3468,3540,3468,3540,72,0.9882684946060181,Initiator,Initiator,promoter,promoter,True,True
h4_chr3_17001367_17005462,51,3629,3724,3629,3724,95,0.9881182312965393,,,,,False,False
h4_chr3_17001367_17005462,52,3659,3759,3659,3759,100,0.9881171584129333,Initiator,Initiator;YY1,promoter,promoter;tfbs,True,True
h4_chr3_17001367_17005462,53,3308,3378,3308,3378,70,0.988111674785614,,,,,False,False
h4_chr3_17001367_17005462,54,3822,3984,3822,3984,162,0.9879840612411499,,Initiator,,promoter,False,False
h4_chr3_17001367_17005462,55,3739,3858,3739,3858,119,0.9879080057144165,,,,,False,False
h4_chr3_17001367_17005462,56,3964,4094,3964,4094,130,0.9878823161125183,,,,,False,False
h4_chr3_17001367_17005462,57,3651,3769,3651,3769,118,0.9878501296043396,Initiator,,promoter,,False,False
h4_chr3_17001367_17005462,58,3294,3398,3294,3398,104,0.9877938628196716,,,,,False,False
h4_chr3_17001367_17005462,59,3651,3822,3651,3822,171,0.9877536296844482,Initiator,,promoter,,False,False
h4_chr3_17001367_17005462,60,3715,3861,3715,3861,146,0.9877139925956726,,,,,False,False
h4_chr3_17001367_17005462,61,3659,3822,3659,3822,163,0.9877081513404846,Initiator,,promoter,,False,False
h4_chr3_17001367_17005462,62,3648,3724,3648,3724,76,0.9876849055290222,Initiator,,promoter,,False,False
h4_chr3_17001367_17005462,63,3979,4049,3979,4049,70,0.9875963926315308,,,,,False,False
h4_chr3_17001367_17005462,64,3440,3604,3440,3604,164,0.9875555634498596,,Initiator,,promoter,False,False
h4_chr3_17001367_17005462,65,3317,3389,3317,3389,72,0.9874972105026245,,,,,False,False
h4_chr3_17001367_17005462,66,3190,3252,3190,3252,62,0.987415611743927,Initiator,,promoter,,False,False
h4_chr3_17001367_17005462,67,3891,3952,3891,3952,61,0.9873930215835571,,,,,False,False
h4_chr3_17001367_17005462,68,3528,3659,3528,3659,131,0.987369954586029,,Initiator,,promoter,False,False
h4_chr3_17001367_17005462,69,3582,3638,3582,3638,56,0.9873029589653015,,Initiator,,promoter,False,False
h4_chr3_17001367_17005462,70,3244,3302,3244,3302,58,0.9872574210166931,,,,,False,False
h4_chr3_17001367_17005462,71,3604,3759,3604,3759,155,0.9872344136238098,Initiator,Initiator;YY1,promoter,promoter;tfbs,True,True
h4_chr3_17001367_17005462,72,3638,3759,3638,3759,121,0.9872049689292908,Initiator,Initiator;YY1,promoter,promoter;tfbs,True,True
h4_chr3_17001367_17005462,73,3277,3431,3277,3431,154,0.987144410610199,,,,,False,False
h4_chr3_17001367_17005462,74,3378,3438,3378,3438,60,0.9871090650558472,,,,,False,False
h4_chr3_17001367_17005462,75,3383,3439,3383,3439,56,0.9871068000793457,,,,,False,False
h4_chr3_17001367_17005462,76,3345,3434,3345,3434,89,0.9870873689651489,,,,,False,False
h4_chr3_17001367_17005462,77,3604,3693,3604,3693,89,0.9870529174804688,Initiator,,promoter,,False,False
h4_chr3_17001367_17005462,78,3361,3443,3361,3443,82,0.9870094656944275,,,,,False,False
h4_chr3_17001367_17005462,79,3604,3730,3604,3730,126,0.9869557023048401,Initiator,,promoter,,False,False
h4_chr3_17001367_17005462,80,3254,3357,3254,3357,103,0.9869365096092224,,,,,False,False
h4_chr3_17001367_17005462,81,3582,3651,3582,3651,69,0.9869338870048523,,Initiator,,promoter,False,False
h4_chr3_17001367_17005462,82,3257,3315,3257,3315,58,0.9868848919868469,,,,,False,False
h4_chr3_17001367_17005462,83,3430,3651,3430,3651,221,0.9868227243423462,,Initiator,,promoter,False,False
h4_chr3_17001367_17005462,84,3440,3651,3440,3651,211,0.986789345741272,,Initiator,,promoter,False,False
h4_chr3_17001367_17005462,85,3659,3769,3659,3769,110,0.9867847561836243,Initiator,,promoter,,False,False
h4_chr3_17001367_17005462,86,3452,3540,3452,3540,88,0.986780047416687,,Initiator,,promoter,False,False
h4_chr3_17001367_17005462,87,3659,3727,3659,3727,68,0.9867693185806274,Initiator,,promoter,,False,False
h4_chr3_17001367_17005462,88,3126,3277,3126,3277,151,0.9867256283760071,,,,,False,False
h4_chr3_17001367_17005462,89,3638,3727,3638,3727,89,0.9866675138473511,Initiator,,promoter,,False,False
h4_chr3_17001367_17005462,90,3307,3383,3307,3383,76,0.9866658449172974,,,,,False,False
h4_chr3_17001367_17005462,91,3430,3604,3430,3604,174,0.9866634607315063,,Initiator,,promoter,False,False
h4_chr3_17001367_17005462,92,3538,3731,3538,3731,193,0.9866386651992798,Initiator;TATA_box,,promoter,,False,False
h4_chr3_17001367_17005462,93,3453,3540,3453,3540,87,0.9864686727523804,,Initiator,,promoter,False,False
h4_chr3_17001367_17005462,94,3201,3265,3201,3265,64,0.9864413738250732,Initiator,,promoter,,False,False
h4_chr3_17001367_17005462,95,3216,3301,3216,3301,85,0.9864296913146973,,,,,False,False
h4_chr3_17001367_17005462,96,3492,3609,3492,3609,117,0.9864277243614197,,,,,False,False
h4_chr3_17001367_17005462,97,3440,3638,3440,3638,198,0.9863776564598083,,Initiator,,promoter,False,False
h4_chr3_17001367_17005462,98,3582,3659,3582,3659,77,0.9863357543945312,,Initiator,,promoter,False,False
h4_chr3_17001367_17005462,99,3383,3437,3383,3437,54,0.9862953424453735,,,,,False,False
h4_chr3_17001367_17005462,100,3427,3524,3427,3524,97,0.9862716794013977,Initiator,,promoter,,False,False
h4_chr3_17001367_17005462,101,3631,3726,3631,3726,95,0.9862545132637024,,,,,False,False
h4_chr3_17001367_17005462,102,3655,3891,3655,3891,236,0.9862278699874878,Initiator,,promoter,,False,False
h4_chr3_17001367_17005462,103,3900,3962,3900,3962,62,0.9861022233963013,,,,,False,False
h4_chr3_17001367_17005462,104,3439,3600,3439,3600,161,0.9860376119613647,,Initiator,,promoter,False,False
h4_chr3_17001367_17005462,105,3051,3119,3051,3119,68,0.9860156178474426,,,,,False,False
h4_chr3_17001367_17005462,106,3348,3529,3348,3529,181,0.985975444316864,,,,,False,False
h4_chr3_17001367_17005462,107,3184,3269,3184,3269,85,0.9859409332275391,Initiator,,promoter,,False,False
h4_chr3_17001367_17005462,108,3471,3648,3471,3648,177,0.9858846068382263,,Initiator,,promoter,False,False
h4_chr3_17001367_17005462,109,3706,3827,3706,3827,121,0.9858560562133789,,Initiator,,promoter,False,False
h4_chr3_17001367_17005462,110,3620,3784,3620,3784,164,0.9858188033103943,Initiator,,promoter,,False,False
h4_chr3_17001367_17005462,111,3604,3769,3604,3769,165,0.9858160018920898,Initiator,,promoter,,False,False
h4_chr3_17001367_17005462,112,3431,3529,3431,3529,98,0.9857802987098694,,,,,False,False
h4_chr3_17001367_17005462,113,3152,3259,3152,3259,107,0.9857495427131653,Initiator,,promoter,,False,False
h4_chr3_17001367_17005462,114,3657,3711,3657,3711,54,0.9857453107833862,Initiator,,promoter,,False,False
h4_chr3_17001367_17005462,115,3614,3724,3614,3724,110,0.98574298620224,Initiator,,promoter,,False,False
h4_chr3_17001367_17005462,116,3516,3639,3516,3639,123,0.9856799840927124,,Initiator,,promoter,False,False
h4_chr3_17001367_17005462,117,3265,3337,3265,3337,72,0.985640823841095,,,,,False,False
h4_chr3_17001367_17005462,118,3848,3912,3848,3912,64,0.9856218695640564,,,,,False,False
h4_chr3_17001367_17005462,119,3720,3845,3720,3845,125,0.9855870008468628,Initiator,,promoter,,False,False
h4_chr3_17001367_17005462,120,3910,4010,3910,4010,100,0.9855584502220154,,,,,False,False
h4_chr3_17001367_17005462,121,3712,3832,3712,3832,120,0.9855456352233887,,,,,False,False
h4_chr3_17001367_17005462,122,3529,3707,3529,3707,178,0.9855093359947205,,,,,False,False
h4_chr3_17001367_17005462,123,3730,3822,3730,3822,92,0.9854691028594971,,,,,False,False
h4_chr3_17001367_17005462,124,3536,3694,3536,3694,158,0.9854648113250732,Initiator;TATA_box,,promoter,,False,False
h4_chr3_17001367_17005462,125,3442,3549,3442,3549,107,0.9854477643966675,,Initiator,,promoter,False,False
h4_chr3_17001367_17005462,126,3900,3992,3900,3992,92,0.9854452013969421,,,,,False,False
h4_chr3_17001367_17005462,127,3702,3835,3702,3835,133,0.9854258894920349,Initiator,,promoter,,False,False
h4_chr3_17001367_17005462,128,200,259,200,259,59,0.985397458076477,,,,,False,False
h4_chr3_17001367_17005462,129,3456,3522,3456,3522,66,0.9853957295417786,,,,,False,False
h4_chr3_17001367_17005462,130,3594,3683,3594,3683,89,0.9853777885437012,,,,,False,False
h4_chr3_17001367_17005462,131,3582,3759,3582,3759,177,0.9853277206420898,,Initiator;YY1,,promoter;tfbs,False,False
h4_chr3_17001367_17005462,132,3984,4049,3984,4049,65,0.9853261113166809,Initiator,,promoter,,False,False
h4_chr3_17001367_17005462,133,3204,3280,3204,3280,76,0.9853174686431885,Initiator,,promoter,,False,False
h4_chr3_17001367_17005462,134,3470,3522,3470,3522,52,0.9853134155273438,,,,,False,False
h4_chr3_17001367_17005462,135,3698,3778,3698,3778,80,0.9853021502494812,Initiator,,promoter,,False,False
h4_chr3_17001367_17005462,136,3454,3540,3454,3540,86,0.9852943420410156,,Initiator,,promoter,False,False
h4_chr3_17001367_17005462,137,3622,3829,3622,3829,207,0.9852601289749146,,Initiator,,promoter,False,False
h4_chr3_17001367_17005462,138,3622,3839,3622,3839,217,0.9852471351623535,,,,,False,False
h4_chr3_17001367_17005462,139,3979,4039,3979,4039,60,0.9852375984191895,,,,,False,False
h4_chr3_17001367_17005462,140,3109,3276,3109,3276,167,0.9852374792098999,,,,,False,False
h4_chr3_17001367_17005462,141,3502,3744,3502,3744,242,0.985214352607727,YY1,Initiator,tfbs,promoter,True,False
h4_chr3_17001367_17005462,142,523,616,523,616,93,0.9851997494697571,,,,,False,False
h4_chr3_17001367_17005462,143,3468,3524,3468,3524,56,0.9851783514022827,Initiator,,promoter,,False,False
h4_chr3_17001367_17005462,144,3309,3379,3309,3379,70,0.9851725101470947,,,,,False,False
h4_chr3_17001367_17005462,145,3802,3987,3802,3987,185,0.9850361943244934,,,,,False,False
h4_chr3_17001367_17005462,146,3604,3822,3604,3822,218,0.9849441647529602,Initiator,,promoter,,False,False
h4_chr3_17001367_17005462,147,3604,3706,3604,3706,102,0.9849168062210083,Initiator,,promoter,,False,False
h4_chr3_17001367_17005462,148,3868,3996,3868,3996,128,0.9848812222480774,GATA,Initiator,tfbs,promoter,True,False
h4_chr3_17001367_17005462,149,3503,3616,3503,3616,113,0.9848511815071106,YY1,Initiator,tfbs,promoter,True,False
h4_chr3_17001367_17005462,150,3254,3398,3254,3398,144,0.9848423600196838,,,,,False,False
h4_chr3_17001367_17005462,151,3279,3383,3279,3383,104,0.9848280549049377,,,,,False,False
h4_chr3_17001367_17005462,152,3126,3279,3126,3279,153,0.9848159551620483,,,,,False,False
h4_chr3_17001367_17005462,153,3724,3879,3724,3879,155,0.984799325466156,,,,,False,False
h4_chr3_17001367_17005462,154,3503,3715,3503,3715,212,0.9847815036773682,YY1,,tfbs,,False,False
h4_chr3_17001367_17005462,155,3595,3683,3595,3683,88,0.9847648739814758,,,,,False,False
h4_chr3_17001367_17005462,156,3528,3604,3528,3604,76,0.9847156405448914,,Initiator,,promoter,False,False
h4_chr3_17001367_17005462,157,3648,3897,3648,3897,249,0.9847153425216675,Initiator,,promoter,,False,False
h4_chr3_17001367_17005462,158,3714,3827,3714,3827,113,0.9847080707550049,,Initiator,,promoter,False,False
h4_chr3_17001367_17005462,159,3328,3404,3328,3404,76,0.9847037196159363,,,,,False,False
h4_chr3_17001367_17005462,160,3733,3845,3733,3845,112,0.984642505645752,,,,,False,False
h4_chr3_17001367_17005462,161,3283,3361,3283,3361,78,0.9846299886703491,,,,,False,False
h4_chr3_17001367_17005462,162,3638,3769,3638,3769,131,0.9846044182777405,Initiator,,promoter,,False,False
h4_chr3_17001367_17005462,163,3184,3268,3184,3268,84,0.9845754504203796,Initiator,,promoter,,False,False
h4_chr3_17001367_17005462,164,2981,3068,2981,3068,87,0.9845598936080933,,,,,False,False
h4_chr3_17001367_17005462,165,3277,3383,3277,3383,106,0.9844671487808228,,,,,False,False
h4_chr3_17001367_17005462,166,3187,3259,3187,3259,72,0.9844426512718201,,,,,False,False
h4_chr3_17001367_17005462,167,3759,3984,3759,3984,225,0.9843820929527283,Initiator;YY1,Initiator,promoter;tfbs,promoter,True,True
h4_chr3_17001367_17005462,168,3516,3652,3516,3652,136,0.984366238117218,,Initiator,,promoter,False,False
h4_chr3_17001367_17005462,169,3136,3279,3136,3279,143,0.9843292832374573,,,,,False,False
h4_chr3_17001367_17005462,170,3417,3468,3417,3468,51,0.984283447265625,,Initiator,,promoter,False,False
h4_chr3_17001367_17005462,171,3691,3787,3691,3787,96,0.9842709302902222,,,,,False,False
h4_chr3_17001367_17005462,172,3616,3718,3616,3718,102,0.9842475652694702,Initiator,Initiator,promoter,promoter,True,True
h4_chr3_17001367_17005462,173,3680,3753,3680,3753,73,0.984184980392456,,,,,False,False
h4_chr3_17001367_17005462,174,3192,3259,3192,3259,67,0.9841669797897339,Initiator,,promoter,,False,False
h4_chr3_17001367_17005462,175,3176,3246,3176,3246,70,0.9841628670692444,Initiator,,promoter,,False,False
h4_chr3_17001367_17005462,176,2955,3013,2955,3013,58,0.9841579794883728,Initiator,,promoter,,False,False
h4_chr3_17001367_17005462,177,3471,3647,3471,3647,176,0.9841541051864624,,,,,False,False
h4_chr3_17001367_17005462,178,3326,3402,3326,3402,76,0.9840900301933289,Initiator,,promoter,,False,False
h4_chr3_17001367_17005462,179,3171,3246,3171,3246,75,0.9840816855430603,Initiator,,promoter,,False,False
h4_chr3_17001367_17005462,180,3684,3736,3684,3736,52,0.9840787053108215,,,,,False,False
h4_chr3_17001367_17005462,181,3727,3979,3727,3979,252,0.9840775728225708,,,,,False,False
h4_chr3_17001367_17005462,182,3622,3761,3622,3761,139,0.9840598106384277,,Initiator;YY1,,promoter;tfbs,False,False
h4_chr3_17001367_17005462,183,3836,3887,3836,3887,51,0.9840472936630249,,,,,False,False
h4_chr3_17001367_17005462,184,3622,3691,3622,3691,69,0.9840297102928162,,,,,False,False
h4_chr3_17001367_17005462,185,3586,3856,3586,3856,270,0.984028697013855,,,,,False,False
h4_chr3_17001367_17005462,186,3905,4094,3905,4094,189,0.9839190244674683,,,,,False,False
h4_chr3_17001367_17005462,187,3598,3718,3598,3718,120,0.983913779258728,Initiator,Initiator,promoter,promoter,True,True
h4_chr3_17001367_17005462,188,3502,3578,3502,3578,76,0.9838910102844238,YY1,GATA,tfbs,tfbs,True,False
h4_chr3_17001367_17005462,189,3504,3599,3504,3599,95,0.9838893413543701,YY1,Initiator,tfbs,promoter,True,False
h4_chr3_17001367_17005462,190,3216,3302,3216,3302,86,0.9838653206825256,,,,,False,False
h4_chr3_17001367_17005462,191,3280,3378,3280,3378,98,0.9838598966598511,,,,,False,False
h4_chr3_17001367_17005462,192,3449,3549,3449,3549,100,0.9838486909866333,,Initiator,,promoter,False,False
h4_chr3_17001367_17005462,193,3785,3836,3785,3836,51,0.9837977290153503,,,,,False,False
h4_chr3_17001367_17005462,194,3632,3727,3632,3727,95,0.9837797284126282,,,,,False,False
h4_chr3_17001367_17005462,195,3136,3277,3136,3277,141,0.983760416507721,,,,,False,False
h4_chr3_17001367_17005462,196,3357,3445,3357,3445,88,0.983729898929596,,,,,False,False
h4_chr3_17001367_17005462,197,3858,3930,3858,3930,72,0.9836997985839844,,,,,False,False
h4_chr3_17001367_17005462,198,3342,3529,3342,3529,187,0.983680009841919,,,,,False,False
h4_chr3_17001367_17005462,199,3471,3629,3471,3629,158,0.9836368560791016,,,,,False,False
h4_chr3_17001367_17005462,200,3962,4059,3962,4059,97,0.9836180210113525,,,,,False,False
h4_chr7_120066194_120070289,1,1768,1838,1768,1838,70,0.9922480583190918,,,,,False,False
h4_chr7_120066194_120070289,2,1802,1853,1802,1853,51,0.988692045211792,,,,,False,False
h4_chr7_120066194_120070289,3,2082,2163,2082,2163,81,0.9877709746360779,,,,,False,False
h4_chr7_120066194_120070289,4,1895,1990,1895,1990,95,0.9875539541244507,,,,,False,False
h4_chr7_120066194_120070289,5,2377,2437,2377,2437,60,0.9857174754142761,,,,,False,False
h4_chr7_120066194_120070289,6,2437,2532,2437,2532,95,0.9856351017951965,,,,,False,False
h4_chr7_120066194_120070289,7,1768,1879,1768,1879,111,0.985550045967102,,,,,False,False
h4_chr7_120066194_120070289,8,2063,2163,2063,2163,100,0.9851576685905457,,,,,False,False
h4_chr7_120066194_120070289,9,1800,1903,1800,1903,103,0.9850294589996338,,,,,False,False
h4_chr7_120066194_120070289,10,1374,1446,1374,1446,72,0.9848898649215698,,,,,False,False
h4_chr7_120066194_120070289,11,2176,2228,2176,2228,52,0.9848452210426331,,,,,False,False
h4_chr7_120066194_120070289,12,1879,1935,1879,1935,56,0.984588086605072,,,,,False,False
h4_chr7_120066194_120070289,13,2189,2260,2189,2260,71,0.9842668175697327,,RUNX,,tfbs,False,False
h4_chr7_120066194_120070289,14,2061,2112,2061,2112,51,0.9840858578681946,,,,,False,False
h4_chr7_120066194_120070289,15,1446,1501,1446,1501,55,0.9834898710250854,,,,,False,False
h4_chr7_120066194_120070289,16,2401,2470,2401,2470,69,0.9834607839584351,,,,,False,False
h4_chr7_120066194_120070289,17,2061,2163,2061,2163,102,0.9834514856338501,,,,,False,False
h4_chr7_120066194_120070289,18,1963,2082,1963,2082,119,0.9833670854568481,,,,,False,False
h4_chr7_120066194_120070289,19,1802,1901,1802,1901,99,0.9833231568336487,,,,,False,False
h4_chr7_120066194_120070289,20,1963,2163,1963,2163,200,0.9831039905548096,,,,,False,False
h4_chr7_120066194_120070289,21,1903,1971,1903,1971,68,0.9829989075660706,,,,,False,False
h4_chr7_120066194_120070289,22,1963,2063,1963,2063,100,0.9828405380249023,,,,,False,False
h4_chr7_120066194_120070289,23,1797,1911,1797,1911,114,0.9826170206069946,,,,,False,False
h4_chr7_120066194_120070289,24,1963,2061,1963,2061,98,0.9823601841926575,,,,,False,False
h4_chr7_120066194_120070289,25,1971,2063,1971,2063,92,0.9821540713310242,,,,,False,False
h4_chr7_120066194_120070289,26,2420,2532,2420,2532,112,0.982008159160614,,,,,False,False
h4_chr7_120066194_120070289,27,2184,2285,2184,2285,101,0.9817254543304443,,,,,False,False
h4_chr7_120066194_120070289,28,2003,2059,2003,2059,56,0.9815731644630432,,,,,False,False
h4_chr7_120066194_120070289,29,2360,2437,2360,2437,77,0.9814184308052063,,,,,False,False
h4_chr7_120066194_120070289,30,1875,1965,1875,1965,90,0.9813992977142334,,,,,False,False
h4_chr7_120066194_120070289,31,2163,2236,2163,2236,73,0.9809249639511108,,,,,False,False
h4_chr7_120066194_120070289,32,1838,1935,1838,1935,97,0.9809212684631348,,,,,False,False
h4_chr7_120066194_120070289,33,172,255,172,255,83,0.980872392654419,,,,,False,False
h4_chr7_120066194_120070289,34,2098,2163,2098,2163,65,0.9807637929916382,,,,,False,False
h4_chr7_120066194_120070289,35,1688,1768,1688,1768,80,0.9805607199668884,Initiator,,promoter,,False,False
h4_chr7_120066194_120070289,36,1903,2061,1903,2061,158,0.9805566668510437,,,,,False,False
h4_chr7_120066194_120070289,37,1795,1886,1795,1886,91,0.9803632497787476,,,,,False,False
h4_chr7_120066194_120070289,38,2360,2420,2360,2420,60,0.9802541732788086,,,,,False,False
h4_chr7_120066194_120070289,39,1901,1990,1901,1990,89,0.9800775647163391,,,,,False,False
h4_chr7_120066194_120070289,40,2112,2163,2112,2163,51,0.9798368811607361,,,,,False,False
h4_chr7_120066194_120070289,41,1937,2018,1937,2018,81,0.9797636270523071,Initiator,,promoter,,False,False
h4_chr7_120066194_120070289,42,1446,1503,1446,1503,57,0.979651927947998,,,,,False,False
h4_chr7_120066194_120070289,43,414,470,414,470,56,0.9796229004859924,,,,,False,False
h4_chr7_120066194_120070289,44,1953,2063,1953,2063,110,0.9796067476272583,,,,,False,False
h4_chr7_120066194_120070289,45,1881,2016,1881,2016,135,0.9795252084732056,RUNX,,tfbs,,False,False
h4_chr7_120066194_120070289,46,1519,1611,1519,1611,92,0.9795184135437012,,,,,False,False
h4_chr7_120066194_120070289,47,526,577,526,577,51,0.9794535636901855,,,,,False,False
h4_chr7_120066194_120070289,48,1782,1843,1782,1843,61,0.9793566465377808,,,,,False,False
h4_chr7_120066194_120070289,49,1782,1875,1782,1875,93,0.9789484739303589,,,,,False,False
h4_chr7_120066194_120070289,50,2098,2159,2098,2159,61,0.9788422584533691,,,,,False,False
h4_chr7_120066194_120070289,51,1903,2063,1903,2063,160,0.9786681532859802,,,,,False,False
h4_chr7_120066194_120070289,52,1875,1931,1875,1931,56,0.9786315560340881,,NFkB,,tfbs,False,False
h4_chr7_120066194_120070289,53,2057,2127,2057,2127,70,0.9783880114555359,,,,,False,False
h4_chr7_120066194_120070289,54,1903,1953,1903,1953,50,0.9781479239463806,,,,,False,False
h4_chr7_120066194_120070289,55,1446,1502,1446,1502,56,0.9781380891799927,,,,,False,False
h4_chr7_120066194_120070289,56,2044,2163,2044,2163,119,0.9779084920883179,Initiator,,promoter,,False,False
h4_chr7_120066194_120070289,57,1802,1895,1802,1895,93,0.9778969287872314,,,,,False,False
h4_chr7_120066194_120070289,58,1201,1253,1201,1253,52,0.9777171015739441,Initiator,,promoter,,False,False
h4_chr7_120066194_120070289,59,2005,2059,2005,2059,54,0.9776105284690857,,,,,False,False
h4_chr7_120066194_120070289,60,908,979,908,979,71,0.9776033759117126,,,,,False,False
h4_chr7_120066194_120070289,61,1374,1501,1374,1501,127,0.9775635004043579,,,,,False,False
h4_chr7_120066194_120070289,62,1797,1933,1797,1933,136,0.977439820766449,,NFkB,,tfbs,False,False
h4_chr7_120066194_120070289,63,1797,1893,1797,1893,96,0.977435827255249,,,,,False,False
h4_chr7_120066194_120070289,64,2161,2260,2161,2260,99,0.9774287939071655,,RUNX,,tfbs,False,False
h4_chr7_120066194_120070289,65,2044,2182,2044,2182,138,0.9774022698402405,Initiator,,promoter,,False,False
h4_chr7_120066194_120070289,66,1843,1893,1843,1893,50,0.9773780703544617,,,,,False,False
h4_chr7_120066194_120070289,67,1770,1829,1770,1829,59,0.9772819876670837,,,,,False,False
h4_chr7_120066194_120070289,68,2607,2660,2607,2660,53,0.9771688580513,Initiator,,promoter,,False,False
h4_chr7_120066194_120070289,69,1879,2007,1879,2007,128,0.977145254611969,,,,,False,False
h4_chr7_120066194_120070289,70,1824,1903,1824,1903,79,0.976939857006073,Initiator,,promoter,,False,False
h4_chr7_120066194_120070289,71,1881,2007,1881,2007,126,0.9768857359886169,RUNX,,tfbs,,False,False
h4_chr7_120066194_120070289,72,1903,2082,1903,2082,179,0.9768338203430176,,,,,False,False
h4_chr7_120066194_120070289,73,1501,1607,1501,1607,106,0.976730465888977,,,,,False,False
h4_chr7_120066194_120070289,74,2159,2285,2159,2285,126,0.9767208099365234,,,,,False,False
h4_chr7_120066194_120070289,75,771,829,771,829,58,0.9766638278961182,Initiator,,promoter,,False,False
h4_chr7_120066194_120070289,76,2031,2163,2031,2163,132,0.9766615033149719,,,,,False,False
h4_chr7_120066194_120070289,77,1953,2016,1953,2016,63,0.9765787124633789,,,,,False,False
h4_chr7_120066194_120070289,78,1351,1446,1351,1446,95,0.9765639305114746,,,,,False,False
h4_chr7_120066194_120070289,79,2377,2532,2377,2532,155,0.9765464663505554,,,,,False,False
h4_chr7_120066194_120070289,80,2085,2163,2085,2163,78,0.9764693379402161,,,,,False,False
h4_chr7_120066194_120070289,81,2143,2236,2143,2236,93,0.9764173626899719,,,,,False,False
h4_chr7_120066194_120070289,82,2159,2236,2159,2236,77,0.9763317108154297,,,,,False,False
h4_chr7_120066194_120070289,83,1971,2082,1971,2082,111,0.9762797951698303,,,,,False,False
h4_chr7_120066194_120070289,84,2007,2115,2007,2115,108,0.9760746359825134,,,,,False,False
h4_chr7_120066194_120070289,85,2184,2303,2184,2303,119,0.976069450378418,,,,,False,False
h4_chr7_120066194_120070289,86,1533,1585,1533,1585,52,0.9760363698005676,,,,,False,False
h4_chr7_120066194_120070289,87,1768,1935,1768,1935,167,0.975469172000885,,,,,False,False
h4_chr7_120066194_120070289,88,2161,2236,2161,2236,75,0.9754310250282288,,,,,False,False
h4_chr7_120066194_120070289,89,2360,2448,2360,2448,88,0.9753074049949646,,,,,False,False
h4_chr7_120066194_120070289,90,1824,1955,1824,1955,131,0.9752841591835022,Initiator,,promoter,,False,False
h4_chr7_120066194_120070289,91,1374,1503,1374,1503,129,0.975208580493927,,,,,False,False
h4_chr7_120066194_120070289,92,1352,1446,1352,1446,94,0.9751719832420349,,,,,False,False
h4_chr7_120066194_120070289,93,2448,2510,2448,2510,62,0.9750567078590393,,,,,False,False
h4_chr7_120066194_120070289,94,2003,2127,2003,2127,124,0.9750550985336304,,,,,False,False
h4_chr7_120066194_120070289,95,2031,2236,2031,2236,205,0.9750500917434692,,,,,False,False
h4_chr7_120066194_120070289,96,1744,1798,1744,1798,54,0.9749597907066345,,,,,False,False
h4_chr7_120066194_120070289,97,2098,2285,2098,2285,187,0.9749326109886169,,,,,False,False
h4_chr7_120066194_120070289,98,2401,2505,2401,2505,104,0.9749222993850708,,,,,False,False
h4_chr7_120066194_120070289,99,1464,1527,1464,1527,63,0.9749180674552917,,,,,False,False
h4_chr7_120066194_120070289,100,1963,2031,1963,2031,68,0.9748817682266235,,,,,False,False
h4_chr7_120066194_120070289,101,1710,1797,1710,1797,87,0.9748662710189819,,,,,False,False
h4_chr7_120066194_120070289,102,1503,1607,1503,1607,104,0.974849283695221,,,,,False,False
h4_chr7_120066194_120070289,103,2057,2195,2057,2195,138,0.9748367667198181,,,,,False,False
h4_chr7_120066194_120070289,104,1374,1502,1374,1502,128,0.9747639298439026,,,,,False,False
h4_chr7_120066194_120070289,105,1866,1965,1866,1965,99,0.9746977686882019,Initiator,,promoter,,False,False
h4_chr7_120066194_120070289,106,1963,2236,1963,2236,273,0.9746444821357727,,,,,False,False
h4_chr7_120066194_120070289,107,2470,2550,2470,2550,80,0.9746068120002747,,,,,False,False
h4_chr7_120066194_120070289,108,2098,2236,2098,2236,138,0.9745153188705444,,,,,False,False
h4_chr7_120066194_120070289,109,2159,2303,2159,2303,144,0.9744258522987366,,,,,False,False
h4_chr7_120066194_120070289,110,1844,1911,1844,1911,67,0.9744004011154175,,,,,False,False
h4_chr7_120066194_120070289,111,1843,1931,1843,1931,88,0.9743301868438721,,NFkB,,tfbs,False,False
h4_chr7_120066194_120070289,112,1903,2016,1903,2016,113,0.974251925945282,,,,,False,False
h4_chr7_120066194_120070289,113,1886,2082,1886,2082,196,0.9742112755775452,,,,,False,False
h4_chr7_120066194_120070289,114,1757,1831,1757,1831,74,0.974148154258728,,,,,False,False
h4_chr7_120066194_120070289,115,1881,1955,1881,1955,74,0.9741464853286743,RUNX,,tfbs,,False,False
h4_chr7_120066194_120070289,116,1775,1879,1775,1879,104,0.9741104245185852,,,,,False,False
h4_chr7_120066194_120070289,117,1797,1973,1797,1973,176,0.9740319848060608,,,,,False,False
h4_chr7_120066194_120070289,118,2375,2435,2375,2435,60,0.9740123152732849,,,,,False,False
h4_chr7_120066194_120070289,119,2366,2420,2366,2420,54,0.9739765524864197,,,,,False,False
h4_chr7_120066194_120070289,120,1503,1608,1503,1608,105,0.9739532470703125,,,,,False,False
h4_chr7_120066194_120070289,121,2607,2662,2607,2662,55,0.9739496111869812,Initiator,,promoter,,False,False
h4_chr7_120066194_120070289,122,2115,2197,2115,2197,82,0.9739277362823486,,,,,False,False
h4_chr7_120066194_120070289,123,2159,2260,2159,2260,101,0.9738849401473999,,RUNX,,tfbs,False,False
h4_chr7_120066194_120070289,124,2063,2184,2063,2184,121,0.973870038986206,,,,,False,False
h4_chr7_120066194_120070289,125,2031,2260,2031,2260,229,0.9738170504570007,,RUNX,,tfbs,False,False
h4_chr7_120066194_120070289,126,1551,1611,1551,1611,60,0.9738004803657532,Initiator,,promoter,,False,False
h4_chr7_120066194_120070289,127,1443,1522,1443,1522,79,0.9737207889556885,,,,,False,False
h4_chr7_120066194_120070289,128,2005,2127,2005,2127,122,0.9736413359642029,,,,,False,False
h4_chr7_120066194_120070289,129,1866,1973,1866,1973,107,0.9736288189888,Initiator,,promoter,,False,False
h4_chr7_120066194_120070289,130,2063,2159,2063,2159,96,0.9735941886901855,,,,,False,False
h4_chr7_120066194_120070289,131,1588,1638,1588,1638,50,0.9735927581787109,,Initiator,,promoter,False,False
h4_chr7_120066194_120070289,132,1252,1315,1252,1315,63,0.9735262393951416,,,,,False,False
h4_chr7_120066194_120070289,133,1575,1638,1575,1638,63,0.9734907150268555,,Initiator,,promoter,False,False
h4_chr7_120066194_120070289,134,1881,2063,1881,2063,182,0.9734519720077515,RUNX,,tfbs,,False,False
h4_chr7_120066194_120070289,135,1901,2163,1901,2163,262,0.9734163880348206,,,,,False,False
h4_chr7_120066194_120070289,136,2260,2366,2260,2366,106,0.9733759164810181,RUNX,,tfbs,,False,False
h4_chr7_120066194_120070289,137,1886,2063,1886,2063,177,0.973325788974762,,,,,False,False
h4_chr7_120066194_120070289,138,1501,1608,1501,1608,107,0.9732624292373657,,,,,False,False
h4_chr7_120066194_120070289,139,1875,2072,1875,2072,197,0.973209023475647,,,,,False,False
h4_chr7_120066194_120070289,140,1866,1933,1866,1933,67,0.973171591758728,Initiator,NFkB,promoter,tfbs,True,False
h4_chr7_120066194_120070289,141,1971,2061,1971,2061,90,0.9730325937271118,,,,,False,False
h4_chr7_120066194_120070289,142,2062,2160,2062,2160,98,0.9729978442192078,,,,,False,False
h4_chr7_120066194_120070289,143,2163,2250,2163,2250,87,0.9729851484298706,,,,,False,False
h4_chr7_120066194_120070289,144,2532,2607,2532,2607,75,0.9729649424552917,,Initiator,,promoter,False,False
h4_chr7_120066194_120070289,145,1609,1662,1609,1662,53,0.972953200340271,,,,,False,False
h4_chr7_120066194_120070289,146,1843,1965,1843,1965,122,0.9728753566741943,,,,,False,False
h4_chr7_120066194_120070289,147,352,409,352,409,57,0.9728741645812988,,,,,False,False
h4_chr7_120066194_120070289,148,2161,2228,2161,2228,67,0.9727962017059326,,,,,False,False
h4_chr7_120066194_120070289,149,1990,2074,1990,2074,84,0.9726943373680115,,,,,False,False
h4_chr7_120066194_120070289,150,222,280,222,280,58,0.972680389881134,Initiator,,promoter,,False,False
h4_chr7_120066194_120070289,151,2074,2176,2074,2176,102,0.9726231098175049,,,,,False,False
h4_chr7_120066194_120070289,152,2031,2098,2031,2098,67,0.9724936485290527,,,,,False,False
h4_chr7_120066194_120070289,153,1502,1608,1502,1608,106,0.9724602699279785,,,,,False,False
h4_chr7_120066194_120070289,154,1824,1879,1824,1879,55,0.9724164605140686,Initiator,,promoter,,False,False
h4_chr7_120066194_120070289,155,1710,1843,1710,1843,133,0.9723762273788452,,,,,False,False
h4_chr7_120066194_120070289,156,138,255,138,255,117,0.972361147403717,,,,,False,False
h4_chr7_120066194_120070289,157,2366,2437,2366,2437,71,0.9723601341247559,,,,,False,False
h4_chr7_120066194_120070289,158,1904,1962,1904,1962,58,0.9723577499389648,,,,,False,False
h4_chr7_120066194_120070289,159,1464,1575,1464,1575,111,0.9723069667816162,,,,,False,False
h4_chr7_120066194_120070289,160,1522,1585,1522,1585,63,0.9722496867179871,,,,,False,False
h4_chr7_120066194_120070289,161,85,146,85,146,61,0.9721685647964478,,,,,False,False
h4_chr7_120066194_120070289,162,2437,2579,2437,2579,142,0.9721032381057739,,,,,False,False
h4_chr7_120066194_120070289,163,1565,1647,1565,1647,82,0.9720735549926758,,Initiator;YY1,,promoter;tfbs,False,False
h4_chr7_120066194_120070289,164,1859,2003,1859,2003,144,0.9720656275749207,,,,,False,False
h4_chr7_120066194_120070289,165,1953,2082,1953,2082,129,0.9719858765602112,,,,,False,False
h4_chr7_120066194_120070289,166,1901,2063,1901,2063,162,0.9719134569168091,,,,,False,False
h4_chr7_120066194_120070289,167,1443,1533,1443,1533,90,0.9719099998474121,,,,,False,False
h4_chr7_120066194_120070289,168,2044,2223,2044,2223,179,0.9718848466873169,Initiator,,promoter,,False,False
h4_chr7_120066194_120070289,169,1829,1901,1829,1901,72,0.971865177154541,,,,,False,False
h4_chr7_120066194_120070289,170,1394,1536,1394,1536,142,0.9718092083930969,,,,,False,False
h4_chr7_120066194_120070289,171,762,829,762,829,67,0.9717826843261719,,,,,False,False
h4_chr7_120066194_120070289,172,2303,2360,2303,2360,57,0.971666157245636,,,,,False,False
h4_chr7_120066194_120070289,173,1704,1768,1704,1768,64,0.9716098308563232,,,,,False,False
h4_chr7_120066194_120070289,174,1686,1747,1686,1747,61,0.9716010093688965,Initiator,,promoter,,False,False
h4_chr7_120066194_120070289,175,488,577,488,577,89,0.971576988697052,,,,,False,False
h4_chr7_120066194_120070289,176,2063,2115,2063,2115,52,0.9715750813484192,,,,,False,False
h4_chr7_120066194_120070289,177,2821,2879,2821,2879,58,0.9715555906295776,,,,,False,False
h4_chr7_120066194_120070289,178,1866,1931,1866,1931,65,0.9715074896812439,Initiator,NFkB,promoter,tfbs,True,False
h4_chr7_120066194_120070289,179,2448,2532,2448,2532,84,0.971470057964325,,,,,False,False
h4_chr7_120066194_120070289,180,1903,2044,1903,2044,141,0.9714692234992981,,Initiator,,promoter,False,False
h4_chr7_120066194_120070289,181,1877,1973,1877,1973,96,0.9714490175247192,,,,,False,False
h4_chr7_120066194_120070289,182,2448,2607,2448,2607,159,0.9714369177818298,,Initiator,,promoter,False,False
h4_chr7_120066194_120070289,183,1990,2236,1990,2236,246,0.9714078307151794,,,,,False,False
h4_chr7_120066194_120070289,184,1901,2061,1901,2061,160,0.9713895916938782,,,,,False,False
h4_chr7_120066194_120070289,185,1394,1446,1394,1446,52,0.9713796377182007,,,,,False,False
h4_chr7_120066194_120070289,186,1853,1990,1853,1990,137,0.9713239073753357,,,,,False,False
h4_chr7_120066194_120070289,187,1795,1903,1795,1903,108,0.9712889194488525,,,,,False,False
h4_chr7_120066194_120070289,188,1990,2260,1990,2260,270,0.9712333083152771,,RUNX,,tfbs,False,False
h4_chr7_120066194_120070289,189,1901,2082,1901,2082,181,0.9712322950363159,,,,,False,False
h4_chr7_120066194_120070289,190,1704,1800,1704,1800,96,0.9712244272232056,,,,,False,False
h4_chr7_120066194_120070289,191,1585,1646,1585,1646,61,0.971175491809845,,Initiator;YY1,,promoter;tfbs,False,False
h4_chr7_120066194_120070289,192,1800,2016,1800,2016,216,0.9711712598800659,,,,,False,False
h4_chr7_120066194_120070289,193,1903,1963,1903,1963,60,0.9710712432861328,,,,,False,False
h4_chr7_120066194_120070289,194,1745,1798,1745,1798,53,0.9710655212402344,,,,,False,False
h4_chr7_120066194_120070289,195,2098,2260,2098,2260,162,0.9710543751716614,,RUNX,,tfbs,False,False
h4_chr7_120066194_120070289,196,2098,2303,2098,2303,205,0.9710497856140137,,,,,False,False
h4_chr7_120066194_120070289,197,2437,2607,2437,2607,170,0.9710248112678528,,Initiator,,promoter,False,False
h4_chr7_120066194_120070289,198,1253,1315,1253,1315,62,0.9710242748260498,,,,,False,False
h4_chr7_120066194_120070289,199,1527,1588,1527,1588,61,0.9710214138031006,,,,,False,False
h4_chr7_120066194_120070289,200,1351,1501,1351,1501,150,0.9710096120834351,,,,,False,False
h4_chr7_137924469_137928564,1,3560,3613,3560,3613,53,0.9938034415245056,,,,,False,False
h4_chr7_137924469_137928564,2,3546,3611,3546,3611,65,0.9917993545532227,,,,,False,False
h4_chr7_137924469_137928564,3,3558,3611,3558,3611,53,0.9907916784286499,,,,,False,False
h4_chr7_137924469_137928564,4,3535,3618,3535,3618,83,0.9896956086158752,,Initiator,,promoter,False,False
h4_chr7_137924469_137928564,5,3258,3339,3258,3339,81,0.9895484447479248,,,,,False,False
h4_chr7_137924469_137928564,6,50,108,50,108,58,0.9888145327568054,,,,,False,False
h4_chr7_137924469_137928564,7,3745,3816,3745,3816,71,0.9881650805473328,,,,,False,False
h4_chr7_137924469_137928564,8,3574,3698,3574,3698,124,0.9881417751312256,,,,,False,False
h4_chr7_137924469_137928564,9,11,71,11,71,60,0.9880537986755371,Initiator,,promoter,,False,False
h4_chr7_137924469_137928564,10,3242,3339,3242,3339,97,0.9876080751419067,,,,,False,False
h4_chr7_137924469_137928564,11,3560,3620,3560,3620,60,0.9869611263275146,,Initiator,,promoter,False,False
h4_chr7_137924469_137928564,12,3183,3242,3183,3242,59,0.9865843057632446,,,,,False,False
h4_chr7_137924469_137928564,13,3611,3816,3611,3816,205,0.9841468930244446,,,,,False,False
h4_chr7_137924469_137928564,14,3500,3565,3500,3565,65,0.9840360879898071,Initiator,,promoter,,False,False
h4_chr7_137924469_137928564,15,3585,3759,3585,3759,174,0.9839529395103455,,,,,False,False
h4_chr7_137924469_137928564,16,3556,3609,3556,3609,53,0.9837574362754822,,,,,False,False
h4_chr7_137924469_137928564,17,3546,3745,3546,3745,199,0.9836896657943726,,,,,False,False
h4_chr7_137924469_137928564,18,3546,3620,3546,3620,74,0.9836289882659912,,Initiator,,promoter,False,False
h4_chr7_137924469_137928564,19,3560,3611,3560,3611,51,0.9833798408508301,,,,,False,False
h4_chr7_137924469_137928564,20,345,424,345,424,79,0.9832435250282288,RUNX,,tfbs,,False,False
h4_chr7_137924469_137928564,21,3558,3620,3558,3620,62,0.9832407832145691,,Initiator,,promoter,False,False
h4_chr7_137924469_137928564,22,3613,3818,3613,3818,205,0.9829521775245667,,,,,False,False
h4_chr7_137924469_137928564,23,3611,3745,3611,3745,134,0.9822044372558594,,,,,False,False
h4_chr7_137924469_137928564,24,240,360,240,360,120,0.9816094040870667,,,,,False,False
h4_chr7_137924469_137928564,25,3672,3826,3672,3826,154,0.9814839959144592,,,,,False,False
h4_chr7_137924469_137928564,26,3514,3634,3514,3634,120,0.9813314080238342,,,,,False,False
h4_chr7_137924469_137928564,27,3216,3297,3216,3297,81,0.9811487793922424,,,,,False,False
h4_chr7_137924469_137928564,28,92,152,92,152,60,0.9810802936553955,,,,,False,False
h4_chr7_137924469_137928564,29,3436,3500,3436,3500,64,0.981076180934906,,Initiator,,promoter,False,False
h4_chr7_137924469_137928564,30,3558,3745,3558,3745,187,0.9804283976554871,,,,,False,False
h4_chr7_137924469_137928564,31,3498,3609,3498,3609,111,0.9802110195159912,Initiator,,promoter,,False,False
h4_chr7_137924469_137928564,32,3609,3710,3609,3710,101,0.9801834225654602,,Initiator,,promoter,False,False
h4_chr7_137924469_137928564,33,3535,3620,3535,3620,85,0.9798374176025391,,Initiator,,promoter,False,False
h4_chr7_137924469_137928564,34,3560,3618,3560,3618,58,0.9797796010971069,,Initiator,,promoter,False,False
h4_chr7_137924469_137928564,35,3165,3242,3165,3242,77,0.9796798229217529,,,,,False,False
h4_chr7_137924469_137928564,36,3535,3592,3535,3592,57,0.9796338677406311,,,,,False,False
h4_chr7_137924469_137928564,37,13,71,13,71,58,0.9795938730239868,Initiator,,promoter,,False,False
h4_chr7_137924469_137928564,38,3620,3745,3620,3745,125,0.979469358921051,Initiator,,promoter,,False,False
h4_chr7_137924469_137928564,39,3521,3597,3521,3597,76,0.9792706966400146,,,,,False,False
h4_chr7_137924469_137928564,40,3183,3258,3183,3258,75,0.9792543053627014,,,,,False,False
h4_chr7_137924469_137928564,41,3556,3710,3556,3710,154,0.9791780710220337,,Initiator,,promoter,False,False
h4_chr7_137924469_137928564,42,3374,3436,3374,3436,62,0.9789156317710876,,,,,False,False
h4_chr7_137924469_137928564,43,3656,3768,3656,3768,112,0.9784037470817566,,,,,False,False
h4_chr7_137924469_137928564,44,3546,3613,3546,3613,67,0.9777730107307434,,,,,False,False
h4_chr7_137924469_137928564,45,348,424,348,424,76,0.977533757686615,RUNX,,tfbs,,False,False
h4_chr7_137924469_137928564,46,285,361,285,361,76,0.9773971438407898,,,,,False,False
h4_chr7_137924469_137928564,47,3558,3613,3558,3613,55,0.977156937122345,,,,,False,False
h4_chr7_137924469_137928564,48,3546,3816,3546,3816,270,0.977104127407074,,,,,False,False
h4_chr7_137924469_137928564,49,3694,3747,3694,3747,53,0.9770570993423462,,,,,False,False
h4_chr7_137924469_137928564,50,3790,3846,3790,3846,56,0.9767508506774902,,,,,False,False
h4_chr7_137924469_137928564,51,3546,3618,3546,3618,72,0.9765689373016357,,Initiator,,promoter,False,False
h4_chr7_137924469_137928564,52,3514,3656,3514,3656,142,0.9765331149101257,,,,,False,False
h4_chr7_137924469_137928564,53,3436,3565,3436,3565,129,0.9764807224273682,,,,,False,False
h4_chr7_137924469_137928564,54,3434,3546,3434,3546,112,0.9764728546142578,,,,,False,False
h4_chr7_137924469_137928564,55,3592,3818,3592,3818,226,0.9763304591178894,,,,,False,False
h4_chr7_137924469_137928564,56,3560,3698,3560,3698,138,0.9761709570884705,,,,,False,False
h4_chr7_137924469_137928564,57,3490,3634,3490,3634,144,0.976128339767456,,,,,False,False
h4_chr7_137924469_137928564,58,3558,3816,3558,3816,258,0.9758601784706116,,,,,False,False
h4_chr7_137924469_137928564,59,3339,3434,3339,3434,95,0.9758206009864807,,,,,False,False
h4_chr7_137924469_137928564,60,38,121,38,121,83,0.975501537322998,RUNX,,tfbs,,False,False
h4_chr7_137924469_137928564,61,3374,3565,3374,3565,191,0.9754800200462341,,,,,False,False
h4_chr7_137924469_137928564,62,3620,3818,3620,3818,198,0.9753516316413879,Initiator,,promoter,,False,False
h4_chr7_137924469_137928564,63,292,361,292,361,69,0.9752405285835266,,,,,False,False
h4_chr7_137924469_137928564,64,3613,3698,3613,3698,85,0.9752262234687805,,,,,False,False
h4_chr7_137924469_137928564,65,3434,3558,3434,3558,124,0.9750685691833496,,,,,False,False
h4_chr7_137924469_137928564,66,3165,3258,3165,3258,93,0.9748407006263733,,,,,False,False
h4_chr7_137924469_137928564,67,3498,3556,3498,3556,58,0.9747931957244873,Initiator,,promoter,,False,False
h4_chr7_137924469_137928564,68,37,152,37,152,115,0.9747319221496582,,,,,False,False
h4_chr7_137924469_137928564,69,3242,3368,3242,3368,126,0.974720299243927,,,,,False,False
h4_chr7_137924469_137928564,70,3184,3259,3184,3259,75,0.974540114402771,,,,,False,False
h4_chr7_137924469_137928564,71,3368,3556,3368,3556,188,0.9745050668716431,,,,,False,False
h4_chr7_137924469_137928564,72,3558,3618,3558,3618,60,0.9744160175323486,,Initiator,,promoter,False,False
h4_chr7_137924469_137928564,73,38,153,38,153,115,0.9743941426277161,RUNX,,tfbs,,False,False
h4_chr7_137924469_137928564,74,3945,4038,3945,4038,93,0.9742387533187866,Initiator,,promoter,,False,False
h4_chr7_137924469_137928564,75,3469,3569,3469,3569,100,0.9740963578224182,,,,,False,False
h4_chr7_137924469_137928564,76,3499,3564,3499,3564,65,0.9740471839904785,Initiator,,promoter,,False,False
h4_chr7_137924469_137928564,77,3497,3585,3497,3585,88,0.9738923907279968,Initiator,,promoter,,False,False
h4_chr7_137924469_137928564,78,3620,3816,3620,3816,196,0.9736734628677368,Initiator,,promoter,,False,False
h4_chr7_137924469_137928564,79,261,358,261,358,97,0.9735459685325623,,,,,False,False
h4_chr7_137924469_137928564,80,3535,3611,3535,3611,76,0.973389208316803,,,,,False,False
h4_chr7_137924469_137928564,81,3497,3711,3497,3711,214,0.9732892513275146,Initiator,Initiator,promoter,promoter,True,True
h4_chr7_137924469_137928564,82,323,394,323,394,71,0.9732678532600403,Initiator,,promoter,,False,False
h4_chr7_137924469_137928564,83,3374,3500,3374,3500,126,0.9732121229171753,,Initiator,,promoter,False,False
h4_chr7_137924469_137928564,84,99,151,99,151,52,0.9732047915458679,,,,,False,False
h4_chr7_137924469_137928564,85,3686,3842,3686,3842,156,0.9731289744377136,,,,,False,False
h4_chr7_137924469_137928564,86,3758,3816,3758,3816,58,0.9730727076530457,,,,,False,False
h4_chr7_137924469_137928564,87,3478,3654,3478,3654,176,0.9729965925216675,,,,,False,False
h4_chr7_137924469_137928564,88,11,151,11,151,140,0.9728876948356628,Initiator,,promoter,,False,False
h4_chr7_137924469_137928564,89,3498,3563,3498,3563,65,0.9727578163146973,Initiator,,promoter,,False,False
h4_chr7_137924469_137928564,90,3611,3818,3611,3818,207,0.9726949334144592,,,,,False,False
h4_chr7_137924469_137928564,91,3112,3165,3112,3165,53,0.9726142883300781,,,,,False,False
h4_chr7_137924469_137928564,92,3281,3340,3281,3340,59,0.9725970029830933,,,,,False,False
h4_chr7_137924469_137928564,93,158,213,158,213,55,0.9725582599639893,,,,,False,False
h4_chr7_137924469_137928564,94,3560,3818,3560,3818,258,0.9724752306938171,,,,,False,False
h4_chr7_137924469_137928564,95,3259,3340,3259,3340,81,0.972412645816803,,,,,False,False
h4_chr7_137924469_137928564,96,3183,3339,3183,3339,156,0.9723727107048035,,,,,False,False
h4_chr7_137924469_137928564,97,3392,3500,3392,3500,108,0.9722892045974731,GATA,Initiator,tfbs,promoter,True,False
h4_chr7_137924469_137928564,98,3604,3710,3604,3710,106,0.9722833037376404,Initiator,Initiator,promoter,promoter,True,True
h4_chr7_137924469_137928564,99,216,492,216,492,276,0.972172737121582,,Initiator,,promoter,False,False
h4_chr7_137924469_137928564,100,3634,3790,3634,3790,156,0.9720645546913147,,,,,False,False
h4_chr7_137924469_137928564,101,3585,3711,3585,3711,126,0.9719719290733337,,Initiator,,promoter,False,False
h4_chr7_137924469_137928564,102,3258,3368,3258,3368,110,0.9718320369720459,,,,,False,False
h4_chr7_137924469_137928564,103,3388,3514,3388,3514,126,0.9718025326728821,GATA,,tfbs,,False,False
h4_chr7_137924469_137928564,104,3208,3295,3208,3295,87,0.9717686176300049,Initiator,,promoter,,False,False
h4_chr7_137924469_137928564,105,3511,3634,3511,3634,123,0.9716670513153076,,,,,False,False
h4_chr7_137924469_137928564,106,3339,3556,3339,3556,217,0.9716134071350098,,,,,False,False
h4_chr7_137924469_137928564,107,3555,3709,3555,3709,154,0.9715359807014465,,Initiator,,promoter,False,False
h4_chr7_137924469_137928564,108,3042,3216,3042,3216,174,0.9714970588684082,TATA_box,,promoter,,False,False
h4_chr7_137924469_137928564,109,39,100,39,100,61,0.9714525938034058,RUNX,,tfbs,,False,False
h4_chr7_137924469_137928564,110,240,319,240,319,79,0.9714221954345703,,,,,False,False
h4_chr7_137924469_137928564,111,3384,3514,3384,3514,130,0.9713423252105713,,,,,False,False
h4_chr7_137924469_137928564,112,3634,3684,3634,3684,50,0.9712994694709778,,,,,False,False
h4_chr7_137924469_137928564,113,3571,3660,3571,3660,89,0.9712281227111816,,,,,False,False
h4_chr7_137924469_137928564,114,3228,3405,3228,3405,177,0.9712005853652954,Initiator,,promoter,,False,False
h4_chr7_137924469_137928564,115,3592,3745,3592,3745,153,0.9710549712181091,,,,,False,False
h4_chr7_137924469_137928564,116,263,343,263,343,80,0.9710391759872437,,RUNX,,tfbs,False,False
h4_chr7_137924469_137928564,117,157,213,157,213,56,0.9709859490394592,,,,,False,False
h4_chr7_137924469_137928564,118,3040,3216,3040,3216,176,0.9709199666976929,TATA_box,,promoter,,False,False
h4_chr7_137924469_137928564,119,3166,3259,3166,3259,93,0.9707962870597839,,,,,False,False
h4_chr7_137924469_137928564,120,251,343,251,343,92,0.970751941204071,,RUNX,,tfbs,False,False
h4_chr7_137924469_137928564,121,39,152,39,152,113,0.9707049131393433,RUNX,,tfbs,,False,False
h4_chr7_137924469_137928564,122,3688,3812,3688,3812,124,0.9706211090087891,,,,,False,False
h4_chr7_137924469_137928564,123,3366,3556,3366,3556,190,0.9706133604049683,,,,,False,False
h4_chr7_137924469_137928564,124,329,392,329,392,63,0.9705092310905457,,,,,False,False
h4_chr7_137924469_137928564,125,3656,3790,3656,3790,134,0.9704787135124207,,,,,False,False
h4_chr7_137924469_137928564,126,463,518,463,518,55,0.970429003238678,,Initiator,,promoter,False,False
h4_chr7_137924469_137928564,127,3165,3368,3165,3368,203,0.9704107046127319,,,,,False,False
h4_chr7_137924469_137928564,128,3747,3827,3747,3827,80,0.970368504524231,,,,,False,False
h4_chr7_137924469_137928564,129,3366,3609,3366,3609,243,0.9703368544578552,,,,,False,False
h4_chr7_137924469_137928564,130,3498,3710,3498,3710,212,0.9703091382980347,Initiator,Initiator,promoter,promoter,True,True
h4_chr7_137924469_137928564,131,3618,3818,3618,3818,200,0.9702762961387634,Initiator,,promoter,,False,False
h4_chr7_137924469_137928564,132,268,387,268,387,119,0.9702268838882446,Initiator,,promoter,,False,False
h4_chr7_137924469_137928564,133,3170,3242,3170,3242,72,0.9702204465866089,,,,,False,False
h4_chr7_137924469_137928564,134,48,151,48,151,103,0.9701659083366394,,,,,False,False
h4_chr7_137924469_137928564,135,39,109,39,109,70,0.9701337218284607,RUNX,,tfbs,,False,False
h4_chr7_137924469_137928564,136,3592,3816,3592,3816,224,0.9701046943664551,,,,,False,False
h4_chr7_137924469_137928564,137,219,409,219,409,190,0.9700896739959717,,,,,False,False
h4_chr7_137924469_137928564,138,268,409,268,409,141,0.9700601696968079,Initiator,,promoter,,False,False
h4_chr7_137924469_137928564,139,249,358,249,358,109,0.9700390696525574,,,,,False,False
h4_chr7_137924469_137928564,140,3686,3810,3686,3810,124,0.9699646830558777,,,,,False,False
h4_chr7_137924469_137928564,141,3586,3760,3586,3760,174,0.9699108600616455,,,,,False,False
h4_chr7_137924469_137928564,142,38,148,38,148,110,0.9698939323425293,RUNX,,tfbs,,False,False
h4_chr7_137924469_137928564,143,3535,3613,3535,3613,78,0.9698531627655029,,,,,False,False
h4_chr7_137924469_137928564,144,3498,3604,3498,3604,106,0.9698521494865417,Initiator,Initiator,promoter,promoter,True,True
h4_chr7_137924469_137928564,145,3058,3124,3058,3124,66,0.9698178768157959,Initiator,,promoter,,False,False
h4_chr7_137924469_137928564,146,3537,3673,3537,3673,136,0.9695903658866882,,,,,False,False
h4_chr7_137924469_137928564,147,159,213,159,213,54,0.9694974422454834,,,,,False,False
h4_chr7_137924469_137928564,148,160,213,160,213,53,0.969455897808075,,,,,False,False
h4_chr7_137924469_137928564,149,3618,3745,3618,3745,127,0.969443678855896,Initiator,,promoter,,False,False
h4_chr7_137924469_137928564,150,249,319,249,319,70,0.9694351553916931,,,,,False,False
h4_chr7_137924469_137928564,151,3745,3818,3745,3818,73,0.9692866802215576,,,,,False,False
h4_chr7_137924469_137928564,152,3528,3599,3528,3599,71,0.9691411256790161,,,,,False,False
h4_chr7_137924469_137928564,153,542,606,542,606,64,0.9689648747444153,,,,,False,False
h4_chr7_137924469_137928564,154,492,606,492,606,114,0.9689466953277588,Initiator,,promoter,,False,False
h4_chr7_137924469_137928564,155,540,606,540,606,66,0.9688900709152222,,,,,False,False
h4_chr7_137924469_137928564,156,3458,3686,3458,3686,228,0.9688754081726074,,,,,False,False
h4_chr7_137924469_137928564,157,3597,3821,3597,3821,224,0.968816876411438,,,,,False,False
h4_chr7_137924469_137928564,158,3434,3556,3434,3556,122,0.9684497714042664,,,,,False,False
h4_chr7_137924469_137928564,159,3434,3686,3434,3686,252,0.9683524370193481,,,,,False,False
h4_chr7_137924469_137928564,160,3159,3220,3159,3220,61,0.9683213829994202,Initiator;RUNX,,promoter;tfbs,,False,False
h4_chr7_137924469_137928564,161,240,325,240,325,85,0.9683054685592651,,Initiator,,promoter,False,False
h4_chr7_137924469_137928564,162,3540,3762,3540,3762,222,0.9681568741798401,,,,,False,False
h4_chr7_137924469_137928564,163,3584,3714,3584,3714,130,0.9680870175361633,,,,,False,False
h4_chr7_137924469_137928564,164,3620,3698,3620,3698,78,0.9679148197174072,Initiator,,promoter,,False,False
h4_chr7_137924469_137928564,165,3537,3768,3537,3768,231,0.9679051041603088,,,,,False,False
h4_chr7_137924469_137928564,166,492,608,492,608,116,0.9678598046302795,Initiator,,promoter,,False,False
h4_chr7_137924469_137928564,167,3366,3604,3366,3604,238,0.9678258895874023,,Initiator,,promoter,False,False
h4_chr7_137924469_137928564,168,293,492,293,492,199,0.9677857160568237,,Initiator,,promoter,False,False
h4_chr7_137924469_137928564,169,3613,3816,3613,3816,203,0.9676852226257324,,,,,False,False
h4_chr7_137924469_137928564,170,358,462,358,462,104,0.9676768183708191,,,,,False,False
h4_chr7_137924469_137928564,171,3258,3434,3258,3434,176,0.9676720499992371,,,,,False,False
h4_chr7_137924469_137928564,172,3562,3634,3562,3634,72,0.9675921201705933,,,,,False,False
h4_chr7_137924469_137928564,173,3424,3634,3424,3634,210,0.9675409197807312,,,,,False,False
h4_chr7_137924469_137928564,174,3666,3739,3666,3739,73,0.9675052165985107,,,,,False,False
h4_chr7_137924469_137928564,175,3424,3537,3424,3537,113,0.967452347278595,,,,,False,False
h4_chr7_137924469_137928564,176,3564,3709,3564,3709,145,0.9673903584480286,,Initiator,,promoter,False,False
h4_chr7_137924469_137928564,177,3709,3772,3709,3772,63,0.967339277267456,Initiator,,promoter,,False,False
h4_chr7_137924469_137928564,178,3634,3827,3634,3827,193,0.9672690629959106,,,,,False,False
h4_chr7_137924469_137928564,179,3497,3759,3497,3759,262,0.9672654271125793,Initiator,,promoter,,False,False
h4_chr7_137924469_137928564,180,108,324,108,324,216,0.9671995043754578,,Initiator,,promoter,False,False
h4_chr7_137924469_137928564,181,69,151,69,151,82,0.9671691656112671,,,,,False,False
h4_chr7_137924469_137928564,182,3569,3710,3569,3710,141,0.9671444892883301,,Initiator,,promoter,False,False
h4_chr7_137924469_137928564,183,3183,3368,3183,3368,185,0.9670972228050232,,,,,False,False
h4_chr7_137924469_137928564,184,1845,1895,1845,1895,50,0.967037558555603,,,,,False,False
h4_chr7_137924469_137928564,185,37,92,37,92,55,0.966985821723938,,,,,False,False
h4_chr7_137924469_137928564,186,3563,3816,3563,3816,253,0.9669119119644165,,,,,False,False
h4_chr7_137924469_137928564,187,83,133,83,133,50,0.9668871760368347,,,,,False,False
h4_chr7_137924469_137928564,188,3535,3745,3535,3745,210,0.9668866395950317,,,,,False,False
h4_chr7_137924469_137928564,189,239,380,239,380,141,0.9668359756469727,,,,,False,False
h4_chr7_137924469_137928564,190,295,392,295,392,97,0.9668346047401428,,,,,False,False
h4_chr7_137924469_137928564,191,3667,3740,3667,3740,73,0.9668326377868652,,,,,False,False
h4_chr7_137924469_137928564,192,3368,3609,3368,3609,241,0.966804563999176,,,,,False,False
h4_chr7_137924469_137928564,193,3597,3660,3597,3660,63,0.9667913317680359,,,,,False,False
h4_chr7_137924469_137928564,194,3112,3170,3112,3170,58,0.9667569398880005,,,,,False,False
h4_chr7_137924469_137928564,195,3179,3280,3179,3280,101,0.9667510390281677,,,,,False,False
h4_chr7_137924469_137928564,196,3563,3745,3563,3745,182,0.9667466282844543,,,,,False,False
h4_chr7_137924469_137928564,197,3762,3856,3762,3856,94,0.9667407274246216,,,,,False,False
h4_chr7_137924469_137928564,198,3040,3093,3040,3093,53,0.9667236804962158,TATA_box,,promoter,,False,False
h4_chr7_137924469_137928564,199,108,359,108,359,251,0.9667233824729919,,,,,False,False
h4_chr7_137924469_137928564,200,3768,3882,3768,3882,114,0.9667195081710815,,,,,False,False
h4_chr7_4391321_4395416,1,418,472,418,472,54,0.9882723093032837,,,,,False,False
h4_chr7_4391321_4395416,2,816,917,816,917,101,0.986650824546814,,,,,False,False
h4_chr7_4391321_4395416,3,747,840,747,840,93,0.9866296052932739,,,,,False,False
h4_chr7_4391321_4395416,4,562,648,562,648,86,0.9864087700843811,,,,,False,False
h4_chr7_4391321_4395416,5,480,562,480,562,82,0.9862984418869019,,,,,False,False
h4_chr7_4391321_4395416,6,480,566,480,566,86,0.9859483242034912,,,,,False,False
h4_chr7_4391321_4395416,7,418,480,418,480,62,0.9858968257904053,,,,,False,False
h4_chr7_4391321_4395416,8,418,562,418,562,144,0.9857848882675171,,,,,False,False
h4_chr7_4391321_4395416,9,472,566,472,566,94,0.9855340123176575,,,,,False,False
h4_chr7_4391321_4395416,10,472,562,472,562,90,0.9854433536529541,,,,,False,False
h4_chr7_4391321_4395416,11,984,1081,984,1081,97,0.9853438138961792,,,,,False,False
h4_chr7_4391321_4395416,12,418,566,418,566,148,0.9850394129753113,,,,,False,False
h4_chr7_4391321_4395416,13,737,803,737,803,66,0.9847914576530457,,,,,False,False
h4_chr7_4391321_4395416,14,658,747,658,747,89,0.9840500950813293,,,,,False,False
h4_chr7_4391321_4395416,15,998,1081,998,1081,83,0.9837261438369751,,,,,False,False
h4_chr7_4391321_4395416,16,860,917,860,917,57,0.9834735989570618,,,,,False,False
h4_chr7_4391321_4395416,17,445,566,445,566,121,0.983314573764801,,,,,False,False
h4_chr7_4391321_4395416,18,562,660,562,660,98,0.9830803275108337,,,,,False,False
h4_chr7_4391321_4395416,19,562,658,562,658,96,0.9827864170074463,,,,,False,False
h4_chr7_4391321_4395416,20,356,445,356,445,89,0.9818025231361389,,,,,False,False
h4_chr7_4391321_4395416,21,566,660,566,660,94,0.981306254863739,,,,,False,False
h4_chr7_4391321_4395416,22,525,582,525,582,57,0.9810293912887573,,,,,False,False
h4_chr7_4391321_4395416,23,847,934,847,934,87,0.9807634949684143,,,,,False,False
h4_chr7_4391321_4395416,24,858,934,858,934,76,0.9803140163421631,,,,,False,False
h4_chr7_4391321_4395416,25,506,648,506,648,142,0.9801805019378662,YY1,,tfbs,,False,False
h4_chr7_4391321_4395416,26,660,789,660,789,129,0.980077862739563,,,,,False,False
h4_chr7_4391321_4395416,27,566,648,566,648,82,0.9800108075141907,,,,,False,False
h4_chr7_4391321_4395416,28,866,934,866,934,68,0.9792004227638245,,,,,False,False
h4_chr7_4391321_4395416,29,1026,1093,1026,1093,67,0.9789524674415588,,Initiator,,promoter,False,False
h4_chr7_4391321_4395416,30,570,660,570,660,90,0.9789443612098694,,,,,False,False
h4_chr7_4391321_4395416,31,984,1107,984,1107,123,0.9784094095230103,,Initiator,,promoter,False,False
h4_chr7_4391321_4395416,32,480,648,480,648,168,0.9781076312065125,,,,,False,False
h4_chr7_4391321_4395416,33,658,789,658,789,131,0.9778691530227661,,,,,False,False
h4_chr7_4391321_4395416,34,2214,2308,2214,2308,94,0.9778124094009399,,GATA,,tfbs,False,False
h4_chr7_4391321_4395416,35,998,1107,998,1107,109,0.9777246713638306,,Initiator,,promoter,False,False
h4_chr7_4391321_4395416,36,445,562,445,562,117,0.9776660203933716,,,,,False,False
h4_chr7_4391321_4395416,37,506,562,506,562,56,0.9776654839515686,YY1,,tfbs,,False,False
h4_chr7_4391321_4395416,38,564,650,564,650,86,0.9775111079216003,,,,,False,False
h4_chr7_4391321_4395416,39,840,984,840,984,144,0.9774004817008972,,,,,False,False
h4_chr7_4391321_4395416,40,803,858,803,858,55,0.9769369959831238,,,,,False,False
h4_chr7_4391321_4395416,41,566,658,566,658,92,0.9762163162231445,,,,,False,False
h4_chr7_4391321_4395416,42,860,1000,860,1000,140,0.9759476780891418,,,,,False,False
h4_chr7_4391321_4395416,43,480,660,480,660,180,0.9756752252578735,,,,,False,False
h4_chr7_4391321_4395416,44,554,658,554,658,104,0.9755210876464844,Initiator;RUNX,,promoter;tfbs,,False,False
h4_chr7_4391321_4395416,45,356,418,356,418,62,0.9751657843589783,,,,,False,False
h4_chr7_4391321_4395416,46,792,917,792,917,125,0.9749707579612732,,,,,False,False
h4_chr7_4391321_4395416,47,506,660,506,660,154,0.9748289585113525,YY1,,tfbs,,False,False
h4_chr7_4391321_4395416,48,1024,1102,1024,1102,78,0.9745829105377197,,,,,False,False
h4_chr7_4391321_4395416,49,566,653,566,653,87,0.9745070338249207,,,,,False,False
h4_chr7_4391321_4395416,50,648,737,648,737,89,0.9744770526885986,,,,,False,False
h4_chr7_4391321_4395416,51,472,648,472,648,176,0.9744248986244202,,,,,False,False
h4_chr7_4391321_4395416,52,2139,2303,2139,2303,164,0.9741531014442444,Initiator,,promoter,,False,False
h4_chr7_4391321_4395416,53,570,658,570,658,88,0.9741267561912537,,,,,False,False
h4_chr7_4391321_4395416,54,737,789,737,789,52,0.9740608930587769,,,,,False,False
h4_chr7_4391321_4395416,55,747,803,747,803,56,0.97394198179245,,,,,False,False
h4_chr7_4391321_4395416,56,1239,1323,1239,1323,84,0.9739301204681396,,,,,False,False
h4_chr7_4391321_4395416,57,562,653,562,653,91,0.9738816022872925,,,,,False,False
h4_chr7_4391321_4395416,58,840,998,840,998,158,0.9736083149909973,,,,,False,False
h4_chr7_4391321_4395416,59,445,554,445,554,109,0.9734346270561218,,Initiator;RUNX,,promoter;tfbs,False,False
h4_chr7_4391321_4395416,60,660,737,660,737,77,0.9734141826629639,,,,,False,False
h4_chr7_4391321_4395416,61,1089,1162,1089,1162,73,0.973270058631897,Initiator,Initiator,promoter,promoter,True,True
h4_chr7_4391321_4395416,62,480,653,480,653,173,0.9732437133789062,,,,,False,False
h4_chr7_4391321_4395416,63,418,554,418,554,136,0.9731351137161255,,Initiator;RUNX,,promoter;tfbs,False,False
h4_chr7_4391321_4395416,64,1551,1601,1551,1601,50,0.973109781742096,,Initiator,,promoter,False,False
h4_chr7_4391321_4395416,65,658,737,658,737,79,0.9729292392730713,,,,,False,False
h4_chr7_4391321_4395416,66,554,660,554,660,106,0.9729219079017639,Initiator;RUNX,,promoter;tfbs,,False,False
h4_chr7_4391321_4395416,67,175,246,175,246,71,0.9727367758750916,,Initiator;RUNX,,promoter;tfbs,False,False
h4_chr7_4391321_4395416,68,506,570,506,570,64,0.9726449847221375,YY1,,tfbs,,False,False
h4_chr7_4391321_4395416,69,984,1093,984,1093,109,0.9723637700080872,,Initiator,,promoter,False,False
h4_chr7_4391321_4395416,70,868,970,868,970,102,0.972299337387085,,Initiator,,promoter,False,False
h4_chr7_4391321_4395416,71,1026,1107,1026,1107,81,0.9722829461097717,,Initiator,,promoter,False,False
h4_chr7_4391321_4395416,72,472,554,472,554,82,0.9721729755401611,,Initiator;RUNX,,promoter;tfbs,False,False
h4_chr7_4391321_4395416,73,1231,1323,1231,1323,92,0.97184818983078,,,,,False,False
h4_chr7_4391321_4395416,74,408,472,408,472,64,0.9718127846717834,Initiator,,promoter,,False,False
h4_chr7_4391321_4395416,75,356,472,356,472,116,0.9718098640441895,,,,,False,False
h4_chr7_4391321_4395416,76,480,554,480,554,74,0.9717466831207275,,Initiator;RUNX,,promoter;tfbs,False,False
h4_chr7_4391321_4395416,77,789,840,789,840,51,0.9716787934303284,,,,,False,False
h4_chr7_4391321_4395416,78,1193,1243,1193,1243,50,0.9716300368309021,,,,,False,False
h4_chr7_4391321_4395416,79,2517,2573,2517,2573,56,0.9715757369995117,,,,,False,False
h4_chr7_4391321_4395416,80,737,847,737,847,110,0.9713850617408752,,,,,False,False
h4_chr7_4391321_4395416,81,658,803,658,803,145,0.9713578224182129,,,,,False,False
h4_chr7_4391321_4395416,82,1093,1193,1093,1193,100,0.9713529944419861,Initiator,,promoter,,False,False
h4_chr7_4391321_4395416,83,472,660,472,660,188,0.9711117744445801,,,,,False,False
h4_chr7_4391321_4395416,84,1205,1259,1205,1259,54,0.9710656404495239,,,,,False,False
h4_chr7_4391321_4395416,85,648,789,648,789,141,0.9710632562637329,,,,,False,False
h4_chr7_4391321_4395416,86,2150,2276,2150,2276,126,0.9710448384284973,,,,,False,False
h4_chr7_4391321_4395416,87,506,566,506,566,60,0.9710171818733215,YY1,,tfbs,,False,False
h4_chr7_4391321_4395416,88,428,506,428,506,78,0.9709555506706238,,YY1,,tfbs,False,False
h4_chr7_4391321_4395416,89,1081,1243,1081,1243,162,0.9708998799324036,,,,,False,False
h4_chr7_4391321_4395416,90,747,984,747,984,237,0.97086501121521,,,,,False,False
h4_chr7_4391321_4395416,91,434,570,434,570,136,0.970733106136322,,,,,False,False
h4_chr7_4391321_4395416,92,803,934,803,934,131,0.970676839351654,,,,,False,False
h4_chr7_4391321_4395416,93,660,747,660,747,87,0.9706249833106995,,,,,False,False
h4_chr7_4391321_4395416,94,840,1026,840,1026,186,0.970458447933197,,,,,False,False
h4_chr7_4391321_4395416,95,1026,1134,1026,1134,108,0.9701725840568542,,Initiator,,promoter,False,False
h4_chr7_4391321_4395416,96,356,480,356,480,124,0.9701247215270996,,,,,False,False
h4_chr7_4391321_4395416,97,356,430,356,430,74,0.9701041579246521,,,,,False,False
h4_chr7_4391321_4395416,98,1089,1171,1089,1171,82,0.9698055982589722,Initiator,,promoter,,False,False
h4_chr7_4391321_4395416,99,408,562,408,562,154,0.969785749912262,Initiator,,promoter,,False,False
h4_chr7_4391321_4395416,100,2089,2150,2089,2150,61,0.9696191549301147,,,,,False,False
h4_chr7_4391321_4395416,101,408,480,408,480,72,0.96953946352005,Initiator,,promoter,,False,False
h4_chr7_4391321_4395416,102,428,480,428,480,52,0.9695011973381042,,,,,False,False
h4_chr7_4391321_4395416,103,747,816,747,816,69,0.9689010977745056,,,,,False,False
h4_chr7_4391321_4395416,104,570,789,570,789,219,0.9687923192977905,,,,,False,False
h4_chr7_4391321_4395416,105,472,653,472,653,181,0.9687676429748535,,,,,False,False
h4_chr7_4391321_4395416,106,1093,1243,1093,1243,150,0.9686301350593567,Initiator,,promoter,,False,False
h4_chr7_4391321_4395416,107,506,653,506,653,147,0.9685587286949158,YY1,,tfbs,,False,False
h4_chr7_4391321_4395416,108,747,998,747,998,251,0.9684510827064514,,,,,False,False
h4_chr7_4391321_4395416,109,737,858,737,858,121,0.9682438373565674,,,,,False,False
h4_chr7_4391321_4395416,110,1105,1205,1105,1205,100,0.968136191368103,Initiator,,promoter,,False,False
h4_chr7_4391321_4395416,111,911,1015,911,1015,104,0.9679340124130249,,,,,False,False
h4_chr7_4391321_4395416,112,998,1093,998,1093,95,0.9678324460983276,,Initiator,,promoter,False,False
h4_chr7_4391321_4395416,113,1105,1259,1105,1259,154,0.9677792191505432,Initiator,,promoter,,False,False
h4_chr7_4391321_4395416,114,648,803,648,803,155,0.9675626754760742,,,,,False,False
h4_chr7_4391321_4395416,115,175,226,175,226,51,0.9671528935432434,,,,,False,False
h4_chr7_4391321_4395416,116,1081,1193,1081,1193,112,0.9670792818069458,,,,,False,False
h4_chr7_4391321_4395416,117,1097,1214,1097,1214,117,0.9669278264045715,,,,,False,False
h4_chr7_4391321_4395416,118,2511,2573,2511,2573,62,0.9667395949363708,,,,,False,False
h4_chr7_4391321_4395416,119,737,934,737,934,197,0.9667074680328369,,,,,False,False
h4_chr7_4391321_4395416,120,2509,2573,2509,2573,64,0.9667047262191772,,,,,False,False
h4_chr7_4391321_4395416,121,849,902,849,902,53,0.96665358543396,,Initiator,,promoter,False,False
h4_chr7_4391321_4395416,122,2519,2573,2519,2573,54,0.9666526913642883,Initiator,,promoter,,False,False
h4_chr7_4391321_4395416,123,408,506,408,506,98,0.9666303992271423,Initiator,YY1,promoter,tfbs,True,False
h4_chr7_4391321_4395416,124,1000,1105,1000,1105,105,0.9665624499320984,,Initiator,,promoter,False,False
h4_chr7_4391321_4395416,125,506,658,506,658,152,0.966475784778595,YY1,,tfbs,,False,False
h4_chr7_4391321_4395416,126,570,737,570,737,167,0.9664648771286011,,,,,False,False
h4_chr7_4391321_4395416,127,408,570,408,570,162,0.9661872386932373,Initiator,,promoter,,False,False
h4_chr7_4391321_4395416,128,856,932,856,932,76,0.9660602807998657,Initiator,,promoter,,False,False
h4_chr7_4391321_4395416,129,656,831,656,831,175,0.9660147428512573,,,,,False,False
h4_chr7_4391321_4395416,130,1026,1081,1026,1081,55,0.9657939672470093,,,,,False,False
h4_chr7_4391321_4395416,131,472,582,472,582,110,0.9657787084579468,,,,,False,False
h4_chr7_4391321_4395416,132,510,636,510,636,126,0.9657025337219238,,,,,False,False
h4_chr7_4391321_4395416,133,480,582,480,582,102,0.9656690955162048,,,,,False,False
h4_chr7_4391321_4395416,134,228,430,228,430,202,0.9655824899673462,,,,,False,False
h4_chr7_4391321_4395416,135,864,1024,864,1024,160,0.9654035568237305,,,,,False,False
h4_chr7_4391321_4395416,136,917,1091,917,1091,174,0.965397298336029,,Initiator,,promoter,False,False
h4_chr7_4391321_4395416,137,418,648,418,648,230,0.9652886390686035,,,,,False,False
h4_chr7_4391321_4395416,138,480,658,480,658,178,0.9651610851287842,,,,,False,False
h4_chr7_4391321_4395416,139,418,506,418,506,88,0.9651212692260742,,YY1,,tfbs,False,False
h4_chr7_4391321_4395416,140,1287,1341,1287,1341,54,0.9651033878326416,,,,,False,False
h4_chr7_4391321_4395416,141,554,648,554,648,94,0.9650331735610962,Initiator;RUNX,,promoter;tfbs,,False,False
h4_chr7_4391321_4395416,142,356,566,356,566,210,0.9648967385292053,,,,,False,False
h4_chr7_4391321_4395416,143,1243,1328,1243,1328,85,0.9648324251174927,,,,,False,False
h4_chr7_4391321_4395416,144,653,789,653,789,136,0.9645651578903198,,,,,False,False
h4_chr7_4391321_4395416,145,570,648,570,648,78,0.9644985795021057,,,,,False,False
h4_chr7_4391321_4395416,146,2120,2214,2120,2214,94,0.9644392728805542,,,,,False,False
h4_chr7_4391321_4395416,147,936,1068,936,1068,132,0.96438068151474,,,,,False,False
h4_chr7_4391321_4395416,148,773,828,773,828,55,0.9642714262008667,,,,,False,False
h4_chr7_4391321_4395416,149,1000,1091,1000,1091,91,0.9642561674118042,,Initiator,,promoter,False,False
h4_chr7_4391321_4395416,150,658,840,658,840,182,0.9642482995986938,,,,,False,False
h4_chr7_4391321_4395416,151,428,582,428,582,154,0.9640032052993774,,,,,False,False
h4_chr7_4391321_4395416,152,804,859,804,859,55,0.9639728665351868,,,,,False,False
h4_chr7_4391321_4395416,153,656,818,656,818,162,0.9635935425758362,,,,,False,False
h4_chr7_4391321_4395416,154,2125,2178,2125,2178,53,0.9635915160179138,Initiator,,promoter,,False,False
h4_chr7_4391321_4395416,155,858,1105,858,1105,247,0.9635875225067139,,Initiator,,promoter,False,False
h4_chr7_4391321_4395416,156,506,582,506,582,76,0.9635599851608276,YY1,,tfbs,,False,False
h4_chr7_4391321_4395416,157,660,803,660,803,143,0.9632506966590881,,,,,False,False
h4_chr7_4391321_4395416,158,632,818,632,818,186,0.9631579518318176,,,,,False,False
h4_chr7_4391321_4395416,159,2128,2214,2128,2214,86,0.9630067944526672,Initiator,,promoter,,False,False
h4_chr7_4391321_4395416,160,506,737,506,737,231,0.9629277586936951,YY1,,tfbs,,False,False
h4_chr7_4391321_4395416,161,1475,1566,1475,1566,91,0.9629058837890625,,,,,False,False
h4_chr7_4391321_4395416,162,418,660,418,660,242,0.9628763794898987,,,,,False,False
h4_chr7_4391321_4395416,163,2182,2289,2182,2289,107,0.9628648161888123,,Initiator,,promoter,False,False
h4_chr7_4391321_4395416,164,418,658,418,658,240,0.9627602100372314,,,,,False,False
h4_chr7_4391321_4395416,165,737,840,737,840,103,0.9626771211624146,,,,,False,False
h4_chr7_4391321_4395416,166,2469,2564,2469,2564,95,0.962670087814331,,,,,False,False
h4_chr7_4391321_4395416,167,422,558,422,558,136,0.9626256823539734,,RUNX,,tfbs,False,False
h4_chr7_4391321_4395416,168,408,660,408,660,252,0.962588369846344,Initiator,,promoter,,False,False
h4_chr7_4391321_4395416,169,803,860,803,860,57,0.9622423648834229,,,,,False,False
h4_chr7_4391321_4395416,170,1000,1097,1000,1097,97,0.9621991515159607,,,,,False,False
h4_chr7_4391321_4395416,171,803,866,803,866,63,0.9621849060058594,,,,,False,False
h4_chr7_4391321_4395416,172,1091,1205,1091,1205,114,0.9621674418449402,Initiator,,promoter,,False,False
h4_chr7_4391321_4395416,173,480,570,480,570,90,0.9620962142944336,,,,,False,False
h4_chr7_4391321_4395416,174,658,816,658,816,158,0.9618949294090271,,,,,False,False
h4_chr7_4391321_4395416,175,558,636,558,636,78,0.9618148803710938,RUNX,,tfbs,,False,False
h4_chr7_4391321_4395416,176,408,566,408,566,158,0.9617863297462463,Initiator,,promoter,,False,False
h4_chr7_4391321_4395416,177,2395,2528,2395,2528,133,0.9616410732269287,,,,,False,False
h4_chr7_4391321_4395416,178,737,866,737,866,129,0.9615528583526611,,,,,False,False
h4_chr7_4391321_4395416,179,803,1000,803,1000,197,0.9615510702133179,,,,,False,False
h4_chr7_4391321_4395416,180,952,1024,952,1024,72,0.961512565612793,,,,,False,False
h4_chr7_4391321_4395416,181,911,998,911,998,87,0.9614974856376648,,,,,False,False
h4_chr7_4391321_4395416,182,265,356,265,356,91,0.9614928960800171,RUNX,,tfbs,,False,False
h4_chr7_4391321_4395416,183,868,1012,868,1012,144,0.9613871574401855,,,,,False,False
h4_chr7_4391321_4395416,184,1081,1134,1081,1134,53,0.9613732695579529,,Initiator,,promoter,False,False
h4_chr7_4391321_4395416,185,445,660,445,660,215,0.9613061547279358,,,,,False,False
h4_chr7_4391321_4395416,186,1360,1443,1360,1443,83,0.9613003730773926,,,,,False,False
h4_chr7_4391321_4395416,187,445,506,445,506,61,0.9612183570861816,,YY1,,tfbs,False,False
h4_chr7_4391321_4395416,188,1026,1105,1026,1105,79,0.9611769914627075,,Initiator,,promoter,False,False
h4_chr7_4391321_4395416,189,2492,2573,2492,2573,81,0.961061954498291,,,,,False,False
h4_chr7_4391321_4395416,190,472,658,472,658,186,0.9610438942909241,,,,,False,False
h4_chr7_4391321_4395416,191,408,658,408,658,250,0.9609925746917725,Initiator,,promoter,,False,False
h4_chr7_4391321_4395416,192,1898,2048,1898,2048,150,0.9608656167984009,,,,,False,False
h4_chr7_4391321_4395416,193,2043,2113,2043,2113,70,0.9608291983604431,,,,,False,False
h4_chr7_4391321_4395416,194,428,562,428,562,134,0.960748553276062,,,,,False,False
h4_chr7_4391321_4395416,195,877,979,877,979,102,0.9605992436408997,,Initiator,,promoter,False,False
h4_chr7_4391321_4395416,196,952,1048,952,1048,96,0.9605459570884705,,,,,False,False
h4_chr7_4391321_4395416,197,434,562,434,562,128,0.9604571461677551,,,,,False,False
h4_chr7_4391321_4395416,198,1000,1107,1000,1107,107,0.960302472114563,,Initiator,,promoter,False,False
h4_chr7_4391321_4395416,199,1145,1226,1145,1226,81,0.9602906107902527,,,,,False,False
h4_chr7_4391321_4395416,200,1919,2019,1919,2019,100,0.9601683020591736,,,,,False,False
h4_chrX_127567034_127571129,1,3285,3376,3285,3376,91,0.9881541132926941,,,,,False,False
h4_chrX_127567034_127571129,2,3618,3670,3618,3670,52,0.9850531816482544,,,,,False,False
h4_chrX_127567034_127571129,3,3295,3376,3295,3376,81,0.9850075840950012,,,,,False,False
h4_chrX_127567034_127571129,4,3674,3776,3674,3776,102,0.9847736954689026,,,,,False,False
h4_chrX_127567034_127571129,5,3489,3603,3489,3603,114,0.9834612011909485,,,,,False,False
h4_chrX_127567034_127571129,6,3376,3461,3376,3461,85,0.9822619557380676,,,,,False,False
h4_chrX_127567034_127571129,7,3493,3564,3493,3564,71,0.9821508526802063,,,,,False,False
h4_chrX_127567034_127571129,8,3283,3376,3283,3376,93,0.9815166592597961,,,,,False,False
h4_chrX_127567034_127571129,9,3295,3359,3295,3359,64,0.98101806640625,,,,,False,False
h4_chrX_127567034_127571129,10,3603,3670,3603,3670,67,0.9809368252754211,,,,,False,False
h4_chrX_127567034_127571129,11,3674,3800,3674,3800,126,0.9804906845092773,,,,,False,False
h4_chrX_127567034_127571129,12,3685,3804,3685,3804,119,0.9803544282913208,,,,,False,False
h4_chrX_127567034_127571129,13,3247,3334,3247,3334,87,0.978833019733429,Initiator,,promoter,,False,False
h4_chrX_127567034_127571129,14,3504,3564,3504,3564,60,0.9781540632247925,,,,,False,False
h4_chrX_127567034_127571129,15,3493,3679,3493,3679,186,0.9780001044273376,,,,,False,False
h4_chrX_127567034_127571129,16,3603,3674,3603,3674,71,0.9776433110237122,,,,,False,False
h4_chrX_127567034_127571129,17,3749,3803,3749,3803,54,0.977470874786377,YY1,,tfbs,,False,False
h4_chrX_127567034_127571129,18,3493,3560,3493,3560,67,0.9772089719772339,,,,,False,False
h4_chrX_127567034_127571129,19,3748,3808,3748,3808,60,0.9767110347747803,YY1,,tfbs,,False,False
h4_chrX_127567034_127571129,20,3748,3802,3748,3802,54,0.9766693115234375,YY1,,tfbs,,False,False
h4_chrX_127567034_127571129,21,3447,3545,3447,3545,98,0.976619303226471,,,,,False,False
h4_chrX_127567034_127571129,22,3192,3254,3192,3254,62,0.9763121604919434,Initiator,,promoter,,False,False
h4_chrX_127567034_127571129,23,3489,3618,3489,3618,129,0.9760751128196716,,,,,False,False
h4_chrX_127567034_127571129,24,3247,3376,3247,3376,129,0.9759760499000549,Initiator,,promoter,,False,False
h4_chrX_127567034_127571129,25,3618,3804,3618,3804,186,0.9759556651115417,,,,,False,False
h4_chrX_127567034_127571129,26,3474,3624,3474,3624,150,0.9758783578872681,Initiator,Initiator,promoter,promoter,True,True
h4_chrX_127567034_127571129,27,3228,3334,3228,3334,106,0.9758359789848328,,,,,False,False
h4_chrX_127567034_127571129,28,3447,3544,3447,3544,97,0.9756676554679871,,,,,False,False
h4_chrX_127567034_127571129,29,3283,3359,3283,3359,76,0.9755804538726807,,,,,False,False
h4_chrX_127567034_127571129,30,3273,3334,3273,3334,61,0.9755280613899231,,,,,False,False
h4_chrX_127567034_127571129,31,3285,3359,3285,3359,74,0.9754638671875,,,,,False,False
h4_chrX_127567034_127571129,32,3480,3579,3480,3579,99,0.9753082990646362,Initiator,,promoter,,False,False
h4_chrX_127567034_127571129,33,3504,3560,3504,3560,56,0.9751977920532227,,,,,False,False
h4_chrX_127567034_127571129,34,3189,3257,3189,3257,68,0.9749890565872192,,,,,False,False
h4_chrX_127567034_127571129,35,3674,3767,3674,3767,93,0.9749393463134766,,,,,False,False
h4_chrX_127567034_127571129,36,3618,3685,3618,3685,67,0.9741700291633606,,,,,False,False
h4_chrX_127567034_127571129,37,3521,3576,3521,3576,55,0.9741538763046265,,,,,False,False
h4_chrX_127567034_127571129,38,3687,3813,3687,3813,126,0.9740435481071472,,,,,False,False
h4_chrX_127567034_127571129,39,3273,3489,3273,3489,216,0.9737365245819092,,,,,False,False
h4_chrX_127567034_127571129,40,3527,3679,3527,3679,152,0.9737095236778259,,,,,False,False
h4_chrX_127567034_127571129,41,3674,3748,3674,3748,74,0.9734247326850891,,YY1,,tfbs,False,False
h4_chrX_127567034_127571129,42,2258,2335,2258,2335,77,0.9733569622039795,,,,,False,False
h4_chrX_127567034_127571129,43,3264,3328,3264,3328,64,0.9733027815818787,,,,,False,False
h4_chrX_127567034_127571129,44,3427,3495,3427,3495,68,0.9731847643852234,,,,,False,False
h4_chrX_127567034_127571129,45,3670,3776,3670,3776,106,0.9731337428092957,,,,,False,False
h4_chrX_127567034_127571129,46,3669,3803,3669,3803,134,0.9731219410896301,,,,,False,False
h4_chrX_127567034_127571129,47,3687,3854,3687,3854,167,0.9731112122535706,,,,,False,False
h4_chrX_127567034_127571129,48,3461,3670,3461,3670,209,0.9730799794197083,,,,,False,False
h4_chrX_127567034_127571129,49,2270,2335,2270,2335,65,0.9730033278465271,Initiator,,promoter,,False,False
h4_chrX_127567034_127571129,50,3334,3476,3334,3476,142,0.9729471206665039,,Initiator,,promoter,False,False
h4_chrX_127567034_127571129,51,3808,3896,3808,3896,88,0.9728943109512329,,,,,False,False
h4_chrX_127567034_127571129,52,3247,3489,3247,3489,242,0.972707211971283,Initiator,,promoter,,False,False
h4_chrX_127567034_127571129,53,2547,2606,2547,2606,59,0.9726877212524414,Initiator,,promoter,,False,False
h4_chrX_127567034_127571129,54,3476,3569,3476,3569,93,0.9726783037185669,Initiator,,promoter,,False,False
h4_chrX_127567034_127571129,55,3576,3640,3576,3640,64,0.9724102020263672,,,,,False,False
h4_chrX_127567034_127571129,56,3495,3563,3495,3563,68,0.9723498821258545,,,,,False,False
h4_chrX_127567034_127571129,57,3672,3806,3672,3806,134,0.9722907543182373,,,,,False,False
h4_chrX_127567034_127571129,58,3359,3461,3359,3461,102,0.9722907543182373,,,,,False,False
h4_chrX_127567034_127571129,59,3618,3674,3618,3674,56,0.9720484018325806,,,,,False,False
h4_chrX_127567034_127571129,60,3808,3888,3808,3888,80,0.9720109105110168,,,,,False,False
h4_chrX_127567034_127571129,61,3527,3581,3527,3581,54,0.9719467759132385,,,,,False,False
h4_chrX_127567034_127571129,62,3262,3328,3262,3328,66,0.9719048738479614,,,,,False,False
h4_chrX_127567034_127571129,63,3480,3581,3480,3581,101,0.9716337323188782,Initiator,,promoter,,False,False
h4_chrX_127567034_127571129,64,3603,3804,3603,3804,201,0.971507728099823,,,,,False,False
h4_chrX_127567034_127571129,65,3793,3874,3793,3874,81,0.9714009165763855,BREu,,promoter,,False,False
h4_chrX_127567034_127571129,66,3796,3874,3796,3874,78,0.971262514591217,,,,,False,False
h4_chrX_127567034_127571129,67,3480,3624,3480,3624,144,0.971224844455719,Initiator,Initiator,promoter,promoter,True,True
h4_chrX_127567034_127571129,68,3693,3827,3693,3827,134,0.9711510539054871,,,,,False,False
h4_chrX_127567034_127571129,69,3334,3463,3334,3463,129,0.9710882902145386,,,,,False,False
h4_chrX_127567034_127571129,70,3334,3461,3334,3461,127,0.9710462689399719,,,,,False,False
h4_chrX_127567034_127571129,71,3483,3593,3483,3593,110,0.9710075855255127,,Initiator,,promoter,False,False
h4_chrX_127567034_127571129,72,3218,3328,3218,3328,110,0.9709299802780151,,,,,False,False
h4_chrX_127567034_127571129,73,3254,3309,3254,3309,55,0.970788300037384,,,,,False,False
h4_chrX_127567034_127571129,74,3668,3802,3668,3802,134,0.9707567691802979,,,,,False,False
h4_chrX_127567034_127571129,75,3313,3370,3313,3370,57,0.970669686794281,,,,,False,False
h4_chrX_127567034_127571129,76,3491,3603,3491,3603,112,0.9706090092658997,,,,,False,False
h4_chrX_127567034_127571129,77,3435,3491,3435,3491,56,0.9705514311790466,Initiator,,promoter,,False,False
h4_chrX_127567034_127571129,78,3804,3896,3804,3896,92,0.9704649448394775,,,,,False,False
h4_chrX_127567034_127571129,79,3352,3417,3352,3417,65,0.9704394936561584,Initiator,,promoter,,False,False
h4_chrX_127567034_127571129,80,3598,3708,3598,3708,110,0.97040855884552,Initiator,GC_box,promoter,promoter,True,False
h4_chrX_127567034_127571129,81,3802,3888,3802,3888,86,0.9703956246376038,,,,,False,False
h4_chrX_127567034_127571129,82,3474,3526,3474,3526,52,0.9703275561332703,Initiator,,promoter,,False,False
h4_chrX_127567034_127571129,83,3172,3334,3172,3334,162,0.9703113436698914,Initiator,,promoter,,False,False
h4_chrX_127567034_127571129,84,3569,3629,3569,3629,60,0.9701423048973083,,Initiator,,promoter,False,False
h4_chrX_127567034_127571129,85,2230,2283,2230,2283,53,0.9700973629951477,,,,,False,False
h4_chrX_127567034_127571129,86,3427,3544,3427,3544,117,0.9700910449028015,,,,,False,False
h4_chrX_127567034_127571129,87,3670,3767,3670,3767,97,0.9698663353919983,,,,,False,False
h4_chrX_127567034_127571129,88,3374,3489,3374,3489,115,0.969787061214447,,,,,False,False
h4_chrX_127567034_127571129,89,3493,3581,3493,3581,88,0.9697814583778381,,,,,False,False
h4_chrX_127567034_127571129,90,3346,3427,3346,3427,81,0.969780683517456,,,,,False,False
h4_chrX_127567034_127571129,91,3379,3466,3379,3466,87,0.9697762131690979,,,,,False,False
h4_chrX_127567034_127571129,92,3838,3914,3838,3914,76,0.9695892333984375,,Initiator,,promoter,False,False
h4_chrX_127567034_127571129,93,3668,3748,3668,3748,80,0.9695684313774109,,YY1,,tfbs,False,False
h4_chrX_127567034_127571129,94,3748,3888,3748,3888,140,0.9693025350570679,YY1,,tfbs,,False,False
h4_chrX_127567034_127571129,95,2240,2329,2240,2329,89,0.9689891934394836,,,,,False,False
h4_chrX_127567034_127571129,96,3860,3914,3860,3914,54,0.9689297080039978,,Initiator,,promoter,False,False
h4_chrX_127567034_127571129,97,3504,3679,3504,3679,175,0.9688922166824341,,,,,False,False
h4_chrX_127567034_127571129,98,3860,3913,3860,3913,53,0.968669593334198,,,,,False,False
h4_chrX_127567034_127571129,99,3262,3316,3262,3316,54,0.9686581492424011,,,,,False,False
h4_chrX_127567034_127571129,100,3708,3920,3708,3920,212,0.9686439037322998,GC_box,Initiator,promoter,promoter,True,False
h4_chrX_127567034_127571129,101,3428,3504,3428,3504,76,0.9685946702957153,,,,,False,False
h4_chrX_127567034_127571129,102,3666,3758,3666,3758,92,0.9685874581336975,,,,,False,False
h4_chrX_127567034_127571129,103,3776,3894,3776,3894,118,0.968565046787262,,,,,False,False
h4_chrX_127567034_127571129,104,3702,3862,3702,3862,160,0.968539297580719,,,,,False,False
h4_chrX_127567034_127571129,105,3371,3466,3371,3466,95,0.9684704542160034,,,,,False,False
h4_chrX_127567034_127571129,106,3498,3621,3498,3621,123,0.9684383869171143,,Initiator,,promoter,False,False
h4_chrX_127567034_127571129,107,3476,3670,3476,3670,194,0.968437910079956,Initiator,,promoter,,False,False
h4_chrX_127567034_127571129,108,3447,3564,3447,3564,117,0.9684378504753113,,,,,False,False
h4_chrX_127567034_127571129,109,3866,3920,3866,3920,54,0.9683935046195984,,Initiator,,promoter,False,False
h4_chrX_127567034_127571129,110,3376,3476,3376,3476,100,0.9683576822280884,,Initiator,,promoter,False,False
h4_chrX_127567034_127571129,111,3864,3920,3864,3920,56,0.9683549404144287,,Initiator,,promoter,False,False
h4_chrX_127567034_127571129,112,3334,3478,3334,3478,144,0.9682520627975464,,Initiator,,promoter,False,False
h4_chrX_127567034_127571129,113,3461,3569,3461,3569,108,0.968207597732544,,,,,False,False
h4_chrX_127567034_127571129,114,3866,3980,3866,3980,114,0.9681878685951233,,,,,False,False
h4_chrX_127567034_127571129,115,3172,3271,3172,3271,99,0.9681848883628845,Initiator,,promoter,,False,False
h4_chrX_127567034_127571129,116,3456,3579,3456,3579,123,0.9681837558746338,GATA,,tfbs,,False,False
h4_chrX_127567034_127571129,117,3607,3732,3607,3732,125,0.968106210231781,Initiator,,promoter,,False,False
h4_chrX_127567034_127571129,118,2463,2533,2463,2533,70,0.9680151343345642,Initiator,,promoter,,False,False
h4_chrX_127567034_127571129,119,3728,3848,3728,3848,120,0.9679985642433167,,,,,False,False
h4_chrX_127567034_127571129,120,3435,3603,3435,3603,168,0.9679805636405945,Initiator,,promoter,,False,False
h4_chrX_127567034_127571129,121,3489,3629,3489,3629,140,0.9679475426673889,,Initiator,,promoter,False,False
h4_chrX_127567034_127571129,122,3195,3334,3195,3334,139,0.9679268598556519,Initiator,,promoter,,False,False
h4_chrX_127567034_127571129,123,3674,3896,3674,3896,222,0.9678071141242981,,,,,False,False
h4_chrX_127567034_127571129,124,3717,3833,3717,3833,116,0.967803418636322,,,,,False,False
h4_chrX_127567034_127571129,125,3395,3495,3395,3495,100,0.9677981734275818,,,,,False,False
h4_chrX_127567034_127571129,126,3607,3708,3607,3708,101,0.9677774906158447,Initiator,GC_box,promoter,promoter,True,False
h4_chrX_127567034_127571129,127,3666,3983,3666,3983,317,0.967571496963501,,,,,False,False
h4_chrX_127567034_127571129,128,3907,3980,3907,3980,73,0.9675520062446594,Initiator,,promoter,,False,False
h4_chrX_127567034_127571129,129,3666,3814,3666,3814,148,0.9675235748291016,,,,,False,False
h4_chrX_127567034_127571129,130,3374,3463,3374,3463,89,0.9674562811851501,,,,,False,False
h4_chrX_127567034_127571129,131,3666,3854,3666,3854,188,0.9673867225646973,,,,,False,False
h4_chrX_127567034_127571129,132,3435,3489,3435,3489,54,0.9673826694488525,Initiator,,promoter,,False,False
h4_chrX_127567034_127571129,133,3254,3328,3254,3328,74,0.967380166053772,,,,,False,False
h4_chrX_127567034_127571129,134,3493,3813,3493,3813,320,0.9673320651054382,,,,,False,False
h4_chrX_127567034_127571129,135,3463,3569,3463,3569,106,0.9673199653625488,,,,,False,False
h4_chrX_127567034_127571129,136,3483,3584,3483,3584,101,0.9672501087188721,,,,,False,False
h4_chrX_127567034_127571129,137,3142,3271,3142,3271,129,0.9671933054924011,,,,,False,False
h4_chrX_127567034_127571129,138,3708,3842,3708,3842,134,0.9671794772148132,GC_box,,promoter,,False,False
h4_chrX_127567034_127571129,139,3618,3792,3618,3792,174,0.9671765565872192,,BREu,,promoter,False,False
h4_chrX_127567034_127571129,140,3247,3435,3247,3435,188,0.9671708345413208,Initiator,Initiator,promoter,promoter,True,True
h4_chrX_127567034_127571129,141,3674,3808,3674,3808,134,0.9671531319618225,,,,,False,False
h4_chrX_127567034_127571129,142,3003,3097,3003,3097,94,0.9671450257301331,,,,,False,False
h4_chrX_127567034_127571129,143,3521,3613,3521,3613,92,0.9670199751853943,,Initiator,,promoter,False,False
h4_chrX_127567034_127571129,144,3685,3808,3685,3808,123,0.9669774174690247,,,,,False,False
h4_chrX_127567034_127571129,145,3527,3579,3527,3579,52,0.9669751524925232,,,,,False,False
h4_chrX_127567034_127571129,146,3428,3527,3428,3527,99,0.9669381976127625,,,,,False,False
h4_chrX_127567034_127571129,147,3447,3561,3447,3561,114,0.9669122695922852,,,,,False,False
h4_chrX_127567034_127571129,148,3504,3581,3504,3581,77,0.9668514132499695,,,,,False,False
h4_chrX_127567034_127571129,149,3247,3491,3247,3491,244,0.9667747616767883,Initiator,,promoter,,False,False
h4_chrX_127567034_127571129,150,3693,3859,3693,3859,166,0.9667454957962036,,,,,False,False
h4_chrX_127567034_127571129,151,3828,3913,3828,3913,85,0.966725766658783,,,,,False,False
h4_chrX_127567034_127571129,152,3662,3796,3662,3796,134,0.966724157333374,,,,,False,False
h4_chrX_127567034_127571129,153,3273,3435,3273,3435,162,0.9666861891746521,,Initiator,,promoter,False,False
h4_chrX_127567034_127571129,154,3618,3894,3618,3894,276,0.9666701555252075,,,,,False,False
h4_chrX_127567034_127571129,155,3285,3489,3285,3489,204,0.9666179418563843,,,,,False,False
h4_chrX_127567034_127571129,156,2335,2433,2335,2433,98,0.966586172580719,,Initiator,,promoter,False,False
h4_chrX_127567034_127571129,157,3428,3493,3428,3493,65,0.9665476083755493,,,,,False,False
h4_chrX_127567034_127571129,158,3662,3793,3662,3793,131,0.9664126634597778,,BREu,,promoter,False,False
h4_chrX_127567034_127571129,159,3218,3288,3218,3288,70,0.9663962125778198,,,,,False,False
h4_chrX_127567034_127571129,160,3273,3376,3273,3376,103,0.9663630723953247,,,,,False,False
h4_chrX_127567034_127571129,161,3136,3228,3136,3228,92,0.9661809802055359,,,,,False,False
h4_chrX_127567034_127571129,162,3658,3792,3658,3792,134,0.9661577939987183,BREu,BREu,promoter,promoter,True,True
h4_chrX_127567034_127571129,163,3640,3771,3640,3771,131,0.966137707233429,,,,,False,False
h4_chrX_127567034_127571129,164,3489,3685,3489,3685,196,0.966116189956665,,,,,False,False
h4_chrX_127567034_127571129,165,3748,3896,3748,3896,148,0.9660851955413818,YY1,,tfbs,,False,False
h4_chrX_127567034_127571129,166,3666,3739,3666,3739,73,0.9660753607749939,,,,,False,False
h4_chrX_127567034_127571129,167,3640,3780,3640,3780,140,0.9660753607749939,,Initiator,,promoter,False,False
h4_chrX_127567034_127571129,168,3576,3643,3576,3643,67,0.9660536050796509,,,,,False,False
h4_chrX_127567034_127571129,169,3521,3591,3521,3591,70,0.9660406708717346,,,,,False,False
h4_chrX_127567034_127571129,170,3669,3749,3669,3749,80,0.9660113453865051,,YY1,,tfbs,False,False
h4_chrX_127567034_127571129,171,2335,2431,2335,2431,96,0.9659945368766785,,,,,False,False
h4_chrX_127567034_127571129,172,3236,3328,3236,3328,92,0.9659410715103149,,,,,False,False
h4_chrX_127567034_127571129,173,3687,3739,3687,3739,52,0.9658758640289307,,,,,False,False
h4_chrX_127567034_127571129,174,3214,3273,3214,3273,59,0.96586674451828,,,,,False,False
h4_chrX_127567034_127571129,175,3643,3780,3643,3780,137,0.9657998085021973,,Initiator,,promoter,False,False
h4_chrX_127567034_127571129,176,3670,3800,3670,3800,130,0.9657547473907471,,,,,False,False
h4_chrX_127567034_127571129,177,3159,3271,3159,3271,112,0.965743362903595,,,,,False,False
h4_chrX_127567034_127571129,178,2425,2501,2425,2501,76,0.9657231569290161,,,,,False,False
h4_chrX_127567034_127571129,179,3218,3309,3218,3309,91,0.9657105207443237,,,,,False,False
h4_chrX_127567034_127571129,180,3353,3480,3353,3480,127,0.9656826853752136,Initiator,Initiator,promoter,promoter,True,True
h4_chrX_127567034_127571129,181,3447,3560,3447,3560,113,0.9656515121459961,,,,,False,False
h4_chrX_127567034_127571129,182,3353,3474,3353,3474,121,0.965618371963501,Initiator,Initiator,promoter,promoter,True,True
h4_chrX_127567034_127571129,183,2270,2431,2270,2431,161,0.9655710458755493,Initiator,,promoter,,False,False
h4_chrX_127567034_127571129,184,3495,3580,3495,3580,85,0.9655072689056396,,,,,False,False
h4_chrX_127567034_127571129,185,3067,3148,3067,3148,81,0.9653801918029785,Initiator,,promoter,,False,False
h4_chrX_127567034_127571129,186,3802,3896,3802,3896,94,0.9653518795967102,,,,,False,False
h4_chrX_127567034_127571129,187,3245,3334,3245,3334,89,0.9652555584907532,Initiator,,promoter,,False,False
h4_chrX_127567034_127571129,188,3767,3820,3767,3820,53,0.9651683568954468,,,,,False,False
h4_chrX_127567034_127571129,189,3493,3579,3493,3579,86,0.9651548266410828,,,,,False,False
h4_chrX_127567034_127571129,190,3247,3359,3247,3359,112,0.9651468396186829,Initiator,,promoter,,False,False
h4_chrX_127567034_127571129,191,3491,3629,3491,3629,138,0.9651364088058472,,Initiator,,promoter,False,False
h4_chrX_127567034_127571129,192,3478,3569,3478,3569,91,0.9651263952255249,Initiator,,promoter,,False,False
h4_chrX_127567034_127571129,193,3346,3447,3346,3447,101,0.9651040434837341,,,,,False,False
h4_chrX_127567034_127571129,194,3376,3618,3376,3618,242,0.9650668501853943,,,,,False,False
h4_chrX_127567034_127571129,195,3828,3914,3828,3914,86,0.9649624228477478,,Initiator,,promoter,False,False
h4_chrX_127567034_127571129,196,3395,3544,3395,3544,149,0.9649404287338257,,,,,False,False
h4_chrX_127567034_127571129,197,3533,3708,3533,3708,175,0.9649391770362854,Initiator,GC_box,promoter,promoter,True,False
h4_chrX_127567034_127571129,198,3674,3888,3674,3888,214,0.9649302363395691,,,,,False,False
h4_chrX_127567034_127571129,199,3672,3739,3672,3739,67,0.9649223685264587,,,,,False,False
h4_chrX_127567034_127571129,200,3972,4036,3972,4036,64,0.9648845791816711,,,,,False,False
h4_chrX_130740848_130744943,1,825,895,825,895,70,0.9957071542739868,,,,,False,False
h4_chrX_130740848_130744943,2,800,883,800,883,83,0.9915035963058472,,,,,False,False
h4_chrX_130740848_130744943,3,1077,1184,1077,1184,107,0.990837037563324,,,,,False,False
h4_chrX_130740848_130744943,4,591,663,591,663,72,0.9872230291366577,,,,,False,False
h4_chrX_130740848_130744943,5,1324,1386,1324,1386,62,0.9870339035987854,,,,,False,False
h4_chrX_130740848_130744943,6,530,589,530,589,59,0.9865184426307678,,,,,False,False
h4_chrX_130740848_130744943,7,690,786,690,786,96,0.9863759279251099,,,,,False,False
h4_chrX_130740848_130744943,8,240,292,240,292,52,0.9856109619140625,,Initiator,,promoter,False,False
h4_chrX_130740848_130744943,9,849,920,849,920,71,0.985501766204834,Initiator,,promoter,,False,False
h4_chrX_130740848_130744943,10,690,792,690,792,102,0.9842219948768616,,,,,False,False
h4_chrX_130740848_130744943,11,800,856,800,856,56,0.9838471412658691,,,,,False,False
h4_chrX_130740848_130744943,12,1077,1208,1077,1208,131,0.9837600588798523,,,,,False,False
h4_chrX_130740848_130744943,13,221,292,221,292,71,0.9836475849151611,Initiator;TATA_box,Initiator,promoter,promoter,True,True
h4_chrX_130740848_130744943,14,1151,1212,1151,1212,61,0.9836379885673523,,Initiator,,promoter,False,False
h4_chrX_130740848_130744943,15,849,939,849,939,90,0.9835118651390076,Initiator,,promoter,,False,False
h4_chrX_130740848_130744943,16,1112,1194,1112,1194,82,0.9833319187164307,Initiator,,promoter,,False,False
h4_chrX_130740848_130744943,17,636,707,636,707,71,0.9831333160400391,,,,,False,False
h4_chrX_130740848_130744943,18,707,825,707,825,118,0.9829218983650208,,,,,False,False
h4_chrX_130740848_130744943,19,1104,1196,1104,1196,92,0.9824023842811584,,,,,False,False
h4_chrX_130740848_130744943,20,2022,2116,2022,2116,94,0.9823582172393799,,,,,False,False
h4_chrX_130740848_130744943,21,417,496,417,496,79,0.9822721481323242,,,,,False,False
h4_chrX_130740848_130744943,22,1104,1194,1104,1194,90,0.9820966124534607,,,,,False,False
h4_chrX_130740848_130744943,23,934,986,934,986,52,0.9820913076400757,,Initiator,,promoter,False,False
h4_chrX_130740848_130744943,24,417,526,417,526,109,0.9820215106010437,,,,,False,False
h4_chrX_130740848_130744943,25,800,920,800,920,120,0.9817641973495483,,,,,False,False
h4_chrX_130740848_130744943,26,221,293,221,293,72,0.9816992878913879,Initiator;TATA_box,,promoter,,False,False
h4_chrX_130740848_130744943,27,1322,1386,1322,1386,64,0.9815275073051453,,,,,False,False
h4_chrX_130740848_130744943,28,675,774,675,774,99,0.9812667965888977,Initiator,,promoter,,False,False
h4_chrX_130740848_130744943,29,569,661,569,661,92,0.9811963438987732,Initiator,,promoter,,False,False
h4_chrX_130740848_130744943,30,241,292,241,292,51,0.9811655282974243,,Initiator,,promoter,False,False
h4_chrX_130740848_130744943,31,3501,3579,3501,3579,78,0.9809356927871704,,Initiator,,promoter,False,False
h4_chrX_130740848_130744943,32,1104,1199,1104,1199,95,0.9807170033454895,,Initiator;YY1,,promoter;tfbs,False,False
h4_chrX_130740848_130744943,33,984,1078,984,1078,94,0.980463445186615,Initiator,,promoter,,False,False
h4_chrX_130740848_130744943,34,771,866,771,866,95,0.9804007411003113,,Initiator,,promoter,False,False
h4_chrX_130740848_130744943,35,971,1078,971,1078,107,0.9803141951560974,,,,,False,False
h4_chrX_130740848_130744943,36,1208,1308,1208,1308,100,0.9798428416252136,,,,,False,False
h4_chrX_130740848_130744943,37,530,632,530,632,102,0.9797344207763672,,,,,False,False
h4_chrX_130740848_130744943,38,1330,1386,1330,1386,56,0.9796580076217651,,,,,False,False
h4_chrX_130740848_130744943,39,2195,2331,2195,2331,136,0.9794754981994629,,,,,False,False
h4_chrX_130740848_130744943,40,589,661,589,661,72,0.9793760776519775,,,,,False,False
h4_chrX_130740848_130744943,41,986,1090,986,1090,104,0.9792613983154297,Initiator,,promoter,,False,False
h4_chrX_130740848_130744943,42,938,1024,938,1024,86,0.9792593717575073,,,,,False,False
h4_chrX_130740848_130744943,43,781,858,781,858,77,0.9791411757469177,,,,,False,False
h4_chrX_130740848_130744943,44,1093,1150,1093,1150,57,0.9790086150169373,,,,,False,False
h4_chrX_130740848_130744943,45,707,895,707,895,188,0.9789367914199829,,,,,False,False
h4_chrX_130740848_130744943,46,849,985,849,985,136,0.9788947701454163,Initiator,Initiator,promoter,promoter,True,True
h4_chrX_130740848_130744943,47,1100,1157,1100,1157,57,0.9788702726364136,,Initiator,,promoter,False,False
h4_chrX_130740848_130744943,48,1093,1151,1093,1151,58,0.9787611961364746,,,,,False,False
h4_chrX_130740848_130744943,49,592,685,592,685,93,0.9787499308586121,,,,,False,False
h4_chrX_130740848_130744943,50,1926,1991,1926,1991,65,0.9786500930786133,,,,,False,False
h4_chrX_130740848_130744943,51,858,972,858,972,114,0.9785948395729065,,,,,False,False
h4_chrX_130740848_130744943,52,774,849,774,849,75,0.978415310382843,,Initiator,,promoter,False,False
h4_chrX_130740848_130744943,53,43,94,43,94,51,0.9781450033187866,,,,,False,False
h4_chrX_130740848_130744943,54,848,971,848,971,123,0.9781176447868347,Initiator,,promoter,,False,False
h4_chrX_130740848_130744943,55,1117,1212,1117,1212,95,0.9780437350273132,,Initiator,,promoter,False,False
h4_chrX_130740848_130744943,56,616,709,616,709,93,0.9780199527740479,,,,,False,False
h4_chrX_130740848_130744943,57,825,920,825,920,95,0.9780066013336182,,,,,False,False
h4_chrX_130740848_130744943,58,530,661,530,661,131,0.9778934121131897,,,,,False,False
h4_chrX_130740848_130744943,59,694,817,694,817,123,0.9778092503547668,,,,,False,False
h4_chrX_130740848_130744943,60,848,984,848,984,136,0.9778014421463013,Initiator,Initiator,promoter,promoter,True,True
h4_chrX_130740848_130744943,61,1192,1324,1192,1324,132,0.9775846004486084,,,,,False,False
h4_chrX_130740848_130744943,62,1094,1150,1094,1150,56,0.9775075316429138,,,,,False,False
h4_chrX_130740848_130744943,63,1067,1190,1067,1190,123,0.9774892926216125,,,,,False,False
h4_chrX_130740848_130744943,64,571,663,571,663,92,0.9774714112281799,Initiator,,promoter,,False,False
h4_chrX_130740848_130744943,65,848,919,848,919,71,0.9773932695388794,Initiator,,promoter,,False,False
h4_chrX_130740848_130744943,66,387,501,387,501,114,0.9773778319358826,,,,,False,False
h4_chrX_130740848_130744943,67,572,639,572,639,67,0.9770925045013428,Initiator,,promoter,,False,False
h4_chrX_130740848_130744943,68,240,293,240,293,53,0.9769808650016785,,,,,False,False
h4_chrX_130740848_130744943,69,1324,1374,1324,1374,50,0.9768961071968079,,,,,False,False
h4_chrX_130740848_130744943,70,2195,2339,2195,2339,144,0.9768187403678894,,Initiator,,promoter,False,False
h4_chrX_130740848_130744943,71,934,1052,934,1052,118,0.9766244292259216,,,,,False,False
h4_chrX_130740848_130744943,72,3633,3716,3633,3716,83,0.9765221476554871,,,,,False,False
h4_chrX_130740848_130744943,73,241,294,241,294,53,0.9763908982276917,,,,,False,False
h4_chrX_130740848_130744943,74,1112,1210,1112,1210,98,0.9763908982276917,Initiator,,promoter,,False,False
h4_chrX_130740848_130744943,75,2198,2331,2198,2331,133,0.9760136008262634,,,,,False,False
h4_chrX_130740848_130744943,76,1372,1428,1372,1428,56,0.9758074283599854,,,,,False,False
h4_chrX_130740848_130744943,77,526,626,526,626,100,0.9758001565933228,,,,,False,False
h4_chrX_130740848_130744943,78,602,661,602,661,59,0.9757329821586609,Initiator,,promoter,,False,False
h4_chrX_130740848_130744943,79,1945,2084,1945,2084,139,0.975569486618042,Initiator,RUNX,promoter,tfbs,True,False
h4_chrX_130740848_130744943,80,2084,2158,2084,2158,74,0.9755265712738037,RUNX,,tfbs,,False,False
h4_chrX_130740848_130744943,81,241,291,241,291,50,0.9755167365074158,,Initiator,,promoter,False,False
h4_chrX_130740848_130744943,82,866,927,866,927,61,0.9754613637924194,Initiator,,promoter,,False,False
h4_chrX_130740848_130744943,83,566,639,566,639,73,0.9753710031509399,,,,,False,False
h4_chrX_130740848_130744943,84,986,1052,986,1052,66,0.9752659201622009,Initiator,,promoter,,False,False
h4_chrX_130740848_130744943,85,2475,2531,2475,2531,56,0.9752087593078613,,,,,False,False
h4_chrX_130740848_130744943,86,985,1112,985,1112,127,0.9751848578453064,Initiator,Initiator,promoter,promoter,True,True
h4_chrX_130740848_130744943,87,848,934,848,934,86,0.9750791192054749,Initiator,,promoter,,False,False
h4_chrX_130740848_130744943,88,2376,2438,2376,2438,62,0.975025475025177,,,,,False,False
h4_chrX_130740848_130744943,89,634,774,634,774,140,0.9749718904495239,,,,,False,False
h4_chrX_130740848_130744943,90,108,158,108,158,50,0.9749556183815002,,,,,False,False
h4_chrX_130740848_130744943,91,825,939,825,939,114,0.9749069213867188,,,,,False,False
h4_chrX_130740848_130744943,92,2195,2376,2195,2376,181,0.9748644828796387,,,,,False,False
h4_chrX_130740848_130744943,93,858,941,858,941,83,0.9747741222381592,,,,,False,False
h4_chrX_130740848_130744943,94,1104,1192,1104,1192,88,0.974755048751831,,,,,False,False
h4_chrX_130740848_130744943,95,242,293,242,293,51,0.9746937155723572,,,,,False,False
h4_chrX_130740848_130744943,96,822,889,822,889,67,0.9746426939964294,,,,,False,False
h4_chrX_130740848_130744943,97,1372,1450,1372,1450,78,0.9745655655860901,,,,,False,False
h4_chrX_130740848_130744943,98,572,663,572,663,91,0.9745604991912842,Initiator,,promoter,,False,False
h4_chrX_130740848_130744943,99,2446,2507,2446,2507,61,0.974470853805542,Initiator,,promoter,,False,False
h4_chrX_130740848_130744943,100,1094,1203,1094,1203,109,0.9744463562965393,,Initiator;YY1,,promoter;tfbs,False,False
h4_chrX_130740848_130744943,101,1322,1372,1322,1372,50,0.9744434356689453,,,,,False,False
h4_chrX_130740848_130744943,102,786,868,786,868,82,0.9744350910186768,,Initiator,,promoter,False,False
h4_chrX_130740848_130744943,103,108,168,108,168,60,0.9742292761802673,,,,,False,False
h4_chrX_130740848_130744943,104,417,626,417,626,209,0.9741992354393005,,,,,False,False
h4_chrX_130740848_130744943,105,496,626,496,626,130,0.9740996956825256,,,,,False,False
h4_chrX_130740848_130744943,106,744,866,744,866,122,0.9740105867385864,,Initiator,,promoter,False,False
h4_chrX_130740848_130744943,107,636,825,636,825,189,0.9740027785301208,,,,,False,False
h4_chrX_130740848_130744943,108,690,773,690,773,83,0.9739659428596497,,,,,False,False
h4_chrX_130740848_130744943,109,939,1077,939,1077,138,0.9738956689834595,,,,,False,False
h4_chrX_130740848_130744943,110,676,773,676,773,97,0.9738637208938599,Initiator,,promoter,,False,False
h4_chrX_130740848_130744943,111,2376,2470,2376,2470,94,0.9738344550132751,,,,,False,False
h4_chrX_130740848_130744943,112,1887,1945,1887,1945,58,0.9738112688064575,,Initiator,,promoter,False,False
h4_chrX_130740848_130744943,113,1094,1201,1094,1201,107,0.9737911820411682,,Initiator;YY1,,promoter;tfbs,False,False
h4_chrX_130740848_130744943,114,335,422,335,422,87,0.973681628704071,,,,,False,False
h4_chrX_130740848_130744943,115,780,848,780,848,68,0.9736267924308777,,Initiator,,promoter,False,False
h4_chrX_130740848_130744943,116,866,928,866,928,62,0.9734874367713928,Initiator,,promoter,,False,False
h4_chrX_130740848_130744943,117,569,632,569,632,63,0.9734758138656616,Initiator,,promoter,,False,False
h4_chrX_130740848_130744943,118,844,971,844,971,127,0.9734311699867249,,,,,False,False
h4_chrX_130740848_130744943,119,1078,1161,1078,1161,83,0.9733557105064392,,,,,False,False
h4_chrX_130740848_130744943,120,1104,1210,1104,1210,106,0.9733230471611023,,,,,False,False
h4_chrX_130740848_130744943,121,2668,2785,2668,2785,117,0.9732686281204224,,,,,False,False
h4_chrX_130740848_130744943,122,1078,1185,1078,1185,107,0.9732614755630493,,,,,False,False
h4_chrX_130740848_130744943,123,606,674,606,674,68,0.973239541053772,,Initiator,,promoter,False,False
h4_chrX_130740848_130744943,124,654,771,654,771,117,0.9731692671775818,Initiator,,promoter,,False,False
h4_chrX_130740848_130744943,125,1199,1289,1199,1289,90,0.9731576442718506,Initiator;YY1,,promoter;tfbs,,False,False
h4_chrX_130740848_130744943,126,1930,1991,1930,1991,61,0.9731558561325073,,,,,False,False
h4_chrX_130740848_130744943,127,184,252,184,252,68,0.9731357097625732,Initiator,,promoter,,False,False
h4_chrX_130740848_130744943,128,857,971,857,971,114,0.9730676412582397,,,,,False,False
h4_chrX_130740848_130744943,129,1554,1627,1554,1627,73,0.9729886054992676,,,,,False,False
h4_chrX_130740848_130744943,130,220,291,220,291,71,0.9729490876197815,Initiator;TATA_box,Initiator,promoter,promoter,True,True
h4_chrX_130740848_130744943,131,3594,3716,3594,3716,122,0.9728931784629822,TATA_box,,promoter,,False,False
h4_chrX_130740848_130744943,132,240,291,240,291,51,0.9728607535362244,,Initiator,,promoter,False,False
h4_chrX_130740848_130744943,133,242,292,242,292,50,0.9728290438652039,,Initiator,,promoter,False,False
h4_chrX_130740848_130744943,134,2198,2339,2198,2339,141,0.9725847840309143,,Initiator,,promoter,False,False
h4_chrX_130740848_130744943,135,2542,2601,2542,2601,59,0.9725690484046936,,,,,False,False
h4_chrX_130740848_130744943,136,984,1161,984,1161,177,0.9725494980812073,Initiator,,promoter,,False,False
h4_chrX_130740848_130744943,137,843,920,843,920,77,0.9724178910255432,,,,,False,False
h4_chrX_130740848_130744943,138,763,919,763,919,156,0.9723594784736633,Initiator,,promoter,,False,False
h4_chrX_130740848_130744943,139,241,293,241,293,52,0.9723215103149414,,,,,False,False
h4_chrX_130740848_130744943,140,3608,3707,3608,3707,99,0.9722886085510254,,Initiator,,promoter,False,False
h4_chrX_130740848_130744943,141,423,507,423,507,84,0.9722442626953125,,Initiator,,promoter,False,False
h4_chrX_130740848_130744943,142,1094,1202,1094,1202,108,0.9722311496734619,,Initiator;YY1,,promoter;tfbs,False,False
h4_chrX_130740848_130744943,143,265,315,265,315,50,0.9722267985343933,Initiator,,promoter,,False,False
h4_chrX_130740848_130744943,144,1078,1195,1078,1195,117,0.9721959233283997,,,,,False,False
h4_chrX_130740848_130744943,145,2399,2522,2399,2522,123,0.9721872806549072,,,,,False,False
h4_chrX_130740848_130744943,146,336,423,336,423,87,0.9720977544784546,,,,,False,False
h4_chrX_130740848_130744943,147,220,294,220,294,74,0.9720759391784668,Initiator;TATA_box,,promoter,,False,False
h4_chrX_130740848_130744943,148,1294,1381,1294,1381,87,0.9719837307929993,,Initiator,,promoter,False,False
h4_chrX_130740848_130744943,149,792,868,792,868,76,0.9719483852386475,,Initiator,,promoter,False,False
h4_chrX_130740848_130744943,150,2331,2389,2331,2389,58,0.9719207286834717,,Initiator,,promoter,False,False
h4_chrX_130740848_130744943,151,1067,1177,1067,1177,110,0.9718639254570007,,Initiator,,promoter,False,False
h4_chrX_130740848_130744943,152,1024,1100,1024,1100,76,0.9717354774475098,,,,,False,False
h4_chrX_130740848_130744943,153,934,984,934,984,50,0.9716396331787109,,Initiator,,promoter,False,False
h4_chrX_130740848_130744943,154,2059,2116,2059,2116,57,0.97160804271698,,,,,False,False
h4_chrX_130740848_130744943,155,675,849,675,849,174,0.9715948104858398,Initiator,Initiator,promoter,promoter,True,True
h4_chrX_130740848_130744943,156,438,617,438,617,179,0.971564531326294,TATA_box,,promoter,,False,False
h4_chrX_130740848_130744943,157,184,253,184,253,69,0.9715322256088257,Initiator,Initiator,promoter,promoter,True,True
h4_chrX_130740848_130744943,158,615,708,615,708,93,0.9714754819869995,,,,,False,False
h4_chrX_130740848_130744943,159,546,626,546,626,80,0.9713477492332458,,,,,False,False
h4_chrX_130740848_130744943,160,1885,1964,1885,1964,79,0.9712300896644592,,Initiator,,promoter,False,False
h4_chrX_130740848_130744943,161,2116,2219,2116,2219,103,0.9712246656417847,,,,,False,False
h4_chrX_130740848_130744943,162,676,792,676,792,116,0.9712103605270386,Initiator,,promoter,,False,False
h4_chrX_130740848_130744943,163,1149,1206,1149,1206,57,0.9711637496948242,,,,,False,False
h4_chrX_130740848_130744943,164,866,926,866,926,60,0.9711053967475891,Initiator,,promoter,,False,False
h4_chrX_130740848_130744943,165,464,616,464,616,152,0.9710723161697388,,,,,False,False
h4_chrX_130740848_130744943,166,800,939,800,939,139,0.9710694551467896,,,,,False,False
h4_chrX_130740848_130744943,167,618,858,618,858,240,0.9710614085197449,,,,,False,False
h4_chrX_130740848_130744943,168,226,335,226,335,109,0.9710469245910645,TATA_box,,promoter,,False,False
h4_chrX_130740848_130744943,169,1395,1454,1395,1454,59,0.9710056185722351,,,,,False,False
h4_chrX_130740848_130744943,170,1321,1373,1321,1373,52,0.9709528088569641,,,,,False,False
h4_chrX_130740848_130744943,171,654,744,654,744,90,0.9709339737892151,Initiator,,promoter,,False,False
h4_chrX_130740848_130744943,172,2339,2389,2339,2389,50,0.970903217792511,Initiator,Initiator,promoter,promoter,True,True
h4_chrX_130740848_130744943,173,1887,1966,1887,1966,79,0.9708752632141113,,Initiator,,promoter,False,False
h4_chrX_130740848_130744943,174,588,660,588,660,72,0.970802366733551,,,,,False,False
h4_chrX_130740848_130744943,175,1147,1279,1147,1279,132,0.9707431793212891,,,,,False,False
h4_chrX_130740848_130744943,176,252,315,252,315,63,0.9706704616546631,,,,,False,False
h4_chrX_130740848_130744943,177,1077,1192,1077,1192,115,0.9706482887268066,,,,,False,False
h4_chrX_130740848_130744943,178,868,938,868,938,70,0.970600426197052,Initiator,,promoter,,False,False
h4_chrX_130740848_130744943,179,580,640,580,640,60,0.9705464243888855,,,,,False,False
h4_chrX_130740848_130744943,180,591,664,591,664,73,0.9705312252044678,,,,,False,False
h4_chrX_130740848_130744943,181,1196,1289,1196,1289,93,0.9704287648200989,,,,,False,False
h4_chrX_130740848_130744943,182,1678,1789,1678,1789,111,0.9704145789146423,,,,,False,False
h4_chrX_130740848_130744943,183,850,986,850,986,136,0.9704117774963379,Initiator,Initiator,promoter,promoter,True,True
h4_chrX_130740848_130744943,184,676,786,676,786,110,0.9703923463821411,Initiator,,promoter,,False,False
h4_chrX_130740848_130744943,185,1057,1217,1057,1217,160,0.9703014492988586,,Initiator,,promoter,False,False
h4_chrX_130740848_130744943,186,607,661,607,661,54,0.9702624082565308,,,,,False,False
h4_chrX_130740848_130744943,187,1118,1203,1118,1203,85,0.970194935798645,,Initiator;YY1,,promoter;tfbs,False,False
h4_chrX_130740848_130744943,188,920,985,920,985,65,0.9701942205429077,,Initiator,,promoter,False,False
h4_chrX_130740848_130744943,189,2309,2380,2309,2380,71,0.9701905250549316,,,,,False,False
h4_chrX_130740848_130744943,190,1117,1201,1117,1201,84,0.9701874852180481,,Initiator;YY1,,promoter;tfbs,False,False
h4_chrX_130740848_130744943,191,3451,3502,3451,3502,51,0.9701786041259766,,,,,False,False
h4_chrX_130740848_130744943,192,794,865,794,865,71,0.9700433015823364,,Initiator,,promoter,False,False
h4_chrX_130740848_130744943,193,780,934,780,934,154,0.9699426293373108,,,,,False,False
h4_chrX_130740848_130744943,194,1887,1961,1887,1961,74,0.9699417352676392,,,,,False,False
h4_chrX_130740848_130744943,195,1887,1947,1887,1947,60,0.9699284434318542,,Initiator,,promoter,False,False
h4_chrX_130740848_130744943,196,580,685,580,685,105,0.9698659777641296,,,,,False,False
h4_chrX_130740848_130744943,197,986,1133,986,1133,147,0.9698503017425537,Initiator,,promoter,,False,False
h4_chrX_130740848_130744943,198,1906,1969,1906,1969,63,0.9698202013969421,,,,,False,False
h4_chrX_130740848_130744943,199,1024,1157,1024,1157,133,0.9698190689086914,,Initiator,,promoter,False,False
h4_chrX_130740848_130744943,200,763,890,763,890,127,0.969769299030304,Initiator,,promoter,,False,False
h4_chrX_83970161_83974256,1,3828,3890,3828,3890,62,0.9823132753372192,,,,,False,False
h4_chrX_83970161_83974256,2,3821,3931,3821,3931,110,0.9802133440971375,Initiator,,promoter,,False,False
h4_chrX_83970161_83974256,3,3821,3885,3821,3885,64,0.9796637296676636,Initiator,,promoter,,False,False
h4_chrX_83970161_83974256,4,3821,3930,3821,3930,109,0.9790898561477661,Initiator,,promoter,,False,False
h4_chrX_83970161_83974256,5,3820,3885,3820,3885,65,0.9789205193519592,,,,,False,False
h4_chrX_83970161_83974256,6,3822,3873,3822,3873,51,0.9764715433120728,Initiator,Initiator,promoter,promoter,True,True
h4_chrX_83970161_83974256,7,1903,1959,1903,1959,56,0.9763707518577576,Initiator,,promoter,,False,False
h4_chrX_83970161_83974256,8,3820,3930,3820,3930,110,0.9763513207435608,,,,,False,False
h4_chrX_83970161_83974256,9,547,676,547,676,129,0.9763312339782715,RUNX,,tfbs,,False,False
h4_chrX_83970161_83974256,10,3844,3932,3844,3932,88,0.9762887358665466,,,,,False,False
h4_chrX_83970161_83974256,11,3823,3890,3823,3890,67,0.9761353731155396,Initiator,,promoter,,False,False
h4_chrX_83970161_83974256,12,3995,4057,3995,4057,62,0.9759308099746704,,Initiator,,promoter,False,False
h4_chrX_83970161_83974256,13,3823,3885,3823,3885,62,0.9753017425537109,Initiator,,promoter,,False,False
h4_chrX_83970161_83974256,14,3822,3931,3822,3931,109,0.9752788543701172,Initiator,,promoter,,False,False
h4_chrX_83970161_83974256,15,3822,3885,3822,3885,63,0.9752225875854492,Initiator,,promoter,,False,False
h4_chrX_83970161_83974256,16,3820,3931,3820,3931,111,0.974251389503479,,,,,False,False
h4_chrX_83970161_83974256,17,3822,3930,3822,3930,108,0.9741592407226562,Initiator,,promoter,,False,False
h4_chrX_83970161_83974256,18,374,451,374,451,77,0.9733387231826782,,Initiator,,promoter,False,False
h4_chrX_83970161_83974256,19,3843,3930,3843,3930,87,0.9731035232543945,,,,,False,False
h4_chrX_83970161_83974256,20,3821,3873,3821,3873,52,0.9730270504951477,Initiator,Initiator,promoter,promoter,True,True
h4_chrX_83970161_83974256,21,974,1034,974,1034,60,0.9729586839675903,,,,,False,False
h4_chrX_83970161_83974256,22,974,1036,974,1036,62,0.9729348421096802,,,,,False,False
h4_chrX_83970161_83974256,23,494,545,494,545,51,0.9728729128837585,RUNX,RUNX,tfbs,tfbs,True,True
h4_chrX_83970161_83974256,24,3820,3873,3820,3873,53,0.9716206789016724,,Initiator,,promoter,False,False
h4_chrX_83970161_83974256,25,3823,3930,3823,3930,107,0.9706931710243225,Initiator,,promoter,,False,False
h4_chrX_83970161_83974256,26,932,1004,932,1004,72,0.9705011248588562,,,,,False,False
h4_chrX_83970161_83974256,27,3188,3249,3188,3249,61,0.9703721404075623,TATA_box,,promoter,,False,False
h4_chrX_83970161_83974256,28,3844,3930,3844,3930,86,0.9700211882591248,,,,,False,False
h4_chrX_83970161_83974256,29,3843,3932,3843,3932,89,0.9692122340202332,,,,,False,False
h4_chrX_83970161_83974256,30,3311,3383,3311,3383,72,0.9686298966407776,,,,,False,False
h4_chrX_83970161_83974256,31,3805,3890,3805,3890,85,0.9683327078819275,Initiator,,promoter,,False,False
h4_chrX_83970161_83974256,32,3479,3555,3479,3555,76,0.9679082036018372,,,,,False,False
h4_chrX_83970161_83974256,33,3843,3931,3843,3931,88,0.967374861240387,,,,,False,False
h4_chrX_83970161_83974256,34,3873,3931,3873,3931,58,0.9673513174057007,Initiator,,promoter,,False,False
h4_chrX_83970161_83974256,35,1239,1303,1239,1303,64,0.9669573307037354,,,,,False,False
h4_chrX_83970161_83974256,36,3295,3359,3295,3359,64,0.9669340252876282,,,,,False,False
h4_chrX_83970161_83974256,37,3823,3931,3823,3931,108,0.96657794713974,Initiator,,promoter,,False,False
h4_chrX_83970161_83974256,38,555,657,555,657,102,0.9662376642227173,,,,,False,False
h4_chrX_83970161_83974256,39,3828,3885,3828,3885,57,0.9661883115768433,,,,,False,False
h4_chrX_83970161_83974256,40,3804,3890,3804,3890,86,0.9661414623260498,,,,,False,False
h4_chrX_83970161_83974256,41,268,376,268,376,108,0.9660314321517944,,,,,False,False
h4_chrX_83970161_83974256,42,3823,3932,3823,3932,109,0.9656504988670349,Initiator,,promoter,,False,False
h4_chrX_83970161_83974256,43,1137,1240,1137,1240,103,0.9655989408493042,,,,,False,False
h4_chrX_83970161_83974256,44,163,242,163,242,79,0.9654794335365295,,,,,False,False
h4_chrX_83970161_83974256,45,1314,1385,1314,1385,71,0.965334415435791,,,,,False,False
h4_chrX_83970161_83974256,46,1903,1957,1903,1957,54,0.9653118848800659,Initiator,,promoter,,False,False
h4_chrX_83970161_83974256,47,3475,3555,3475,3555,80,0.9649855494499207,,,,,False,False
h4_chrX_83970161_83974256,48,3844,3931,3844,3931,87,0.9647889733314514,,,,,False,False
h4_chrX_83970161_83974256,49,3873,3930,3873,3930,57,0.9644957184791565,Initiator,,promoter,,False,False
h4_chrX_83970161_83974256,50,3823,3873,3823,3873,50,0.9644008874893188,Initiator,Initiator,promoter,promoter,True,True
h4_chrX_83970161_83974256,51,3819,3929,3819,3929,110,0.964307963848114,,,,,False,False
h4_chrX_83970161_83974256,52,1259,1314,1259,1314,55,0.9642059803009033,Initiator,,promoter,,False,False
h4_chrX_83970161_83974256,53,3275,3370,3275,3370,95,0.964184045791626,,,,,False,False
h4_chrX_83970161_83974256,54,3821,3932,3821,3932,111,0.9641752243041992,Initiator,,promoter,,False,False
h4_chrX_83970161_83974256,55,1888,1971,1888,1971,83,0.963845431804657,,,,,False,False
h4_chrX_83970161_83974256,56,2496,2598,2496,2598,102,0.9636675715446472,RUNX,,tfbs,,False,False
h4_chrX_83970161_83974256,57,3254,3384,3254,3384,130,0.9635457396507263,,,,,False,False
h4_chrX_83970161_83974256,58,2572,2634,2572,2634,62,0.9634805917739868,,,,,False,False
h4_chrX_83970161_83974256,59,1244,1369,1244,1369,125,0.9632558226585388,Initiator,,promoter,,False,False
h4_chrX_83970161_83974256,60,3275,3359,3275,3359,84,0.9630919098854065,,,,,False,False
h4_chrX_83970161_83974256,61,3475,3556,3475,3556,81,0.9628154039382935,,,,,False,False
h4_chrX_83970161_83974256,62,997,1076,997,1076,79,0.9625033736228943,,,,,False,False
h4_chrX_83970161_83974256,63,3823,3884,3823,3884,61,0.9624481201171875,Initiator,,promoter,,False,False
h4_chrX_83970161_83974256,64,3872,3932,3872,3932,60,0.9623780846595764,Initiator,,promoter,,False,False
h4_chrX_83970161_83974256,65,1169,1250,1169,1250,81,0.962374210357666,,,,,False,False
h4_chrX_83970161_83974256,66,418,499,418,499,81,0.962346613407135,,,,,False,False
h4_chrX_83970161_83974256,67,3311,3402,3311,3402,91,0.9621606469154358,,Initiator,,promoter,False,False
h4_chrX_83970161_83974256,68,3805,3885,3805,3885,80,0.9617883563041687,Initiator,,promoter,,False,False
h4_chrX_83970161_83974256,69,173,268,173,268,95,0.961732029914856,,,,,False,False
h4_chrX_83970161_83974256,70,3979,4057,3979,4057,78,0.9617245197296143,,Initiator,,promoter,False,False
h4_chrX_83970161_83974256,71,3995,4067,3995,4067,72,0.961376965045929,,,,,False,False
h4_chrX_83970161_83974256,72,1506,1563,1506,1563,57,0.9613425731658936,,,,,False,False
h4_chrX_83970161_83974256,73,932,1034,932,1034,102,0.9611196517944336,,,,,False,False
h4_chrX_83970161_83974256,74,3804,3884,3804,3884,80,0.9610494375228882,,,,,False,False
h4_chrX_83970161_83974256,75,3188,3248,3188,3248,60,0.9610031247138977,TATA_box,,promoter,,False,False
h4_chrX_83970161_83974256,76,1903,1970,1903,1970,67,0.96070396900177,Initiator,,promoter,,False,False
h4_chrX_83970161_83974256,77,2222,2328,2222,2328,106,0.9606959819793701,,,,,False,False
h4_chrX_83970161_83974256,78,3804,3885,3804,3885,81,0.9605269432067871,,,,,False,False
h4_chrX_83970161_83974256,79,3383,3433,3383,3433,50,0.96038419008255,,Initiator,,promoter,False,False
h4_chrX_83970161_83974256,80,3937,3995,3937,3995,58,0.9597135186195374,Initiator,,promoter,,False,False
h4_chrX_83970161_83974256,81,3820,3932,3820,3932,112,0.9596713781356812,,,,,False,False
h4_chrX_83970161_83974256,82,1499,1552,1499,1552,53,0.9594051837921143,,RUNX,,tfbs,False,False
h4_chrX_83970161_83974256,83,3188,3247,3188,3247,59,0.9593629240989685,TATA_box,,promoter,,False,False
h4_chrX_83970161_83974256,84,1901,1993,1901,1993,92,0.9593333601951599,Initiator,,promoter,,False,False
h4_chrX_83970161_83974256,85,3302,3441,3302,3441,139,0.959218442440033,,TATA_box,,promoter,False,False
h4_chrX_83970161_83974256,86,3828,3884,3828,3884,56,0.9590822458267212,,,,,False,False
h4_chrX_83970161_83974256,87,2495,2552,2495,2552,57,0.9589194059371948,RUNX,,tfbs,,False,False
h4_chrX_83970161_83974256,88,3132,3275,3132,3275,143,0.9588054418563843,,,,,False,False
h4_chrX_83970161_83974256,89,3607,3749,3607,3749,142,0.9587199687957764,,,,,False,False
h4_chrX_83970161_83974256,90,163,216,163,216,53,0.9583298563957214,,,,,False,False
h4_chrX_83970161_83974256,91,3979,4067,3979,4067,88,0.958247721195221,,,,,False,False
h4_chrX_83970161_83974256,92,418,535,418,535,117,0.9581000208854675,,,,,False,False
h4_chrX_83970161_83974256,93,2497,2552,2497,2552,55,0.958040714263916,,,,,False,False
h4_chrX_83970161_83974256,94,3820,3890,3820,3890,70,0.9579639434814453,,,,,False,False
h4_chrX_83970161_83974256,95,1004,1083,1004,1083,79,0.9579130411148071,,,,,False,False
h4_chrX_83970161_83974256,96,2596,2674,2596,2674,78,0.9579119682312012,,,,,False,False
h4_chrX_83970161_83974256,97,3567,3633,3567,3633,66,0.9579110741615295,,,,,False,False
h4_chrX_83970161_83974256,98,3844,3937,3844,3937,93,0.9578861594200134,,Initiator,,promoter,False,False
h4_chrX_83970161_83974256,99,1479,1552,1479,1552,73,0.9578812718391418,,RUNX,,tfbs,False,False
h4_chrX_83970161_83974256,100,2502,2572,2502,2572,70,0.9576932787895203,,,,,False,False
h4_chrX_83970161_83974256,101,3995,4068,3995,4068,73,0.9576039910316467,,,,,False,False
h4_chrX_83970161_83974256,102,974,1083,974,1083,109,0.9575962424278259,,,,,False,False
h4_chrX_83970161_83974256,103,3821,3890,3821,3890,69,0.9575850963592529,Initiator,,promoter,,False,False
h4_chrX_83970161_83974256,104,709,763,709,763,54,0.9575235843658447,,,,,False,False
h4_chrX_83970161_83974256,105,1136,1303,1136,1303,167,0.9573000073432922,,,,,False,False
h4_chrX_83970161_83974256,106,1496,1551,1496,1551,55,0.9572669267654419,,RUNX,,tfbs,False,False
h4_chrX_83970161_83974256,107,3479,3556,3479,3556,77,0.9572609066963196,,,,,False,False
h4_chrX_83970161_83974256,108,1076,1135,1076,1135,59,0.9572333097457886,,,,,False,False
h4_chrX_83970161_83974256,109,3275,3325,3275,3325,50,0.9567814469337463,,,,,False,False
h4_chrX_83970161_83974256,110,1490,1560,1490,1560,70,0.9565887451171875,,GATA,,tfbs,False,False
h4_chrX_83970161_83974256,111,3819,3889,3819,3889,70,0.9565670490264893,,,,,False,False
h4_chrX_83970161_83974256,112,3805,3884,3805,3884,79,0.9563358426094055,Initiator,,promoter,,False,False
h4_chrX_83970161_83974256,113,451,571,451,571,120,0.9560902714729309,Initiator,,promoter,,False,False
h4_chrX_83970161_83974256,114,554,658,554,658,104,0.9559242725372314,,,,,False,False
h4_chrX_83970161_83974256,115,3872,3937,3872,3937,65,0.9558783769607544,Initiator,Initiator,promoter,promoter,True,True
h4_chrX_83970161_83974256,116,1800,1903,1800,1903,103,0.955866813659668,,Initiator,,promoter,False,False
h4_chrX_83970161_83974256,117,3615,3749,3615,3749,134,0.955865740776062,,,,,False,False
h4_chrX_83970161_83974256,118,571,690,571,690,119,0.9557092189788818,,,,,False,False
h4_chrX_83970161_83974256,119,3474,3555,3474,3555,81,0.9556856155395508,,,,,False,False
h4_chrX_83970161_83974256,120,3822,3932,3822,3932,110,0.955579400062561,Initiator,,promoter,,False,False
h4_chrX_83970161_83974256,121,3979,4068,3979,4068,89,0.9555053114891052,,,,,False,False
h4_chrX_83970161_83974256,122,932,1083,932,1083,151,0.9555047154426575,,,,,False,False
h4_chrX_83970161_83974256,123,2487,2543,2487,2543,56,0.9553712606430054,Initiator,,promoter,,False,False
h4_chrX_83970161_83974256,124,4009,4091,4009,4091,82,0.9553223848342896,Initiator,,promoter,,False,False
h4_chrX_83970161_83974256,125,1435,1498,1435,1498,63,0.9552776217460632,,,,,False,False
h4_chrX_83970161_83974256,126,3272,3397,3272,3397,125,0.9552226662635803,,,,,False,False
h4_chrX_83970161_83974256,127,3106,3275,3106,3275,169,0.9551891088485718,GATA,,tfbs,,False,False
h4_chrX_83970161_83974256,128,3804,3873,3804,3873,69,0.9551030993461609,,Initiator,,promoter,False,False
h4_chrX_83970161_83974256,129,1225,1344,1225,1344,119,0.9549916386604309,,,,,False,False
h4_chrX_83970161_83974256,130,3287,3370,3287,3370,83,0.9549237489700317,,,,,False,False
h4_chrX_83970161_83974256,131,3635,3749,3635,3749,114,0.9548820853233337,,,,,False,False
h4_chrX_83970161_83974256,132,394,555,394,555,161,0.954692542552948,,,,,False,False
h4_chrX_83970161_83974256,133,3884,3937,3884,3937,53,0.9546427130699158,,Initiator,,promoter,False,False
h4_chrX_83970161_83974256,134,3805,3930,3805,3930,125,0.9544525742530823,Initiator,,promoter,,False,False
h4_chrX_83970161_83974256,135,2497,2573,2497,2573,76,0.9542883038520813,,,,,False,False
h4_chrX_83970161_83974256,136,1631,1688,1631,1688,57,0.9542230367660522,,,,,False,False
h4_chrX_83970161_83974256,137,376,437,376,437,61,0.9541887640953064,,,,,False,False
h4_chrX_83970161_83974256,138,3845,3933,3845,3933,88,0.9541530609130859,,,,,False,False
h4_chrX_83970161_83974256,139,974,1081,974,1081,107,0.9541200995445251,,,,,False,False
h4_chrX_83970161_83974256,140,1241,1344,1241,1344,103,0.9540958404541016,,,,,False,False
h4_chrX_83970161_83974256,141,1829,1903,1829,1903,74,0.9539890885353088,,Initiator,,promoter,False,False
h4_chrX_83970161_83974256,142,3295,3370,3295,3370,75,0.9539870023727417,,,,,False,False
h4_chrX_83970161_83974256,143,1083,1136,1083,1136,53,0.9539418816566467,,,,,False,False
h4_chrX_83970161_83974256,144,3804,3872,3804,3872,68,0.9539270997047424,,Initiator,,promoter,False,False
h4_chrX_83970161_83974256,145,392,494,392,494,102,0.9539270997047424,,RUNX,,tfbs,False,False
h4_chrX_83970161_83974256,146,2502,2632,2502,2632,130,0.9537508487701416,,,,,False,False
h4_chrX_83970161_83974256,147,1259,1369,1259,1369,110,0.9536104202270508,Initiator,,promoter,,False,False
h4_chrX_83970161_83974256,148,1903,2029,1903,2029,126,0.953586995601654,Initiator,,promoter,,False,False
h4_chrX_83970161_83974256,149,545,720,545,720,175,0.9534623026847839,RUNX,Initiator,tfbs,promoter,True,False
h4_chrX_83970161_83974256,150,861,1034,861,1034,173,0.9533779621124268,,,,,False,False
h4_chrX_83970161_83974256,151,3805,3872,3805,3872,67,0.9532220959663391,Initiator,Initiator,promoter,promoter,True,True
h4_chrX_83970161_83974256,152,1137,1215,1137,1215,78,0.9531083106994629,,,,,False,False
h4_chrX_83970161_83974256,153,1952,2044,1952,2044,92,0.9529697895050049,,,,,False,False
h4_chrX_83970161_83974256,154,1874,1995,1874,1995,121,0.9529643058776855,,,,,False,False
h4_chrX_83970161_83974256,155,1081,1225,1081,1225,144,0.9529102444648743,,,,,False,False
h4_chrX_83970161_83974256,156,451,561,451,561,110,0.9528543949127197,Initiator,,promoter,,False,False
h4_chrX_83970161_83974256,157,3267,3432,3267,3432,165,0.9527991414070129,,,,,False,False
h4_chrX_83970161_83974256,158,1080,1135,1080,1135,55,0.9527238607406616,,,,,False,False
h4_chrX_83970161_83974256,159,3828,3930,3828,3930,102,0.9527109265327454,,,,,False,False
h4_chrX_83970161_83974256,160,399,451,399,451,52,0.9526916146278381,,Initiator,,promoter,False,False
h4_chrX_83970161_83974256,161,1135,1215,1135,1215,80,0.952582597732544,,,,,False,False
h4_chrX_83970161_83974256,162,196,342,196,342,146,0.9525654315948486,,,,,False,False
h4_chrX_83970161_83974256,163,144,374,144,374,230,0.9525495171546936,,,,,False,False
h4_chrX_83970161_83974256,164,3872,3930,3872,3930,58,0.9524728059768677,Initiator,,promoter,,False,False
h4_chrX_83970161_83974256,165,2205,2306,2205,2306,101,0.9523454308509827,,,,,False,False
h4_chrX_83970161_83974256,166,2205,2326,2205,2326,121,0.9522525072097778,,,,,False,False
h4_chrX_83970161_83974256,167,3321,3402,3321,3402,81,0.9521578550338745,Initiator,Initiator,promoter,promoter,True,True
h4_chrX_83970161_83974256,168,1399,1466,1399,1466,67,0.9521340131759644,,,,,False,False
h4_chrX_83970161_83974256,169,3873,3932,3873,3932,59,0.9521228075027466,Initiator,,promoter,,False,False
h4_chrX_83970161_83974256,170,163,218,163,218,55,0.9520795345306396,,,,,False,False
h4_chrX_83970161_83974256,171,3844,3979,3844,3979,135,0.9520718455314636,,,,,False,False
h4_chrX_83970161_83974256,172,1136,1216,1136,1216,80,0.9520059823989868,,,,,False,False
h4_chrX_83970161_83974256,173,1867,1952,1867,1952,85,0.9519414305686951,,,,,False,False
h4_chrX_83970161_83974256,174,3805,3932,3805,3932,127,0.9518678188323975,Initiator,,promoter,,False,False
h4_chrX_83970161_83974256,175,3708,3774,3708,3774,66,0.9518622159957886,,,,,False,False
h4_chrX_83970161_83974256,176,3822,3890,3822,3890,68,0.9518564939498901,Initiator,,promoter,,False,False
h4_chrX_83970161_83974256,177,2498,2598,2498,2598,100,0.9517634510993958,,,,,False,False
h4_chrX_83970161_83974256,178,3843,3937,3843,3937,94,0.9517196416854858,,Initiator,,promoter,False,False
h4_chrX_83970161_83974256,179,3819,3932,3819,3932,113,0.9516816735267639,,,,,False,False
h4_chrX_83970161_83974256,180,1035,1135,1035,1135,100,0.951679527759552,,,,,False,False
h4_chrX_83970161_83974256,181,861,932,861,932,71,0.9516578316688538,,,,,False,False
h4_chrX_83970161_83974256,182,572,721,572,721,149,0.951578676700592,,Initiator,,promoter,False,False
h4_chrX_83970161_83974256,183,2164,2247,2164,2247,83,0.9515748620033264,,,,,False,False
h4_chrX_83970161_83974256,184,1392,1498,1392,1498,106,0.9515424966812134,Initiator;TATA_box,,promoter,,False,False
h4_chrX_83970161_83974256,185,399,535,399,535,136,0.9514349699020386,,,,,False,False
h4_chrX_83970161_83974256,186,1136,1187,1136,1187,51,0.9514061212539673,,,,,False,False
h4_chrX_83970161_83974256,187,690,767,690,767,77,0.9514053463935852,,TATA_box,,promoter,False,False
h4_chrX_83970161_83974256,188,2153,2221,2153,2221,68,0.9514016509056091,,,,,False,False
h4_chrX_83970161_83974256,189,1080,1215,1080,1215,135,0.9513823986053467,,,,,False,False
h4_chrX_83970161_83974256,190,268,399,268,399,131,0.9513727426528931,,,,,False,False
h4_chrX_83970161_83974256,191,3885,3937,3885,3937,52,0.9513283967971802,,Initiator,,promoter,False,False
h4_chrX_83970161_83974256,192,472,596,472,596,124,0.951320230960846,,,,,False,False
h4_chrX_83970161_83974256,193,218,268,218,268,50,0.9512726664543152,,,,,False,False
h4_chrX_83970161_83974256,194,1080,1137,1080,1137,57,0.9512577056884766,,,,,False,False
h4_chrX_83970161_83974256,195,546,658,546,658,112,0.9512268900871277,RUNX,,tfbs,,False,False
h4_chrX_83970161_83974256,196,1250,1344,1250,1344,94,0.9511140584945679,,,,,False,False
h4_chrX_83970161_83974256,197,3828,3932,3828,3932,104,0.950947642326355,,,,,False,False
h4_chrX_83970161_83974256,198,1169,1225,1169,1225,56,0.9508062601089478,,,,,False,False
h4_chrX_83970161_83974256,199,154,217,154,217,63,0.950757622718811,,,,,False,False
h4_chrX_83970161_83974256,200,2905,2973,2905,2973,68,0.9507554173469543,,,,,False,False
